solid OpenSCAD_Model
  facet normal 0.658735 0.726314 0.196308
    outer loop
      vertex 169.396 -1.22343 14.7652
      vertex 169.303 -1.09746 14.6112
      vertex 169.281 -1.11913 14.7652
    endloop
  endfacet
  facet normal -0.525478 0.475474 -0.705548
    outer loop
      vertex 171.316 -0.752087 16.0745
      vertex 171.238 -0.83829 16.0745
      vertex 171.16 -0.759782 16.1855
    endloop
  endfacet
  facet normal 0.51797 0.574876 0.633423
    outer loop
      vertex 169.585 -0.99342 14.0469
      vertex 169.648 -0.91642 13.9255
      vertex 169.491 -0.908725 14.0469
    endloop
  endfacet
  facet normal -0.396792 0.834889 0.381467
    outer loop
      vertex 171.11 -1.32859 14.461
      vertex 171.082 -1.2756 14.3159
      vertex 170.977 -1.3918 14.461
    endloop
  endfacet
  facet normal 0.599162 0.211223 -0.772262
    outer loop
      vertex 169.519 -0.364742 16.2851
      vertex 169.407 -0.411191 16.1855
      vertex 169.372 -0.311909 16.1855
    endloop
  endfacet
  facet normal 0.187532 0.523717 0.830995
    outer loop
      vertex 170.123 -0.912078 13.7149
      vertex 170.085 -0.75995 13.6276
      vertex 170.035 -0.880567 13.7149
    endloop
  endfacet
  facet normal -0.966899 0.237452 0.0933943
    outer loop
      vertex 171.929 -0.463896 14.9215
      vertex 171.952 -0.308765 14.7652
      vertex 171.915 -0.459428 14.7652
    endloop
  endfacet
  facet normal -0.840387 0.504661 -0.197655
    outer loop
      vertex 171.796 -0.746071 15.2348
      vertex 171.716 -0.879291 15.2348
      vertex 171.69 -0.862272 15.3888
    endloop
  endfacet
  facet normal 0.242824 0.965118 0.0978999
    outer loop
      vertex 170.088 -1.56737 14.9215
      vertex 170.091 -1.55227 14.7652
      vertex 169.941 -1.51453 14.7652
    endloop
  endfacet
  facet normal -0.426714 0.470022 -0.772654
    outer loop
      vertex 171.16 -0.759782 16.1855
      vertex 171.082 -0.830595 16.1855
      vertex 171.005 -0.736771 16.2851
    endloop
  endfacet
  facet normal -0.557338 0.0238633 -0.829942
    outer loop
      vertex 171.353 0 16.2851
      vertex 171.349 -0.0934219 16.2851
      vertex 171.223 0 16.3724
    endloop
  endfacet
  facet normal -0.0565733 0.379032 -0.923653
    outer loop
      vertex 170.505 -0.528666 16.5065
      vertex 170.533 -0.670943 16.4464
      vertex 170.467 -0.680794 16.4464
    endloop
  endfacet
  facet normal 0.882856 0.043592 -0.467615
    outer loop
      vertex 169.034 -0.134515 15.8226
      vertex 168.961 -0.141769 15.6841
      vertex 168.954 0 15.6841
    endloop
  endfacet
  facet normal -0.555814 0.616878 -0.557254
    outer loop
      vertex 171.309 -0.908725 15.9531
      vertex 171.271 -1.06085 15.8226
      vertex 171.215 -0.99342 15.9531
    endloop
  endfacet
  facet normal 0.568052 0.770091 -0.290305
    outer loop
      vertex 169.444 -1.16452 15.539
      vertex 169.538 -1.29048 15.3888
      vertex 169.415 -1.19975 15.3888
    endloop
  endfacet
  facet normal 0.832315 0.295368 -0.469052
    outer loop
      vertex 169.087 -0.398376 15.8226
      vertex 169.132 -0.525181 15.8226
      vertex 169.064 -0.553506 15.6841
    endloop
  endfacet
  facet normal -0.69826 0.103148 0.708373
    outer loop
      vertex 171.563 -0.231283 13.9255
      vertex 171.58 -0.116201 13.9255
      vertex 171.469 -0.105318 13.8145
    endloop
  endfacet
  facet normal -0.113547 0.764962 0.633988
    outer loop
      vertex 170.526 -1.27894 14.0469
      vertex 170.631 -1.16274 13.9255
      vertex 170.516 -1.17981 13.9255
    endloop
  endfacet
  facet normal -0.539448 0.136748 0.83084
    outer loop
      vertex 171.312 -0.276675 13.7149
      vertex 171.335 -0.185944 13.7149
      vertex 171.207 -0.160474 13.6276
    endloop
  endfacet
  facet normal 0.192656 0.0338156 -0.980684
    outer loop
      vertex 170.166 -0.0230112 16.5827
      vertex 170.17 -0.0458002 16.5827
      vertex 170.019 -0.0758448 16.552
    endloop
  endfacet
  facet normal -0.0271716 0.555783 -0.830883
    outer loop
      vertex 170.481 -0.818604 16.3724
      vertex 170.493 -0.948529 16.2851
      vertex 170.4 -0.822564 16.3724
    endloop
  endfacet
  facet normal 0.82116 0.123279 -0.557225
    outer loop
      vertex 169.14 -0.250716 15.9531
      vertex 169.054 -0.267735 15.8226
      vertex 169.034 -0.134515 15.8226
    endloop
  endfacet
  facet normal 0.380637 0.050922 -0.923321
    outer loop
      vertex 169.864 -0.0528336 16.5065
      vertex 169.871 -0.105158 16.5065
      vertex 169.729 -0.133458 16.4464
    endloop
  endfacet
  facet normal 0.574189 0.271629 0.77235
    outer loop
      vertex 169.559 -0.449297 13.7149
      vertex 169.519 -0.364742 13.7149
      vertex 169.407 -0.411191 13.8145
    endloop
  endfacet
  facet normal 0.622734 0.683703 -0.380464
    outer loop
      vertex 169.377 -1.02275 15.6841
      vertex 169.444 -1.16452 15.539
      vertex 169.335 -1.06524 15.539
    endloop
  endfacet
  facet normal 0.0406114 0.830688 0.555256
    outer loop
      vertex 170.4 -1.37236 14.1774
      vertex 170.4 -1.28513 14.0469
      vertex 170.265 -1.36576 14.1774
    endloop
  endfacet
  facet normal 0.279738 0.783636 -0.554671
    outer loop
      vertex 169.908 -1.18731 15.9531
      vertex 170.027 -1.22979 15.9531
      vertex 169.875 -1.2679 15.8226
    endloop
  endfacet
  facet normal -0.00960474 0.195495 -0.980658
    outer loop
      vertex 170.4 -0.234768 16.5827
      vertex 170.423 -0.233638 16.5827
      vertex 170.4 -0.388768 16.552
    endloop
  endfacet
  facet normal 0.429501 0.903066 -0
    outer loop
      vertex 169.788 -1.47643 14.9215
      vertex 169.647 -1.40937 15.0785
      vertex 169.788 -1.47643 15.0785
    endloop
  endfacet
  facet normal 0.429501 0.903066 0
    outer loop
      vertex 169.647 -1.40937 15.0785
      vertex 169.788 -1.47643 14.9215
      vertex 169.647 -1.40937 14.9215
    endloop
  endfacet
  facet normal -0.0565733 0.379032 0.923653
    outer loop
      vertex 170.533 -0.670943 13.5536
      vertex 170.505 -0.528666 13.4935
      vertex 170.467 -0.680794 13.5536
    endloop
  endfacet
  facet normal 0.0452377 0.922952 0.382247
    outer loop
      vertex 170.4 -1.44638 14.3159
      vertex 170.258 -1.43942 14.3159
      vertex 170.252 -1.49922 14.461
    endloop
  endfacet
  facet normal -0.713836 0.426385 0.555549
    outer loop
      vertex 171.541 -0.762445 14.1774
      vertex 171.61 -0.646928 14.1774
      vertex 171.533 -0.605806 14.0469
    endloop
  endfacet
  facet normal -0.886978 0.418729 0.194772
    outer loop
      vertex 171.796 -0.746071 14.7652
      vertex 171.834 -0.593944 14.6112
      vertex 171.769 -0.731631 14.6112
    endloop
  endfacet
  facet normal 0.197896 0.327461 0.923908
    outer loop
      vertex 170.146 -0.475376 13.4935
      vertex 170.101 -0.448181 13.4935
      vertex 170.02 -0.568798 13.5536
    endloop
  endfacet
  facet normal -0.50501 0.841157 0.19344
    outer loop
      vertex 171.146 -1.3958 14.7652
      vertex 171.279 -1.31595 14.7652
      vertex 171.132 -1.36879 14.6112
    endloop
  endfacet
  facet normal -0.592017 0.79985 -0.098774
    outer loop
      vertex 171.404 -1.22343 15.2348
      vertex 171.414 -1.23533 15.0785
      vertex 171.279 -1.31595 15.2348
    endloop
  endfacet
  facet normal 0.0468242 0.95586 0.290067
    outer loop
      vertex 170.4 -1.55205 14.6112
      vertex 170.4 -1.50647 14.461
      vertex 170.252 -1.49922 14.461
    endloop
  endfacet
  facet normal -0.95174 0.23373 0.1989
    outer loop
      vertex 171.915 -0.459428 14.7652
      vertex 171.952 -0.308765 14.7652
      vertex 171.885 -0.450536 14.6112
    endloop
  endfacet
  facet normal -0.970597 0.145303 -0.19191
    outer loop
      vertex 171.975 -0.155129 15.2348
      vertex 171.952 -0.308765 15.2348
      vertex 171.945 -0.152127 15.3888
    endloop
  endfacet
  facet normal -0.316065 0.349823 -0.881888
    outer loop
      vertex 170.982 -0.58164 16.3724
      vertex 170.922 -0.63585 16.3724
      vertex 170.834 -0.528807 16.4464
    endloop
  endfacet
  facet normal -0.980109 0.0505442 0.191916
    outer loop
      vertex 171.975 -0.155129 14.7652
      vertex 171.983 0 14.7652
      vertex 171.945 -0.152127 14.6112
    endloop
  endfacet
  facet normal 0.394379 0.83605 -0.381426
    outer loop
      vertex 169.718 -1.2756 15.6841
      vertex 169.824 -1.3918 15.539
      vertex 169.69 -1.32859 15.539
    endloop
  endfacet
  facet normal 0.290234 0.0164801 -0.956814
    outer loop
      vertex 170.011 0 16.552
      vertex 169.864 -0.0528336 16.5065
      vertex 169.861 0 16.5065
    endloop
  endfacet
  facet normal 0.14613 0.984364 -0.0983539
    outer loop
      vertex 170.245 -1.57506 15.2348
      vertex 170.243 -1.59038 15.0785
      vertex 170.088 -1.56737 15.0785
    endloop
  endfacet
  facet normal 0.0475517 0.189776 -0.980675
    outer loop
      vertex 170.332 -0.224659 16.5827
      vertex 170.324 -0.381298 16.552
      vertex 170.287 -0.372027 16.552
    endloop
  endfacet
  facet normal 0.914577 0.131334 -0.382493
    outer loop
      vertex 168.981 -0.282175 15.6841
      vertex 168.922 -0.293898 15.539
      vertex 168.901 -0.147659 15.539
    endloop
  endfacet
  facet normal 0.970071 0.145224 -0.194609
    outer loop
      vertex 168.878 -0.30279 15.3888
      vertex 168.848 -0.308765 15.2348
      vertex 168.825 -0.155129 15.2348
    endloop
  endfacet
  facet normal 0.572647 0.419199 0.70452
    outer loop
      vertex 169.569 -0.681651 13.8145
      vertex 169.507 -0.596956 13.8145
      vertex 169.484 -0.752087 13.9255
    endloop
  endfacet
  facet normal 0.493462 0.670415 0.55411
    outer loop
      vertex 169.638 -1.14108 14.1774
      vertex 169.686 -1.06855 14.0469
      vertex 169.529 -1.06085 14.1774
    endloop
  endfacet
  facet normal 0.801454 0.598057 0
    outer loop
      vertex 169.165 -1.01381 15.0785
      vertex 169.071 -0.887841 14.9215
      vertex 169.071 -0.887841 15.0785
    endloop
  endfacet
  facet normal 0.801454 0.598057 0
    outer loop
      vertex 169.071 -0.887841 14.9215
      vertex 169.165 -1.01381 15.0785
      vertex 169.165 -1.01381 14.9215
    endloop
  endfacet
  facet normal 0.797607 0.372964 -0.474047
    outer loop
      vertex 169.19 -0.646928 15.8226
      vertex 169.124 -0.68182 15.6841
      vertex 169.064 -0.553506 15.6841
    endloop
  endfacet
  facet normal 0.684977 0.176017 0.706982
    outer loop
      vertex 169.266 -0.344138 13.9255
      vertex 169.346 -0.209623 13.8145
      vertex 169.237 -0.231283 13.9255
    endloop
  endfacet
  facet normal 0.329007 0.924389 0.193025
    outer loop
      vertex 169.941 -1.51453 14.7652
      vertex 169.949 -1.48522 14.6112
      vertex 169.794 -1.46221 14.7652
    endloop
  endfacet
  facet normal 0.225182 0.896465 0.381632
    outer loop
      vertex 170.106 -1.47752 14.461
      vertex 169.98 -1.3841 14.3159
      vertex 169.963 -1.4416 14.461
    endloop
  endfacet
  facet normal 0.591969 0.799785 -0.0995839
    outer loop
      vertex 169.521 -1.31595 15.2348
      vertex 169.512 -1.32875 15.0785
      vertex 169.396 -1.22343 15.2348
    endloop
  endfacet
  facet normal 0.0488662 0.993998 0.0978735
    outer loop
      vertex 170.4 -1.59807 14.9215
      vertex 170.4 -1.58268 14.7652
      vertex 170.245 -1.57506 14.7652
    endloop
  endfacet
  facet normal -0.0488662 0.993998 0.0978735
    outer loop
      vertex 170.555 -1.57506 14.7652
      vertex 170.4 -1.58268 14.7652
      vertex 170.4 -1.59807 14.9215
    endloop
  endfacet
  facet normal -0.134046 0.539901 -0.830987
    outer loop
      vertex 170.639 -0.787145 16.3724
      vertex 170.677 -0.912078 16.2851
      vertex 170.56 -0.806759 16.3724
    endloop
  endfacet
  facet normal -0.425861 0.203499 -0.881607
    outer loop
      vertex 171.032 -0.261788 16.4464
      vertex 171.125 -0.387753 16.3724
      vertex 171.003 -0.322476 16.4464
    endloop
  endfacet
  facet normal -0.372042 0.0942575 -0.923418
    outer loop
      vertex 170.929 -0.105158 16.5065
      vertex 171.071 -0.133458 16.4464
      vertex 170.916 -0.15647 16.5065
    endloop
  endfacet
  facet normal 0.81919 0.495373 -0.289022
    outer loop
      vertex 169.071 -0.710145 15.539
      vertex 169.11 -0.862272 15.3888
      vertex 169.031 -0.731631 15.3888
    endloop
  endfacet
  facet normal 0.396249 0.835858 0.379906
    outer loop
      vertex 169.824 -1.3918 14.461
      vertex 169.846 -1.33628 14.3159
      vertex 169.718 -1.2756 14.3159
    endloop
  endfacet
  facet normal 0.311787 0.870248 0.38139
    outer loop
      vertex 169.963 -1.4416 14.461
      vertex 169.98 -1.3841 14.3159
      vertex 169.824 -1.3918 14.461
    endloop
  endfacet
  facet normal 0.461828 0.620852 0.633449
    outer loop
      vertex 169.686 -1.06855 14.0469
      vertex 169.648 -0.91642 13.9255
      vertex 169.585 -0.99342 14.0469
    endloop
  endfacet
  facet normal -0.704852 0.0363948 0.70842
    outer loop
      vertex 171.58 -0.116201 13.9255
      vertex 171.586 0 13.9255
      vertex 171.469 -0.105318 13.8145
    endloop
  endfacet
  facet normal 0.456705 0.116651 0.881937
    outer loop
      vertex 169.613 -0.238777 13.6276
      vertex 169.729 -0.133458 13.5536
      vertex 169.593 -0.160474 13.6276
    endloop
  endfacet
  facet normal -0.279738 0.783636 0.554671
    outer loop
      vertex 170.925 -1.2679 14.1774
      vertex 170.892 -1.18731 14.0469
      vertex 170.773 -1.22979 14.0469
    endloop
  endfacet
  facet normal -0.525481 0.708514 0.471038
    outer loop
      vertex 171.318 -1.11807 14.3159
      vertex 171.271 -1.06085 14.1774
      vertex 171.204 -1.20262 14.3159
    endloop
  endfacet
  facet normal -0.81919 0.495373 0.289022
    outer loop
      vertex 171.769 -0.731631 14.6112
      vertex 171.729 -0.710145 14.461
      vertex 171.69 -0.862272 14.6112
    endloop
  endfacet
  facet normal 0.466004 0.0700324 0.882007
    outer loop
      vertex 169.593 -0.160474 13.6276
      vertex 169.729 -0.133458 13.5536
      vertex 169.581 -0.0806246 13.6276
    endloop
  endfacet
  facet normal -0.0230358 0.471188 0.881732
    outer loop
      vertex 170.481 -0.818604 13.6276
      vertex 170.4 -0.684088 13.5536
      vertex 170.4 -0.822564 13.6276
    endloop
  endfacet
  facet normal 0.134046 0.539901 0.830987
    outer loop
      vertex 170.24 -0.806759 13.6276
      vertex 170.161 -0.787145 13.6276
      vertex 170.123 -0.912078 13.7149
    endloop
  endfacet
  facet normal -0.820871 0.12502 -0.557262
    outer loop
      vertex 171.679 -0.125964 15.9531
      vertex 171.746 -0.267735 15.8226
      vertex 171.66 -0.250716 15.9531
    endloop
  endfacet
  facet normal -0.801454 0.598057 0
    outer loop
      vertex 171.635 -1.01381 14.9215
      vertex 171.729 -0.887841 15.0785
      vertex 171.729 -0.887841 14.9215
    endloop
  endfacet
  facet normal -0.801454 0.598057 0
    outer loop
      vertex 171.729 -0.887841 15.0785
      vertex 171.635 -1.01381 14.9215
      vertex 171.635 -1.01381 15.0785
    endloop
  endfacet
  facet normal -0.491229 0.820762 0.291622
    outer loop
      vertex 171.132 -1.36879 14.6112
      vertex 171.237 -1.25258 14.461
      vertex 171.11 -1.32859 14.461
    endloop
  endfacet
  facet normal -0.832315 0.295368 -0.469052
    outer loop
      vertex 171.713 -0.398376 15.8226
      vertex 171.736 -0.553506 15.6841
      vertex 171.668 -0.525181 15.8226
    endloop
  endfacet
  facet normal -0.641233 0.302716 -0.705113
    outer loop
      vertex 171.393 -0.411191 16.1855
      vertex 171.495 -0.453679 16.0745
      vertex 171.348 -0.506513 16.1855
    endloop
  endfacet
  facet normal 0.0452377 0.922952 -0.382247
    outer loop
      vertex 170.258 -1.43942 15.6841
      vertex 170.4 -1.44638 15.6841
      vertex 170.252 -1.49922 15.539
    endloop
  endfacet
  facet normal -0.474754 0.793234 -0.381299
    outer loop
      vertex 171.237 -1.25258 15.539
      vertex 171.11 -1.32859 15.539
      vertex 171.082 -1.2756 15.6841
    endloop
  endfacet
  facet normal -0.426555 0.899227 -0.0971746
    outer loop
      vertex 171.146 -1.3958 15.2348
      vertex 171.153 -1.40937 15.0785
      vertex 171.006 -1.46221 15.2348
    endloop
  endfacet
  facet normal -0.329007 0.924389 -0.193025
    outer loop
      vertex 171.006 -1.46221 15.2348
      vertex 170.859 -1.51453 15.2348
      vertex 170.851 -1.48522 15.3888
    endloop
  endfacet
  facet normal -0.446991 0.330916 -0.83108
    outer loop
      vertex 171.084 -0.456992 16.3724
      vertex 171.137 -0.604651 16.2851
      vertex 171.036 -0.521829 16.3724
    endloop
  endfacet
  facet normal -0.331101 0.698946 -0.633914
    outer loop
      vertex 170.959 -1.04554 16.0745
      vertex 171.006 -1.13338 15.9531
      vertex 170.854 -1.09528 16.0745
    endloop
  endfacet
  facet normal -0.713836 0.426385 -0.555549
    outer loop
      vertex 171.61 -0.646928 15.8226
      vertex 171.541 -0.762445 15.8226
      vertex 171.533 -0.605806 15.9531
    endloop
  endfacet
  facet normal -0.287613 0.0457257 -0.956655
    outer loop
      vertex 170.787 -0.038105 16.552
      vertex 170.936 -0.0528336 16.5065
      vertex 170.781 -0.0758448 16.552
    endloop
  endfacet
  facet normal 0.0978261 0.00425124 -0.995194
    outer loop
      vertex 170.322 -0.00769424 16.5981
      vertex 170.166 -0.0230112 16.5827
      vertex 170.165 0 16.5827
    endloop
  endfacet
  facet normal -0.499467 0.239562 -0.832552
    outer loop
      vertex 171.16 -0.314781 16.3724
      vertex 171.241 -0.449297 16.2851
      vertex 171.125 -0.387753 16.3724
    endloop
  endfacet
  facet normal -0.868693 0.312037 -0.384715
    outer loop
      vertex 171.842 -0.437304 15.539
      vertex 171.792 -0.576501 15.539
      vertex 171.736 -0.553506 15.6841
    endloop
  endfacet
  facet normal 0.195747 0.0102741 -0.980601
    outer loop
      vertex 170.166 -0.0230112 16.5827
      vertex 170.013 -0.038105 16.552
      vertex 170.011 0 16.552
    endloop
  endfacet
  facet normal 0.290642 0.0152548 -0.95671
    outer loop
      vertex 170.011 0 16.552
      vertex 170.013 -0.038105 16.552
      vertex 169.864 -0.0528336 16.5065
    endloop
  endfacet
  facet normal 0.91436 0.130245 -0.383382
    outer loop
      vertex 168.961 -0.141769 15.6841
      vertex 168.981 -0.282175 15.6841
      vertex 168.901 -0.147659 15.539
    endloop
  endfacet
  facet normal 0.980109 0.0505442 -0.191916
    outer loop
      vertex 168.855 -0.152127 15.3888
      vertex 168.825 -0.155129 15.2348
      vertex 168.817 0 15.2348
    endloop
  endfacet
  facet normal 0.755944 0.451536 0.473988
    outer loop
      vertex 169.259 -0.762445 14.1774
      vertex 169.19 -0.646928 14.1774
      vertex 169.124 -0.68182 14.3159
    endloop
  endfacet
  facet normal 0.573507 0.518933 0.633875
    outer loop
      vertex 169.562 -0.83829 13.9255
      vertex 169.484 -0.752087 13.9255
      vertex 169.407 -0.815279 14.0469
    endloop
  endfacet
  facet normal 0.0977187 0.274183 0.9567
    outer loop
      vertex 170.244 -0.515813 13.4935
      vertex 170.287 -0.372027 13.4479
      vertex 170.194 -0.497993 13.4935
    endloop
  endfacet
  facet normal 0.561826 0.614988 0.5533
    outer loop
      vertex 169.529 -1.06085 14.1774
      vertex 169.491 -0.908725 14.0469
      vertex 169.43 -0.970408 14.1774
    endloop
  endfacet
  facet normal 0.668908 0.736738 -0.0988884
    outer loop
      vertex 169.396 -1.22343 15.2348
      vertex 169.386 -1.23533 15.0785
      vertex 169.27 -1.13001 15.0785
    endloop
  endfacet
  facet normal 0.765091 0.116525 -0.633292
    outer loop
      vertex 169.22 -0.116201 16.0745
      vertex 169.14 -0.250716 15.9531
      vertex 169.121 -0.125964 15.9531
    endloop
  endfacet
  facet normal 0.865801 0.40814 -0.2895
    outer loop
      vertex 169.008 -0.576501 15.539
      vertex 169.071 -0.710145 15.539
      vertex 168.966 -0.593944 15.3888
    endloop
  endfacet
  facet normal 0.771157 0.567314 -0.288914
    outer loop
      vertex 169.235 -0.955694 15.539
      vertex 169.2 -0.98461 15.3888
      vertex 169.11 -0.862272 15.3888
    endloop
  endfacet
  facet normal 0.664823 0.399733 0.63105
    outer loop
      vertex 169.414 -0.65864 13.9255
      vertex 169.354 -0.55885 13.9255
      vertex 169.267 -0.605806 14.0469
    endloop
  endfacet
  facet normal 0.454973 0.75566 0.471145
    outer loop
      vertex 169.718 -1.2756 14.3159
      vertex 169.753 -1.21032 14.1774
      vertex 169.638 -1.14108 14.1774
    endloop
  endfacet
  facet normal 0.491229 0.820762 0.291622
    outer loop
      vertex 169.668 -1.36879 14.6112
      vertex 169.69 -1.32859 14.461
      vertex 169.563 -1.25258 14.461
    endloop
  endfacet
  facet normal 0.644611 0.707721 -0.28915
    outer loop
      vertex 169.335 -1.06524 15.539
      vertex 169.444 -1.16452 15.539
      vertex 169.303 -1.09746 15.3888
    endloop
  endfacet
  facet normal -0.398052 0.663112 0.633906
    outer loop
      vertex 171.006 -1.13338 14.0469
      vertex 171.114 -1.06855 14.0469
      vertex 170.959 -1.04554 13.9255
    endloop
  endfacet
  facet normal -0.426714 0.470022 0.772654
    outer loop
      vertex 171.082 -0.830595 13.8145
      vertex 171.16 -0.759782 13.8145
      vertex 171.005 -0.736771 13.7149
    endloop
  endfacet
  facet normal -0.225182 0.896465 0.381632
    outer loop
      vertex 170.837 -1.4416 14.461
      vertex 170.82 -1.3841 14.3159
      vertex 170.694 -1.47752 14.461
    endloop
  endfacet
  facet normal 0.0469772 0.955895 -0.289929
    outer loop
      vertex 170.252 -1.49922 15.539
      vertex 170.4 -1.55205 15.3888
      vertex 170.248 -1.54458 15.3888
    endloop
  endfacet
  facet normal -0.510182 0.85431 -0.0993398
    outer loop
      vertex 171.279 -1.31595 15.2348
      vertex 171.288 -1.32875 15.0785
      vertex 171.153 -1.40937 15.0785
    endloop
  endfacet
  facet normal -0.549981 0.743218 0.380982
    outer loop
      vertex 171.237 -1.25258 14.461
      vertex 171.356 -1.16452 14.461
      vertex 171.204 -1.20262 14.3159
    endloop
  endfacet
  facet normal -0.0188142 0.382682 -0.923689
    outer loop
      vertex 170.4 -0.539023 16.5065
      vertex 170.467 -0.680794 16.4464
      vertex 170.4 -0.684088 16.4464
    endloop
  endfacet
  facet normal 0.429338 0.713083 -0.554239
    outer loop
      vertex 169.686 -1.06855 15.9531
      vertex 169.753 -1.21032 15.8226
      vertex 169.638 -1.14108 15.8226
    endloop
  endfacet
  facet normal 0.143945 0.132396 -0.980689
    outer loop
      vertex 170.234 -0.166006 16.5827
      vertex 170.125 -0.2749 16.552
      vertex 170.099 -0.246632 16.552
    endloop
  endfacet
  facet normal -0.280495 0.37915 -0.881798
    outer loop
      vertex 170.922 -0.63585 16.3724
      vertex 170.857 -0.683937 16.3724
      vertex 170.78 -0.568798 16.4464
    endloop
  endfacet
  facet normal 0.0705531 0.281573 -0.956942
    outer loop
      vertex 170.324 -0.381298 16.552
      vertex 170.295 -0.528666 16.5065
      vertex 170.287 -0.372027 16.552
    endloop
  endfacet
  facet normal 0.628565 0.0903933 -0.772486
    outer loop
      vertex 169.465 -0.185944 16.2851
      vertex 169.346 -0.209623 16.1855
      vertex 169.331 -0.105318 16.1855
    endloop
  endfacet
  facet normal 0.499467 0.239562 -0.832552
    outer loop
      vertex 169.64 -0.314781 16.3724
      vertex 169.675 -0.387753 16.3724
      vertex 169.559 -0.449297 16.2851
    endloop
  endfacet
  facet normal 0.929361 0.23274 -0.286566
    outer loop
      vertex 168.958 -0.437304 15.539
      vertex 168.915 -0.450536 15.3888
      vertex 168.878 -0.30279 15.3888
    endloop
  endfacet
  facet normal 0.279895 0.783483 -0.554809
    outer loop
      vertex 170.027 -1.22979 15.9531
      vertex 170.002 -1.31327 15.8226
      vertex 169.875 -1.2679 15.8226
    endloop
  endfacet
  facet normal 0.134705 0.539367 -0.831227
    outer loop
      vertex 170.24 -0.806759 16.3724
      vertex 170.214 -0.934805 16.2851
      vertex 170.123 -0.912078 16.2851
    endloop
  endfacet
  facet normal 0.769902 0.570562 -0.28585
    outer loop
      vertex 169.147 -0.836949 15.539
      vertex 169.235 -0.955694 15.539
      vertex 169.11 -0.862272 15.3888
    endloop
  endfacet
  facet normal 0.604365 0.367525 -0.706873
    outer loop
      vertex 169.452 -0.506513 16.1855
      vertex 169.507 -0.596956 16.1855
      vertex 169.354 -0.55885 16.0745
    endloop
  endfacet
  facet normal 0.336183 0.941797 -0
    outer loop
      vertex 169.936 -1.52926 14.9215
      vertex 169.788 -1.47643 15.0785
      vertex 169.936 -1.52926 15.0785
    endloop
  endfacet
  facet normal 0.336183 0.941797 0
    outer loop
      vertex 169.788 -1.47643 15.0785
      vertex 169.936 -1.52926 14.9215
      vertex 169.788 -1.47643 14.9215
    endloop
  endfacet
  facet normal 0.426555 0.899227 0.0971746
    outer loop
      vertex 169.794 -1.46221 14.7652
      vertex 169.654 -1.3958 14.7652
      vertex 169.647 -1.40937 14.9215
    endloop
  endfacet
  facet normal -0.621243 0.684332 0.381768
    outer loop
      vertex 171.356 -1.16452 14.461
      vertex 171.423 -1.02275 14.3159
      vertex 171.318 -1.11807 14.3159
    endloop
  endfacet
  facet normal -0.355034 0.752243 0.55505
    outer loop
      vertex 171.047 -1.21032 14.1774
      vertex 171.006 -1.13338 14.0469
      vertex 170.925 -1.2679 14.1774
    endloop
  endfacet
  facet normal -0.0347908 0.706583 0.706774
    outer loop
      vertex 170.505 -1.06932 13.8145
      vertex 170.4 -1.07449 13.8145
      vertex 170.4 -1.18552 13.9255
    endloop
  endfacet
  facet normal 0.296632 0.830334 0.471758
    outer loop
      vertex 169.98 -1.3841 14.3159
      vertex 170.002 -1.31327 14.1774
      vertex 169.875 -1.2679 14.1774
    endloop
  endfacet
  facet normal -0.192793 0.0338396 0.980656
    outer loop
      vertex 170.787 -0.038105 13.4479
      vertex 170.634 -0.0230112 13.4173
      vertex 170.63 -0.0458002 13.4173
    endloop
  endfacet
  facet normal 0.187397 0.523705 0.831033
    outer loop
      vertex 170.123 -0.912078 13.7149
      vertex 170.161 -0.787145 13.6276
      vertex 170.085 -0.75995 13.6276
    endloop
  endfacet
  facet normal 0.476739 0.282302 0.832482
    outer loop
      vertex 169.716 -0.456992 13.6276
      vertex 169.675 -0.387753 13.6276
      vertex 169.559 -0.449297 13.7149
    endloop
  endfacet
  facet normal -0.187397 0.523705 0.831033
    outer loop
      vertex 170.677 -0.912078 13.7149
      vertex 170.715 -0.75995 13.6276
      vertex 170.639 -0.787145 13.6276
    endloop
  endfacet
  facet normal -0.599033 0.211178 0.772375
    outer loop
      vertex 171.393 -0.411191 13.8145
      vertex 171.428 -0.311909 13.8145
      vertex 171.312 -0.276675 13.7149
    endloop
  endfacet
  facet normal -0.664823 0.399733 0.63105
    outer loop
      vertex 171.533 -0.605806 14.0469
      vertex 171.446 -0.55885 13.9255
      vertex 171.386 -0.65864 13.9255
    endloop
  endfacet
  facet normal -0.469418 0.426713 0.773022
    outer loop
      vertex 171.16 -0.759782 13.8145
      vertex 171.137 -0.604651 13.7149
      vertex 171.074 -0.673956 13.7149
    endloop
  endfacet
  facet normal -0.374906 0.41182 0.830572
    outer loop
      vertex 171.005 -0.736771 13.7149
      vertex 171.074 -0.673956 13.7149
      vertex 170.982 -0.58164 13.6276
    endloop
  endfacet
  facet normal -0.923379 0.32838 0.19884
    outer loop
      vertex 171.915 -0.459428 14.7652
      vertex 171.885 -0.450536 14.6112
      vertex 171.834 -0.593944 14.6112
    endloop
  endfacet
  facet normal -0.592017 0.79985 0.098774
    outer loop
      vertex 171.414 -1.23533 14.9215
      vertex 171.404 -1.22343 14.7652
      vertex 171.279 -1.31595 14.7652
    endloop
  endfacet
  facet normal 0.574181 0.271062 0.772555
    outer loop
      vertex 169.452 -0.506513 13.8145
      vertex 169.559 -0.449297 13.7149
      vertex 169.407 -0.411191 13.8145
    endloop
  endfacet
  facet normal 0.281586 0.258639 0.924021
    outer loop
      vertex 170.019 -0.381146 13.4935
      vertex 169.983 -0.341952 13.4935
      vertex 169.916 -0.483723 13.5536
    endloop
  endfacet
  facet normal -0.557338 0.0238633 0.829942
    outer loop
      vertex 171.349 -0.0934219 13.7149
      vertex 171.353 0 13.7149
      vertex 171.223 0 13.6276
    endloop
  endfacet
  facet normal -0.604365 0.367525 0.706873
    outer loop
      vertex 171.446 -0.55885 13.9255
      vertex 171.348 -0.506513 13.8145
      vertex 171.293 -0.596956 13.8145
    endloop
  endfacet
  facet normal -0.980109 0.0505442 -0.191916
    outer loop
      vertex 171.983 0 15.2348
      vertex 171.975 -0.155129 15.2348
      vertex 171.945 -0.152127 15.3888
    endloop
  endfacet
  facet normal -0.941206 0.337832 0
    outer loop
      vertex 171.876 -0.611555 14.9215
      vertex 171.929 -0.463896 15.0785
      vertex 171.929 -0.463896 14.9215
    endloop
  endfacet
  facet normal -0.941206 0.337832 0
    outer loop
      vertex 171.929 -0.463896 15.0785
      vertex 171.876 -0.611555 14.9215
      vertex 171.876 -0.611555 15.0785
    endloop
  endfacet
  facet normal -0.641143 0.298714 -0.706899
    outer loop
      vertex 171.495 -0.453679 16.0745
      vertex 171.446 -0.55885 16.0745
      vertex 171.348 -0.506513 16.1855
    endloop
  endfacet
  facet normal -0.829874 0.298062 -0.471665
    outer loop
      vertex 171.784 -0.419863 15.6841
      vertex 171.736 -0.553506 15.6841
      vertex 171.713 -0.398376 15.8226
    endloop
  endfacet
  facet normal -0.742368 0.550157 -0.382383
    outer loop
      vertex 171.603 -0.803567 15.6841
      vertex 171.653 -0.836949 15.539
      vertex 171.565 -0.955694 15.539
    endloop
  endfacet
  facet normal -0.506109 0.840176 -0.194826
    outer loop
      vertex 171.262 -1.29048 15.3888
      vertex 171.279 -1.31595 15.2348
      vertex 171.132 -1.36879 15.3888
    endloop
  endfacet
  facet normal -0.989187 0.14666 0
    outer loop
      vertex 171.967 -0.311768 14.9215
      vertex 171.99 -0.156638 15.0785
      vertex 171.99 -0.156638 14.9215
    endloop
  endfacet
  facet normal -0.989187 0.14666 0
    outer loop
      vertex 171.99 -0.156638 15.0785
      vertex 171.967 -0.311768 14.9215
      vertex 171.967 -0.311768 15.0785
    endloop
  endfacet
  facet normal -0.979339 0.0450635 -0.19714
    outer loop
      vertex 171.952 0 15.3888
      vertex 171.983 0 15.2348
      vertex 171.945 -0.152127 15.3888
    endloop
  endfacet
  facet normal 0.0408042 0.830586 -0.555393
    outer loop
      vertex 170.274 -1.27894 15.9531
      vertex 170.4 -1.28513 15.9531
      vertex 170.265 -1.36576 15.8226
    endloop
  endfacet
  facet normal -0.0347807 0.706579 -0.706779
    outer loop
      vertex 170.505 -1.06932 16.1855
      vertex 170.516 -1.17981 16.0745
      vertex 170.4 -1.18552 16.0745
    endloop
  endfacet
  facet normal 0.0430774 0.881129 -0.470911
    outer loop
      vertex 170.4 -1.37236 15.8226
      vertex 170.4 -1.44638 15.6841
      vertex 170.265 -1.36576 15.8226
    endloop
  endfacet
  facet normal -0.561826 0.614988 -0.5533
    outer loop
      vertex 171.309 -0.908725 15.9531
      vertex 171.37 -0.970408 15.8226
      vertex 171.271 -1.06085 15.8226
    endloop
  endfacet
  facet normal -0.135979 0.913927 -0.382422
    outer loop
      vertex 170.682 -1.41859 15.6841
      vertex 170.694 -1.47752 15.539
      vertex 170.542 -1.43942 15.6841
    endloop
  endfacet
  facet normal -0.427426 0.898704 0.098171
    outer loop
      vertex 171.012 -1.47643 14.9215
      vertex 171.153 -1.40937 14.9215
      vertex 171.006 -1.46221 14.7652
    endloop
  endfacet
  facet normal -0.728745 0.259456 -0.633729
    outer loop
      vertex 171.534 -0.344138 16.0745
      vertex 171.587 -0.491798 15.9531
      vertex 171.495 -0.453679 16.0745
    endloop
  endfacet
  facet normal -0.564878 0.423143 -0.708422
    outer loop
      vertex 171.386 -0.65864 16.0745
      vertex 171.316 -0.752087 16.0745
      vertex 171.293 -0.596956 16.1855
    endloop
  endfacet
  facet normal -0.359772 0.130913 -0.923811
    outer loop
      vertex 171.055 -0.19858 16.4464
      vertex 171.032 -0.261788 16.4464
      vertex 170.916 -0.15647 16.5065
    endloop
  endfacet
  facet normal -0.371765 0.09134 -0.923822
    outer loop
      vertex 171.071 -0.133458 16.4464
      vertex 171.055 -0.19858 16.4464
      vertex 170.916 -0.15647 16.5065
    endloop
  endfacet
  facet normal -0.594189 0.650413 -0.473184
    outer loop
      vertex 171.37 -0.970408 15.8226
      vertex 171.423 -1.02275 15.6841
      vertex 171.271 -1.06085 15.8226
    endloop
  endfacet
  facet normal 0.0884005 0.0424447 -0.99518
    outer loop
      vertex 170.331 -0.0370083 16.5981
      vertex 170.193 -0.110669 16.5827
      vertex 170.183 -0.0898418 16.5827
    endloop
  endfacet
  facet normal 0.444619 0.161787 -0.880987
    outer loop
      vertex 169.745 -0.19858 16.4464
      vertex 169.768 -0.261788 16.4464
      vertex 169.613 -0.238777 16.3724
    endloop
  endfacet
  facet normal 0.381411 0.0170649 -0.924248
    outer loop
      vertex 169.864 -0.0528336 16.5065
      vertex 169.719 -0.0670519 16.4464
      vertex 169.716 0 16.4464
    endloop
  endfacet
  facet normal -0.936806 0.336253 -0.0965802
    outer loop
      vertex 171.929 -0.463896 15.0785
      vertex 171.876 -0.611555 15.0785
      vertex 171.862 -0.605666 15.2348
    endloop
  endfacet
  facet normal -0.412774 0.37267 0.831105
    outer loop
      vertex 171.137 -0.604651 13.7149
      vertex 171.036 -0.521829 13.6276
      vertex 170.982 -0.58164 13.6276
    endloop
  endfacet
  facet normal -0.929374 0.233306 0.286065
    outer loop
      vertex 171.922 -0.30279 14.6112
      vertex 171.878 -0.293898 14.461
      vertex 171.842 -0.437304 14.461
    endloop
  endfacet
  facet normal -0.703536 0.0334006 0.709874
    outer loop
      vertex 171.586 0 13.9255
      vertex 171.474 0 13.8145
      vertex 171.469 -0.105318 13.8145
    endloop
  endfacet
  facet normal 0.69826 0.103148 -0.708373
    outer loop
      vertex 169.331 -0.105318 16.1855
      vertex 169.237 -0.231283 16.0745
      vertex 169.22 -0.116201 16.0745
    endloop
  endfacet
  facet normal 0.767284 0.113344 -0.631212
    outer loop
      vertex 169.22 -0.116201 16.0745
      vertex 169.237 -0.231283 16.0745
      vertex 169.14 -0.250716 15.9531
    endloop
  endfacet
  facet normal 0.628565 0.0903933 0.772486
    outer loop
      vertex 169.346 -0.209623 13.8145
      vertex 169.465 -0.185944 13.7149
      vertex 169.331 -0.105318 13.8145
    endloop
  endfacet
  facet normal 0.923149 0.0455815 -0.38173
    outer loop
      vertex 168.954 0 15.6841
      vertex 168.961 -0.141769 15.6841
      vertex 168.894 0 15.539
    endloop
  endfacet
  facet normal 0.555724 0.0237942 0.831026
    outer loop
      vertex 169.451 -0.0934219 13.7149
      vertex 169.581 -0.0806246 13.6276
      vertex 169.447 0 13.7149
    endloop
  endfacet
  facet normal 0.641143 0.298714 0.706899
    outer loop
      vertex 169.354 -0.55885 13.9255
      vertex 169.452 -0.506513 13.8145
      vertex 169.305 -0.453679 13.9255
    endloop
  endfacet
  facet normal 0.668549 0.737134 0.0983625
    outer loop
      vertex 169.396 -1.22343 14.7652
      vertex 169.281 -1.11913 14.7652
      vertex 169.27 -1.13001 14.9215
    endloop
  endfacet
  facet normal 0.937079 0.33635 -0.0935503
    outer loop
      vertex 168.885 -0.459428 15.2348
      vertex 168.924 -0.611555 15.0785
      vertex 168.871 -0.463896 15.0785
    endloop
  endfacet
  facet normal 0.865707 0.408687 -0.28901
    outer loop
      vertex 169.071 -0.710145 15.539
      vertex 169.031 -0.731631 15.3888
      vertex 168.966 -0.593944 15.3888
    endloop
  endfacet
  facet normal 0.95257 0.233933 -0.194642
    outer loop
      vertex 168.878 -0.30279 15.3888
      vertex 168.885 -0.459428 15.2348
      vertex 168.848 -0.308765 15.2348
    endloop
  endfacet
  facet normal 0.12966 0.872715 0.470699
    outer loop
      vertex 170.258 -1.43942 14.3159
      vertex 170.265 -1.36576 14.1774
      vertex 170.132 -1.346 14.1774
    endloop
  endfacet
  facet normal 0.331101 0.698946 0.633914
    outer loop
      vertex 169.946 -1.09528 13.9255
      vertex 169.841 -1.04554 13.9255
      vertex 169.794 -1.13338 14.0469
    endloop
  endfacet
  facet normal 0.113547 0.764962 0.633988
    outer loop
      vertex 170.274 -1.27894 14.0469
      vertex 170.284 -1.17981 13.9255
      vertex 170.169 -1.16274 13.9255
    endloop
  endfacet
  facet normal -0.0481609 0.97965 0.194849
    outer loop
      vertex 170.555 -1.57506 14.7652
      vertex 170.4 -1.55205 14.6112
      vertex 170.4 -1.58268 14.7652
    endloop
  endfacet
  facet normal 0.771157 0.567314 0.288914
    outer loop
      vertex 169.2 -0.98461 14.6112
      vertex 169.235 -0.955694 14.461
      vertex 169.11 -0.862272 14.6112
    endloop
  endfacet
  facet normal 0.420467 0.886393 0.193688
    outer loop
      vertex 169.794 -1.46221 14.7652
      vertex 169.668 -1.36879 14.6112
      vertex 169.654 -1.3958 14.7652
    endloop
  endfacet
  facet normal 0.525019 0.477101 0.70479
    outer loop
      vertex 169.64 -0.759782 13.8145
      vertex 169.569 -0.681651 13.8145
      vertex 169.484 -0.752087 13.9255
    endloop
  endfacet
  facet normal 0.476426 0.524416 0.705695
    outer loop
      vertex 169.648 -0.91642 13.9255
      vertex 169.64 -0.759782 13.8145
      vertex 169.562 -0.83829 13.9255
    endloop
  endfacet
  facet normal 0.707021 0.64541 -0.28908
    outer loop
      vertex 169.335 -1.06524 15.539
      vertex 169.303 -1.09746 15.3888
      vertex 169.235 -0.955694 15.539
    endloop
  endfacet
  facet normal 0.789639 0.580911 -0.197514
    outer loop
      vertex 169.11 -0.862272 15.3888
      vertex 169.2 -0.98461 15.3888
      vertex 169.084 -0.879291 15.2348
    endloop
  endfacet
  facet normal 0.900063 0.425367 -0.0946029
    outer loop
      vertex 169.004 -0.746071 15.2348
      vertex 168.991 -0.753325 15.0785
      vertex 168.924 -0.611555 15.0785
    endloop
  endfacet
  facet normal 0.510182 0.85431 0.0993398
    outer loop
      vertex 169.647 -1.40937 14.9215
      vertex 169.521 -1.31595 14.7652
      vertex 169.512 -1.32875 14.9215
    endloop
  endfacet
  facet normal 0.707086 0.645369 -0.289011
    outer loop
      vertex 169.235 -0.955694 15.539
      vertex 169.303 -1.09746 15.3888
      vertex 169.2 -0.98461 15.3888
    endloop
  endfacet
  facet normal 0.323095 0.90046 0.291172
    outer loop
      vertex 169.949 -1.48522 14.6112
      vertex 169.824 -1.3918 14.461
      vertex 169.806 -1.43391 14.6112
    endloop
  endfacet
  facet normal -0.12966 0.872715 0.470699
    outer loop
      vertex 170.542 -1.43942 14.3159
      vertex 170.668 -1.346 14.1774
      vertex 170.535 -1.36576 14.1774
    endloop
  endfacet
  facet normal 0.0486865 0.99399 0.0980505
    outer loop
      vertex 170.4 -1.59807 14.9215
      vertex 170.245 -1.57506 14.7652
      vertex 170.243 -1.59038 14.9215
    endloop
  endfacet
  facet normal -0.143587 0.970264 -0.194859
    outer loop
      vertex 170.703 -1.52223 15.3888
      vertex 170.709 -1.55227 15.2348
      vertex 170.555 -1.57506 15.2348
    endloop
  endfacet
  facet normal -0.493959 0.820006 -0.289129
    outer loop
      vertex 171.237 -1.25258 15.539
      vertex 171.262 -1.29048 15.3888
      vertex 171.132 -1.36879 15.3888
    endloop
  endfacet
  facet normal -0.145689 0.984474 0.0979055
    outer loop
      vertex 170.712 -1.56737 14.9215
      vertex 170.709 -1.55227 14.7652
      vertex 170.555 -1.57506 14.7652
    endloop
  endfacet
  facet normal -0.171751 0.234379 -0.956853
    outer loop
      vertex 170.742 -0.416671 16.5065
      vertex 170.699 -0.448181 16.5065
      vertex 170.616 -0.323249 16.552
    endloop
  endfacet
  facet normal 0.15027 0.248655 -0.956865
    outer loop
      vertex 170.184 -0.323249 16.552
      vertex 170.146 -0.475376 16.5065
      vertex 170.101 -0.448181 16.5065
    endloop
  endfacet
  facet normal -0.469418 0.426713 -0.773022
    outer loop
      vertex 171.137 -0.604651 16.2851
      vertex 171.16 -0.759782 16.1855
      vertex 171.074 -0.673956 16.2851
    endloop
  endfacet
  facet normal -0.326906 0.542743 -0.773668
    outer loop
      vertex 170.997 -0.893409 16.1855
      vertex 170.907 -0.947618 16.1855
      vertex 170.849 -0.840575 16.2851
    endloop
  endfacet
  facet normal -0.427072 0.469123 -0.773003
    outer loop
      vertex 171.074 -0.673956 16.2851
      vertex 171.16 -0.759782 16.1855
      vertex 171.005 -0.736771 16.2851
    endloop
  endfacet
  facet normal -0.172471 0.686653 -0.70623
    outer loop
      vertex 170.712 -1.02823 16.1855
      vertex 170.631 -1.16274 16.0745
      vertex 170.61 -1.05385 16.1855
    endloop
  endfacet
  facet normal 0.618736 0.463487 -0.634307
    outer loop
      vertex 169.414 -0.65864 16.0745
      vertex 169.484 -0.752087 16.0745
      vertex 169.331 -0.713981 15.9531
    endloop
  endfacet
  facet normal 0.868693 0.312037 -0.384715
    outer loop
      vertex 169.064 -0.553506 15.6841
      vertex 169.008 -0.576501 15.539
      vertex 168.958 -0.437304 15.539
    endloop
  endfacet
  facet normal -0.188351 0.749718 -0.634386
    outer loop
      vertex 170.773 -1.22979 15.9531
      vertex 170.651 -1.26044 15.9531
      vertex 170.631 -1.16274 16.0745
    endloop
  endfacet
  facet normal 0.140141 0.946812 -0.289667
    outer loop
      vertex 170.252 -1.49922 15.539
      vertex 170.248 -1.54458 15.3888
      vertex 170.097 -1.52223 15.3888
    endloop
  endfacet
  facet normal 0.0482785 0.189733 -0.980648
    outer loop
      vertex 170.332 -0.224659 16.5827
      vertex 170.354 -0.230257 16.5827
      vertex 170.324 -0.381298 16.552
    endloop
  endfacet
  facet normal 0.0431897 0.881169 -0.470825
    outer loop
      vertex 170.265 -1.36576 15.8226
      vertex 170.4 -1.44638 15.6841
      vertex 170.258 -1.43942 15.6841
    endloop
  endfacet
  facet normal 0.418513 0.886899 0.195594
    outer loop
      vertex 169.794 -1.46221 14.7652
      vertex 169.806 -1.43391 14.6112
      vertex 169.668 -1.36879 14.6112
    endloop
  endfacet
  facet normal -0.707036 0.645424 0.28901
    outer loop
      vertex 171.6 -0.98461 14.6112
      vertex 171.565 -0.955694 14.461
      vertex 171.465 -1.06524 14.461
    endloop
  endfacet
  facet normal -0.707605 0.527563 0.470077
    outer loop
      vertex 171.518 -0.917575 14.3159
      vertex 171.603 -0.803567 14.3159
      vertex 171.461 -0.870619 14.1774
    endloop
  endfacet
  facet normal -0.331216 0.923092 0.195442
    outer loop
      vertex 171.006 -1.46221 14.7652
      vertex 170.994 -1.43391 14.6112
      vertex 170.851 -1.48522 14.6112
    endloop
  endfacet
  facet normal -0.302567 0.638712 0.707461
    outer loop
      vertex 170.854 -1.09528 13.9255
      vertex 170.959 -1.04554 13.9255
      vertex 170.811 -0.992702 13.8145
    endloop
  endfacet
  facet normal -0.685056 0.618781 0.384459
    outer loop
      vertex 171.565 -0.955694 14.461
      vertex 171.518 -0.917575 14.3159
      vertex 171.423 -1.02275 14.3159
    endloop
  endfacet
  facet normal -0.495679 0.666359 0.557016
    outer loop
      vertex 171.271 -1.06085 14.1774
      vertex 171.215 -0.99342 14.0469
      vertex 171.114 -1.06855 14.0469
    endloop
  endfacet
  facet normal 0.46256 0.620715 0.633049
    outer loop
      vertex 169.686 -1.06855 14.0469
      vertex 169.741 -0.985724 13.9255
      vertex 169.648 -0.91642 13.9255
    endloop
  endfacet
  facet normal 0.42239 0.566811 0.707327
    outer loop
      vertex 169.741 -0.985724 13.9255
      vertex 169.803 -0.893409 13.8145
      vertex 169.648 -0.91642 13.9255
    endloop
  endfacet
  facet normal 0.0347807 0.706579 0.706779
    outer loop
      vertex 170.4 -1.18552 13.9255
      vertex 170.295 -1.06932 13.8145
      vertex 170.284 -1.17981 13.9255
    endloop
  endfacet
  facet normal 0.237507 0.666643 0.706525
    outer loop
      vertex 170.056 -1.13447 13.9255
      vertex 170.088 -1.02823 13.8145
      vertex 169.946 -1.09528 13.9255
    endloop
  endfacet
  facet normal -0.103166 0.700223 0.706431
    outer loop
      vertex 170.631 -1.16274 13.9255
      vertex 170.61 -1.05385 13.8145
      vertex 170.505 -1.06932 13.8145
    endloop
  endfacet
  facet normal -0.40855 0.865784 0.288972
    outer loop
      vertex 170.994 -1.43391 14.6112
      vertex 171.132 -1.36879 14.6112
      vertex 170.977 -1.3918 14.461
    endloop
  endfacet
  facet normal 0.287272 0.0384314 0.957078
    outer loop
      vertex 169.871 -0.105158 13.4935
      vertex 170.019 -0.0758448 13.4479
      vertex 169.864 -0.0528336 13.4935
    endloop
  endfacet
  facet normal 0.4595 0.112896 0.880974
    outer loop
      vertex 169.745 -0.19858 13.5536
      vertex 169.729 -0.133458 13.5536
      vertex 169.613 -0.238777 13.6276
    endloop
  endfacet
  facet normal 0.539236 0.137731 0.830816
    outer loop
      vertex 169.613 -0.238777 13.6276
      vertex 169.593 -0.160474 13.6276
      vertex 169.465 -0.185944 13.7149
    endloop
  endfacet
  facet normal -0.797836 0.594784 0.098433
    outer loop
      vertex 171.635 -1.01381 14.9215
      vertex 171.716 -0.879291 14.7652
      vertex 171.623 -1.00404 14.7652
    endloop
  endfacet
  facet normal -0.618617 0.464124 0.633957
    outer loop
      vertex 171.393 -0.815279 14.0469
      vertex 171.469 -0.713981 14.0469
      vertex 171.316 -0.752087 13.9255
    endloop
  endfacet
  facet normal -0.0925105 0.6279 0.772777
    outer loop
      vertex 170.61 -1.05385 13.8145
      vertex 170.586 -0.934805 13.7149
      vertex 170.505 -1.06932 13.8145
    endloop
  endfacet
  facet normal -0.469524 0.426671 0.772981
    outer loop
      vertex 171.16 -0.759782 13.8145
      vertex 171.231 -0.681651 13.8145
      vertex 171.137 -0.604651 13.7149
    endloop
  endfacet
  facet normal -0.572647 0.419199 0.70452
    outer loop
      vertex 171.316 -0.752087 13.9255
      vertex 171.293 -0.596956 13.8145
      vertex 171.231 -0.681651 13.8145
    endloop
  endfacet
  facet normal -0.954806 0.045264 0.293764
    outer loop
      vertex 171.945 -0.152127 14.6112
      vertex 171.906 0 14.461
      vertex 171.899 -0.147659 14.461
    endloop
  endfacet
  facet normal -0.85309 0.51229 0.0989779
    outer loop
      vertex 171.729 -0.887841 14.9215
      vertex 171.796 -0.746071 14.7652
      vertex 171.716 -0.879291 14.7652
    endloop
  endfacet
  facet normal -0.296632 0.830334 0.471758
    outer loop
      vertex 170.82 -1.3841 14.3159
      vertex 170.925 -1.2679 14.1774
      vertex 170.798 -1.31327 14.1774
    endloop
  endfacet
  facet normal -0.699082 0.331121 0.633753
    outer loop
      vertex 171.533 -0.605806 14.0469
      vertex 171.587 -0.491798 14.0469
      vertex 171.495 -0.453679 13.9255
    endloop
  endfacet
  facet normal -0.955239 0.0439546 -0.29255
    outer loop
      vertex 171.952 0 15.3888
      vertex 171.945 -0.152127 15.3888
      vertex 171.906 0 15.539
    endloop
  endfacet
  facet normal -0.797525 0.595126 -0.0988877
    outer loop
      vertex 171.716 -0.879291 15.2348
      vertex 171.729 -0.887841 15.0785
      vertex 171.635 -1.01381 15.0785
    endloop
  endfacet
  facet normal 0.371765 0.09134 0.923822
    outer loop
      vertex 169.745 -0.19858 13.5536
      vertex 169.884 -0.15647 13.4935
      vertex 169.729 -0.133458 13.5536
    endloop
  endfacet
  facet normal -0.125675 0.261936 0.956867
    outer loop
      vertex 170.654 -0.475376 13.4935
      vertex 170.583 -0.342862 13.4479
      vertex 170.549 -0.359175 13.4479
    endloop
  endfacet
  facet normal 0.0958921 0.021453 0.995161
    outer loop
      vertex 170.175 -0.0681496 13.4173
      vertex 170.323 -0.015316 13.4019
      vertex 170.17 -0.0458002 13.4173
    endloop
  endfacet
  facet normal -0.192661 0.0306299 0.980787
    outer loop
      vertex 170.781 -0.0758448 13.4479
      vertex 170.787 -0.038105 13.4479
      vertex 170.63 -0.0458002 13.4173
    endloop
  endfacet
  facet normal -0.189581 0.0461041 0.980782
    outer loop
      vertex 170.772 -0.112853 13.4479
      vertex 170.781 -0.0758448 13.4479
      vertex 170.63 -0.0458002 13.4173
    endloop
  endfacet
  facet normal -0.821941 0.123396 -0.556046
    outer loop
      vertex 171.766 -0.134515 15.8226
      vertex 171.746 -0.267735 15.8226
      vertex 171.679 -0.125964 15.9531
    endloop
  endfacet
  facet normal -0.868693 0.312005 -0.384741
    outer loop
      vertex 171.784 -0.419863 15.6841
      vertex 171.842 -0.437304 15.539
      vertex 171.736 -0.553506 15.6841
    endloop
  endfacet
  facet normal -0.469524 0.426671 -0.772981
    outer loop
      vertex 171.231 -0.681651 16.1855
      vertex 171.16 -0.759782 16.1855
      vertex 171.137 -0.604651 16.2851
    endloop
  endfacet
  facet normal -0.874139 0.131232 -0.467611
    outer loop
      vertex 171.766 -0.134515 15.8226
      vertex 171.839 -0.141769 15.6841
      vertex 171.746 -0.267735 15.8226
    endloop
  endfacet
  facet normal -0.621243 0.684332 -0.381768
    outer loop
      vertex 171.423 -1.02275 15.6841
      vertex 171.356 -1.16452 15.539
      vertex 171.318 -1.11807 15.6841
    endloop
  endfacet
  facet normal -0.708502 0.523972 -0.472736
    outer loop
      vertex 171.541 -0.762445 15.8226
      vertex 171.603 -0.803567 15.6841
      vertex 171.461 -0.870619 15.8226
    endloop
  endfacet
  facet normal -0.914733 0.130298 -0.382472
    outer loop
      vertex 171.839 -0.141769 15.6841
      vertex 171.878 -0.293898 15.539
      vertex 171.819 -0.282175 15.6841
    endloop
  endfacet
  facet normal -0.704852 0.0363948 -0.70842
    outer loop
      vertex 171.586 0 16.0745
      vertex 171.58 -0.116201 16.0745
      vertex 171.469 -0.105318 16.1855
    endloop
  endfacet
  facet normal -0.592915 0.653127 -0.471039
    outer loop
      vertex 171.423 -1.02275 15.6841
      vertex 171.318 -1.11807 15.6841
      vertex 171.271 -1.06085 15.8226
    endloop
  endfacet
  facet normal -0.377579 0.796475 -0.472294
    outer loop
      vertex 171.082 -1.2756 15.6841
      vertex 170.954 -1.33628 15.6841
      vertex 170.925 -1.2679 15.8226
    endloop
  endfacet
  facet normal -0.797281 0.379823 -0.469124
    outer loop
      vertex 171.668 -0.525181 15.8226
      vertex 171.736 -0.553506 15.6841
      vertex 171.61 -0.646928 15.8226
    endloop
  endfacet
  facet normal -0.703353 0.327698 -0.6308
    outer loop
      vertex 171.495 -0.453679 16.0745
      vertex 171.533 -0.605806 15.9531
      vertex 171.446 -0.55885 16.0745
    endloop
  endfacet
  facet normal -0.622734 0.683703 -0.380464
    outer loop
      vertex 171.423 -1.02275 15.6841
      vertex 171.465 -1.06524 15.539
      vertex 171.356 -1.16452 15.539
    endloop
  endfacet
  facet normal -0.683059 0.623536 -0.380307
    outer loop
      vertex 171.565 -0.955694 15.539
      vertex 171.465 -1.06524 15.539
      vertex 171.423 -1.02275 15.6841
    endloop
  endfacet
  facet normal -0.887946 0.417396 -0.193216
    outer loop
      vertex 171.834 -0.593944 15.3888
      vertex 171.862 -0.605666 15.2348
      vertex 171.796 -0.746071 15.2348
    endloop
  endfacet
  facet normal -0.900942 0.423505 0.0945896
    outer loop
      vertex 171.809 -0.753325 14.9215
      vertex 171.862 -0.605666 14.7652
      vertex 171.796 -0.746071 14.7652
    endloop
  endfacet
  facet normal 0.333665 0.937476 -0.0990234
    outer loop
      vertex 169.941 -1.51453 15.2348
      vertex 169.936 -1.52926 15.0785
      vertex 169.794 -1.46221 15.2348
    endloop
  endfacet
  facet normal -0.145689 0.984474 -0.0979055
    outer loop
      vertex 170.709 -1.55227 15.2348
      vertex 170.712 -1.56737 15.0785
      vertex 170.555 -1.57506 15.2348
    endloop
  endfacet
  facet normal -0.279895 0.783483 -0.554809
    outer loop
      vertex 170.925 -1.2679 15.8226
      vertex 170.798 -1.31327 15.8226
      vertex 170.773 -1.22979 15.9531
    endloop
  endfacet
  facet normal -0.3629 0.606693 -0.707267
    outer loop
      vertex 170.997 -0.893409 16.1855
      vertex 171.059 -0.985724 16.0745
      vertex 170.959 -1.04554 16.0745
    endloop
  endfacet
  facet normal -0.461828 0.620852 -0.633449
    outer loop
      vertex 171.152 -0.91642 16.0745
      vertex 171.215 -0.99342 15.9531
      vertex 171.114 -1.06855 15.9531
    endloop
  endfacet
  facet normal -0.237507 0.666643 -0.706525
    outer loop
      vertex 170.854 -1.09528 16.0745
      vertex 170.744 -1.13447 16.0745
      vertex 170.712 -1.02823 16.1855
    endloop
  endfacet
  facet normal -0.154588 0.615456 -0.772862
    outer loop
      vertex 170.712 -1.02823 16.1855
      vertex 170.61 -1.05385 16.1855
      vertex 170.586 -0.934805 16.2851
    endloop
  endfacet
  facet normal -0.0408042 0.830586 -0.555393
    outer loop
      vertex 170.526 -1.27894 15.9531
      vertex 170.535 -1.36576 15.8226
      vertex 170.4 -1.28513 15.9531
    endloop
  endfacet
  facet normal -0.427426 0.898704 -0.098171
    outer loop
      vertex 171.153 -1.40937 15.0785
      vertex 171.012 -1.47643 15.0785
      vertex 171.006 -1.46221 15.2348
    endloop
  endfacet
  facet normal -0.668514 0.737096 0.0988904
    outer loop
      vertex 171.414 -1.23533 14.9215
      vertex 171.519 -1.11913 14.7652
      vertex 171.404 -1.22343 14.7652
    endloop
  endfacet
  facet normal -0.512304 0.853305 0.097028
    outer loop
      vertex 171.153 -1.40937 14.9215
      vertex 171.279 -1.31595 14.7652
      vertex 171.146 -1.3958 14.7652
    endloop
  endfacet
  facet normal -0.595584 0.803293 0
    outer loop
      vertex 171.414 -1.23533 14.9215
      vertex 171.288 -1.32875 15.0785
      vertex 171.414 -1.23533 15.0785
    endloop
  endfacet
  facet normal -0.595584 0.803293 0
    outer loop
      vertex 171.288 -1.32875 15.0785
      vertex 171.414 -1.23533 14.9215
      vertex 171.288 -1.32875 14.9215
    endloop
  endfacet
  facet normal 0.143587 0.970264 -0.194859
    outer loop
      vertex 170.097 -1.52223 15.3888
      vertex 170.245 -1.57506 15.2348
      vertex 170.091 -1.55227 15.2348
    endloop
  endfacet
  facet normal -0.146842 0.98916 0
    outer loop
      vertex 170.712 -1.56737 14.9215
      vertex 170.557 -1.59038 15.0785
      vertex 170.712 -1.56737 15.0785
    endloop
  endfacet
  facet normal -0.146842 0.98916 0
    outer loop
      vertex 170.557 -1.59038 15.0785
      vertex 170.712 -1.56737 14.9215
      vertex 170.557 -1.59038 14.9215
    endloop
  endfacet
  facet normal -0.630146 0.0953506 -0.7706
    outer loop
      vertex 171.349 -0.0934219 16.2851
      vertex 171.469 -0.105318 16.1855
      vertex 171.335 -0.185944 16.2851
    endloop
  endfacet
  facet normal -0.309825 0.226059 -0.923529
    outer loop
      vertex 170.848 -0.299465 16.5065
      vertex 170.929 -0.43398 16.4464
      vertex 170.817 -0.341952 16.5065
    endloop
  endfacet
  facet normal -0.372704 0.412511 -0.83122
    outer loop
      vertex 170.982 -0.58164 16.3724
      vertex 171.005 -0.736771 16.2851
      vertex 170.922 -0.63585 16.3724
    endloop
  endfacet
  facet normal -0.686324 0.174456 -0.706062
    outer loop
      vertex 171.454 -0.209623 16.1855
      vertex 171.534 -0.344138 16.0745
      vertex 171.428 -0.311909 16.1855
    endloop
  endfacet
  facet normal -0.668123 0.237873 -0.705002
    outer loop
      vertex 171.534 -0.344138 16.0745
      vertex 171.495 -0.453679 16.0745
      vertex 171.393 -0.411191 16.1855
    endloop
  endfacet
  facet normal -0.501972 0.237465 -0.831645
    outer loop
      vertex 171.281 -0.364742 16.2851
      vertex 171.241 -0.449297 16.2851
      vertex 171.16 -0.314781 16.3724
    endloop
  endfacet
  facet normal -0.59927 0.210946 -0.772254
    outer loop
      vertex 171.312 -0.276675 16.2851
      vertex 171.393 -0.411191 16.1855
      vertex 171.281 -0.364742 16.2851
    endloop
  endfacet
  facet normal -0.466041 0.0701804 -0.881975
    outer loop
      vertex 171.081 -0.0670519 16.4464
      vertex 171.219 -0.0806246 16.3724
      vertex 171.071 -0.133458 16.4464
    endloop
  endfacet
  facet normal -0.262137 0.126085 -0.956759
    outer loop
      vertex 170.898 -0.206275 16.5065
      vertex 170.875 -0.254093 16.5065
      vertex 170.743 -0.183264 16.552
    endloop
  endfacet
  facet normal -0.345528 0.165112 -0.923768
    outer loop
      vertex 171.032 -0.261788 16.4464
      vertex 171.003 -0.322476 16.4464
      vertex 170.875 -0.254093 16.5065
    endloop
  endfacet
  facet normal -0.324452 0.546533 -0.772032
    outer loop
      vertex 170.93 -0.792489 16.2851
      vertex 170.997 -0.893409 16.1855
      vertex 170.849 -0.840575 16.2851
    endloop
  endfacet
  facet normal -0.469801 0.0233081 -0.882464
    outer loop
      vertex 171.223 0 16.3724
      vertex 171.219 -0.0806246 16.3724
      vertex 171.084 0 16.4464
    endloop
  endfacet
  facet normal -0.854335 0.215806 0.472799
    outer loop
      vertex 171.819 -0.282175 14.3159
      vertex 171.746 -0.267735 14.1774
      vertex 171.713 -0.398376 14.1774
    endloop
  endfacet
  facet normal -0.994143 0.050774 0.0954072
    outer loop
      vertex 171.99 -0.156638 14.9215
      vertex 171.998 0 14.9215
      vertex 171.983 0 14.7652
    endloop
  endfacet
  facet normal -0.99407 0.0512642 0.0958952
    outer loop
      vertex 171.99 -0.156638 14.9215
      vertex 171.983 0 14.7652
      vertex 171.975 -0.155129 14.7652
    endloop
  endfacet
  facet normal -0.865707 0.408687 0.28901
    outer loop
      vertex 171.769 -0.731631 14.6112
      vertex 171.834 -0.593944 14.6112
      vertex 171.729 -0.710145 14.461
    endloop
  endfacet
  facet normal -0.837095 0.391428 0.382173
    outer loop
      vertex 171.729 -0.710145 14.461
      vertex 171.736 -0.553506 14.3159
      vertex 171.676 -0.68182 14.3159
    endloop
  endfacet
  facet normal -0.767284 0.113344 0.631212
    outer loop
      vertex 171.66 -0.250716 14.0469
      vertex 171.58 -0.116201 13.9255
      vertex 171.563 -0.231283 13.9255
    endloop
  endfacet
  facet normal -0.134046 0.539901 0.830987
    outer loop
      vertex 170.677 -0.912078 13.7149
      vertex 170.639 -0.787145 13.6276
      vertex 170.56 -0.806759 13.6276
    endloop
  endfacet
  facet normal -0.315846 0.350286 0.881783
    outer loop
      vertex 170.982 -0.58164 13.6276
      vertex 170.884 -0.483723 13.5536
      vertex 170.834 -0.528807 13.5536
    endloop
  endfacet
  facet normal -0.874139 0.131232 0.467611
    outer loop
      vertex 171.839 -0.141769 14.3159
      vertex 171.766 -0.134515 14.1774
      vertex 171.746 -0.267735 14.1774
    endloop
  endfacet
  facet normal 0.755944 0.451536 -0.473988
    outer loop
      vertex 169.19 -0.646928 15.8226
      vertex 169.259 -0.762445 15.8226
      vertex 169.124 -0.68182 15.6841
    endloop
  endfacet
  facet normal 0.875035 0.124643 -0.467738
    outer loop
      vertex 169.034 -0.134515 15.8226
      vertex 168.981 -0.282175 15.6841
      vertex 168.961 -0.141769 15.6841
    endloop
  endfacet
  facet normal 0.773002 0.0368202 -0.633334
    outer loop
      vertex 169.22 -0.116201 16.0745
      vertex 169.121 -0.125964 15.9531
      vertex 169.115 0 15.9531
    endloop
  endfacet
  facet normal 0.749269 0.183738 -0.636267
    outer loop
      vertex 169.266 -0.344138 16.0745
      vertex 169.17 -0.373054 15.9531
      vertex 169.14 -0.250716 15.9531
    endloop
  endfacet
  facet normal 0.699991 0.100665 -0.707022
    outer loop
      vertex 169.331 -0.105318 16.1855
      vertex 169.346 -0.209623 16.1855
      vertex 169.237 -0.231283 16.0745
    endloop
  endfacet
  facet normal 0.831478 0.0370878 -0.554319
    outer loop
      vertex 169.115 0 15.9531
      vertex 169.034 -0.134515 15.8226
      vertex 169.028 0 15.8226
    endloop
  endfacet
  facet normal 0.994096 0.0507716 0.0958929
    outer loop
      vertex 168.81 -0.156638 14.9215
      vertex 168.825 -0.155129 14.7652
      vertex 168.802 0 14.9215
    endloop
  endfacet
  facet normal 0.929374 0.233306 0.286065
    outer loop
      vertex 168.958 -0.437304 14.461
      vertex 168.922 -0.293898 14.461
      vertex 168.878 -0.30279 14.6112
    endloop
  endfacet
  facet normal 0.501972 0.237465 0.831645
    outer loop
      vertex 169.559 -0.449297 13.7149
      vertex 169.64 -0.314781 13.6276
      vertex 169.519 -0.364742 13.7149
    endloop
  endfacet
  facet normal 0.469801 0.0233081 0.882464
    outer loop
      vertex 169.581 -0.0806246 13.6276
      vertex 169.716 0 13.5536
      vertex 169.577 0 13.6276
    endloop
  endfacet
  facet normal 0.350194 0.316171 0.881703
    outer loop
      vertex 169.818 -0.58164 13.6276
      vertex 169.871 -0.43398 13.5536
      vertex 169.764 -0.521829 13.6276
    endloop
  endfacet
  facet normal 0.574283 0.516231 0.635377
    outer loop
      vertex 169.491 -0.908725 14.0469
      vertex 169.562 -0.83829 13.9255
      vertex 169.407 -0.815279 14.0469
    endloop
  endfacet
  facet normal 0.966534 0.237363 -0.0973181
    outer loop
      vertex 168.848 -0.308765 15.2348
      vertex 168.885 -0.459428 15.2348
      vertex 168.833 -0.311768 15.0785
    endloop
  endfacet
  facet normal 0.965948 0.241284 -0.0934186
    outer loop
      vertex 168.885 -0.459428 15.2348
      vertex 168.871 -0.463896 15.0785
      vertex 168.833 -0.311768 15.0785
    endloop
  endfacet
  facet normal 0.707086 0.645369 0.289011
    outer loop
      vertex 169.303 -1.09746 14.6112
      vertex 169.235 -0.955694 14.461
      vertex 169.2 -0.98461 14.6112
    endloop
  endfacet
  facet normal 0.452274 0.756062 0.473094
    outer loop
      vertex 169.718 -1.2756 14.3159
      vertex 169.638 -1.14108 14.1774
      vertex 169.596 -1.20262 14.3159
    endloop
  endfacet
  facet normal 0.355861 0.752237 0.55453
    outer loop
      vertex 169.875 -1.2679 14.1774
      vertex 169.908 -1.18731 14.0469
      vertex 169.794 -1.13338 14.0469
    endloop
  endfacet
  facet normal -0.0431897 0.881169 0.470825
    outer loop
      vertex 170.542 -1.43942 14.3159
      vertex 170.535 -1.36576 14.1774
      vertex 170.4 -1.44638 14.3159
    endloop
  endfacet
  facet normal -0.135847 0.913997 0.382303
    outer loop
      vertex 170.548 -1.49922 14.461
      vertex 170.694 -1.47752 14.461
      vertex 170.542 -1.43942 14.3159
    endloop
  endfacet
  facet normal -0.0481448 0.979654 0.194833
    outer loop
      vertex 170.555 -1.57506 14.7652
      vertex 170.552 -1.54458 14.6112
      vertex 170.4 -1.55205 14.6112
    endloop
  endfacet
  facet normal 0.621243 0.684332 0.381768
    outer loop
      vertex 169.444 -1.16452 14.461
      vertex 169.482 -1.11807 14.3159
      vertex 169.377 -1.02275 14.3159
    endloop
  endfacet
  facet normal 0.865707 0.408687 0.28901
    outer loop
      vertex 169.031 -0.731631 14.6112
      vertex 169.071 -0.710145 14.461
      vertex 168.966 -0.593944 14.6112
    endloop
  endfacet
  facet normal 0.728178 0.658011 0.191774
    outer loop
      vertex 169.281 -1.11913 14.7652
      vertex 169.2 -0.98461 14.6112
      vertex 169.177 -1.00404 14.7652
    endloop
  endfacet
  facet normal 0.797836 0.594784 -0.098433
    outer loop
      vertex 169.177 -1.00404 15.2348
      vertex 169.165 -1.01381 15.0785
      vertex 169.084 -0.879291 15.2348
    endloop
  endfacet
  facet normal 0.525478 0.475474 0.705548
    outer loop
      vertex 169.562 -0.83829 13.9255
      vertex 169.64 -0.759782 13.8145
      vertex 169.484 -0.752087 13.9255
    endloop
  endfacet
  facet normal 0.519279 0.571586 0.635325
    outer loop
      vertex 169.648 -0.91642 13.9255
      vertex 169.562 -0.83829 13.9255
      vertex 169.491 -0.908725 14.0469
    endloop
  endfacet
  facet normal 0.78275 0.277779 -0.556903
    outer loop
      vertex 169.213 -0.491798 15.9531
      vertex 169.132 -0.525181 15.8226
      vertex 169.087 -0.398376 15.8226
    endloop
  endfacet
  facet normal 0.72421 0.660998 -0.196471
    outer loop
      vertex 169.303 -1.09746 15.3888
      vertex 169.281 -1.11913 15.2348
      vertex 169.2 -0.98461 15.3888
    endloop
  endfacet
  facet normal 0.703353 0.327698 -0.6308
    outer loop
      vertex 169.305 -0.453679 16.0745
      vertex 169.354 -0.55885 16.0745
      vertex 169.267 -0.605806 15.9531
    endloop
  endfacet
  facet normal 0.664823 0.399733 -0.63105
    outer loop
      vertex 169.354 -0.55885 16.0745
      vertex 169.414 -0.65864 16.0745
      vertex 169.267 -0.605806 15.9531
    endloop
  endfacet
  facet normal 0.900764 0.423421 -0.0966361
    outer loop
      vertex 168.938 -0.605666 15.2348
      vertex 169.004 -0.746071 15.2348
      vertex 168.924 -0.611555 15.0785
    endloop
  endfacet
  facet normal 0.797525 0.595126 -0.0988877
    outer loop
      vertex 169.084 -0.879291 15.2348
      vertex 169.165 -1.01381 15.0785
      vertex 169.071 -0.887841 15.0785
    endloop
  endfacet
  facet normal 0.935763 0.339142 -0.0965956
    outer loop
      vertex 168.938 -0.605666 15.2348
      vertex 168.924 -0.611555 15.0785
      vertex 168.885 -0.459428 15.2348
    endloop
  endfacet
  facet normal 0.592671 0.799364 -0.0987789
    outer loop
      vertex 169.396 -1.22343 15.2348
      vertex 169.512 -1.32875 15.0785
      vertex 169.386 -1.23533 15.0785
    endloop
  endfacet
  facet normal 0.66169 0.724501 -0.193041
    outer loop
      vertex 169.415 -1.19975 15.3888
      vertex 169.396 -1.22343 15.2348
      vertex 169.303 -1.09746 15.3888
    endloop
  endfacet
  facet normal -0.215303 0.85516 0.471535
    outer loop
      vertex 170.82 -1.3841 14.3159
      vertex 170.798 -1.31327 14.1774
      vertex 170.668 -1.346 14.1774
    endloop
  endfacet
  facet normal -0.129855 0.872763 0.470555
    outer loop
      vertex 170.682 -1.41859 14.3159
      vertex 170.668 -1.346 14.1774
      vertex 170.542 -1.43942 14.3159
    endloop
  endfacet
  facet normal 0.0379497 0.772482 0.633902
    outer loop
      vertex 170.4 -1.28513 14.0469
      vertex 170.284 -1.17981 13.9255
      vertex 170.274 -1.27894 14.0469
    endloop
  endfacet
  facet normal -0.0347807 0.706579 0.706779
    outer loop
      vertex 170.516 -1.17981 13.9255
      vertex 170.505 -1.06932 13.8145
      vertex 170.4 -1.18552 13.9255
    endloop
  endfacet
  facet normal 0.323095 0.90046 -0.291172
    outer loop
      vertex 169.824 -1.3918 15.539
      vertex 169.949 -1.48522 15.3888
      vertex 169.806 -1.43391 15.3888
    endloop
  endfacet
  facet normal 0.242824 0.965118 -0.0978999
    outer loop
      vertex 170.091 -1.55227 15.2348
      vertex 170.088 -1.56737 15.0785
      vertex 169.941 -1.51453 15.2348
    endloop
  endfacet
  facet normal 0.145689 0.984474 0.0979055
    outer loop
      vertex 170.245 -1.57506 14.7652
      vertex 170.091 -1.55227 14.7652
      vertex 170.088 -1.56737 14.9215
    endloop
  endfacet
  facet normal 0.14613 0.984364 0.0983539
    outer loop
      vertex 170.243 -1.59038 14.9215
      vertex 170.245 -1.57506 14.7652
      vertex 170.088 -1.56737 14.9215
    endloop
  endfacet
  facet normal -0.0452127 0.922963 0.382225
    outer loop
      vertex 170.548 -1.49922 14.461
      vertex 170.4 -1.44638 14.3159
      vertex 170.4 -1.50647 14.461
    endloop
  endfacet
  facet normal -0.143612 0.970265 0.194835
    outer loop
      vertex 170.555 -1.57506 14.7652
      vertex 170.703 -1.52223 14.6112
      vertex 170.552 -1.54458 14.6112
    endloop
  endfacet
  facet normal -0.239383 0.951444 0.193519
    outer loop
      vertex 170.859 -1.51453 14.7652
      vertex 170.851 -1.48522 14.6112
      vertex 170.709 -1.55227 14.7652
    endloop
  endfacet
  facet normal -0.323297 0.901022 0.289202
    outer loop
      vertex 170.994 -1.43391 14.6112
      vertex 170.977 -1.3918 14.461
      vertex 170.851 -1.48522 14.6112
    endloop
  endfacet
  facet normal -0.320577 0.901219 0.291606
    outer loop
      vertex 170.851 -1.48522 14.6112
      vertex 170.977 -1.3918 14.461
      vertex 170.837 -1.4416 14.461
    endloop
  endfacet
  facet normal -0.333665 0.937476 0.0990234
    outer loop
      vertex 170.864 -1.52926 14.9215
      vertex 171.006 -1.46221 14.7652
      vertex 170.859 -1.51453 14.7652
    endloop
  endfacet
  facet normal -0.242824 0.965118 0.0978999
    outer loop
      vertex 170.712 -1.56737 14.9215
      vertex 170.859 -1.51453 14.7652
      vertex 170.709 -1.55227 14.7652
    endloop
  endfacet
  facet normal 0.114364 0.158329 -0.980741
    outer loop
      vertex 170.251 -0.181479 16.5827
      vertex 170.27 -0.195203 16.5827
      vertex 170.184 -0.323249 16.552
    endloop
  endfacet
  facet normal 0.00481904 0.0980866 -0.995166
    outer loop
      vertex 170.392 -0.0781298 16.5981
      vertex 170.4 -0.234768 16.5827
      vertex 170.377 -0.233638 16.5827
    endloop
  endfacet
  facet normal -0.195493 0.0102608 -0.980651
    outer loop
      vertex 170.789 0 16.552
      vertex 170.787 -0.038105 16.552
      vertex 170.635 0 16.5827
    endloop
  endfacet
  facet normal 0.686324 0.174456 -0.706062
    outer loop
      vertex 169.346 -0.209623 16.1855
      vertex 169.372 -0.311909 16.1855
      vertex 169.266 -0.344138 16.0745
    endloop
  endfacet
  facet normal 0.5245 0.184627 -0.831151
    outer loop
      vertex 169.613 -0.238777 16.3724
      vertex 169.519 -0.364742 16.2851
      vertex 169.488 -0.276675 16.2851
    endloop
  endfacet
  facet normal -0.00481904 0.0980866 -0.995166
    outer loop
      vertex 170.408 -0.0781298 16.5981
      vertex 170.423 -0.233638 16.5827
      vertex 170.4 -0.234768 16.5827
    endloop
  endfacet
  facet normal 0.307166 0.227859 -0.923975
    outer loop
      vertex 169.952 -0.299465 16.5065
      vertex 169.871 -0.43398 16.4464
      vertex 169.831 -0.380058 16.4464
    endloop
  endfacet
  facet normal 0.193717 0.0307978 -0.980574
    outer loop
      vertex 170.166 -0.0230112 16.5827
      vertex 170.019 -0.0758448 16.552
      vertex 170.013 -0.038105 16.552
    endloop
  endfacet
  facet normal 0.287613 0.0457257 -0.956655
    outer loop
      vertex 170.013 -0.038105 16.552
      vertex 170.019 -0.0758448 16.552
      vertex 169.864 -0.0528336 16.5065
    endloop
  endfacet
  facet normal -0.00963087 0.195498 -0.980657
    outer loop
      vertex 170.423 -0.233638 16.5827
      vertex 170.438 -0.386896 16.552
      vertex 170.4 -0.388768 16.552
    endloop
  endfacet
  facet normal 0.129329 0.360248 -0.923848
    outer loop
      vertex 170.194 -0.497993 16.5065
      vertex 170.201 -0.654631 16.4464
      vertex 170.138 -0.632014 16.4464
    endloop
  endfacet
  facet normal -0.511968 0.374809 -0.772921
    outer loop
      vertex 171.192 -0.529524 16.2851
      vertex 171.293 -0.596956 16.1855
      vertex 171.137 -0.604651 16.2851
    endloop
  endfacet
  facet normal -0.573507 0.518933 -0.633875
    outer loop
      vertex 171.316 -0.752087 16.0745
      vertex 171.393 -0.815279 15.9531
      vertex 171.238 -0.83829 16.0745
    endloop
  endfacet
  facet normal -0.525019 0.477101 -0.70479
    outer loop
      vertex 171.231 -0.681651 16.1855
      vertex 171.316 -0.752087 16.0745
      vertex 171.16 -0.759782 16.1855
    endloop
  endfacet
  facet normal -0.604672 0.363566 -0.708655
    outer loop
      vertex 171.446 -0.55885 16.0745
      vertex 171.386 -0.65864 16.0745
      vertex 171.293 -0.596956 16.1855
    endloop
  endfacet
  facet normal 0.871349 0.130813 -0.472905
    outer loop
      vertex 169.034 -0.134515 15.8226
      vertex 169.054 -0.267735 15.8226
      vertex 168.981 -0.282175 15.6841
    endloop
  endfacet
  facet normal 0.653708 0.590466 -0.473304
    outer loop
      vertex 169.43 -0.970408 15.8226
      vertex 169.377 -1.02275 15.6841
      vertex 169.282 -0.917575 15.6841
    endloop
  endfacet
  facet normal 0.652183 0.594741 -0.470044
    outer loop
      vertex 169.339 -0.870619 15.8226
      vertex 169.43 -0.970408 15.8226
      vertex 169.282 -0.917575 15.6841
    endloop
  endfacet
  facet normal 0.792552 0.475016 -0.382389
    outer loop
      vertex 169.197 -0.803567 15.6841
      vertex 169.147 -0.836949 15.539
      vertex 169.071 -0.710145 15.539
    endloop
  endfacet
  facet normal 0.592915 0.653127 -0.471039
    outer loop
      vertex 169.529 -1.06085 15.8226
      vertex 169.482 -1.11807 15.6841
      vertex 169.377 -1.02275 15.6841
    endloop
  endfacet
  facet normal 0.452274 0.756062 -0.473094
    outer loop
      vertex 169.638 -1.14108 15.8226
      vertex 169.718 -1.2756 15.6841
      vertex 169.596 -1.20262 15.6841
    endloop
  endfacet
  facet normal 0.1877 0.750269 -0.633929
    outer loop
      vertex 170.056 -1.13447 16.0745
      vertex 170.169 -1.16274 16.0745
      vertex 170.027 -1.22979 15.9531
    endloop
  endfacet
  facet normal 0.0347807 0.706579 -0.706779
    outer loop
      vertex 170.295 -1.06932 16.1855
      vertex 170.4 -1.18552 16.0745
      vertex 170.284 -1.17981 16.0745
    endloop
  endfacet
  facet normal 0.592671 0.799364 0.0987789
    outer loop
      vertex 169.512 -1.32875 14.9215
      vertex 169.396 -1.22343 14.7652
      vertex 169.386 -1.23533 14.9215
    endloop
  endfacet
  facet normal 0.394379 0.83605 0.381426
    outer loop
      vertex 169.824 -1.3918 14.461
      vertex 169.718 -1.2756 14.3159
      vertex 169.69 -1.32859 14.461
    endloop
  endfacet
  facet normal 0.668908 0.736738 0.0988884
    outer loop
      vertex 169.386 -1.23533 14.9215
      vertex 169.396 -1.22343 14.7652
      vertex 169.27 -1.13001 14.9215
    endloop
  endfacet
  facet normal 0.549981 0.743218 0.380982
    outer loop
      vertex 169.563 -1.25258 14.461
      vertex 169.596 -1.20262 14.3159
      vertex 169.444 -1.16452 14.461
    endloop
  endfacet
  facet normal -0.740024 0.551733 0.384649
    outer loop
      vertex 171.565 -0.955694 14.461
      vertex 171.603 -0.803567 14.3159
      vertex 171.518 -0.917575 14.3159
    endloop
  endfacet
  facet normal -0.769902 0.570562 0.28585
    outer loop
      vertex 171.69 -0.862272 14.6112
      vertex 171.653 -0.836949 14.461
      vertex 171.565 -0.955694 14.461
    endloop
  endfacet
  facet normal -0.474612 0.793404 0.381121
    outer loop
      vertex 171.237 -1.25258 14.461
      vertex 171.204 -1.20262 14.3159
      vertex 171.082 -1.2756 14.3159
    endloop
  endfacet
  facet normal -0.28635 0.476111 0.831458
    outer loop
      vertex 170.93 -0.792489 13.7149
      vertex 170.857 -0.683937 13.6276
      vertex 170.788 -0.725436 13.6276
    endloop
  endfacet
  facet normal -0.377579 0.796475 0.472294
    outer loop
      vertex 170.954 -1.33628 14.3159
      vertex 171.082 -1.2756 14.3159
      vertex 170.925 -1.2679 14.1774
    endloop
  endfacet
  facet normal -0.279895 0.783483 0.554809
    outer loop
      vertex 170.798 -1.31327 14.1774
      vertex 170.925 -1.2679 14.1774
      vertex 170.773 -1.22979 14.0469
    endloop
  endfacet
  facet normal -0.520372 0.572789 0.633345
    outer loop
      vertex 171.215 -0.99342 14.0469
      vertex 171.238 -0.83829 13.9255
      vertex 171.152 -0.91642 13.9255
    endloop
  endfacet
  facet normal -0.525478 0.475474 0.705548
    outer loop
      vertex 171.238 -0.83829 13.9255
      vertex 171.316 -0.752087 13.9255
      vertex 171.16 -0.759782 13.8145
    endloop
  endfacet
  facet normal 0.196131 0.329594 0.923526
    outer loop
      vertex 170.078 -0.603312 13.5536
      vertex 170.146 -0.475376 13.4935
      vertex 170.02 -0.568798 13.5536
    endloop
  endfacet
  facet normal 0.279895 0.783483 0.554809
    outer loop
      vertex 170.002 -1.31327 14.1774
      vertex 170.027 -1.22979 14.0469
      vertex 169.875 -1.2679 14.1774
    endloop
  endfacet
  facet normal 0.103865 0.699734 0.706812
    outer loop
      vertex 170.284 -1.17981 13.9255
      vertex 170.295 -1.06932 13.8145
      vertex 170.169 -1.16274 13.9255
    endloop
  endfacet
  facet normal -0.12219 0.822434 0.555582
    outer loop
      vertex 170.535 -1.36576 14.1774
      vertex 170.668 -1.346 14.1774
      vertex 170.526 -1.27894 14.0469
    endloop
  endfacet
  facet normal 0.215303 0.85516 0.471535
    outer loop
      vertex 170.132 -1.346 14.1774
      vertex 170.002 -1.31327 14.1774
      vertex 169.98 -1.3841 14.3159
    endloop
  endfacet
  facet normal 0.474754 0.793234 0.381299
    outer loop
      vertex 169.69 -1.32859 14.461
      vertex 169.718 -1.2756 14.3159
      vertex 169.563 -1.25258 14.461
    endloop
  endfacet
  facet normal 0.143494 0.131981 0.980811
    outer loop
      vertex 170.125 -0.2749 13.4479
      vertex 170.234 -0.166006 13.4173
      vertex 170.099 -0.246632 13.4479
    endloop
  endfacet
  facet normal -0.134705 0.539367 0.831227
    outer loop
      vertex 170.586 -0.934805 13.7149
      vertex 170.677 -0.912078 13.7149
      vertex 170.56 -0.806759 13.6276
    endloop
  endfacet
  facet normal -0.239143 0.502302 0.830965
    outer loop
      vertex 170.765 -0.880567 13.7149
      vertex 170.849 -0.840575 13.7149
      vertex 170.715 -0.75995 13.6276
    endloop
  endfacet
  facet normal -0.428398 0.713666 0.554217
    outer loop
      vertex 171.162 -1.14108 14.1774
      vertex 171.114 -1.06855 14.0469
      vertex 171.006 -1.13338 14.0469
    endloop
  endfacet
  facet normal 0.078591 0.0594582 0.995132
    outer loop
      vertex 170.219 -0.148935 13.4173
      vertex 170.339 -0.0498047 13.4019
      vertex 170.205 -0.13043 13.4173
    endloop
  endfacet
  facet normal 0.25755 0.282744 0.923972
    outer loop
      vertex 170.058 -0.416671 13.4935
      vertex 170.019 -0.381146 13.4935
      vertex 169.916 -0.483723 13.5536
    endloop
  endfacet
  facet normal -0.263381 0.122187 0.956923
    outer loop
      vertex 170.898 -0.206275 13.4935
      vertex 170.759 -0.148775 13.4479
      vertex 170.743 -0.183264 13.4479
    endloop
  endfacet
  facet normal 0.378959 0.281117 0.881682
    outer loop
      vertex 169.871 -0.43398 13.5536
      vertex 169.831 -0.380058 13.5536
      vertex 169.764 -0.521829 13.6276
    endloop
  endfacet
  facet normal 0.291226 0.0152855 0.956532
    outer loop
      vertex 170.013 -0.038105 13.4479
      vertex 170.011 0 13.4479
      vertex 169.864 -0.0528336 13.4935
    endloop
  endfacet
  facet normal 0.327876 0.544352 0.772126
    outer loop
      vertex 169.893 -0.947618 13.8145
      vertex 169.87 -0.792489 13.7149
      vertex 169.803 -0.893409 13.8145
    endloop
  endfacet
  facet normal 0.914577 0.131334 0.382493
    outer loop
      vertex 168.922 -0.293898 14.461
      vertex 168.981 -0.282175 14.3159
      vertex 168.901 -0.147659 14.461
    endloop
  endfacet
  facet normal 0.17722 0.082215 0.980731
    outer loop
      vertex 170.057 -0.183264 13.4479
      vertex 170.183 -0.0898418 13.4173
      vertex 170.041 -0.148775 13.4479
    endloop
  endfacet
  facet normal 0.653708 0.590466 0.473304
    outer loop
      vertex 169.377 -1.02275 14.3159
      vertex 169.43 -0.970408 14.1774
      vertex 169.282 -0.917575 14.3159
    endloop
  endfacet
  facet normal 0.667827 0.23543 0.706102
    outer loop
      vertex 169.407 -0.411191 13.8145
      vertex 169.372 -0.311909 13.8145
      vertex 169.266 -0.344138 13.9255
    endloop
  endfacet
  facet normal -0.613638 0.559591 0.557051
    outer loop
      vertex 171.461 -0.870619 14.1774
      vertex 171.393 -0.815279 14.0469
      vertex 171.37 -0.970408 14.1774
    endloop
  endfacet
  facet normal -0.592915 0.653127 0.471039
    outer loop
      vertex 171.318 -1.11807 14.3159
      vertex 171.423 -1.02275 14.3159
      vertex 171.271 -1.06085 14.1774
    endloop
  endfacet
  facet normal -0.214166 0.598095 0.772279
    outer loop
      vertex 170.811 -0.992702 13.8145
      vertex 170.765 -0.880567 13.7149
      vertex 170.677 -0.912078 13.7149
    endloop
  endfacet
  facet normal -0.243081 0.404168 0.881794
    outer loop
      vertex 170.788 -0.725436 13.6276
      vertex 170.857 -0.683937 13.6276
      vertex 170.78 -0.568798 13.5536
    endloop
  endfacet
  facet normal -0.684977 0.176017 0.706982
    outer loop
      vertex 171.534 -0.344138 13.9255
      vertex 171.563 -0.231283 13.9255
      vertex 171.454 -0.209623 13.8145
    endloop
  endfacet
  facet normal -0.59927 0.210946 0.772254
    outer loop
      vertex 171.393 -0.411191 13.8145
      vertex 171.312 -0.276675 13.7149
      vertex 171.281 -0.364742 13.7149
    endloop
  endfacet
  facet normal -0.668943 0.736777 -0.0983653
    outer loop
      vertex 171.519 -1.11913 15.2348
      vertex 171.53 -1.13001 15.0785
      vertex 171.414 -1.23533 15.0785
    endloop
  endfacet
  facet normal -0.786886 0.586621 0.191535
    outer loop
      vertex 171.623 -1.00404 14.7652
      vertex 171.716 -0.879291 14.7652
      vertex 171.6 -0.98461 14.6112
    endloop
  endfacet
  facet normal -0.568052 0.770091 0.290305
    outer loop
      vertex 171.385 -1.19975 14.6112
      vertex 171.356 -1.16452 14.461
      vertex 171.262 -1.29048 14.6112
    endloop
  endfacet
  facet normal -0.592624 0.7993 0.0995819
    outer loop
      vertex 171.288 -1.32875 14.9215
      vertex 171.414 -1.23533 14.9215
      vertex 171.279 -1.31595 14.7652
    endloop
  endfacet
  facet normal -0.965587 0.241194 0.0973008
    outer loop
      vertex 171.967 -0.311768 14.9215
      vertex 171.952 -0.308765 14.7652
      vertex 171.929 -0.463896 14.9215
    endloop
  endfacet
  facet normal -0.984495 0.145964 0.0972857
    outer loop
      vertex 171.967 -0.311768 14.9215
      vertex 171.99 -0.156638 14.9215
      vertex 171.952 -0.308765 14.7652
    endloop
  endfacet
  facet normal -0.797525 0.595126 0.0988877
    outer loop
      vertex 171.729 -0.887841 14.9215
      vertex 171.716 -0.879291 14.7652
      vertex 171.635 -1.01381 14.9215
    endloop
  endfacet
  facet normal -0.855617 0.508857 0.094781
    outer loop
      vertex 171.809 -0.753325 14.9215
      vertex 171.796 -0.746071 14.7652
      vertex 171.729 -0.887841 14.9215
    endloop
  endfacet
  facet normal -0.381411 0.0170649 0.924248
    outer loop
      vertex 171.081 -0.0670519 13.5536
      vertex 171.084 0 13.5536
      vertex 170.936 -0.0528336 13.4935
    endloop
  endfacet
  facet normal 0.0976129 0.0128071 0.995142
    outer loop
      vertex 170.323 -0.015316 13.4019
      vertex 170.322 -0.00769424 13.4019
      vertex 170.17 -0.0458002 13.4173
    endloop
  endfacet
  facet normal -0.0845194 0.176158 0.980727
    outer loop
      vertex 170.549 -0.359175 13.4479
      vertex 170.583 -0.342862 13.4479
      vertex 170.511 -0.207047 13.4173
    endloop
  endfacet
  facet normal -0.17722 0.082215 0.980731
    outer loop
      vertex 170.743 -0.183264 13.4479
      vertex 170.759 -0.148775 13.4479
      vertex 170.617 -0.0898418 13.4173
    endloop
  endfacet
  facet normal -0.499467 0.239562 0.832552
    outer loop
      vertex 171.241 -0.449297 13.7149
      vertex 171.16 -0.314781 13.6276
      vertex 171.125 -0.387753 13.6276
    endloop
  endfacet
  facet normal -0.984421 0.147372 -0.095897
    outer loop
      vertex 171.975 -0.155129 15.2348
      vertex 171.99 -0.156638 15.0785
      vertex 171.952 -0.308765 15.2348
    endloop
  endfacet
  facet normal -0.922597 0.0437371 -0.383277
    outer loop
      vertex 171.906 0 15.539
      vertex 171.899 -0.147659 15.539
      vertex 171.839 -0.141769 15.6841
    endloop
  endfacet
  facet normal -0.951499 0.238284 -0.194602
    outer loop
      vertex 171.922 -0.30279 15.3888
      vertex 171.952 -0.308765 15.2348
      vertex 171.885 -0.450536 15.3888
    endloop
  endfacet
  facet normal -0.635293 0.027201 -0.771792
    outer loop
      vertex 171.353 0 16.2851
      vertex 171.474 0 16.1855
      vertex 171.349 -0.0934219 16.2851
    endloop
  endfacet
  facet normal -0.805144 0.20338 -0.557117
    outer loop
      vertex 171.746 -0.267735 15.8226
      vertex 171.713 -0.398376 15.8226
      vertex 171.66 -0.250716 15.9531
    endloop
  endfacet
  facet normal -0.872381 0.124266 -0.472767
    outer loop
      vertex 171.839 -0.141769 15.6841
      vertex 171.819 -0.282175 15.6841
      vertex 171.746 -0.267735 15.8226
    endloop
  endfacet
  facet normal -0.202647 0.806621 -0.555245
    outer loop
      vertex 170.773 -1.22979 15.9531
      vertex 170.668 -1.346 15.8226
      vertex 170.651 -1.26044 15.9531
    endloop
  endfacet
  facet normal -0.333665 0.937476 -0.0990234
    outer loop
      vertex 171.006 -1.46221 15.2348
      vertex 170.864 -1.52926 15.0785
      vertex 170.859 -1.51453 15.2348
    endloop
  endfacet
  facet normal -0.520372 0.572789 -0.633345
    outer loop
      vertex 171.238 -0.83829 16.0745
      vertex 171.215 -0.99342 15.9531
      vertex 171.152 -0.91642 16.0745
    endloop
  endfacet
  facet normal -0.495679 0.666359 -0.557016
    outer loop
      vertex 171.215 -0.99342 15.9531
      vertex 171.271 -1.06085 15.8226
      vertex 171.114 -1.06855 15.9531
    endloop
  endfacet
  facet normal -0.922452 0.334318 -0.193166
    outer loop
      vertex 171.915 -0.459428 15.2348
      vertex 171.862 -0.605666 15.2348
      vertex 171.834 -0.593944 15.3888
    endloop
  endfacet
  facet normal -0.756488 0.451862 -0.472807
    outer loop
      vertex 171.61 -0.646928 15.8226
      vertex 171.603 -0.803567 15.6841
      vertex 171.541 -0.762445 15.8226
    endloop
  endfacet
  facet normal -0.707036 0.645424 -0.28901
    outer loop
      vertex 171.565 -0.955694 15.539
      vertex 171.6 -0.98461 15.3888
      vertex 171.465 -1.06524 15.539
    endloop
  endfacet
  facet normal -0.81919 0.495373 -0.289022
    outer loop
      vertex 171.729 -0.710145 15.539
      vertex 171.769 -0.731631 15.3888
      vertex 171.69 -0.862272 15.3888
    endloop
  endfacet
  facet normal -0.550572 0.742345 -0.381831
    outer loop
      vertex 171.318 -1.11807 15.6841
      vertex 171.356 -1.16452 15.539
      vertex 171.204 -1.20262 15.6841
    endloop
  endfacet
  facet normal -0.525481 0.708514 -0.471038
    outer loop
      vertex 171.271 -1.06085 15.8226
      vertex 171.318 -1.11807 15.6841
      vertex 171.204 -1.20262 15.6841
    endloop
  endfacet
  facet normal -0.899887 0.425284 -0.0966277
    outer loop
      vertex 171.862 -0.605666 15.2348
      vertex 171.876 -0.611555 15.0785
      vertex 171.809 -0.753325 15.0785
    endloop
  endfacet
  facet normal -0.769902 0.570562 -0.28585
    outer loop
      vertex 171.653 -0.836949 15.539
      vertex 171.69 -0.862272 15.3888
      vertex 171.565 -0.955694 15.539
    endloop
  endfacet
  facet normal -0.947241 0.144605 -0.286048
    outer loop
      vertex 171.945 -0.152127 15.3888
      vertex 171.922 -0.30279 15.3888
      vertex 171.878 -0.293898 15.539
    endloop
  endfacet
  facet normal -0.936037 0.339241 -0.0935397
    outer loop
      vertex 171.915 -0.459428 15.2348
      vertex 171.929 -0.463896 15.0785
      vertex 171.862 -0.605666 15.2348
    endloop
  endfacet
  facet normal -0.85309 0.51229 -0.0989779
    outer loop
      vertex 171.796 -0.746071 15.2348
      vertex 171.729 -0.887841 15.0785
      vertex 171.716 -0.879291 15.2348
    endloop
  endfacet
  facet normal -0.822023 0.49268 -0.285559
    outer loop
      vertex 171.729 -0.710145 15.539
      vertex 171.69 -0.862272 15.3888
      vertex 171.653 -0.836949 15.539
    endloop
  endfacet
  facet normal -0.224024 0.896357 -0.382568
    outer loop
      vertex 170.82 -1.3841 15.6841
      vertex 170.694 -1.47752 15.539
      vertex 170.682 -1.41859 15.6841
    endloop
  endfacet
  facet normal -0.237946 0.951527 -0.19488
    outer loop
      vertex 170.851 -1.48522 15.3888
      vertex 170.709 -1.55227 15.2348
      vertex 170.703 -1.52223 15.3888
    endloop
  endfacet
  facet normal -0.0481609 0.97965 -0.194849
    outer loop
      vertex 170.4 -1.55205 15.3888
      vertex 170.555 -1.57506 15.2348
      vertex 170.4 -1.58268 15.2348
    endloop
  endfacet
  facet normal -0.279738 0.783636 -0.554671
    outer loop
      vertex 170.892 -1.18731 15.9531
      vertex 170.925 -1.2679 15.8226
      vertex 170.773 -1.22979 15.9531
    endloop
  endfacet
  facet normal -0.331284 0.445929 -0.831503
    outer loop
      vertex 171.005 -0.736771 16.2851
      vertex 170.93 -0.792489 16.2851
      vertex 170.857 -0.683937 16.3724
    endloop
  endfacet
  facet normal -0.423197 0.567894 -0.705975
    outer loop
      vertex 171.082 -0.830595 16.1855
      vertex 171.152 -0.91642 16.0745
      vertex 171.059 -0.985724 16.0745
    endloop
  endfacet
  facet normal -0.190177 0.046249 -0.98066
    outer loop
      vertex 170.781 -0.0758448 16.552
      vertex 170.772 -0.112853 16.552
      vertex 170.63 -0.0458002 16.5827
    endloop
  endfacet
  facet normal -0.187532 0.523717 -0.830995
    outer loop
      vertex 170.715 -0.75995 16.3724
      vertex 170.765 -0.880567 16.2851
      vertex 170.677 -0.912078 16.2851
    endloop
  endfacet
  facet normal -0.260074 0.72855 -0.633701
    outer loop
      vertex 170.854 -1.09528 16.0745
      vertex 170.892 -1.18731 15.9531
      vertex 170.773 -1.22979 15.9531
    endloop
  endfacet
  facet normal -0.269428 0.573709 -0.773477
    outer loop
      vertex 170.849 -0.840575 16.2851
      vertex 170.907 -0.947618 16.1855
      vertex 170.811 -0.992702 16.1855
    endloop
  endfacet
  facet normal -0.0699479 0.466516 -0.881743
    outer loop
      vertex 170.533 -0.670943 16.4464
      vertex 170.56 -0.806759 16.3724
      vertex 170.481 -0.818604 16.3724
    endloop
  endfacet
  facet normal 0.0188142 0.382682 -0.923689
    outer loop
      vertex 170.4 -0.539023 16.5065
      vertex 170.4 -0.684088 16.4464
      vertex 170.333 -0.680794 16.4464
    endloop
  endfacet
  facet normal -0.0926665 0.62795 -0.772717
    outer loop
      vertex 170.586 -0.934805 16.2851
      vertex 170.505 -1.06932 16.1855
      vertex 170.493 -0.948529 16.2851
    endloop
  endfacet
  facet normal -0.0347908 0.706583 -0.706774
    outer loop
      vertex 170.4 -1.07449 16.1855
      vertex 170.505 -1.06932 16.1855
      vertex 170.4 -1.18552 16.0745
    endloop
  endfacet
  facet normal 0.0347908 0.706583 -0.706774
    outer loop
      vertex 170.4 -1.07449 16.1855
      vertex 170.4 -1.18552 16.0745
      vertex 170.295 -1.06932 16.1855
    endloop
  endfacet
  facet normal 0.0312182 0.634025 -0.772682
    outer loop
      vertex 170.307 -0.948529 16.2851
      vertex 170.4 -1.07449 16.1855
      vertex 170.295 -1.06932 16.1855
    endloop
  endfacet
  facet normal -0.334561 0.937253 0.0981132
    outer loop
      vertex 171.012 -1.47643 14.9215
      vertex 171.006 -1.46221 14.7652
      vertex 170.864 -1.52926 14.9215
    endloop
  endfacet
  facet normal -0.512718 0.858557 0
    outer loop
      vertex 171.288 -1.32875 14.9215
      vertex 171.153 -1.40937 15.0785
      vertex 171.288 -1.32875 15.0785
    endloop
  endfacet
  facet normal -0.512718 0.858557 0
    outer loop
      vertex 171.153 -1.40937 15.0785
      vertex 171.288 -1.32875 14.9215
      vertex 171.153 -1.40937 14.9215
    endloop
  endfacet
  facet normal -0.426555 0.899227 0.0971746
    outer loop
      vertex 171.153 -1.40937 14.9215
      vertex 171.146 -1.3958 14.7652
      vertex 171.006 -1.46221 14.7652
    endloop
  endfacet
  facet normal -0.336183 0.941797 0
    outer loop
      vertex 171.012 -1.47643 14.9215
      vertex 170.864 -1.52926 15.0785
      vertex 171.012 -1.47643 15.0785
    endloop
  endfacet
  facet normal -0.336183 0.941797 0
    outer loop
      vertex 170.864 -1.52926 15.0785
      vertex 171.012 -1.47643 14.9215
      vertex 170.864 -1.52926 14.9215
    endloop
  endfacet
  facet normal -0.512304 0.853305 -0.097028
    outer loop
      vertex 171.279 -1.31595 15.2348
      vertex 171.153 -1.40937 15.0785
      vertex 171.146 -1.3958 15.2348
    endloop
  endfacet
  facet normal -0.72421 0.660998 -0.196471
    outer loop
      vertex 171.6 -0.98461 15.3888
      vertex 171.519 -1.11913 15.2348
      vertex 171.497 -1.09746 15.3888
    endloop
  endfacet
  facet normal -0.225182 0.896465 -0.381632
    outer loop
      vertex 170.82 -1.3841 15.6841
      vertex 170.837 -1.4416 15.539
      vertex 170.694 -1.47752 15.539
    endloop
  endfacet
  facet normal -0.242824 0.965118 -0.0978999
    outer loop
      vertex 170.859 -1.51453 15.2348
      vertex 170.712 -1.56737 15.0785
      vertex 170.709 -1.55227 15.2348
    endloop
  endfacet
  facet normal 0.310836 0.871017 -0.380408
    outer loop
      vertex 169.846 -1.33628 15.6841
      vertex 169.98 -1.3841 15.6841
      vertex 169.824 -1.3918 15.539
    endloop
  endfacet
  facet normal 0.237946 0.951527 -0.19488
    outer loop
      vertex 170.097 -1.52223 15.3888
      vertex 170.091 -1.55227 15.2348
      vertex 169.949 -1.48522 15.3888
    endloop
  endfacet
  facet normal -0.412774 0.37267 -0.831105
    outer loop
      vertex 171.036 -0.521829 16.3724
      vertex 171.137 -0.604651 16.2851
      vertex 170.982 -0.58164 16.3724
    endloop
  endfacet
  facet normal -0.449861 0.32934 -0.830157
    outer loop
      vertex 171.192 -0.529524 16.2851
      vertex 171.137 -0.604651 16.2851
      vertex 171.084 -0.456992 16.3724
    endloop
  endfacet
  facet normal -0.523856 0.1844 -0.831608
    outer loop
      vertex 171.312 -0.276675 16.2851
      vertex 171.281 -0.364742 16.2851
      vertex 171.16 -0.314781 16.3724
    endloop
  endfacet
  facet normal -0.406092 0.240468 -0.881626
    outer loop
      vertex 171.125 -0.387753 16.3724
      vertex 171.084 -0.456992 16.3724
      vertex 171.003 -0.322476 16.4464
    endloop
  endfacet
  facet normal -0.667827 0.23543 -0.706102
    outer loop
      vertex 171.428 -0.311909 16.1855
      vertex 171.534 -0.344138 16.0745
      vertex 171.393 -0.411191 16.1855
    endloop
  endfacet
  facet normal -0.699082 0.331121 -0.633753
    outer loop
      vertex 171.587 -0.491798 15.9531
      vertex 171.533 -0.605806 15.9531
      vertex 171.495 -0.453679 16.0745
    endloop
  endfacet
  facet normal -0.765091 0.116525 -0.633292
    outer loop
      vertex 171.679 -0.125964 15.9531
      vertex 171.66 -0.250716 15.9531
      vertex 171.58 -0.116201 16.0745
    endloop
  endfacet
  facet normal -0.751248 0.193046 -0.631157
    outer loop
      vertex 171.563 -0.231283 16.0745
      vertex 171.66 -0.250716 15.9531
      vertex 171.534 -0.344138 16.0745
    endloop
  endfacet
  facet normal -0.476739 0.282302 -0.832482
    outer loop
      vertex 171.125 -0.387753 16.3724
      vertex 171.241 -0.449297 16.2851
      vertex 171.084 -0.456992 16.3724
    endloop
  endfacet
  facet normal -0.475838 0.290626 -0.830129
    outer loop
      vertex 171.241 -0.449297 16.2851
      vertex 171.192 -0.529524 16.2851
      vertex 171.084 -0.456992 16.3724
    endloop
  endfacet
  facet normal -0.615527 0.156034 -0.772515
    outer loop
      vertex 171.335 -0.185944 16.2851
      vertex 171.454 -0.209623 16.1855
      vertex 171.312 -0.276675 16.2851
    endloop
  endfacet
  facet normal -0.615623 0.156485 -0.772348
    outer loop
      vertex 171.454 -0.209623 16.1855
      vertex 171.428 -0.311909 16.1855
      vertex 171.312 -0.276675 16.2851
    endloop
  endfacet
  facet normal -0.636602 0.0302228 -0.7706
    outer loop
      vertex 171.474 0 16.1855
      vertex 171.469 -0.105318 16.1855
      vertex 171.349 -0.0934219 16.2851
    endloop
  endfacet
  facet normal -0.425311 0.203994 -0.881758
    outer loop
      vertex 171.16 -0.314781 16.3724
      vertex 171.125 -0.387753 16.3724
      vertex 171.032 -0.261788 16.4464
    endloop
  endfacet
  facet normal -0.377514 0.0568493 -0.924257
    outer loop
      vertex 171.081 -0.0670519 16.4464
      vertex 171.071 -0.133458 16.4464
      vertex 170.936 -0.0528336 16.5065
    endloop
  endfacet
  facet normal -0.380637 0.050922 -0.923321
    outer loop
      vertex 170.936 -0.0528336 16.5065
      vertex 171.071 -0.133458 16.4464
      vertex 170.929 -0.105158 16.5065
    endloop
  endfacet
  facet normal -0.286694 0.0383542 -0.957254
    outer loop
      vertex 170.936 -0.0528336 16.5065
      vertex 170.929 -0.105158 16.5065
      vertex 170.781 -0.0758448 16.552
    endloop
  endfacet
  facet normal -0.196131 0.329594 -0.923526
    outer loop
      vertex 170.78 -0.568798 16.4464
      vertex 170.722 -0.603312 16.4464
      vertex 170.654 -0.475376 16.5065
    endloop
  endfacet
  facet normal -0.183863 0.0678081 -0.98061
    outer loop
      vertex 170.625 -0.0681496 16.5827
      vertex 170.759 -0.148775 16.552
      vertex 170.617 -0.0898418 16.5827
    endloop
  endfacet
  facet normal -0.0242241 0.0952003 -0.995163
    outer loop
      vertex 170.468 -0.224659 16.5827
      vertex 170.446 -0.230257 16.5827
      vertex 170.423 -0.0751276 16.5981
    endloop
  endfacet
  facet normal 0.195497 0.00849572 -0.980668
    outer loop
      vertex 170.165 0 16.5827
      vertex 170.166 -0.0230112 16.5827
      vertex 170.011 0 16.552
    endloop
  endfacet
  facet normal 0.630146 0.0953506 -0.7706
    outer loop
      vertex 169.451 -0.0934219 16.2851
      vertex 169.465 -0.185944 16.2851
      vertex 169.331 -0.105318 16.1855
    endloop
  endfacet
  facet normal -0.131997 0.144248 -0.980698
    outer loop
      vertex 170.675 -0.2749 16.552
      vertex 170.647 -0.300522 16.552
      vertex 170.549 -0.181479 16.5827
    endloop
  endfacet
  facet normal -0.998698 0.0510067 0
    outer loop
      vertex 171.99 -0.156638 14.9215
      vertex 171.998 0 15.0785
      vertex 171.998 0 14.9215
    endloop
  endfacet
  facet normal -0.998698 0.0510067 0
    outer loop
      vertex 171.998 0 15.0785
      vertex 171.99 -0.156638 14.9215
      vertex 171.99 -0.156638 15.0785
    endloop
  endfacet
  facet normal -0.965587 0.241194 -0.0973008
    outer loop
      vertex 171.952 -0.308765 15.2348
      vertex 171.967 -0.311768 15.0785
      vertex 171.929 -0.463896 15.0785
    endloop
  endfacet
  facet normal -0.984495 0.145964 -0.0972857
    outer loop
      vertex 171.99 -0.156638 15.0785
      vertex 171.967 -0.311768 15.0785
      vertex 171.952 -0.308765 15.2348
    endloop
  endfacet
  facet normal -0.984421 0.147372 0.095897
    outer loop
      vertex 171.99 -0.156638 14.9215
      vertex 171.975 -0.155129 14.7652
      vertex 171.952 -0.308765 14.7652
    endloop
  endfacet
  facet normal -0.947241 0.144605 0.286048
    outer loop
      vertex 171.922 -0.30279 14.6112
      vertex 171.945 -0.152127 14.6112
      vertex 171.878 -0.293898 14.461
    endloop
  endfacet
  facet normal -0.929361 0.23274 0.286566
    outer loop
      vertex 171.885 -0.450536 14.6112
      vertex 171.922 -0.30279 14.6112
      vertex 171.842 -0.437304 14.461
    endloop
  endfacet
  facet normal -0.773002 0.0368202 0.633334
    outer loop
      vertex 171.679 -0.125964 14.0469
      vertex 171.685 0 14.0469
      vertex 171.58 -0.116201 13.9255
    endloop
  endfacet
  facet normal -0.854545 0.217224 0.47177
    outer loop
      vertex 171.784 -0.419863 14.3159
      vertex 171.819 -0.282175 14.3159
      vertex 171.713 -0.398376 14.1774
    endloop
  endfacet
  facet normal -0.686324 0.174456 0.706062
    outer loop
      vertex 171.534 -0.344138 13.9255
      vertex 171.454 -0.209623 13.8145
      vertex 171.428 -0.311909 13.8145
    endloop
  endfacet
  facet normal -0.641143 0.298714 0.706899
    outer loop
      vertex 171.446 -0.55885 13.9255
      vertex 171.495 -0.453679 13.9255
      vertex 171.348 -0.506513 13.8145
    endloop
  endfacet
  facet normal -0.77436 0.0399838 0.63148
    outer loop
      vertex 171.685 0 14.0469
      vertex 171.586 0 13.9255
      vertex 171.58 -0.116201 13.9255
    endloop
  endfacet
  facet normal -0.699991 0.100665 0.707022
    outer loop
      vertex 171.563 -0.231283 13.9255
      vertex 171.469 -0.105318 13.8145
      vertex 171.454 -0.209623 13.8145
    endloop
  endfacet
  facet normal -0.550245 0.0826923 0.830899
    outer loop
      vertex 171.335 -0.185944 13.7149
      vertex 171.219 -0.0806246 13.6276
      vertex 171.207 -0.160474 13.6276
    endloop
  endfacet
  facet normal 0.725417 0.262691 -0.636211
    outer loop
      vertex 169.266 -0.344138 16.0745
      vertex 169.213 -0.491798 15.9531
      vertex 169.17 -0.373054 15.9531
    endloop
  endfacet
  facet normal 0.728745 0.259456 -0.633729
    outer loop
      vertex 169.266 -0.344138 16.0745
      vertex 169.305 -0.453679 16.0745
      vertex 169.213 -0.491798 15.9531
    endloop
  endfacet
  facet normal 0.830202 0.0395447 -0.556059
    outer loop
      vertex 169.115 0 15.9531
      vertex 169.121 -0.125964 15.9531
      vertex 169.034 -0.134515 15.8226
    endloop
  endfacet
  facet normal 0.821705 0.125147 -0.556003
    outer loop
      vertex 169.121 -0.125964 15.9531
      vertex 169.14 -0.250716 15.9531
      vertex 169.034 -0.134515 15.8226
    endloop
  endfacet
  facet normal 0.113198 0.764851 -0.634184
    outer loop
      vertex 170.169 -1.16274 16.0745
      vertex 170.274 -1.27894 15.9531
      vertex 170.149 -1.26044 15.9531
    endloop
  endfacet
  facet normal 0.0945239 0.0252975 -0.995201
    outer loop
      vertex 170.323 -0.015316 16.5981
      vertex 170.325 -0.022789 16.5981
      vertex 170.175 -0.0681496 16.5827
    endloop
  endfacet
  facet normal 0.797525 0.595126 0.0988877
    outer loop
      vertex 169.165 -1.01381 14.9215
      vertex 169.084 -0.879291 14.7652
      vertex 169.071 -0.887841 14.9215
    endloop
  endfacet
  facet normal 0.950655 0.238072 0.198939
    outer loop
      vertex 168.885 -0.459428 14.7652
      vertex 168.915 -0.450536 14.6112
      vertex 168.878 -0.30279 14.6112
    endloop
  endfacet
  facet normal 0.77436 0.0399838 0.63148
    outer loop
      vertex 169.22 -0.116201 13.9255
      vertex 169.214 0 13.9255
      vertex 169.115 0 14.0469
    endloop
  endfacet
  facet normal 0.900764 0.423421 0.0966361
    outer loop
      vertex 169.004 -0.746071 14.7652
      vertex 168.938 -0.605666 14.7652
      vertex 168.924 -0.611555 14.9215
    endloop
  endfacet
  facet normal 0.822023 0.49268 0.285559
    outer loop
      vertex 169.11 -0.862272 14.6112
      vertex 169.147 -0.836949 14.461
      vertex 169.071 -0.710145 14.461
    endloop
  endfacet
  facet normal 0.557284 0.0276483 0.829862
    outer loop
      vertex 169.581 -0.0806246 13.6276
      vertex 169.577 0 13.6276
      vertex 169.447 0 13.7149
    endloop
  endfacet
  facet normal 0.666315 0.499911 0.553275
    outer loop
      vertex 169.407 -0.815279 14.0469
      vertex 169.331 -0.713981 14.0469
      vertex 169.259 -0.762445 14.1774
    endloop
  endfacet
  facet normal 0.937079 0.33635 0.0935503
    outer loop
      vertex 168.924 -0.611555 14.9215
      vertex 168.885 -0.459428 14.7652
      vertex 168.871 -0.463896 14.9215
    endloop
  endfacet
  facet normal 0.922452 0.334318 -0.193166
    outer loop
      vertex 168.966 -0.593944 15.3888
      vertex 168.938 -0.605666 15.2348
      vertex 168.885 -0.459428 15.2348
    endloop
  endfacet
  facet normal 0.979339 0.0450635 -0.19714
    outer loop
      vertex 168.848 0 15.3888
      vertex 168.855 -0.152127 15.3888
      vertex 168.817 0 15.2348
    endloop
  endfacet
  facet normal 0.85309 0.51229 -0.0989779
    outer loop
      vertex 169.084 -0.879291 15.2348
      vertex 169.071 -0.887841 15.0785
      vertex 169.004 -0.746071 15.2348
    endloop
  endfacet
  facet normal 0.855617 0.508857 -0.094781
    outer loop
      vertex 169.004 -0.746071 15.2348
      vertex 169.071 -0.887841 15.0785
      vertex 168.991 -0.753325 15.0785
    endloop
  endfacet
  facet normal 0.474612 0.793404 0.381121
    outer loop
      vertex 169.718 -1.2756 14.3159
      vertex 169.596 -1.20262 14.3159
      vertex 169.563 -1.25258 14.461
    endloop
  endfacet
  facet normal 0.429338 0.713083 0.554239
    outer loop
      vertex 169.753 -1.21032 14.1774
      vertex 169.686 -1.06855 14.0469
      vertex 169.638 -1.14108 14.1774
    endloop
  endfacet
  facet normal 0.685056 0.618781 0.384459
    outer loop
      vertex 169.377 -1.02275 14.3159
      vertex 169.282 -0.917575 14.3159
      vertex 169.235 -0.955694 14.461
    endloop
  endfacet
  facet normal 0.376483 0.797689 0.471119
    outer loop
      vertex 169.875 -1.2679 14.1774
      vertex 169.753 -1.21032 14.1774
      vertex 169.718 -1.2756 14.3159
    endloop
  endfacet
  facet normal 0.296312 0.830318 0.471987
    outer loop
      vertex 169.98 -1.3841 14.3159
      vertex 169.875 -1.2679 14.1774
      vertex 169.846 -1.33628 14.3159
    endloop
  endfacet
  facet normal 0.203104 0.806706 0.554954
    outer loop
      vertex 170.132 -1.346 14.1774
      vertex 170.027 -1.22979 14.0469
      vertex 170.002 -1.31327 14.1774
    endloop
  endfacet
  facet normal -0.0430774 0.881129 0.470911
    outer loop
      vertex 170.535 -1.36576 14.1774
      vertex 170.4 -1.37236 14.1774
      vertex 170.4 -1.44638 14.3159
    endloop
  endfacet
  facet normal 0.224024 0.896357 0.382568
    outer loop
      vertex 170.106 -1.47752 14.461
      vertex 170.118 -1.41859 14.3159
      vertex 169.98 -1.3841 14.3159
    endloop
  endfacet
  facet normal 0.0452127 0.922963 0.382225
    outer loop
      vertex 170.4 -1.50647 14.461
      vertex 170.4 -1.44638 14.3159
      vertex 170.252 -1.49922 14.461
    endloop
  endfacet
  facet normal -0.135979 0.913927 0.382422
    outer loop
      vertex 170.694 -1.47752 14.461
      vertex 170.682 -1.41859 14.3159
      vertex 170.542 -1.43942 14.3159
    endloop
  endfacet
  facet normal 0.667612 0.493732 0.557247
    outer loop
      vertex 169.339 -0.870619 14.1774
      vertex 169.407 -0.815279 14.0469
      vertex 169.259 -0.762445 14.1774
    endloop
  endfacet
  facet normal 0.713836 0.426385 0.555549
    outer loop
      vertex 169.259 -0.762445 14.1774
      vertex 169.267 -0.605806 14.0469
      vertex 169.19 -0.646928 14.1774
    endloop
  endfacet
  facet normal 0.613638 0.559591 0.557051
    outer loop
      vertex 169.43 -0.970408 14.1774
      vertex 169.407 -0.815279 14.0469
      vertex 169.339 -0.870619 14.1774
    endloop
  endfacet
  facet normal 0.594189 0.650413 0.473184
    outer loop
      vertex 169.529 -1.06085 14.1774
      vertex 169.43 -0.970408 14.1774
      vertex 169.377 -1.02275 14.3159
    endloop
  endfacet
  facet normal 0.72421 0.660998 0.196471
    outer loop
      vertex 169.281 -1.11913 14.7652
      vertex 169.303 -1.09746 14.6112
      vertex 169.2 -0.98461 14.6112
    endloop
  endfacet
  facet normal 0.786886 0.586621 0.191535
    outer loop
      vertex 169.177 -1.00404 14.7652
      vertex 169.2 -0.98461 14.6112
      vertex 169.084 -0.879291 14.7652
    endloop
  endfacet
  facet normal 0.738358 0.667191 0.0984067
    outer loop
      vertex 169.27 -1.13001 14.9215
      vertex 169.281 -1.11913 14.7652
      vertex 169.165 -1.01381 14.9215
    endloop
  endfacet
  facet normal 0.493959 0.820006 0.289129
    outer loop
      vertex 169.668 -1.36879 14.6112
      vertex 169.563 -1.25258 14.461
      vertex 169.538 -1.29048 14.6112
    endloop
  endfacet
  facet normal 0.728178 0.658011 -0.191774
    outer loop
      vertex 169.2 -0.98461 15.3888
      vertex 169.281 -1.11913 15.2348
      vertex 169.177 -1.00404 15.2348
    endloop
  endfacet
  facet normal 0.840387 0.504661 -0.197655
    outer loop
      vertex 169.11 -0.862272 15.3888
      vertex 169.084 -0.879291 15.2348
      vertex 169.004 -0.746071 15.2348
    endloop
  endfacet
  facet normal 0.839326 0.507549 -0.194746
    outer loop
      vertex 169.031 -0.731631 15.3888
      vertex 169.11 -0.862272 15.3888
      vertex 169.004 -0.746071 15.2348
    endloop
  endfacet
  facet normal 0.668549 0.737134 -0.0983625
    outer loop
      vertex 169.281 -1.11913 15.2348
      vertex 169.396 -1.22343 15.2348
      vertex 169.27 -1.13001 15.0785
    endloop
  endfacet
  facet normal 0.683059 0.623536 -0.380307
    outer loop
      vertex 169.377 -1.02275 15.6841
      vertex 169.335 -1.06524 15.539
      vertex 169.235 -0.955694 15.539
    endloop
  endfacet
  facet normal 0.859487 0.511158 0
    outer loop
      vertex 169.071 -0.887841 15.0785
      vertex 168.991 -0.753325 14.9215
      vertex 168.991 -0.753325 15.0785
    endloop
  endfacet
  facet normal 0.859487 0.511158 0
    outer loop
      vertex 168.991 -0.753325 14.9215
      vertex 169.071 -0.887841 15.0785
      vertex 169.071 -0.887841 14.9215
    endloop
  endfacet
  facet normal 0.786886 0.586621 -0.191535
    outer loop
      vertex 169.2 -0.98461 15.3888
      vertex 169.177 -1.00404 15.2348
      vertex 169.084 -0.879291 15.2348
    endloop
  endfacet
  facet normal 0.658735 0.726314 -0.196308
    outer loop
      vertex 169.303 -1.09746 15.3888
      vertex 169.396 -1.22343 15.2348
      vertex 169.281 -1.11913 15.2348
    endloop
  endfacet
  facet normal 0.645327 0.706585 -0.290329
    outer loop
      vertex 169.444 -1.16452 15.539
      vertex 169.415 -1.19975 15.3888
      vertex 169.303 -1.09746 15.3888
    endloop
  endfacet
  facet normal 0.595584 0.803293 -0
    outer loop
      vertex 169.512 -1.32875 14.9215
      vertex 169.386 -1.23533 15.0785
      vertex 169.512 -1.32875 15.0785
    endloop
  endfacet
  facet normal 0.595584 0.803293 0
    outer loop
      vertex 169.386 -1.23533 15.0785
      vertex 169.512 -1.32875 14.9215
      vertex 169.386 -1.23533 14.9215
    endloop
  endfacet
  facet normal 0.296632 0.830334 -0.471758
    outer loop
      vertex 170.002 -1.31327 15.8226
      vertex 169.98 -1.3841 15.6841
      vertex 169.875 -1.2679 15.8226
    endloop
  endfacet
  facet normal 0.549981 0.743218 -0.380982
    outer loop
      vertex 169.596 -1.20262 15.6841
      vertex 169.563 -1.25258 15.539
      vertex 169.444 -1.16452 15.539
    endloop
  endfacet
  facet normal 0.143587 0.970264 0.194859
    outer loop
      vertex 170.245 -1.57506 14.7652
      vertex 170.097 -1.52223 14.6112
      vertex 170.091 -1.55227 14.7652
    endloop
  endfacet
  facet normal 0.233064 0.927844 0.291181
    outer loop
      vertex 170.106 -1.47752 14.461
      vertex 169.963 -1.4416 14.461
      vertex 169.949 -1.48522 14.6112
    endloop
  endfacet
  facet normal 0.242009 0.96524 0.0987078
    outer loop
      vertex 170.088 -1.56737 14.9215
      vertex 169.941 -1.51453 14.7652
      vertex 169.936 -1.52926 14.9215
    endloop
  endfacet
  facet normal 0.243196 0.969977 -0
    outer loop
      vertex 170.088 -1.56737 14.9215
      vertex 169.936 -1.52926 15.0785
      vertex 170.088 -1.56737 15.0785
    endloop
  endfacet
  facet normal 0.243196 0.969977 0
    outer loop
      vertex 169.936 -1.52926 15.0785
      vertex 170.088 -1.56737 14.9215
      vertex 169.936 -1.52926 14.9215
    endloop
  endfacet
  facet normal 0.143612 0.970265 0.194835
    outer loop
      vertex 170.245 -1.57506 14.7652
      vertex 170.248 -1.54458 14.6112
      vertex 170.097 -1.52223 14.6112
    endloop
  endfacet
  facet normal 0.140141 0.946812 0.289667
    outer loop
      vertex 170.248 -1.54458 14.6112
      vertex 170.252 -1.49922 14.461
      vertex 170.097 -1.52223 14.6112
    endloop
  endfacet
  facet normal -0.237946 0.951527 0.19488
    outer loop
      vertex 170.709 -1.55227 14.7652
      vertex 170.851 -1.48522 14.6112
      vertex 170.703 -1.52223 14.6112
    endloop
  endfacet
  facet normal -0.0452377 0.922952 0.382247
    outer loop
      vertex 170.548 -1.49922 14.461
      vertex 170.542 -1.43942 14.3159
      vertex 170.4 -1.44638 14.3159
    endloop
  endfacet
  facet normal -0.14613 0.984364 0.0983539
    outer loop
      vertex 170.557 -1.59038 14.9215
      vertex 170.712 -1.56737 14.9215
      vertex 170.555 -1.57506 14.7652
    endloop
  endfacet
  facet normal -0.143587 0.970264 0.194859
    outer loop
      vertex 170.709 -1.55227 14.7652
      vertex 170.703 -1.52223 14.6112
      vertex 170.555 -1.57506 14.7652
    endloop
  endfacet
  facet normal -0.329007 0.924389 0.193025
    outer loop
      vertex 170.859 -1.51453 14.7652
      vertex 171.006 -1.46221 14.7652
      vertex 170.851 -1.48522 14.6112
    endloop
  endfacet
  facet normal -0.418513 0.886899 0.195594
    outer loop
      vertex 171.006 -1.46221 14.7652
      vertex 171.132 -1.36879 14.6112
      vertex 170.994 -1.43391 14.6112
    endloop
  endfacet
  facet normal -0.232153 0.928362 0.290256
    outer loop
      vertex 170.703 -1.52223 14.6112
      vertex 170.851 -1.48522 14.6112
      vertex 170.694 -1.47752 14.461
    endloop
  endfacet
  facet normal -0.233064 0.927844 0.291181
    outer loop
      vertex 170.851 -1.48522 14.6112
      vertex 170.837 -1.4416 14.461
      vertex 170.694 -1.47752 14.461
    endloop
  endfacet
  facet normal -0.334561 0.937253 -0.0981132
    outer loop
      vertex 171.006 -1.46221 15.2348
      vertex 171.012 -1.47643 15.0785
      vertex 170.864 -1.52926 15.0785
    endloop
  endfacet
  facet normal -0.242009 0.96524 -0.0987078
    outer loop
      vertex 170.859 -1.51453 15.2348
      vertex 170.864 -1.52926 15.0785
      vertex 170.712 -1.56737 15.0785
    endloop
  endfacet
  facet normal 0.249973 0.148754 -0.956758
    outer loop
      vertex 170.057 -0.183264 16.552
      vertex 169.952 -0.299465 16.5065
      vertex 169.925 -0.254093 16.5065
    endloop
  endfacet
  facet normal -0.247389 0.151202 -0.957046
    outer loop
      vertex 170.743 -0.183264 16.552
      vertex 170.848 -0.299465 16.5065
      vertex 170.723 -0.215987 16.552
    endloop
  endfacet
  facet normal 0.329731 0.194694 -0.923781
    outer loop
      vertex 169.925 -0.254093 16.5065
      vertex 169.831 -0.380058 16.4464
      vertex 169.797 -0.322476 16.4464
    endloop
  endfacet
  facet normal 0.280792 0.0682855 -0.957337
    outer loop
      vertex 170.019 -0.0758448 16.552
      vertex 170.028 -0.112853 16.552
      vertex 169.871 -0.105158 16.5065
    endloop
  endfacet
  facet normal 0.641143 0.298714 -0.706899
    outer loop
      vertex 169.452 -0.506513 16.1855
      vertex 169.354 -0.55885 16.0745
      vertex 169.305 -0.453679 16.0745
    endloop
  endfacet
  facet normal -0.66534 0.393638 -0.634329
    outer loop
      vertex 171.533 -0.605806 15.9531
      vertex 171.469 -0.713981 15.9531
      vertex 171.386 -0.65864 16.0745
    endloop
  endfacet
  facet normal -0.613638 0.559591 -0.557051
    outer loop
      vertex 171.393 -0.815279 15.9531
      vertex 171.461 -0.870619 15.8226
      vertex 171.37 -0.970408 15.8226
    endloop
  endfacet
  facet normal -0.618617 0.464124 -0.633957
    outer loop
      vertex 171.469 -0.713981 15.9531
      vertex 171.393 -0.815279 15.9531
      vertex 171.316 -0.752087 16.0745
    endloop
  endfacet
  facet normal -0.667612 0.493732 -0.557247
    outer loop
      vertex 171.541 -0.762445 15.8226
      vertex 171.461 -0.870619 15.8226
      vertex 171.393 -0.815279 15.9531
    endloop
  endfacet
  facet normal -0.572647 0.419199 -0.70452
    outer loop
      vertex 171.293 -0.596956 16.1855
      vertex 171.316 -0.752087 16.0745
      vertex 171.231 -0.681651 16.1855
    endloop
  endfacet
  facet normal -0.511973 0.374784 -0.77293
    outer loop
      vertex 171.293 -0.596956 16.1855
      vertex 171.231 -0.681651 16.1855
      vertex 171.137 -0.604651 16.2851
    endloop
  endfacet
  facet normal -0.41215 0.374655 -0.830521
    outer loop
      vertex 171.137 -0.604651 16.2851
      vertex 171.074 -0.673956 16.2851
      vertex 170.982 -0.58164 16.3724
    endloop
  endfacet
  facet normal -0.374906 0.41182 -0.830572
    outer loop
      vertex 171.074 -0.673956 16.2851
      vertex 171.005 -0.736771 16.2851
      vertex 170.982 -0.58164 16.3724
    endloop
  endfacet
  facet normal 0.900832 0.323582 -0.289475
    outer loop
      vertex 169.008 -0.576501 15.539
      vertex 168.966 -0.593944 15.3888
      vertex 168.958 -0.437304 15.539
    endloop
  endfacet
  facet normal 0.950655 0.238072 -0.198939
    outer loop
      vertex 168.915 -0.450536 15.3888
      vertex 168.885 -0.459428 15.2348
      vertex 168.878 -0.30279 15.3888
    endloop
  endfacet
  facet normal 0.428128 0.713216 -0.555004
    outer loop
      vertex 169.794 -1.13338 15.9531
      vertex 169.753 -1.21032 15.8226
      vertex 169.686 -1.06855 15.9531
    endloop
  endfacet
  facet normal 0.699082 0.331121 -0.633753
    outer loop
      vertex 169.305 -0.453679 16.0745
      vertex 169.267 -0.605806 15.9531
      vertex 169.213 -0.491798 15.9531
    endloop
  endfacet
  facet normal 0.783268 0.28364 -0.553208
    outer loop
      vertex 169.17 -0.373054 15.9531
      vertex 169.213 -0.491798 15.9531
      vertex 169.087 -0.398376 15.8226
    endloop
  endfacet
  facet normal 0.809129 0.198417 -0.553119
    outer loop
      vertex 169.14 -0.250716 15.9531
      vertex 169.17 -0.373054 15.9531
      vertex 169.087 -0.398376 15.8226
    endloop
  endfacet
  facet normal 0.542602 0.329966 -0.772467
    outer loop
      vertex 169.559 -0.449297 16.2851
      vertex 169.507 -0.596956 16.1855
      vertex 169.452 -0.506513 16.1855
    endloop
  endfacet
  facet normal 0.604672 0.363566 -0.708655
    outer loop
      vertex 169.507 -0.596956 16.1855
      vertex 169.414 -0.65864 16.0745
      vertex 169.354 -0.55885 16.0745
    endloop
  endfacet
  facet normal 0.454973 0.75566 -0.471145
    outer loop
      vertex 169.753 -1.21032 15.8226
      vertex 169.718 -1.2756 15.6841
      vertex 169.638 -1.14108 15.8226
    endloop
  endfacet
  facet normal 0.376483 0.797689 -0.471119
    outer loop
      vertex 169.753 -1.21032 15.8226
      vertex 169.875 -1.2679 15.8226
      vertex 169.718 -1.2756 15.6841
    endloop
  endfacet
  facet normal 0.667612 0.493732 -0.557247
    outer loop
      vertex 169.407 -0.815279 15.9531
      vertex 169.339 -0.870619 15.8226
      vertex 169.259 -0.762445 15.8226
    endloop
  endfacet
  facet normal 0.613638 0.559591 -0.557051
    outer loop
      vertex 169.407 -0.815279 15.9531
      vertex 169.43 -0.970408 15.8226
      vertex 169.339 -0.870619 15.8226
    endloop
  endfacet
  facet normal 0.215303 0.85516 -0.471535
    outer loop
      vertex 170.002 -1.31327 15.8226
      vertex 170.132 -1.346 15.8226
      vertex 169.98 -1.3841 15.6841
    endloop
  endfacet
  facet normal 0.237507 0.666643 -0.706525
    outer loop
      vertex 170.088 -1.02823 16.1855
      vertex 170.056 -1.13447 16.0745
      vertex 169.946 -1.09528 16.0745
    endloop
  endfacet
  facet normal 0.619663 0.557025 -0.552938
    outer loop
      vertex 169.491 -0.908725 15.9531
      vertex 169.43 -0.970408 15.8226
      vertex 169.407 -0.815279 15.9531
    endloop
  endfacet
  facet normal 0.476426 0.524416 -0.705695
    outer loop
      vertex 169.64 -0.759782 16.1855
      vertex 169.648 -0.91642 16.0745
      vertex 169.562 -0.83829 16.0745
    endloop
  endfacet
  facet normal 0.310836 0.871017 0.380408
    outer loop
      vertex 169.98 -1.3841 14.3159
      vertex 169.846 -1.33628 14.3159
      vertex 169.824 -1.3918 14.461
    endloop
  endfacet
  facet normal 0.331216 0.923092 0.195442
    outer loop
      vertex 169.949 -1.48522 14.6112
      vertex 169.806 -1.43391 14.6112
      vertex 169.794 -1.46221 14.7652
    endloop
  endfacet
  facet normal 0.50501 0.841157 0.19344
    outer loop
      vertex 169.654 -1.3958 14.7652
      vertex 169.668 -1.36879 14.6112
      vertex 169.521 -1.31595 14.7652
    endloop
  endfacet
  facet normal 0.427426 0.898704 0.098171
    outer loop
      vertex 169.788 -1.47643 14.9215
      vertex 169.794 -1.46221 14.7652
      vertex 169.647 -1.40937 14.9215
    endloop
  endfacet
  facet normal -0.738349 0.667202 0.0983926
    outer loop
      vertex 171.635 -1.01381 14.9215
      vertex 171.623 -1.00404 14.7652
      vertex 171.519 -1.11913 14.7652
    endloop
  endfacet
  facet normal -0.822023 0.49268 0.285559
    outer loop
      vertex 171.69 -0.862272 14.6112
      vertex 171.729 -0.710145 14.461
      vertex 171.653 -0.836949 14.461
    endloop
  endfacet
  facet normal -0.237507 0.666643 0.706525
    outer loop
      vertex 170.744 -1.13447 13.9255
      vertex 170.854 -1.09528 13.9255
      vertex 170.712 -1.02823 13.8145
    endloop
  endfacet
  facet normal -0.203104 0.806706 0.554954
    outer loop
      vertex 170.798 -1.31327 14.1774
      vertex 170.773 -1.22979 14.0469
      vertex 170.668 -1.346 14.1774
    endloop
  endfacet
  facet normal -0.474754 0.793234 0.381299
    outer loop
      vertex 171.11 -1.32859 14.461
      vertex 171.237 -1.25258 14.461
      vertex 171.082 -1.2756 14.3159
    endloop
  endfacet
  facet normal -0.429084 0.712661 0.554978
    outer loop
      vertex 171.047 -1.21032 14.1774
      vertex 171.162 -1.14108 14.1774
      vertex 171.006 -1.13338 14.0469
    endloop
  endfacet
  facet normal -0.376483 0.797689 0.471119
    outer loop
      vertex 171.082 -1.2756 14.3159
      vertex 171.047 -1.21032 14.1774
      vertex 170.925 -1.2679 14.1774
    endloop
  endfacet
  facet normal -0.410624 0.863992 0.291386
    outer loop
      vertex 171.132 -1.36879 14.6112
      vertex 171.11 -1.32859 14.461
      vertex 170.977 -1.3918 14.461
    endloop
  endfacet
  facet normal -0.461828 0.620852 0.633449
    outer loop
      vertex 171.215 -0.99342 14.0469
      vertex 171.152 -0.91642 13.9255
      vertex 171.114 -1.06855 14.0469
    endloop
  endfacet
  facet normal -0.555814 0.616878 0.557254
    outer loop
      vertex 171.271 -1.06085 14.1774
      vertex 171.309 -0.908725 14.0469
      vertex 171.215 -0.99342 14.0469
    endloop
  endfacet
  facet normal -0.46256 0.620715 0.633049
    outer loop
      vertex 171.114 -1.06855 14.0469
      vertex 171.152 -0.91642 13.9255
      vertex 171.059 -0.985724 13.9255
    endloop
  endfacet
  facet normal -0.39732 0.664238 0.633186
    outer loop
      vertex 171.114 -1.06855 14.0469
      vertex 171.059 -0.985724 13.9255
      vertex 170.959 -1.04554 13.9255
    endloop
  endfacet
  facet normal -0.511968 0.374809 0.772921
    outer loop
      vertex 171.293 -0.596956 13.8145
      vertex 171.192 -0.529524 13.7149
      vertex 171.137 -0.604651 13.7149
    endloop
  endfacet
  facet normal -0.573507 0.518933 0.633875
    outer loop
      vertex 171.393 -0.815279 14.0469
      vertex 171.316 -0.752087 13.9255
      vertex 171.238 -0.83829 13.9255
    endloop
  endfacet
  facet normal 0.331284 0.445929 0.831503
    outer loop
      vertex 169.87 -0.792489 13.7149
      vertex 169.943 -0.683937 13.6276
      vertex 169.795 -0.736771 13.7149
    endloop
  endfacet
  facet normal 0.365312 0.606506 0.706185
    outer loop
      vertex 169.841 -1.04554 13.9255
      vertex 169.893 -0.947618 13.8145
      vertex 169.803 -0.893409 13.8145
    endloop
  endfacet
  facet normal 0.125675 0.261936 0.956867
    outer loop
      vertex 170.251 -0.359175 13.4479
      vertex 170.217 -0.342862 13.4479
      vertex 170.146 -0.475376 13.4935
    endloop
  endfacet
  facet normal 0.159465 0.444192 0.881626
    outer loop
      vertex 170.161 -0.787145 13.6276
      vertex 170.201 -0.654631 13.5536
      vertex 170.138 -0.632014 13.5536
    endloop
  endfacet
  facet normal -0.0408042 0.830586 0.555393
    outer loop
      vertex 170.535 -1.36576 14.1774
      vertex 170.526 -1.27894 14.0469
      vertex 170.4 -1.28513 14.0469
    endloop
  endfacet
  facet normal 0.0380264 0.772515 0.633857
    outer loop
      vertex 170.4 -1.28513 14.0469
      vertex 170.4 -1.18552 13.9255
      vertex 170.284 -1.17981 13.9255
    endloop
  endfacet
  facet normal 0.279738 0.783636 0.554671
    outer loop
      vertex 170.027 -1.22979 14.0469
      vertex 169.908 -1.18731 14.0469
      vertex 169.875 -1.2679 14.1774
    endloop
  endfacet
  facet normal 0.398052 0.663112 0.633906
    outer loop
      vertex 169.794 -1.13338 14.0469
      vertex 169.841 -1.04554 13.9255
      vertex 169.686 -1.06855 14.0469
    endloop
  endfacet
  facet normal 0.113233 0.458151 0.881632
    outer loop
      vertex 170.267 -0.670943 13.5536
      vertex 170.201 -0.654631 13.5536
      vertex 170.161 -0.787145 13.6276
    endloop
  endfacet
  facet normal 0.1877 0.750269 0.633929
    outer loop
      vertex 170.169 -1.16274 13.9255
      vertex 170.056 -1.13447 13.9255
      vertex 170.027 -1.22979 14.0469
    endloop
  endfacet
  facet normal 0.260074 0.72855 0.633701
    outer loop
      vertex 170.027 -1.22979 14.0469
      vertex 169.946 -1.09528 13.9255
      vertex 169.908 -1.18731 14.0469
    endloop
  endfacet
  facet normal 0.259541 0.728489 0.633989
    outer loop
      vertex 170.027 -1.22979 14.0469
      vertex 170.056 -1.13447 13.9255
      vertex 169.946 -1.09528 13.9255
    endloop
  endfacet
  facet normal -0.0284381 0.193042 0.980778
    outer loop
      vertex 170.438 -0.386896 13.4479
      vertex 170.476 -0.381298 13.4479
      vertex 170.423 -0.233638 13.4173
    endloop
  endfacet
  facet normal -0.273093 0.0986985 0.956911
    outer loop
      vertex 170.898 -0.206275 13.4935
      vertex 170.916 -0.15647 13.4935
      vertex 170.759 -0.148775 13.4479
    endloop
  endfacet
  facet normal 0.154588 0.615456 0.772862
    outer loop
      vertex 170.19 -1.05385 13.8145
      vertex 170.214 -0.934805 13.7149
      vertex 170.088 -1.02823 13.8145
    endloop
  endfacet
  facet normal 0.0347908 0.706583 0.706774
    outer loop
      vertex 170.4 -1.18552 13.9255
      vertex 170.4 -1.07449 13.8145
      vertex 170.295 -1.06932 13.8145
    endloop
  endfacet
  facet normal -0.273164 0.573759 0.772128
    outer loop
      vertex 170.811 -0.992702 13.8145
      vertex 170.849 -0.840575 13.7149
      vertex 170.765 -0.880567 13.7149
    endloop
  endfacet
  facet normal -0.171744 0.686491 0.706565
    outer loop
      vertex 170.744 -1.13447 13.9255
      vertex 170.712 -1.02823 13.8145
      vertex 170.631 -1.16274 13.9255
    endloop
  endfacet
  facet normal -0.153862 0.616069 0.772519
    outer loop
      vertex 170.712 -1.02823 13.8145
      vertex 170.677 -0.912078 13.7149
      vertex 170.586 -0.934805 13.7149
    endloop
  endfacet
  facet normal -0.0312182 0.634025 0.772682
    outer loop
      vertex 170.505 -1.06932 13.8145
      vertex 170.493 -0.948529 13.7149
      vertex 170.4 -1.07449 13.8145
    endloop
  endfacet
  facet normal 0.349735 0.316388 0.881807
    outer loop
      vertex 169.916 -0.483723 13.5536
      vertex 169.871 -0.43398 13.5536
      vertex 169.818 -0.58164 13.6276
    endloop
  endfacet
  facet normal 0.328664 0.195582 0.923974
    outer loop
      vertex 169.952 -0.299465 13.4935
      vertex 169.925 -0.254093 13.4935
      vertex 169.831 -0.380058 13.5536
    endloop
  endfacet
  facet normal 0.0142754 0.0971118 0.995171
    outer loop
      vertex 170.377 -0.233638 13.4173
      vertex 170.385 -0.0769997 13.4019
      vertex 170.354 -0.230257 13.4173
    endloop
  endfacet
  facet normal 0.281431 0.071301 0.956929
    outer loop
      vertex 169.884 -0.15647 13.4935
      vertex 170.028 -0.112853 13.4479
      vertex 169.871 -0.105158 13.4935
    endloop
  endfacet
  facet normal 0.425861 0.203499 0.881607
    outer loop
      vertex 169.797 -0.322476 13.5536
      vertex 169.768 -0.261788 13.5536
      vertex 169.675 -0.387753 13.6276
    endloop
  endfacet
  facet normal 0.523269 0.185888 0.831646
    outer loop
      vertex 169.64 -0.314781 13.6276
      vertex 169.613 -0.238777 13.6276
      vertex 169.519 -0.364742 13.7149
    endloop
  endfacet
  facet normal 0.767284 0.113344 0.631212
    outer loop
      vertex 169.237 -0.231283 13.9255
      vertex 169.22 -0.116201 13.9255
      vertex 169.14 -0.250716 14.0469
    endloop
  endfacet
  facet normal 0.374906 0.41182 0.830572
    outer loop
      vertex 169.795 -0.736771 13.7149
      vertex 169.818 -0.58164 13.6276
      vertex 169.726 -0.673956 13.7149
    endloop
  endfacet
  facet normal 0.469418 0.426713 0.773022
    outer loop
      vertex 169.726 -0.673956 13.7149
      vertex 169.663 -0.604651 13.7149
      vertex 169.64 -0.759782 13.8145
    endloop
  endfacet
  facet normal -0.619663 0.557025 0.552938
    outer loop
      vertex 171.37 -0.970408 14.1774
      vertex 171.393 -0.815279 14.0469
      vertex 171.309 -0.908725 14.0469
    endloop
  endfacet
  facet normal -0.561826 0.614988 0.5533
    outer loop
      vertex 171.37 -0.970408 14.1774
      vertex 171.309 -0.908725 14.0469
      vertex 171.271 -1.06085 14.1774
    endloop
  endfacet
  facet normal -0.324452 0.546533 0.772032
    outer loop
      vertex 170.997 -0.893409 13.8145
      vertex 170.93 -0.792489 13.7149
      vertex 170.849 -0.840575 13.7149
    endloop
  endfacet
  facet normal -0.154588 0.615456 0.772862
    outer loop
      vertex 170.61 -1.05385 13.8145
      vertex 170.712 -1.02823 13.8145
      vertex 170.586 -0.934805 13.7149
    endloop
  endfacet
  facet normal -0.618736 0.463487 0.634307
    outer loop
      vertex 171.469 -0.713981 14.0469
      vertex 171.386 -0.65864 13.9255
      vertex 171.316 -0.752087 13.9255
    endloop
  endfacet
  facet normal -0.66534 0.393638 0.634329
    outer loop
      vertex 171.469 -0.713981 14.0469
      vertex 171.533 -0.605806 14.0469
      vertex 171.386 -0.65864 13.9255
    endloop
  endfacet
  facet normal -0.661248 0.724017 -0.196343
    outer loop
      vertex 171.497 -1.09746 15.3888
      vertex 171.519 -1.11913 15.2348
      vertex 171.385 -1.19975 15.3888
    endloop
  endfacet
  facet normal -0.738358 0.667191 -0.0984067
    outer loop
      vertex 171.635 -1.01381 15.0785
      vertex 171.53 -1.13001 15.0785
      vertex 171.519 -1.11913 15.2348
    endloop
  endfacet
  facet normal -0.668943 0.736777 0.0983653
    outer loop
      vertex 171.53 -1.13001 14.9215
      vertex 171.519 -1.11913 14.7652
      vertex 171.414 -1.23533 14.9215
    endloop
  endfacet
  facet normal -0.672202 0.740367 0
    outer loop
      vertex 171.53 -1.13001 14.9215
      vertex 171.414 -1.23533 15.0785
      vertex 171.53 -1.13001 15.0785
    endloop
  endfacet
  facet normal -0.672202 0.740367 0
    outer loop
      vertex 171.414 -1.23533 15.0785
      vertex 171.53 -1.13001 14.9215
      vertex 171.414 -1.23533 14.9215
    endloop
  endfacet
  facet normal -0.493959 0.820006 0.289129
    outer loop
      vertex 171.262 -1.29048 14.6112
      vertex 171.237 -1.25258 14.461
      vertex 171.132 -1.36879 14.6112
    endloop
  endfacet
  facet normal -0.569467 0.76955 0.288965
    outer loop
      vertex 171.262 -1.29048 14.6112
      vertex 171.356 -1.16452 14.461
      vertex 171.237 -1.25258 14.461
    endloop
  endfacet
  facet normal -0.594189 0.650413 0.473184
    outer loop
      vertex 171.423 -1.02275 14.3159
      vertex 171.37 -0.970408 14.1774
      vertex 171.271 -1.06085 14.1774
    endloop
  endfacet
  facet normal -0.550572 0.742345 0.381831
    outer loop
      vertex 171.356 -1.16452 14.461
      vertex 171.318 -1.11807 14.3159
      vertex 171.204 -1.20262 14.3159
    endloop
  endfacet
  facet normal -0.840387 0.504661 0.197655
    outer loop
      vertex 171.716 -0.879291 14.7652
      vertex 171.796 -0.746071 14.7652
      vertex 171.69 -0.862272 14.6112
    endloop
  endfacet
  facet normal -0.789639 0.580911 -0.197514
    outer loop
      vertex 171.69 -0.862272 15.3888
      vertex 171.716 -0.879291 15.2348
      vertex 171.6 -0.98461 15.3888
    endloop
  endfacet
  facet normal -0.936037 0.339241 0.0935397
    outer loop
      vertex 171.929 -0.463896 14.9215
      vertex 171.915 -0.459428 14.7652
      vertex 171.862 -0.605666 14.7652
    endloop
  endfacet
  facet normal -0.839326 0.507549 0.194746
    outer loop
      vertex 171.796 -0.746071 14.7652
      vertex 171.769 -0.731631 14.6112
      vertex 171.69 -0.862272 14.6112
    endloop
  endfacet
  facet normal -0.904118 0.427283 0
    outer loop
      vertex 171.809 -0.753325 14.9215
      vertex 171.876 -0.611555 15.0785
      vertex 171.876 -0.611555 14.9215
    endloop
  endfacet
  facet normal -0.904118 0.427283 0
    outer loop
      vertex 171.876 -0.611555 15.0785
      vertex 171.809 -0.753325 14.9215
      vertex 171.809 -0.753325 15.0785
    endloop
  endfacet
  facet normal 0.630146 0.0953506 0.7706
    outer loop
      vertex 169.465 -0.185944 13.7149
      vertex 169.451 -0.0934219 13.7149
      vertex 169.331 -0.105318 13.8145
    endloop
  endfacet
  facet normal -0.0417833 0.0887927 0.995173
    outer loop
      vertex 170.49 -0.216898 13.4173
      vertex 170.437 -0.0692377 13.4019
      vertex 170.43 -0.0725317 13.4019
    endloop
  endfacet
  facet normal -0.466004 0.0700324 0.882007
    outer loop
      vertex 171.207 -0.160474 13.6276
      vertex 171.219 -0.0806246 13.6276
      vertex 171.071 -0.133458 13.5536
    endloop
  endfacet
  facet normal 0.372042 0.0942575 0.923418
    outer loop
      vertex 169.884 -0.15647 13.4935
      vertex 169.871 -0.105158 13.4935
      vertex 169.729 -0.133458 13.5536
    endloop
  endfacet
  facet normal -0.574189 0.271629 0.77235
    outer loop
      vertex 171.393 -0.411191 13.8145
      vertex 171.281 -0.364742 13.7149
      vertex 171.241 -0.449297 13.7149
    endloop
  endfacet
  facet normal -0.360332 0.130227 0.923689
    outer loop
      vertex 171.032 -0.261788 13.5536
      vertex 170.916 -0.15647 13.4935
      vertex 170.898 -0.206275 13.4935
    endloop
  endfacet
  facet normal -0.446991 0.330916 0.83108
    outer loop
      vertex 171.137 -0.604651 13.7149
      vertex 171.084 -0.456992 13.6276
      vertex 171.036 -0.521829 13.6276
    endloop
  endfacet
  facet normal -0.0416712 0.0888331 0.995174
    outer loop
      vertex 170.49 -0.216898 13.4173
      vertex 170.511 -0.207047 13.4173
      vertex 170.437 -0.0692377 13.4019
    endloop
  endfacet
  facet normal -0.457592 0.112427 0.882026
    outer loop
      vertex 171.207 -0.160474 13.6276
      vertex 171.071 -0.133458 13.5536
      vertex 171.055 -0.19858 13.5536
    endloop
  endfacet
  facet normal -0.0969949 0.0127261 0.995204
    outer loop
      vertex 170.634 -0.0230112 13.4173
      vertex 170.478 -0.00769424 13.4019
      vertex 170.477 -0.015316 13.4019
    endloop
  endfacet
  facet normal -0.914219 0.131282 -0.383366
    outer loop
      vertex 171.899 -0.147659 15.539
      vertex 171.878 -0.293898 15.539
      vertex 171.839 -0.141769 15.6841
    endloop
  endfacet
  facet normal -0.894514 0.227384 -0.384891
    outer loop
      vertex 171.819 -0.282175 15.6841
      vertex 171.842 -0.437304 15.539
      vertex 171.784 -0.419863 15.6841
    endloop
  endfacet
  facet normal -0.703536 0.0334006 -0.709874
    outer loop
      vertex 171.474 0 16.1855
      vertex 171.586 0 16.0745
      vertex 171.469 -0.105318 16.1855
    endloop
  endfacet
  facet normal -0.883102 0.0393905 -0.467525
    outer loop
      vertex 171.772 0 15.8226
      vertex 171.839 -0.141769 15.6841
      vertex 171.766 -0.134515 15.8226
    endloop
  endfacet
  facet normal -0.881165 0.0435085 -0.470803
    outer loop
      vertex 171.846 0 15.6841
      vertex 171.839 -0.141769 15.6841
      vertex 171.772 0 15.8226
    endloop
  endfacet
  facet normal -0.296632 0.830334 -0.471758
    outer loop
      vertex 170.925 -1.2679 15.8226
      vertex 170.82 -1.3841 15.6841
      vertex 170.798 -1.31327 15.8226
    endloop
  endfacet
  facet normal -0.296312 0.830318 -0.471987
    outer loop
      vertex 170.925 -1.2679 15.8226
      vertex 170.954 -1.33628 15.6841
      vertex 170.82 -1.3841 15.6841
    endloop
  endfacet
  facet normal -0.618736 0.463487 -0.634307
    outer loop
      vertex 171.386 -0.65864 16.0745
      vertex 171.469 -0.713981 15.9531
      vertex 171.316 -0.752087 16.0745
    endloop
  endfacet
  facet normal -0.516971 0.573768 -0.635241
    outer loop
      vertex 171.238 -0.83829 16.0745
      vertex 171.309 -0.908725 15.9531
      vertex 171.215 -0.99342 15.9531
    endloop
  endfacet
  facet normal -0.834954 0.393599 -0.384619
    outer loop
      vertex 171.736 -0.553506 15.6841
      vertex 171.792 -0.576501 15.539
      vertex 171.729 -0.710145 15.539
    endloop
  endfacet
  facet normal -0.865801 0.40814 -0.2895
    outer loop
      vertex 171.792 -0.576501 15.539
      vertex 171.834 -0.593944 15.3888
      vertex 171.729 -0.710145 15.539
    endloop
  endfacet
  facet normal -0.522119 0.709347 -0.473518
    outer loop
      vertex 171.271 -1.06085 15.8226
      vertex 171.204 -1.20262 15.6841
      vertex 171.162 -1.14108 15.8226
    endloop
  endfacet
  facet normal -0.707605 0.527563 -0.470077
    outer loop
      vertex 171.603 -0.803567 15.6841
      vertex 171.518 -0.917575 15.6841
      vertex 171.461 -0.870619 15.8226
    endloop
  endfacet
  facet normal -0.452274 0.756062 -0.473094
    outer loop
      vertex 171.162 -1.14108 15.8226
      vertex 171.204 -1.20262 15.6841
      vertex 171.082 -1.2756 15.6841
    endloop
  endfacet
  facet normal -0.474612 0.793404 -0.381121
    outer loop
      vertex 171.204 -1.20262 15.6841
      vertex 171.237 -1.25258 15.539
      vertex 171.082 -1.2756 15.6841
    endloop
  endfacet
  facet normal -0.771157 0.567314 -0.288914
    outer loop
      vertex 171.69 -0.862272 15.3888
      vertex 171.6 -0.98461 15.3888
      vertex 171.565 -0.955694 15.539
    endloop
  endfacet
  facet normal -0.886978 0.418729 -0.194772
    outer loop
      vertex 171.834 -0.593944 15.3888
      vertex 171.796 -0.746071 15.2348
      vertex 171.769 -0.731631 15.3888
    endloop
  endfacet
  facet normal -0.837095 0.391428 -0.382173
    outer loop
      vertex 171.736 -0.553506 15.6841
      vertex 171.729 -0.710145 15.539
      vertex 171.676 -0.68182 15.6841
    endloop
  endfacet
  facet normal -0.792552 0.475016 -0.382389
    outer loop
      vertex 171.729 -0.710145 15.539
      vertex 171.653 -0.836949 15.539
      vertex 171.603 -0.803567 15.6841
    endloop
  endfacet
  facet normal -0.203104 0.806706 -0.554954
    outer loop
      vertex 170.773 -1.22979 15.9531
      vertex 170.798 -1.31327 15.8226
      vertex 170.668 -1.346 15.8226
    endloop
  endfacet
  facet normal -0.0431897 0.881169 -0.470825
    outer loop
      vertex 170.535 -1.36576 15.8226
      vertex 170.542 -1.43942 15.6841
      vertex 170.4 -1.44638 15.6841
    endloop
  endfacet
  facet normal 0.129855 0.872763 -0.470555
    outer loop
      vertex 170.132 -1.346 15.8226
      vertex 170.258 -1.43942 15.6841
      vertex 170.118 -1.41859 15.6841
    endloop
  endfacet
  facet normal 0.12219 0.822434 -0.555582
    outer loop
      vertex 170.274 -1.27894 15.9531
      vertex 170.265 -1.36576 15.8226
      vertex 170.132 -1.346 15.8226
    endloop
  endfacet
  facet normal -0.355861 0.752237 -0.55453
    outer loop
      vertex 171.006 -1.13338 15.9531
      vertex 170.925 -1.2679 15.8226
      vertex 170.892 -1.18731 15.9531
    endloop
  endfacet
  facet normal -0.46256 0.620715 -0.633049
    outer loop
      vertex 171.152 -0.91642 16.0745
      vertex 171.114 -1.06855 15.9531
      vertex 171.059 -0.985724 16.0745
    endloop
  endfacet
  facet normal -0.259541 0.728489 -0.633989
    outer loop
      vertex 170.854 -1.09528 16.0745
      vertex 170.773 -1.22979 15.9531
      vertex 170.744 -1.13447 16.0745
    endloop
  endfacet
  facet normal -0.0975104 0.273598 -0.956889
    outer loop
      vertex 170.606 -0.497993 16.5065
      vertex 170.556 -0.515813 16.5065
      vertex 170.549 -0.359175 16.552
    endloop
  endfacet
  facet normal -0.420075 0.568446 -0.707394
    outer loop
      vertex 171.082 -0.830595 16.1855
      vertex 171.059 -0.985724 16.0745
      vertex 170.997 -0.893409 16.1855
    endloop
  endfacet
  facet normal -0.238083 0.503565 -0.830505
    outer loop
      vertex 170.788 -0.725436 16.3724
      vertex 170.849 -0.840575 16.2851
      vertex 170.715 -0.75995 16.3724
    endloop
  endfacet
  facet normal -0.129236 0.359989 -0.923962
    outer loop
      vertex 170.662 -0.632014 16.4464
      vertex 170.599 -0.654631 16.4464
      vertex 170.556 -0.515813 16.5065
    endloop
  endfacet
  facet normal 0.0142761 0.289792 -0.956983
    outer loop
      vertex 170.4 -0.388768 16.552
      vertex 170.4 -0.539023 16.5065
      vertex 170.362 -0.386896 16.552
    endloop
  endfacet
  facet normal -0.0925105 0.6279 -0.772777
    outer loop
      vertex 170.586 -0.934805 16.2851
      vertex 170.61 -1.05385 16.1855
      vertex 170.505 -1.06932 16.1855
    endloop
  endfacet
  facet normal -0.129855 0.872763 -0.470555
    outer loop
      vertex 170.668 -1.346 15.8226
      vertex 170.682 -1.41859 15.6841
      vertex 170.542 -1.43942 15.6841
    endloop
  endfacet
  facet normal -0.315846 0.350286 -0.881783
    outer loop
      vertex 170.884 -0.483723 16.4464
      vertex 170.982 -0.58164 16.3724
      vertex 170.834 -0.528807 16.4464
    endloop
  endfacet
  facet normal 0.172471 0.686653 -0.70623
    outer loop
      vertex 170.19 -1.05385 16.1855
      vertex 170.169 -1.16274 16.0745
      vertex 170.088 -1.02823 16.1855
    endloop
  endfacet
  facet normal 0.315846 0.350286 -0.881783
    outer loop
      vertex 169.916 -0.483723 16.4464
      vertex 169.966 -0.528807 16.4464
      vertex 169.818 -0.58164 16.3724
    endloop
  endfacet
  facet normal -0.280626 0.37893 -0.881851
    outer loop
      vertex 170.834 -0.528807 16.4464
      vertex 170.922 -0.63585 16.3724
      vertex 170.78 -0.568798 16.4464
    endloop
  endfacet
  facet normal 0.426714 0.470022 -0.772654
    outer loop
      vertex 169.795 -0.736771 16.2851
      vertex 169.718 -0.830595 16.1855
      vertex 169.64 -0.759782 16.1855
    endloop
  endfacet
  facet normal 0.171744 0.686491 -0.706565
    outer loop
      vertex 170.088 -1.02823 16.1855
      vertex 170.169 -1.16274 16.0745
      vertex 170.056 -1.13447 16.0745
    endloop
  endfacet
  facet normal -0.0312868 0.634054 -0.772655
    outer loop
      vertex 170.4 -0.953118 16.2851
      vertex 170.493 -0.948529 16.2851
      vertex 170.4 -1.07449 16.1855
    endloop
  endfacet
  facet normal -0.0696189 0.466435 -0.881812
    outer loop
      vertex 170.533 -0.670943 16.4464
      vertex 170.481 -0.818604 16.3724
      vertex 170.467 -0.680794 16.4464
    endloop
  endfacet
  facet normal -0.103166 0.700223 -0.706431
    outer loop
      vertex 170.61 -1.05385 16.1855
      vertex 170.631 -1.16274 16.0745
      vertex 170.505 -1.06932 16.1855
    endloop
  endfacet
  facet normal -0.103865 0.699734 -0.706812
    outer loop
      vertex 170.631 -1.16274 16.0745
      vertex 170.516 -1.17981 16.0745
      vertex 170.505 -1.06932 16.1855
    endloop
  endfacet
  facet normal -0.0312182 0.634025 -0.772682
    outer loop
      vertex 170.493 -0.948529 16.2851
      vertex 170.505 -1.06932 16.1855
      vertex 170.4 -1.07449 16.1855
    endloop
  endfacet
  facet normal -0.0274183 0.555654 -0.830961
    outer loop
      vertex 170.4 -0.822564 16.3724
      vertex 170.493 -0.948529 16.2851
      vertex 170.4 -0.953118 16.2851
    endloop
  endfacet
  facet normal -0.659165 0.726788 0.193081
    outer loop
      vertex 171.404 -1.22343 14.7652
      vertex 171.519 -1.11913 14.7652
      vertex 171.385 -1.19975 14.6112
    endloop
  endfacet
  facet normal -0.582242 0.789328 0.19482
    outer loop
      vertex 171.279 -1.31595 14.7652
      vertex 171.385 -1.19975 14.6112
      vertex 171.262 -1.29048 14.6112
    endloop
  endfacet
  facet normal -0.410624 0.863992 -0.291386
    outer loop
      vertex 171.11 -1.32859 15.539
      vertex 171.132 -1.36879 15.3888
      vertex 170.977 -1.3918 15.539
    endloop
  endfacet
  facet normal -0.491229 0.820762 -0.291622
    outer loop
      vertex 171.237 -1.25258 15.539
      vertex 171.132 -1.36879 15.3888
      vertex 171.11 -1.32859 15.539
    endloop
  endfacet
  facet normal -0.420467 0.886393 -0.193688
    outer loop
      vertex 171.132 -1.36879 15.3888
      vertex 171.146 -1.3958 15.2348
      vertex 171.006 -1.46221 15.2348
    endloop
  endfacet
  facet normal -0.395837 0.834989 -0.382239
    outer loop
      vertex 171.082 -1.2756 15.6841
      vertex 170.977 -1.3918 15.539
      vertex 170.954 -1.33628 15.6841
    endloop
  endfacet
  facet normal -0.40855 0.865784 -0.288972
    outer loop
      vertex 171.132 -1.36879 15.3888
      vertex 170.994 -1.43391 15.3888
      vertex 170.977 -1.3918 15.539
    endloop
  endfacet
  facet normal -0.239383 0.951444 -0.193519
    outer loop
      vertex 170.851 -1.48522 15.3888
      vertex 170.859 -1.51453 15.2348
      vertex 170.709 -1.55227 15.2348
    endloop
  endfacet
  facet normal -0.140689 0.946569 -0.290195
    outer loop
      vertex 170.694 -1.47752 15.539
      vertex 170.703 -1.52223 15.3888
      vertex 170.548 -1.49922 15.539
    endloop
  endfacet
  facet normal -0.0488662 0.993998 -0.0978735
    outer loop
      vertex 170.4 -1.58268 15.2348
      vertex 170.555 -1.57506 15.2348
      vertex 170.4 -1.59807 15.0785
    endloop
  endfacet
  facet normal -0.242009 0.96524 0.0987078
    outer loop
      vertex 170.864 -1.52926 14.9215
      vertex 170.859 -1.51453 14.7652
      vertex 170.712 -1.56737 14.9215
    endloop
  endfacet
  facet normal -0.349735 0.316388 -0.881807
    outer loop
      vertex 170.929 -0.43398 16.4464
      vertex 170.982 -0.58164 16.3724
      vertex 170.884 -0.483723 16.4464
    endloop
  endfacet
  facet normal -0.350194 0.316171 -0.881703
    outer loop
      vertex 171.036 -0.521829 16.3724
      vertex 170.982 -0.58164 16.3724
      vertex 170.929 -0.43398 16.4464
    endloop
  endfacet
  facet normal -0.783268 0.28364 -0.553208
    outer loop
      vertex 171.63 -0.373054 15.9531
      vertex 171.713 -0.398376 15.8226
      vertex 171.587 -0.491798 15.9531
    endloop
  endfacet
  facet normal -0.809129 0.198417 -0.553119
    outer loop
      vertex 171.66 -0.250716 15.9531
      vertex 171.713 -0.398376 15.8226
      vertex 171.63 -0.373054 15.9531
    endloop
  endfacet
  facet normal -0.773002 0.0368202 -0.633334
    outer loop
      vertex 171.685 0 15.9531
      vertex 171.679 -0.125964 15.9531
      vertex 171.58 -0.116201 16.0745
    endloop
  endfacet
  facet normal -0.77436 0.0399838 -0.63148
    outer loop
      vertex 171.586 0 16.0745
      vertex 171.685 0 15.9531
      vertex 171.58 -0.116201 16.0745
    endloop
  endfacet
  facet normal -0.599033 0.211178 -0.772375
    outer loop
      vertex 171.428 -0.311909 16.1855
      vertex 171.393 -0.411191 16.1855
      vertex 171.312 -0.276675 16.2851
    endloop
  endfacet
  facet normal -0.684977 0.176017 -0.706982
    outer loop
      vertex 171.563 -0.231283 16.0745
      vertex 171.534 -0.344138 16.0745
      vertex 171.454 -0.209623 16.1855
    endloop
  endfacet
  facet normal -0.574189 0.271629 -0.77235
    outer loop
      vertex 171.281 -0.364742 16.2851
      vertex 171.393 -0.411191 16.1855
      vertex 171.241 -0.449297 16.2851
    endloop
  endfacet
  facet normal -0.574181 0.271062 -0.772555
    outer loop
      vertex 171.393 -0.411191 16.1855
      vertex 171.348 -0.506513 16.1855
      vertex 171.241 -0.449297 16.2851
    endloop
  endfacet
  facet normal -0.725417 0.262691 -0.636211
    outer loop
      vertex 171.63 -0.373054 15.9531
      vertex 171.587 -0.491798 15.9531
      vertex 171.534 -0.344138 16.0745
    endloop
  endfacet
  facet normal -0.749269 0.183738 -0.636267
    outer loop
      vertex 171.66 -0.250716 15.9531
      vertex 171.63 -0.373054 15.9531
      vertex 171.534 -0.344138 16.0745
    endloop
  endfacet
  facet normal -0.699991 0.100665 -0.707022
    outer loop
      vertex 171.469 -0.105318 16.1855
      vertex 171.563 -0.231283 16.0745
      vertex 171.454 -0.209623 16.1855
    endloop
  endfacet
  facet normal -0.628565 0.0903933 -0.772486
    outer loop
      vertex 171.469 -0.105318 16.1855
      vertex 171.454 -0.209623 16.1855
      vertex 171.335 -0.185944 16.2851
    endloop
  endfacet
  facet normal -0.445712 0.158337 -0.881062
    outer loop
      vertex 171.187 -0.238777 16.3724
      vertex 171.16 -0.314781 16.3724
      vertex 171.055 -0.19858 16.4464
    endloop
  endfacet
  facet normal -0.235477 0.169049 -0.957065
    outer loop
      vertex 170.723 -0.215987 16.552
      vertex 170.848 -0.299465 16.5065
      vertex 170.701 -0.246632 16.552
    endloop
  endfacet
  facet normal -0.524014 0.186153 -0.831118
    outer loop
      vertex 171.187 -0.238777 16.3724
      vertex 171.312 -0.276675 16.2851
      vertex 171.16 -0.314781 16.3724
    endloop
  endfacet
  facet normal -0.539448 0.136748 -0.83084
    outer loop
      vertex 171.335 -0.185944 16.2851
      vertex 171.312 -0.276675 16.2851
      vertex 171.207 -0.160474 16.3724
    endloop
  endfacet
  facet normal -0.382805 0.0217365 -0.923573
    outer loop
      vertex 170.939 0 16.5065
      vertex 171.084 0 16.4464
      vertex 170.936 -0.0528336 16.5065
    endloop
  endfacet
  facet normal -0.549905 0.0832091 -0.831072
    outer loop
      vertex 171.349 -0.0934219 16.2851
      vertex 171.335 -0.185944 16.2851
      vertex 171.219 -0.0806246 16.3724
    endloop
  endfacet
  facet normal -0.555414 0.0275556 -0.831117
    outer loop
      vertex 171.223 0 16.3724
      vertex 171.349 -0.0934219 16.2851
      vertex 171.219 -0.0806246 16.3724
    endloop
  endfacet
  facet normal -0.284289 0.257182 -0.9236
    outer loop
      vertex 170.929 -0.43398 16.4464
      vertex 170.884 -0.483723 16.4464
      vertex 170.817 -0.341952 16.5065
    endloop
  endfacet
  facet normal -0.329381 0.194487 -0.92395
    outer loop
      vertex 171.003 -0.322476 16.4464
      vertex 170.969 -0.380058 16.4464
      vertex 170.848 -0.299465 16.5065
    endloop
  endfacet
  facet normal -0.191729 0.0428936 -0.98051
    outer loop
      vertex 170.63 -0.0458002 16.5827
      vertex 170.772 -0.112853 16.552
      vertex 170.625 -0.0681496 16.5827
    endloop
  endfacet
  facet normal -0.167183 0.101523 -0.980685
    outer loop
      vertex 170.607 -0.110669 16.5827
      vertex 170.743 -0.183264 16.552
      vertex 170.595 -0.13043 16.5827
    endloop
  endfacet
  facet normal -0.193399 0.033946 -0.980533
    outer loop
      vertex 170.634 -0.0230112 16.5827
      vertex 170.787 -0.038105 16.552
      vertex 170.63 -0.0458002 16.5827
    endloop
  endfacet
  facet normal -0.290642 0.0152548 -0.95671
    outer loop
      vertex 170.789 0 16.552
      vertex 170.936 -0.0528336 16.5065
      vertex 170.787 -0.038105 16.552
    endloop
  endfacet
  facet normal 0 0 -1
    outer loop
      vertex 170.477 -0.015316 16.5981
      vertex 170.479 0 16.5981
      vertex 170.478 -0.00769424 16.5981
    endloop
  endfacet
  facet normal 0 0 -1
    outer loop
      vertex 170.475 -0.022789 16.5981
      vertex 170.479 0 16.5981
      vertex 170.477 -0.015316 16.5981
    endloop
  endfacet
  facet normal 0 0 -1
    outer loop
      vertex 170.473 -0.0300436 16.5981
      vertex 170.479 0 16.5981
      vertex 170.475 -0.022789 16.5981
    endloop
  endfacet
  facet normal 0 0 -1
    outer loop
      vertex 170.469 -0.0370083 16.5981
      vertex 170.479 0 16.5981
      vertex 170.473 -0.0300436 16.5981
    endloop
  endfacet
  facet normal 0 0 -1
    outer loop
      vertex 170.465 -0.0436163 16.5981
      vertex 170.479 0 16.5981
      vertex 170.469 -0.0370083 16.5981
    endloop
  endfacet
  facet normal 0 0 -1
    outer loop
      vertex 170.461 -0.0498047 16.5981
      vertex 170.479 0 16.5981
      vertex 170.465 -0.0436163 16.5981
    endloop
  endfacet
  facet normal 0 0 -1
    outer loop
      vertex 170.456 -0.0555134 16.5981
      vertex 170.479 0 16.5981
      vertex 170.461 -0.0498047 16.5981
    endloop
  endfacet
  facet normal 0 0 -1
    outer loop
      vertex 170.45 -0.0606871 16.5981
      vertex 170.479 0 16.5981
      vertex 170.456 -0.0555134 16.5981
    endloop
  endfacet
  facet normal 0 0 -1
    outer loop
      vertex 170.444 -0.0652771 16.5981
      vertex 170.479 0 16.5981
      vertex 170.45 -0.0606871 16.5981
    endloop
  endfacet
  facet normal 0 0 -1
    outer loop
      vertex 170.437 -0.0692377 16.5981
      vertex 170.479 0 16.5981
      vertex 170.444 -0.0652771 16.5981
    endloop
  endfacet
  facet normal 0 0 -1
    outer loop
      vertex 170.43 -0.0725317 16.5981
      vertex 170.479 0 16.5981
      vertex 170.437 -0.0692377 16.5981
    endloop
  endfacet
  facet normal 0 0 -1
    outer loop
      vertex 170.423 -0.0751276 16.5981
      vertex 170.479 0 16.5981
      vertex 170.43 -0.0725317 16.5981
    endloop
  endfacet
  facet normal 0 0 -1
    outer loop
      vertex 170.415 -0.0769997 16.5981
      vertex 170.479 0 16.5981
      vertex 170.423 -0.0751276 16.5981
    endloop
  endfacet
  facet normal 0 0 -1
    outer loop
      vertex 170.408 -0.0781298 16.5981
      vertex 170.479 0 16.5981
      vertex 170.415 -0.0769997 16.5981
    endloop
  endfacet
  facet normal 0 0 -1
    outer loop
      vertex 170.4 -0.0785074 16.5981
      vertex 170.479 0 16.5981
      vertex 170.408 -0.0781298 16.5981
    endloop
  endfacet
  facet normal 0 0 -1
    outer loop
      vertex 170.392 -0.0781298 16.5981
      vertex 170.479 0 16.5981
      vertex 170.4 -0.0785074 16.5981
    endloop
  endfacet
  facet normal 0 0 -1
    outer loop
      vertex 170.385 -0.0769997 16.5981
      vertex 170.479 0 16.5981
      vertex 170.392 -0.0781298 16.5981
    endloop
  endfacet
  facet normal 0 0 -1
    outer loop
      vertex 170.377 -0.0751276 16.5981
      vertex 170.479 0 16.5981
      vertex 170.385 -0.0769997 16.5981
    endloop
  endfacet
  facet normal 0 0 -1
    outer loop
      vertex 170.37 -0.0725317 16.5981
      vertex 170.479 0 16.5981
      vertex 170.377 -0.0751276 16.5981
    endloop
  endfacet
  facet normal 0 0 -1
    outer loop
      vertex 170.363 -0.0692377 16.5981
      vertex 170.479 0 16.5981
      vertex 170.37 -0.0725317 16.5981
    endloop
  endfacet
  facet normal 0 0 -1
    outer loop
      vertex 170.356 -0.0652771 16.5981
      vertex 170.479 0 16.5981
      vertex 170.363 -0.0692377 16.5981
    endloop
  endfacet
  facet normal 0 0 -1
    outer loop
      vertex 170.35 -0.0606871 16.5981
      vertex 170.479 0 16.5981
      vertex 170.356 -0.0652771 16.5981
    endloop
  endfacet
  facet normal 0 0 -1
    outer loop
      vertex 170.344 -0.0555134 16.5981
      vertex 170.479 0 16.5981
      vertex 170.35 -0.0606871 16.5981
    endloop
  endfacet
  facet normal 0 0 -1
    outer loop
      vertex 170.339 -0.0498047 16.5981
      vertex 170.479 0 16.5981
      vertex 170.344 -0.0555134 16.5981
    endloop
  endfacet
  facet normal 0 0 -1
    outer loop
      vertex 170.335 -0.0436163 16.5981
      vertex 170.479 0 16.5981
      vertex 170.339 -0.0498047 16.5981
    endloop
  endfacet
  facet normal 0 0 -1
    outer loop
      vertex 170.331 -0.0370083 16.5981
      vertex 170.479 0 16.5981
      vertex 170.335 -0.0436163 16.5981
    endloop
  endfacet
  facet normal 0 0 -1
    outer loop
      vertex 170.327 -0.0300436 16.5981
      vertex 170.479 0 16.5981
      vertex 170.331 -0.0370083 16.5981
    endloop
  endfacet
  facet normal 0 0 -1
    outer loop
      vertex 170.325 -0.022789 16.5981
      vertex 170.479 0 16.5981
      vertex 170.327 -0.0300436 16.5981
    endloop
  endfacet
  facet normal 0 0 -1
    outer loop
      vertex 170.323 -0.015316 16.5981
      vertex 170.479 0 16.5981
      vertex 170.325 -0.022789 16.5981
    endloop
  endfacet
  facet normal 0 0 -1
    outer loop
      vertex 170.322 -0.00769424 16.5981
      vertex 170.479 0 16.5981
      vertex 170.323 -0.015316 16.5981
    endloop
  endfacet
  facet normal -0 0 -1
    outer loop
      vertex 170.479 0 16.5981
      vertex 170.322 -0.00769424 16.5981
      vertex 170.321 0 16.5981
    endloop
  endfacet
  facet normal 0.115629 0.15772 -0.980691
    outer loop
      vertex 170.251 -0.181479 16.5827
      vertex 170.184 -0.323249 16.552
      vertex 170.153 -0.300522 16.552
    endloop
  endfacet
  facet normal 0.213721 0.196573 -0.956913
    outer loop
      vertex 170.099 -0.246632 16.552
      vertex 170.125 -0.2749 16.552
      vertex 170.019 -0.381146 16.5065
    endloop
  endfacet
  facet normal -0.0475517 0.189776 -0.980675
    outer loop
      vertex 170.513 -0.372027 16.552
      vertex 170.476 -0.381298 16.552
      vertex 170.468 -0.224659 16.5827
    endloop
  endfacet
  facet normal 0.469801 0.0233081 -0.882464
    outer loop
      vertex 169.716 0 16.4464
      vertex 169.581 -0.0806246 16.3724
      vertex 169.577 0 16.3724
    endloop
  endfacet
  facet normal 0.131678 0.144673 -0.980679
    outer loop
      vertex 170.234 -0.166006 16.5827
      vertex 170.251 -0.181479 16.5827
      vertex 170.125 -0.2749 16.552
    endloop
  endfacet
  facet normal 0.703536 0.0334006 -0.709874
    outer loop
      vertex 169.326 0 16.1855
      vertex 169.331 -0.105318 16.1855
      vertex 169.214 0 16.0745
    endloop
  endfacet
  facet normal -0.936806 0.336253 0.0965802
    outer loop
      vertex 171.876 -0.611555 14.9215
      vertex 171.929 -0.463896 14.9215
      vertex 171.862 -0.605666 14.7652
    endloop
  endfacet
  facet normal -0.994143 0.050774 -0.0954072
    outer loop
      vertex 171.998 0 15.0785
      vertex 171.99 -0.156638 15.0785
      vertex 171.983 0 15.2348
    endloop
  endfacet
  facet normal -0.99407 0.0512642 -0.0958952
    outer loop
      vertex 171.983 0 15.2348
      vertex 171.99 -0.156638 15.0785
      vertex 171.975 -0.155129 15.2348
    endloop
  endfacet
  facet normal -0.865707 0.408687 -0.28901
    outer loop
      vertex 171.834 -0.593944 15.3888
      vertex 171.769 -0.731631 15.3888
      vertex 171.729 -0.710145 15.539
    endloop
  endfacet
  facet normal -0.966899 0.237452 -0.0933943
    outer loop
      vertex 171.952 -0.308765 15.2348
      vertex 171.929 -0.463896 15.0785
      vertex 171.915 -0.459428 15.2348
    endloop
  endfacet
  facet normal -0.923149 0.0455815 0.38173
    outer loop
      vertex 171.906 0 14.461
      vertex 171.846 0 14.3159
      vertex 171.839 -0.141769 14.3159
    endloop
  endfacet
  facet normal -0.970597 0.145303 0.19191
    outer loop
      vertex 171.952 -0.308765 14.7652
      vertex 171.975 -0.155129 14.7652
      vertex 171.945 -0.152127 14.6112
    endloop
  endfacet
  facet normal -0.914733 0.130298 0.382472
    outer loop
      vertex 171.878 -0.293898 14.461
      vertex 171.839 -0.141769 14.3159
      vertex 171.819 -0.282175 14.3159
    endloop
  endfacet
  facet normal -0.946158 0.135869 0.29381
    outer loop
      vertex 171.945 -0.152127 14.6112
      vertex 171.899 -0.147659 14.461
      vertex 171.878 -0.293898 14.461
    endloop
  endfacet
  facet normal -0.821941 0.123396 0.556046
    outer loop
      vertex 171.746 -0.267735 14.1774
      vertex 171.766 -0.134515 14.1774
      vertex 171.679 -0.125964 14.0469
    endloop
  endfacet
  facet normal -0.831398 0.0396017 0.554265
    outer loop
      vertex 171.772 0 14.1774
      vertex 171.685 0 14.0469
      vertex 171.679 -0.125964 14.0469
    endloop
  endfacet
  facet normal -0.896128 0.22496 0.382555
    outer loop
      vertex 171.842 -0.437304 14.461
      vertex 171.878 -0.293898 14.461
      vertex 171.819 -0.282175 14.3159
    endloop
  endfacet
  facet normal -0.922597 0.0437371 0.383277
    outer loop
      vertex 171.899 -0.147659 14.461
      vertex 171.906 0 14.461
      vertex 171.839 -0.141769 14.3159
    endloop
  endfacet
  facet normal -0.783268 0.28364 0.553208
    outer loop
      vertex 171.713 -0.398376 14.1774
      vertex 171.63 -0.373054 14.0469
      vertex 171.587 -0.491798 14.0469
    endloop
  endfacet
  facet normal -0.615623 0.156485 0.772348
    outer loop
      vertex 171.428 -0.311909 13.8145
      vertex 171.454 -0.209623 13.8145
      vertex 171.312 -0.276675 13.7149
    endloop
  endfacet
  facet normal -0.636602 0.0302228 0.7706
    outer loop
      vertex 171.469 -0.105318 13.8145
      vertex 171.474 0 13.8145
      vertex 171.349 -0.0934219 13.7149
    endloop
  endfacet
  facet normal -0.555414 0.0275556 0.831117
    outer loop
      vertex 171.349 -0.0934219 13.7149
      vertex 171.223 0 13.6276
      vertex 171.219 -0.0806246 13.6276
    endloop
  endfacet
  facet normal 0.944953 0.144255 -0.293691
    outer loop
      vertex 168.901 -0.147659 15.539
      vertex 168.878 -0.30279 15.3888
      vertex 168.855 -0.152127 15.3888
    endloop
  endfacet
  facet normal 0.922597 0.0437371 -0.383277
    outer loop
      vertex 168.961 -0.141769 15.6841
      vertex 168.901 -0.147659 15.539
      vertex 168.894 0 15.539
    endloop
  endfacet
  facet normal 0.684977 0.176017 -0.706982
    outer loop
      vertex 169.346 -0.209623 16.1855
      vertex 169.266 -0.344138 16.0745
      vertex 169.237 -0.231283 16.0745
    endloop
  endfacet
  facet normal 0.751248 0.193046 -0.631157
    outer loop
      vertex 169.237 -0.231283 16.0745
      vertex 169.266 -0.344138 16.0745
      vertex 169.14 -0.250716 15.9531
    endloop
  endfacet
  facet normal 0.881318 0.0393109 -0.470885
    outer loop
      vertex 169.028 0 15.8226
      vertex 169.034 -0.134515 15.8226
      vertex 168.954 0 15.6841
    endloop
  endfacet
  facet normal 0.572647 0.419199 -0.70452
    outer loop
      vertex 169.507 -0.596956 16.1855
      vertex 169.569 -0.681651 16.1855
      vertex 169.484 -0.752087 16.0745
    endloop
  endfacet
  facet normal 0.615527 0.156034 -0.772515
    outer loop
      vertex 169.465 -0.185944 16.2851
      vertex 169.488 -0.276675 16.2851
      vertex 169.346 -0.209623 16.1855
    endloop
  endfacet
  facet normal 0.935763 0.339142 0.0965956
    outer loop
      vertex 168.924 -0.611555 14.9215
      vertex 168.938 -0.605666 14.7652
      vertex 168.885 -0.459428 14.7652
    endloop
  endfacet
  facet normal 0.998698 0.0510067 0
    outer loop
      vertex 168.81 -0.156638 15.0785
      vertex 168.802 0 14.9215
      vertex 168.802 0 15.0785
    endloop
  endfacet
  facet normal 0.998698 0.0510067 0
    outer loop
      vertex 168.802 0 14.9215
      vertex 168.81 -0.156638 15.0785
      vertex 168.81 -0.156638 14.9215
    endloop
  endfacet
  facet normal 0.854335 0.215806 0.472799
    outer loop
      vertex 169.087 -0.398376 14.1774
      vertex 169.054 -0.267735 14.1774
      vertex 168.981 -0.282175 14.3159
    endloop
  endfacet
  facet normal 0.948522 0.136208 0.285926
    outer loop
      vertex 168.922 -0.293898 14.461
      vertex 168.901 -0.147659 14.461
      vertex 168.878 -0.30279 14.6112
    endloop
  endfacet
  facet normal 0.769902 0.570562 0.28585
    outer loop
      vertex 169.235 -0.955694 14.461
      vertex 169.147 -0.836949 14.461
      vertex 169.11 -0.862272 14.6112
    endloop
  endfacet
  facet normal 0.789639 0.580911 0.197514
    outer loop
      vertex 169.2 -0.98461 14.6112
      vertex 169.11 -0.862272 14.6112
      vertex 169.084 -0.879291 14.7652
    endloop
  endfacet
  facet normal 0.941206 0.337832 0
    outer loop
      vertex 168.924 -0.611555 15.0785
      vertex 168.871 -0.463896 14.9215
      vertex 168.871 -0.463896 15.0785
    endloop
  endfacet
  facet normal 0.941206 0.337832 0
    outer loop
      vertex 168.871 -0.463896 14.9215
      vertex 168.924 -0.611555 15.0785
      vertex 168.924 -0.611555 14.9215
    endloop
  endfacet
  facet normal 0.834954 0.393599 0.384619
    outer loop
      vertex 169.071 -0.710145 14.461
      vertex 169.064 -0.553506 14.3159
      vertex 169.008 -0.576501 14.461
    endloop
  endfacet
  facet normal 0.78275 0.277779 0.556903
    outer loop
      vertex 169.132 -0.525181 14.1774
      vertex 169.213 -0.491798 14.0469
      vertex 169.087 -0.398376 14.1774
    endloop
  endfacet
  facet normal 0.564878 0.423143 0.708422
    outer loop
      vertex 169.484 -0.752087 13.9255
      vertex 169.507 -0.596956 13.8145
      vertex 169.414 -0.65864 13.9255
    endloop
  endfacet
  facet normal 0.604672 0.363566 0.708655
    outer loop
      vertex 169.414 -0.65864 13.9255
      vertex 169.507 -0.596956 13.8145
      vertex 169.354 -0.55885 13.9255
    endloop
  endfacet
  facet normal 0.896128 0.22496 -0.382555
    outer loop
      vertex 168.981 -0.282175 15.6841
      vertex 168.958 -0.437304 15.539
      vertex 168.922 -0.293898 15.539
    endloop
  endfacet
  facet normal 0.970178 0.148106 -0.191883
    outer loop
      vertex 168.855 -0.152127 15.3888
      vertex 168.878 -0.30279 15.3888
      vertex 168.825 -0.155129 15.2348
    endloop
  endfacet
  facet normal 0.887946 0.417396 -0.193216
    outer loop
      vertex 168.966 -0.593944 15.3888
      vertex 169.004 -0.746071 15.2348
      vertex 168.938 -0.605666 15.2348
    endloop
  endfacet
  facet normal 0.886978 0.418729 -0.194772
    outer loop
      vertex 169.031 -0.731631 15.3888
      vertex 169.004 -0.746071 15.2348
      vertex 168.966 -0.593944 15.3888
    endloop
  endfacet
  facet normal 0.377579 0.796475 0.472294
    outer loop
      vertex 169.846 -1.33628 14.3159
      vertex 169.875 -1.2679 14.1774
      vertex 169.718 -1.2756 14.3159
    endloop
  endfacet
  facet normal 0.322623 0.900495 0.291587
    outer loop
      vertex 169.949 -1.48522 14.6112
      vertex 169.963 -1.4416 14.461
      vertex 169.824 -1.3918 14.461
    endloop
  endfacet
  facet normal 0.522119 0.709347 0.473518
    outer loop
      vertex 169.596 -1.20262 14.3159
      vertex 169.638 -1.14108 14.1774
      vertex 169.529 -1.06085 14.1774
    endloop
  endfacet
  facet normal 0.550572 0.742345 0.381831
    outer loop
      vertex 169.596 -1.20262 14.3159
      vertex 169.482 -1.11807 14.3159
      vertex 169.444 -1.16452 14.461
    endloop
  endfacet
  facet normal 0.135847 0.913997 0.382303
    outer loop
      vertex 170.252 -1.49922 14.461
      vertex 170.258 -1.43942 14.3159
      vertex 170.106 -1.47752 14.461
    endloop
  endfacet
  facet normal 0.213975 0.856146 0.470349
    outer loop
      vertex 170.118 -1.41859 14.3159
      vertex 170.132 -1.346 14.1774
      vertex 169.98 -1.3841 14.3159
    endloop
  endfacet
  facet normal 0.0431897 0.881169 0.470825
    outer loop
      vertex 170.4 -1.44638 14.3159
      vertex 170.265 -1.36576 14.1774
      vertex 170.258 -1.43942 14.3159
    endloop
  endfacet
  facet normal 0.0430774 0.881129 0.470911
    outer loop
      vertex 170.4 -1.44638 14.3159
      vertex 170.4 -1.37236 14.1774
      vertex 170.265 -1.36576 14.1774
    endloop
  endfacet
  facet normal 0.821705 0.125147 0.556003
    outer loop
      vertex 169.14 -0.250716 14.0469
      vertex 169.121 -0.125964 14.0469
      vertex 169.034 -0.134515 14.1774
    endloop
  endfacet
  facet normal 0.615623 0.156485 0.772348
    outer loop
      vertex 169.372 -0.311909 13.8145
      vertex 169.488 -0.276675 13.7149
      vertex 169.346 -0.209623 13.8145
    endloop
  endfacet
  facet normal 0.555814 0.616878 0.557254
    outer loop
      vertex 169.529 -1.06085 14.1774
      vertex 169.585 -0.99342 14.0469
      vertex 169.491 -0.908725 14.0469
    endloop
  endfacet
  facet normal 0.495679 0.666359 0.557016
    outer loop
      vertex 169.686 -1.06855 14.0469
      vertex 169.585 -0.99342 14.0469
      vertex 169.529 -1.06085 14.1774
    endloop
  endfacet
  facet normal 0.645327 0.706585 0.290329
    outer loop
      vertex 169.415 -1.19975 14.6112
      vertex 169.444 -1.16452 14.461
      vertex 169.303 -1.09746 14.6112
    endloop
  endfacet
  facet normal 0.506109 0.840176 0.194826
    outer loop
      vertex 169.668 -1.36879 14.6112
      vertex 169.538 -1.29048 14.6112
      vertex 169.521 -1.31595 14.7652
    endloop
  endfacet
  facet normal 0.765091 0.116525 0.633292
    outer loop
      vertex 169.14 -0.250716 14.0469
      vertex 169.22 -0.116201 13.9255
      vertex 169.121 -0.125964 14.0469
    endloop
  endfacet
  facet normal 0.66534 0.393638 0.634329
    outer loop
      vertex 169.331 -0.713981 14.0469
      vertex 169.414 -0.65864 13.9255
      vertex 169.267 -0.605806 14.0469
    endloop
  endfacet
  facet normal 0.707021 0.64541 0.28908
    outer loop
      vertex 169.303 -1.09746 14.6112
      vertex 169.335 -1.06524 14.461
      vertex 169.235 -0.955694 14.461
    endloop
  endfacet
  facet normal 0.683059 0.623536 0.380307
    outer loop
      vertex 169.335 -1.06524 14.461
      vertex 169.377 -1.02275 14.3159
      vertex 169.235 -0.955694 14.461
    endloop
  endfacet
  facet normal 0.738349 0.667202 0.0983926
    outer loop
      vertex 169.281 -1.11913 14.7652
      vertex 169.177 -1.00404 14.7652
      vertex 169.165 -1.01381 14.9215
    endloop
  endfacet
  facet normal 0.797836 0.594784 0.098433
    outer loop
      vertex 169.165 -1.01381 14.9215
      vertex 169.177 -1.00404 14.7652
      vertex 169.084 -0.879291 14.7652
    endloop
  endfacet
  facet normal 0.672202 0.740367 -0
    outer loop
      vertex 169.386 -1.23533 14.9215
      vertex 169.27 -1.13001 15.0785
      vertex 169.386 -1.23533 15.0785
    endloop
  endfacet
  facet normal 0.672202 0.740367 0
    outer loop
      vertex 169.27 -1.13001 15.0785
      vertex 169.386 -1.23533 14.9215
      vertex 169.27 -1.13001 14.9215
    endloop
  endfacet
  facet normal 0.741959 0.670445 0
    outer loop
      vertex 169.27 -1.13001 15.0785
      vertex 169.165 -1.01381 14.9215
      vertex 169.165 -1.01381 15.0785
    endloop
  endfacet
  facet normal 0.741959 0.670445 0
    outer loop
      vertex 169.165 -1.01381 14.9215
      vertex 169.27 -1.13001 15.0785
      vertex 169.27 -1.13001 14.9215
    endloop
  endfacet
  facet normal 0.738349 0.667202 -0.0983926
    outer loop
      vertex 169.177 -1.00404 15.2348
      vertex 169.281 -1.11913 15.2348
      vertex 169.165 -1.01381 15.0785
    endloop
  endfacet
  facet normal 0.738358 0.667191 -0.0984067
    outer loop
      vertex 169.281 -1.11913 15.2348
      vertex 169.27 -1.13001 15.0785
      vertex 169.165 -1.01381 15.0785
    endloop
  endfacet
  facet normal 0.582242 0.789328 -0.19482
    outer loop
      vertex 169.538 -1.29048 15.3888
      vertex 169.521 -1.31595 15.2348
      vertex 169.415 -1.19975 15.3888
    endloop
  endfacet
  facet normal 0.583708 0.788624 -0.19328
    outer loop
      vertex 169.415 -1.19975 15.3888
      vertex 169.521 -1.31595 15.2348
      vertex 169.396 -1.22343 15.2348
    endloop
  endfacet
  facet normal 0.510182 0.85431 -0.0993398
    outer loop
      vertex 169.521 -1.31595 15.2348
      vertex 169.647 -1.40937 15.0785
      vertex 169.512 -1.32875 15.0785
    endloop
  endfacet
  facet normal 0.512304 0.853305 0.097028
    outer loop
      vertex 169.647 -1.40937 14.9215
      vertex 169.654 -1.3958 14.7652
      vertex 169.521 -1.31595 14.7652
    endloop
  endfacet
  facet normal 0.474612 0.793404 -0.381121
    outer loop
      vertex 169.596 -1.20262 15.6841
      vertex 169.718 -1.2756 15.6841
      vertex 169.563 -1.25258 15.539
    endloop
  endfacet
  facet normal 0.474754 0.793234 -0.381299
    outer loop
      vertex 169.718 -1.2756 15.6841
      vertex 169.69 -1.32859 15.539
      vertex 169.563 -1.25258 15.539
    endloop
  endfacet
  facet normal 0.525481 0.708514 -0.471038
    outer loop
      vertex 169.529 -1.06085 15.8226
      vertex 169.596 -1.20262 15.6841
      vertex 169.482 -1.11807 15.6841
    endloop
  endfacet
  facet normal 0.621243 0.684332 -0.381768
    outer loop
      vertex 169.482 -1.11807 15.6841
      vertex 169.444 -1.16452 15.539
      vertex 169.377 -1.02275 15.6841
    endloop
  endfacet
  facet normal 0.140689 0.946569 0.290195
    outer loop
      vertex 170.252 -1.49922 14.461
      vertex 170.106 -1.47752 14.461
      vertex 170.097 -1.52223 14.6112
    endloop
  endfacet
  facet normal 0.232153 0.928362 0.290256
    outer loop
      vertex 170.097 -1.52223 14.6112
      vertex 170.106 -1.47752 14.461
      vertex 169.949 -1.48522 14.6112
    endloop
  endfacet
  facet normal 0.0469772 0.955895 0.289929
    outer loop
      vertex 170.4 -1.55205 14.6112
      vertex 170.252 -1.49922 14.461
      vertex 170.248 -1.54458 14.6112
    endloop
  endfacet
  facet normal 0.0481609 0.97965 0.194849
    outer loop
      vertex 170.4 -1.58268 14.7652
      vertex 170.4 -1.55205 14.6112
      vertex 170.245 -1.57506 14.7652
    endloop
  endfacet
  facet normal 0.334561 0.937253 0.0981132
    outer loop
      vertex 169.936 -1.52926 14.9215
      vertex 169.794 -1.46221 14.7652
      vertex 169.788 -1.47643 14.9215
    endloop
  endfacet
  facet normal 0.333665 0.937476 0.0990234
    outer loop
      vertex 169.936 -1.52926 14.9215
      vertex 169.941 -1.51453 14.7652
      vertex 169.794 -1.46221 14.7652
    endloop
  endfacet
  facet normal -0.140689 0.946569 0.290195
    outer loop
      vertex 170.703 -1.52223 14.6112
      vertex 170.694 -1.47752 14.461
      vertex 170.548 -1.49922 14.461
    endloop
  endfacet
  facet normal -0.140141 0.946812 0.289667
    outer loop
      vertex 170.552 -1.54458 14.6112
      vertex 170.703 -1.52223 14.6112
      vertex 170.548 -1.49922 14.461
    endloop
  endfacet
  facet normal -0.0486865 0.99399 0.0980505
    outer loop
      vertex 170.557 -1.59038 14.9215
      vertex 170.555 -1.57506 14.7652
      vertex 170.4 -1.59807 14.9215
    endloop
  endfacet
  facet normal 0.0481448 0.979654 0.194833
    outer loop
      vertex 170.4 -1.55205 14.6112
      vertex 170.248 -1.54458 14.6112
      vertex 170.245 -1.57506 14.7652
    endloop
  endfacet
  facet normal -0.243196 0.969977 0
    outer loop
      vertex 170.864 -1.52926 14.9215
      vertex 170.712 -1.56737 15.0785
      vertex 170.864 -1.52926 15.0785
    endloop
  endfacet
  facet normal -0.243196 0.969977 0
    outer loop
      vertex 170.712 -1.56737 15.0785
      vertex 170.864 -1.52926 14.9215
      vertex 170.712 -1.56737 14.9215
    endloop
  endfacet
  facet normal -0.420467 0.886393 0.193688
    outer loop
      vertex 171.146 -1.3958 14.7652
      vertex 171.132 -1.36879 14.6112
      vertex 171.006 -1.46221 14.7652
    endloop
  endfacet
  facet normal 0.0576408 0.0798 -0.995143
    outer loop
      vertex 170.356 -0.0652771 16.5981
      vertex 170.27 -0.195203 16.5827
      vertex 170.251 -0.181479 16.5827
    endloop
  endfacet
  facet normal 0.190177 0.046249 -0.98066
    outer loop
      vertex 170.17 -0.0458002 16.5827
      vertex 170.028 -0.112853 16.552
      vertex 170.019 -0.0758448 16.552
    endloop
  endfacet
  facet normal 0.0242241 0.0952003 -0.995163
    outer loop
      vertex 170.377 -0.0751276 16.5981
      vertex 170.354 -0.230257 16.5827
      vertex 170.332 -0.224659 16.5827
    endloop
  endfacet
  facet normal 0.36002 0.130115 -0.923827
    outer loop
      vertex 169.884 -0.15647 16.5065
      vertex 169.902 -0.206275 16.5065
      vertex 169.745 -0.19858 16.4464
    endloop
  endfacet
  facet normal 0.0658011 0.184317 -0.980662
    outer loop
      vertex 170.31 -0.216898 16.5827
      vertex 170.287 -0.372027 16.552
      vertex 170.251 -0.359175 16.552
    endloop
  endfacet
  facet normal -0.0823463 0.0532263 -0.995181
    outer loop
      vertex 170.465 -0.0436163 16.5981
      vertex 170.595 -0.13043 16.5827
      vertex 170.461 -0.0498047 16.5981
    endloop
  endfacet
  facet normal -0.143482 0.13197 -0.980814
    outer loop
      vertex 170.701 -0.246632 16.552
      vertex 170.675 -0.2749 16.552
      vertex 170.581 -0.148935 16.5827
    endloop
  endfacet
  facet normal 0.525478 0.475474 -0.705548
    outer loop
      vertex 169.64 -0.759782 16.1855
      vertex 169.562 -0.83829 16.0745
      vertex 169.484 -0.752087 16.0745
    endloop
  endfacet
  facet normal 0.345528 0.165112 -0.923768
    outer loop
      vertex 169.925 -0.254093 16.5065
      vertex 169.797 -0.322476 16.4464
      vertex 169.768 -0.261788 16.4464
    endloop
  endfacet
  facet normal 0.281586 0.258639 -0.924021
    outer loop
      vertex 169.983 -0.341952 16.5065
      vertex 170.019 -0.381146 16.5065
      vertex 169.916 -0.483723 16.4464
    endloop
  endfacet
  facet normal 0.360016 0.131002 -0.923703
    outer loop
      vertex 169.902 -0.206275 16.5065
      vertex 169.768 -0.261788 16.4464
      vertex 169.745 -0.19858 16.4464
    endloop
  endfacet
  facet normal -0.654969 0.591605 -0.470127
    outer loop
      vertex 171.461 -0.870619 15.8226
      vertex 171.518 -0.917575 15.6841
      vertex 171.423 -1.02275 15.6841
    endloop
  endfacet
  facet normal -0.650865 0.593539 -0.473378
    outer loop
      vertex 171.461 -0.870619 15.8226
      vertex 171.423 -1.02275 15.6841
      vertex 171.37 -0.970408 15.8226
    endloop
  endfacet
  facet normal -0.666315 0.499911 -0.553275
    outer loop
      vertex 171.469 -0.713981 15.9531
      vertex 171.541 -0.762445 15.8226
      vertex 171.393 -0.815279 15.9531
    endloop
  endfacet
  facet normal -0.717007 0.424206 -0.553128
    outer loop
      vertex 171.533 -0.605806 15.9531
      vertex 171.541 -0.762445 15.8226
      vertex 171.469 -0.713981 15.9531
    endloop
  endfacet
  facet normal -0.604365 0.367525 -0.706873
    outer loop
      vertex 171.348 -0.506513 16.1855
      vertex 171.446 -0.55885 16.0745
      vertex 171.293 -0.596956 16.1855
    endloop
  endfacet
  facet normal -0.664823 0.399733 -0.63105
    outer loop
      vertex 171.446 -0.55885 16.0745
      vertex 171.533 -0.605806 15.9531
      vertex 171.386 -0.65864 16.0745
    endloop
  endfacet
  facet normal -0.542602 0.329966 -0.772467
    outer loop
      vertex 171.348 -0.506513 16.1855
      vertex 171.293 -0.596956 16.1855
      vertex 171.241 -0.449297 16.2851
    endloop
  endfacet
  facet normal -0.541453 0.330702 -0.772958
    outer loop
      vertex 171.241 -0.449297 16.2851
      vertex 171.293 -0.596956 16.1855
      vertex 171.192 -0.529524 16.2851
    endloop
  endfacet
  facet normal 0.740794 0.552308 -0.382335
    outer loop
      vertex 169.197 -0.803567 15.6841
      vertex 169.282 -0.917575 15.6841
      vertex 169.147 -0.836949 15.539
    endloop
  endfacet
  facet normal 0.822023 0.49268 -0.285559
    outer loop
      vertex 169.147 -0.836949 15.539
      vertex 169.11 -0.862272 15.3888
      vertex 169.071 -0.710145 15.539
    endloop
  endfacet
  facet normal 0.837095 0.391428 -0.382173
    outer loop
      vertex 169.124 -0.68182 15.6841
      vertex 169.071 -0.710145 15.539
      vertex 169.064 -0.553506 15.6841
    endloop
  endfacet
  facet normal 0.834954 0.393599 -0.384619
    outer loop
      vertex 169.064 -0.553506 15.6841
      vertex 169.071 -0.710145 15.539
      vertex 169.008 -0.576501 15.539
    endloop
  endfacet
  facet normal 0.66534 0.393638 -0.634329
    outer loop
      vertex 169.414 -0.65864 16.0745
      vertex 169.331 -0.713981 15.9531
      vertex 169.267 -0.605806 15.9531
    endloop
  endfacet
  facet normal 0.717007 0.424206 -0.553128
    outer loop
      vertex 169.267 -0.605806 15.9531
      vertex 169.331 -0.713981 15.9531
      vertex 169.259 -0.762445 15.8226
    endloop
  endfacet
  facet normal 0.709675 0.524839 -0.470006
    outer loop
      vertex 169.339 -0.870619 15.8226
      vertex 169.282 -0.917575 15.6841
      vertex 169.259 -0.762445 15.8226
    endloop
  endfacet
  facet normal 0.792515 0.475196 -0.382241
    outer loop
      vertex 169.124 -0.68182 15.6841
      vertex 169.197 -0.803567 15.6841
      vertex 169.071 -0.710145 15.539
    endloop
  endfacet
  facet normal 0.854335 0.215806 -0.472799
    outer loop
      vertex 169.054 -0.267735 15.8226
      vertex 169.087 -0.398376 15.8226
      vertex 168.981 -0.282175 15.6841
    endloop
  endfacet
  facet normal 0.805144 0.20338 -0.557117
    outer loop
      vertex 169.14 -0.250716 15.9531
      vertex 169.087 -0.398376 15.8226
      vertex 169.054 -0.267735 15.8226
    endloop
  endfacet
  facet normal 0.854545 0.217224 -0.47177
    outer loop
      vertex 169.087 -0.398376 15.8226
      vertex 169.016 -0.419863 15.6841
      vertex 168.981 -0.282175 15.6841
    endloop
  endfacet
  facet normal 0.894514 0.227384 -0.384891
    outer loop
      vertex 168.981 -0.282175 15.6841
      vertex 169.016 -0.419863 15.6841
      vertex 168.958 -0.437304 15.539
    endloop
  endfacet
  facet normal 0.574189 0.271629 -0.77235
    outer loop
      vertex 169.519 -0.364742 16.2851
      vertex 169.559 -0.449297 16.2851
      vertex 169.407 -0.411191 16.1855
    endloop
  endfacet
  facet normal 0.618617 0.464124 -0.633957
    outer loop
      vertex 169.484 -0.752087 16.0745
      vertex 169.407 -0.815279 15.9531
      vertex 169.331 -0.713981 15.9531
    endloop
  endfacet
  facet normal 0.615623 0.156485 -0.772348
    outer loop
      vertex 169.488 -0.276675 16.2851
      vertex 169.372 -0.311909 16.1855
      vertex 169.346 -0.209623 16.1855
    endloop
  endfacet
  facet normal 0.523269 0.185888 -0.831646
    outer loop
      vertex 169.613 -0.238777 16.3724
      vertex 169.64 -0.314781 16.3724
      vertex 169.519 -0.364742 16.2851
    endloop
  endfacet
  facet normal 0.103865 0.699734 -0.706812
    outer loop
      vertex 170.295 -1.06932 16.1855
      vertex 170.284 -1.17981 16.0745
      vertex 170.169 -1.16274 16.0745
    endloop
  endfacet
  facet normal 0.113547 0.764962 -0.633988
    outer loop
      vertex 170.284 -1.17981 16.0745
      vertex 170.274 -1.27894 15.9531
      vertex 170.169 -1.16274 16.0745
    endloop
  endfacet
  facet normal 0.214088 0.597878 -0.772469
    outer loop
      vertex 170.123 -0.912078 16.2851
      vertex 170.088 -1.02823 16.1855
      vertex 170.035 -0.880567 16.2851
    endloop
  endfacet
  facet normal 0.103166 0.700223 -0.706431
    outer loop
      vertex 170.19 -1.05385 16.1855
      vertex 170.295 -1.06932 16.1855
      vertex 170.169 -1.16274 16.0745
    endloop
  endfacet
  facet normal 0.355861 0.752237 -0.55453
    outer loop
      vertex 169.908 -1.18731 15.9531
      vertex 169.875 -1.2679 15.8226
      vertex 169.794 -1.13338 15.9531
    endloop
  endfacet
  facet normal 0.238765 0.665327 -0.707341
    outer loop
      vertex 169.989 -0.992702 16.1855
      vertex 170.088 -1.02823 16.1855
      vertex 169.946 -1.09528 16.0745
    endloop
  endfacet
  facet normal 0.203104 0.806706 -0.554954
    outer loop
      vertex 170.027 -1.22979 15.9531
      vertex 170.132 -1.346 15.8226
      vertex 170.002 -1.31327 15.8226
    endloop
  endfacet
  facet normal 0.188351 0.749718 -0.634386
    outer loop
      vertex 170.169 -1.16274 16.0745
      vertex 170.149 -1.26044 15.9531
      vertex 170.027 -1.22979 15.9531
    endloop
  endfacet
  facet normal 0.237946 0.951527 0.19488
    outer loop
      vertex 170.091 -1.55227 14.7652
      vertex 170.097 -1.52223 14.6112
      vertex 169.949 -1.48522 14.6112
    endloop
  endfacet
  facet normal 0.239383 0.951444 0.193519
    outer loop
      vertex 170.091 -1.55227 14.7652
      vertex 169.949 -1.48522 14.6112
      vertex 169.941 -1.51453 14.7652
    endloop
  endfacet
  facet normal 0.408228 0.865101 0.291461
    outer loop
      vertex 169.806 -1.43391 14.6112
      vertex 169.824 -1.3918 14.461
      vertex 169.668 -1.36879 14.6112
    endloop
  endfacet
  facet normal 0.408125 0.865191 0.291341
    outer loop
      vertex 169.824 -1.3918 14.461
      vertex 169.69 -1.32859 14.461
      vertex 169.668 -1.36879 14.6112
    endloop
  endfacet
  facet normal 0.569467 0.76955 0.288965
    outer loop
      vertex 169.538 -1.29048 14.6112
      vertex 169.563 -1.25258 14.461
      vertex 169.444 -1.16452 14.461
    endloop
  endfacet
  facet normal 0.591969 0.799785 0.0995839
    outer loop
      vertex 169.512 -1.32875 14.9215
      vertex 169.521 -1.31595 14.7652
      vertex 169.396 -1.22343 14.7652
    endloop
  endfacet
  facet normal -0.728178 0.658011 0.191774
    outer loop
      vertex 171.623 -1.00404 14.7652
      vertex 171.6 -0.98461 14.6112
      vertex 171.519 -1.11913 14.7652
    endloop
  endfacet
  facet normal -0.661248 0.724017 0.196343
    outer loop
      vertex 171.519 -1.11913 14.7652
      vertex 171.497 -1.09746 14.6112
      vertex 171.385 -1.19975 14.6112
    endloop
  endfacet
  facet normal -0.742368 0.550157 0.382383
    outer loop
      vertex 171.653 -0.836949 14.461
      vertex 171.603 -0.803567 14.3159
      vertex 171.565 -0.955694 14.461
    endloop
  endfacet
  facet normal -0.792552 0.475016 0.382389
    outer loop
      vertex 171.653 -0.836949 14.461
      vertex 171.729 -0.710145 14.461
      vertex 171.603 -0.803567 14.3159
    endloop
  endfacet
  facet normal -0.395837 0.834989 0.382239
    outer loop
      vertex 170.977 -1.3918 14.461
      vertex 171.082 -1.2756 14.3159
      vertex 170.954 -1.33628 14.3159
    endloop
  endfacet
  facet normal -0.309805 0.870937 0.381431
    outer loop
      vertex 170.837 -1.4416 14.461
      vertex 170.977 -1.3918 14.461
      vertex 170.82 -1.3841 14.3159
    endloop
  endfacet
  facet normal -0.493462 0.670415 0.55411
    outer loop
      vertex 171.162 -1.14108 14.1774
      vertex 171.271 -1.06085 14.1774
      vertex 171.114 -1.06855 14.0469
    endloop
  endfacet
  facet normal -0.522119 0.709347 0.473518
    outer loop
      vertex 171.204 -1.20262 14.3159
      vertex 171.271 -1.06085 14.1774
      vertex 171.162 -1.14108 14.1774
    endloop
  endfacet
  facet normal -0.454973 0.75566 0.471145
    outer loop
      vertex 171.082 -1.2756 14.3159
      vertex 171.162 -1.14108 14.1774
      vertex 171.047 -1.21032 14.1774
    endloop
  endfacet
  facet normal -0.452274 0.756062 0.473094
    outer loop
      vertex 171.204 -1.20262 14.3159
      vertex 171.162 -1.14108 14.1774
      vertex 171.082 -1.2756 14.3159
    endloop
  endfacet
  facet normal -0.224024 0.896357 0.382568
    outer loop
      vertex 170.694 -1.47752 14.461
      vertex 170.82 -1.3841 14.3159
      vertex 170.682 -1.41859 14.3159
    endloop
  endfacet
  facet normal -0.213975 0.856146 0.470349
    outer loop
      vertex 170.682 -1.41859 14.3159
      vertex 170.82 -1.3841 14.3159
      vertex 170.668 -1.346 14.1774
    endloop
  endfacet
  facet normal -0.423197 0.567894 0.705975
    outer loop
      vertex 171.152 -0.91642 13.9255
      vertex 171.082 -0.830595 13.8145
      vertex 171.059 -0.985724 13.9255
    endloop
  endfacet
  facet normal -0.420075 0.568446 0.707394
    outer loop
      vertex 171.059 -0.985724 13.9255
      vertex 171.082 -0.830595 13.8145
      vertex 170.997 -0.893409 13.8145
    endloop
  endfacet
  facet normal -0.604672 0.363566 0.708655
    outer loop
      vertex 171.386 -0.65864 13.9255
      vertex 171.446 -0.55885 13.9255
      vertex 171.293 -0.596956 13.8145
    endloop
  endfacet
  facet normal -0.797281 0.379823 0.469124
    outer loop
      vertex 171.736 -0.553506 14.3159
      vertex 171.668 -0.525181 14.1774
      vertex 171.61 -0.646928 14.1774
    endloop
  endfacet
  facet normal 0.420956 0.569638 0.70591
    outer loop
      vertex 169.803 -0.893409 13.8145
      vertex 169.718 -0.830595 13.8145
      vertex 169.648 -0.91642 13.9255
    endloop
  endfacet
  facet normal 0.476163 0.52449 0.705818
    outer loop
      vertex 169.648 -0.91642 13.9255
      vertex 169.718 -0.830595 13.8145
      vertex 169.64 -0.759782 13.8145
    endloop
  endfacet
  facet normal 0.214088 0.597878 0.772469
    outer loop
      vertex 170.088 -1.02823 13.8145
      vertex 170.123 -0.912078 13.7149
      vertex 170.035 -0.880567 13.7149
    endloop
  endfacet
  facet normal 0.377738 0.511156 0.772032
    outer loop
      vertex 169.803 -0.893409 13.8145
      vertex 169.87 -0.792489 13.7149
      vertex 169.718 -0.830595 13.8145
    endloop
  endfacet
  facet normal 0.323382 0.544731 0.773752
    outer loop
      vertex 169.893 -0.947618 13.8145
      vertex 169.951 -0.840575 13.7149
      vertex 169.87 -0.792489 13.7149
    endloop
  endfacet
  facet normal 0.300407 0.639673 0.707513
    outer loop
      vertex 169.946 -1.09528 13.9255
      vertex 169.989 -0.992702 13.8145
      vertex 169.893 -0.947618 13.8145
    endloop
  endfacet
  facet normal 0.427072 0.469123 0.773003
    outer loop
      vertex 169.795 -0.736771 13.7149
      vertex 169.726 -0.673956 13.7149
      vertex 169.64 -0.759782 13.8145
    endloop
  endfacet
  facet normal 0.41215 0.374655 0.830521
    outer loop
      vertex 169.726 -0.673956 13.7149
      vertex 169.818 -0.58164 13.6276
      vertex 169.663 -0.604651 13.7149
    endloop
  endfacet
  facet normal -0.0380264 0.772515 0.633857
    outer loop
      vertex 170.516 -1.17981 13.9255
      vertex 170.4 -1.18552 13.9255
      vertex 170.4 -1.28513 14.0469
    endloop
  endfacet
  facet normal -0.0406114 0.830688 0.555256
    outer loop
      vertex 170.535 -1.36576 14.1774
      vertex 170.4 -1.28513 14.0469
      vertex 170.4 -1.37236 14.1774
    endloop
  endfacet
  facet normal -0.103865 0.699734 0.706812
    outer loop
      vertex 170.516 -1.17981 13.9255
      vertex 170.631 -1.16274 13.9255
      vertex 170.505 -1.06932 13.8145
    endloop
  endfacet
  facet normal -0.0379497 0.772482 0.633902
    outer loop
      vertex 170.526 -1.27894 14.0469
      vertex 170.516 -1.17981 13.9255
      vertex 170.4 -1.28513 14.0469
    endloop
  endfacet
  facet normal 0.3629 0.606693 0.707267
    outer loop
      vertex 169.841 -1.04554 13.9255
      vertex 169.803 -0.893409 13.8145
      vertex 169.741 -0.985724 13.9255
    endloop
  endfacet
  facet normal 0.39732 0.664238 0.633186
    outer loop
      vertex 169.841 -1.04554 13.9255
      vertex 169.741 -0.985724 13.9255
      vertex 169.686 -1.06855 14.0469
    endloop
  endfacet
  facet normal 0.171744 0.686491 0.706565
    outer loop
      vertex 170.169 -1.16274 13.9255
      vertex 170.088 -1.02823 13.8145
      vertex 170.056 -1.13447 13.9255
    endloop
  endfacet
  facet normal 0.330818 0.6993 0.633671
    outer loop
      vertex 169.908 -1.18731 14.0469
      vertex 169.946 -1.09528 13.9255
      vertex 169.794 -1.13338 14.0469
    endloop
  endfacet
  facet normal 0.355034 0.752243 0.55505
    outer loop
      vertex 169.875 -1.2679 14.1774
      vertex 169.794 -1.13338 14.0469
      vertex 169.753 -1.21032 14.1774
    endloop
  endfacet
  facet normal 0.428128 0.713216 0.555004
    outer loop
      vertex 169.753 -1.21032 14.1774
      vertex 169.794 -1.13338 14.0469
      vertex 169.686 -1.06855 14.0469
    endloop
  endfacet
  facet normal 0.0408042 0.830586 0.555393
    outer loop
      vertex 170.4 -1.28513 14.0469
      vertex 170.274 -1.27894 14.0469
      vertex 170.265 -1.36576 14.1774
    endloop
  endfacet
  facet normal 0.12219 0.822434 0.555582
    outer loop
      vertex 170.265 -1.36576 14.1774
      vertex 170.274 -1.27894 14.0469
      vertex 170.132 -1.346 14.1774
    endloop
  endfacet
  facet normal 0.202647 0.806621 0.555245
    outer loop
      vertex 170.132 -1.346 14.1774
      vertex 170.149 -1.26044 14.0469
      vertex 170.027 -1.22979 14.0469
    endloop
  endfacet
  facet normal 0.188351 0.749718 0.634386
    outer loop
      vertex 170.149 -1.26044 14.0469
      vertex 170.169 -1.16274 13.9255
      vertex 170.027 -1.22979 14.0469
    endloop
  endfacet
  facet normal 0.113668 0.457826 0.881745
    outer loop
      vertex 170.24 -0.806759 13.6276
      vertex 170.267 -0.670943 13.5536
      vertex 170.161 -0.787145 13.6276
    endloop
  endfacet
  facet normal -0.150573 0.249155 0.956687
    outer loop
      vertex 170.654 -0.475376 13.4935
      vertex 170.699 -0.448181 13.4935
      vertex 170.616 -0.323249 13.4479
    endloop
  endfacet
  facet normal 0.102997 0.165227 0.980863
    outer loop
      vertex 170.289 -0.207047 13.4173
      vertex 170.27 -0.195203 13.4173
      vertex 170.184 -0.323249 13.4479
    endloop
  endfacet
  facet normal -0.014222 0.290357 0.956813
    outer loop
      vertex 170.453 -0.536427 13.4935
      vertex 170.438 -0.386896 13.4479
      vertex 170.4 -0.539023 13.4935
    endloop
  endfacet
  facet normal 0.0312182 0.634025 0.772682
    outer loop
      vertex 170.4 -1.07449 13.8145
      vertex 170.307 -0.948529 13.7149
      vertex 170.295 -1.06932 13.8145
    endloop
  endfacet
  facet normal -0.0231626 0.471127 0.881761
    outer loop
      vertex 170.481 -0.818604 13.6276
      vertex 170.467 -0.680794 13.5536
      vertex 170.4 -0.684088 13.5536
    endloop
  endfacet
  facet normal 0.103166 0.700223 0.706431
    outer loop
      vertex 170.295 -1.06932 13.8145
      vertex 170.19 -1.05385 13.8145
      vertex 170.169 -1.16274 13.9255
    endloop
  endfacet
  facet normal 0.172471 0.686653 0.70623
    outer loop
      vertex 170.169 -1.16274 13.9255
      vertex 170.19 -1.05385 13.8145
      vertex 170.088 -1.02823 13.8145
    endloop
  endfacet
  facet normal -0.260074 0.72855 0.633701
    outer loop
      vertex 170.892 -1.18731 14.0469
      vertex 170.854 -1.09528 13.9255
      vertex 170.773 -1.22979 14.0469
    endloop
  endfacet
  facet normal -0.331101 0.698946 0.633914
    outer loop
      vertex 171.006 -1.13338 14.0469
      vertex 170.959 -1.04554 13.9255
      vertex 170.854 -1.09528 13.9255
    endloop
  endfacet
  facet normal -0.259541 0.728489 0.633989
    outer loop
      vertex 170.773 -1.22979 14.0469
      vertex 170.854 -1.09528 13.9255
      vertex 170.744 -1.13447 13.9255
    endloop
  endfacet
  facet normal -0.1877 0.750269 0.633929
    outer loop
      vertex 170.773 -1.22979 14.0469
      vertex 170.744 -1.13447 13.9255
      vertex 170.631 -1.16274 13.9255
    endloop
  endfacet
  facet normal -0.172471 0.686653 0.70623
    outer loop
      vertex 170.631 -1.16274 13.9255
      vertex 170.712 -1.02823 13.8145
      vertex 170.61 -1.05385 13.8145
    endloop
  endfacet
  facet normal -0.187532 0.523717 0.830995
    outer loop
      vertex 170.765 -0.880567 13.7149
      vertex 170.715 -0.75995 13.6276
      vertex 170.677 -0.912078 13.7149
    endloop
  endfacet
  facet normal 0.380637 0.050922 0.923321
    outer loop
      vertex 169.871 -0.105158 13.4935
      vertex 169.864 -0.0528336 13.4935
      vertex 169.729 -0.133458 13.5536
    endloop
  endfacet
  facet normal 0.0965778 0.0169517 0.995181
    outer loop
      vertex 170.17 -0.0458002 13.4173
      vertex 170.322 -0.00769424 13.4019
      vertex 170.166 -0.0230112 13.4173
    endloop
  endfacet
  facet normal 0.425311 0.203994 0.881758
    outer loop
      vertex 169.675 -0.387753 13.6276
      vertex 169.768 -0.261788 13.5536
      vertex 169.64 -0.314781 13.6276
    endloop
  endfacet
  facet normal 0.372704 0.412511 0.83122
    outer loop
      vertex 169.878 -0.63585 13.6276
      vertex 169.818 -0.58164 13.6276
      vertex 169.795 -0.736771 13.7149
    endloop
  endfacet
  facet normal 0.214151 0.196969 0.956735
    outer loop
      vertex 170.125 -0.2749 13.4479
      vertex 170.099 -0.246632 13.4479
      vertex 170.019 -0.381146 13.4935
    endloop
  endfacet
  facet normal 0.345422 0.166145 0.923623
    outer loop
      vertex 169.925 -0.254093 13.4935
      vertex 169.902 -0.206275 13.4935
      vertex 169.768 -0.261788 13.5536
    endloop
  endfacet
  facet normal 0.150573 0.249155 0.956687
    outer loop
      vertex 170.146 -0.475376 13.4935
      vertex 170.184 -0.323249 13.4479
      vertex 170.101 -0.448181 13.4935
    endloop
  endfacet
  facet normal 0.226097 0.308542 0.923949
    outer loop
      vertex 170.101 -0.448181 13.4935
      vertex 170.058 -0.416671 13.4935
      vertex 170.02 -0.568798 13.5536
    endloop
  endfacet
  facet normal 0.466041 0.0701804 0.881975
    outer loop
      vertex 169.729 -0.133458 13.5536
      vertex 169.719 -0.0670519 13.5536
      vertex 169.581 -0.0806246 13.6276
    endloop
  endfacet
  facet normal 0.470861 0.021067 0.881956
    outer loop
      vertex 169.719 -0.0670519 13.5536
      vertex 169.716 0 13.5536
      vertex 169.581 -0.0806246 13.6276
    endloop
  endfacet
  facet normal 0.854545 0.217224 0.47177
    outer loop
      vertex 169.016 -0.419863 14.3159
      vertex 169.087 -0.398376 14.1774
      vertex 168.981 -0.282175 14.3159
    endloop
  endfacet
  facet normal 0.5245 0.184627 0.831151
    outer loop
      vertex 169.519 -0.364742 13.7149
      vertex 169.613 -0.238777 13.6276
      vertex 169.488 -0.276675 13.7149
    endloop
  endfacet
  facet normal -0.516971 0.573768 0.635241
    outer loop
      vertex 171.309 -0.908725 14.0469
      vertex 171.238 -0.83829 13.9255
      vertex 171.215 -0.99342 14.0469
    endloop
  endfacet
  facet normal -0.574283 0.516231 0.635377
    outer loop
      vertex 171.309 -0.908725 14.0469
      vertex 171.393 -0.815279 14.0469
      vertex 171.238 -0.83829 13.9255
    endloop
  endfacet
  facet normal -0.378561 0.509567 0.772679
    outer loop
      vertex 171.082 -0.830595 13.8145
      vertex 171.005 -0.736771 13.7149
      vertex 170.93 -0.792489 13.7149
    endloop
  endfacet
  facet normal -0.3629 0.606693 0.707267
    outer loop
      vertex 171.059 -0.985724 13.9255
      vertex 170.997 -0.893409 13.8145
      vertex 170.959 -1.04554 13.9255
    endloop
  endfacet
  facet normal -0.331284 0.445929 0.831503
    outer loop
      vertex 170.93 -0.792489 13.7149
      vertex 171.005 -0.736771 13.7149
      vertex 170.857 -0.683937 13.6276
    endloop
  endfacet
  facet normal -0.449861 0.32934 0.830157
    outer loop
      vertex 171.137 -0.604651 13.7149
      vertex 171.192 -0.529524 13.7149
      vertex 171.084 -0.456992 13.6276
    endloop
  endfacet
  facet normal -0.542602 0.329966 0.772467
    outer loop
      vertex 171.293 -0.596956 13.8145
      vertex 171.348 -0.506513 13.8145
      vertex 171.241 -0.449297 13.7149
    endloop
  endfacet
  facet normal -0.574181 0.271062 0.772555
    outer loop
      vertex 171.348 -0.506513 13.8145
      vertex 171.393 -0.411191 13.8145
      vertex 171.241 -0.449297 13.7149
    endloop
  endfacet
  facet normal -0.641233 0.302716 0.705113
    outer loop
      vertex 171.495 -0.453679 13.9255
      vertex 171.393 -0.411191 13.8145
      vertex 171.348 -0.506513 13.8145
    endloop
  endfacet
  facet normal -0.751248 0.193046 0.631157
    outer loop
      vertex 171.66 -0.250716 14.0469
      vertex 171.563 -0.231283 13.9255
      vertex 171.534 -0.344138 13.9255
    endloop
  endfacet
  facet normal -0.756488 0.451862 0.472807
    outer loop
      vertex 171.603 -0.803567 14.3159
      vertex 171.61 -0.646928 14.1774
      vertex 171.541 -0.762445 14.1774
    endloop
  endfacet
  facet normal -0.78275 0.277779 0.556903
    outer loop
      vertex 171.668 -0.525181 14.1774
      vertex 171.713 -0.398376 14.1774
      vertex 171.587 -0.491798 14.0469
    endloop
  endfacet
  facet normal -0.707071 0.645355 -0.289079
    outer loop
      vertex 171.6 -0.98461 15.3888
      vertex 171.497 -1.09746 15.3888
      vertex 171.465 -1.06524 15.539
    endloop
  endfacet
  facet normal -0.50501 0.841157 -0.19344
    outer loop
      vertex 171.279 -1.31595 15.2348
      vertex 171.146 -1.3958 15.2348
      vertex 171.132 -1.36879 15.3888
    endloop
  endfacet
  facet normal -0.741959 0.670445 0
    outer loop
      vertex 171.53 -1.13001 14.9215
      vertex 171.635 -1.01381 15.0785
      vertex 171.635 -1.01381 14.9215
    endloop
  endfacet
  facet normal -0.741959 0.670445 0
    outer loop
      vertex 171.635 -1.01381 15.0785
      vertex 171.53 -1.13001 14.9215
      vertex 171.53 -1.13001 15.0785
    endloop
  endfacet
  facet normal -0.583708 0.788624 0.19328
    outer loop
      vertex 171.404 -1.22343 14.7652
      vertex 171.385 -1.19975 14.6112
      vertex 171.279 -1.31595 14.7652
    endloop
  endfacet
  facet normal -0.506109 0.840176 0.194826
    outer loop
      vertex 171.279 -1.31595 14.7652
      vertex 171.262 -1.29048 14.6112
      vertex 171.132 -1.36879 14.6112
    endloop
  endfacet
  facet normal -0.650865 0.593539 0.473378
    outer loop
      vertex 171.423 -1.02275 14.3159
      vertex 171.461 -0.870619 14.1774
      vertex 171.37 -0.970408 14.1774
    endloop
  endfacet
  facet normal -0.654969 0.591605 0.470127
    outer loop
      vertex 171.518 -0.917575 14.3159
      vertex 171.461 -0.870619 14.1774
      vertex 171.423 -1.02275 14.3159
    endloop
  endfacet
  facet normal -0.839326 0.507549 -0.194746
    outer loop
      vertex 171.769 -0.731631 15.3888
      vertex 171.796 -0.746071 15.2348
      vertex 171.69 -0.862272 15.3888
    endloop
  endfacet
  facet normal -0.899887 0.425284 0.0966277
    outer loop
      vertex 171.876 -0.611555 14.9215
      vertex 171.862 -0.605666 14.7652
      vertex 171.809 -0.753325 14.9215
    endloop
  endfacet
  facet normal -0.887946 0.417396 0.193216
    outer loop
      vertex 171.862 -0.605666 14.7652
      vertex 171.834 -0.593944 14.6112
      vertex 171.796 -0.746071 14.7652
    endloop
  endfacet
  facet normal -0.922452 0.334318 0.193166
    outer loop
      vertex 171.862 -0.605666 14.7652
      vertex 171.915 -0.459428 14.7652
      vertex 171.834 -0.593944 14.6112
    endloop
  endfacet
  facet normal 0.599125 0.210895 0.772381
    outer loop
      vertex 169.519 -0.364742 13.7149
      vertex 169.488 -0.276675 13.7149
      vertex 169.372 -0.311909 13.8145
    endloop
  endfacet
  facet normal 0.831478 0.0370878 0.554319
    outer loop
      vertex 169.034 -0.134515 14.1774
      vertex 169.115 0 14.0469
      vertex 169.028 0 14.1774
    endloop
  endfacet
  facet normal -0.146624 0.128836 0.980766
    outer loop
      vertex 170.675 -0.2749 13.4479
      vertex 170.581 -0.148935 13.4173
      vertex 170.566 -0.166006 13.4173
    endloop
  endfacet
  facet normal -0.290817 0.0165132 0.956636
    outer loop
      vertex 170.936 -0.0528336 13.4935
      vertex 170.939 0 13.4935
      vertex 170.789 0 13.4479
    endloop
  endfacet
  facet normal -0.549905 0.0832091 0.831072
    outer loop
      vertex 171.335 -0.185944 13.7149
      vertex 171.349 -0.0934219 13.7149
      vertex 171.219 -0.0806246 13.6276
    endloop
  endfacet
  facet normal -0.280626 0.37893 0.881851
    outer loop
      vertex 170.922 -0.63585 13.6276
      vertex 170.834 -0.528807 13.5536
      vertex 170.78 -0.568798 13.5536
    endloop
  endfacet
  facet normal -0.183904 0.066554 0.980688
    outer loop
      vertex 170.759 -0.148775 13.4479
      vertex 170.772 -0.112853 13.4479
      vertex 170.625 -0.0681496 13.4173
    endloop
  endfacet
  facet normal 0.0283802 0.193062 0.980776
    outer loop
      vertex 170.377 -0.233638 13.4173
      vertex 170.354 -0.230257 13.4173
      vertex 170.324 -0.381298 13.4479
    endloop
  endfacet
  facet normal 0.00957465 0.194882 0.98078
    outer loop
      vertex 170.4 -0.388768 13.4479
      vertex 170.4 -0.234768 13.4173
      vertex 170.377 -0.233638 13.4173
    endloop
  endfacet
  facet normal -0.511973 0.374784 0.77293
    outer loop
      vertex 171.231 -0.681651 13.8145
      vertex 171.293 -0.596956 13.8145
      vertex 171.137 -0.604651 13.7149
    endloop
  endfacet
  facet normal -0.525019 0.477101 0.70479
    outer loop
      vertex 171.316 -0.752087 13.9255
      vertex 171.231 -0.681651 13.8145
      vertex 171.16 -0.759782 13.8145
    endloop
  endfacet
  facet normal -0.281586 0.258639 0.924021
    outer loop
      vertex 170.884 -0.483723 13.5536
      vertex 170.817 -0.341952 13.4935
      vertex 170.781 -0.381146 13.4935
    endloop
  endfacet
  facet normal -0.41215 0.374655 0.830521
    outer loop
      vertex 171.074 -0.673956 13.7149
      vertex 171.137 -0.604651 13.7149
      vertex 170.982 -0.58164 13.6276
    endloop
  endfacet
  facet normal -0.630146 0.0953506 0.7706
    outer loop
      vertex 171.469 -0.105318 13.8145
      vertex 171.349 -0.0934219 13.7149
      vertex 171.335 -0.185944 13.7149
    endloop
  endfacet
  facet normal -0.196131 0.329594 0.923526
    outer loop
      vertex 170.722 -0.603312 13.5536
      vertex 170.78 -0.568798 13.5536
      vertex 170.654 -0.475376 13.4935
    endloop
  endfacet
  facet normal -0.128512 0.360583 0.923832
    outer loop
      vertex 170.662 -0.632014 13.5536
      vertex 170.606 -0.497993 13.4935
      vertex 170.556 -0.515813 13.4935
    endloop
  endfacet
  facet normal -0.201294 0.425754 0.882165
    outer loop
      vertex 170.788 -0.725436 13.6276
      vertex 170.722 -0.603312 13.5536
      vertex 170.715 -0.75995 13.6276
    endloop
  endfacet
  facet normal -0.0918257 0.371536 0.923866
    outer loop
      vertex 170.599 -0.654631 13.5536
      vertex 170.556 -0.515813 13.4935
      vertex 170.533 -0.670943 13.5536
    endloop
  endfacet
  facet normal -0.371765 0.09134 0.923822
    outer loop
      vertex 171.055 -0.19858 13.5536
      vertex 171.071 -0.133458 13.5536
      vertex 170.916 -0.15647 13.4935
    endloop
  endfacet
  facet normal -0.466041 0.0701804 0.881975
    outer loop
      vertex 171.219 -0.0806246 13.6276
      vertex 171.081 -0.0670519 13.5536
      vertex 171.071 -0.133458 13.5536
    endloop
  endfacet
  facet normal -0.196568 0.214812 0.95667
    outer loop
      vertex 170.742 -0.416671 13.4935
      vertex 170.675 -0.2749 13.4479
      vertex 170.647 -0.300522 13.4479
    endloop
  endfacet
  facet normal -0.235951 0.169389 0.956888
    outer loop
      vertex 170.848 -0.299465 13.4935
      vertex 170.723 -0.215987 13.4479
      vertex 170.701 -0.246632 13.4479
    endloop
  endfacet
  facet normal -0.69826 0.103148 -0.708373
    outer loop
      vertex 171.58 -0.116201 16.0745
      vertex 171.563 -0.231283 16.0745
      vertex 171.469 -0.105318 16.1855
    endloop
  endfacet
  facet normal -0.767284 0.113344 -0.631212
    outer loop
      vertex 171.58 -0.116201 16.0745
      vertex 171.66 -0.250716 15.9531
      vertex 171.563 -0.231283 16.0745
    endloop
  endfacet
  facet normal -0.831398 0.0396017 -0.554265
    outer loop
      vertex 171.685 0 15.9531
      vertex 171.772 0 15.8226
      vertex 171.679 -0.125964 15.9531
    endloop
  endfacet
  facet normal -0.929374 0.233306 -0.286065
    outer loop
      vertex 171.878 -0.293898 15.539
      vertex 171.922 -0.30279 15.3888
      vertex 171.842 -0.437304 15.539
    endloop
  endfacet
  facet normal -0.896128 0.22496 -0.382555
    outer loop
      vertex 171.878 -0.293898 15.539
      vertex 171.842 -0.437304 15.539
      vertex 171.819 -0.282175 15.6841
    endloop
  endfacet
  facet normal -0.946158 0.135869 -0.29381
    outer loop
      vertex 171.899 -0.147659 15.539
      vertex 171.945 -0.152127 15.3888
      vertex 171.878 -0.293898 15.539
    endloop
  endfacet
  facet normal -0.954806 0.045264 -0.293764
    outer loop
      vertex 171.906 0 15.539
      vertex 171.945 -0.152127 15.3888
      vertex 171.899 -0.147659 15.539
    endloop
  endfacet
  facet normal -0.854335 0.215806 -0.472799
    outer loop
      vertex 171.746 -0.267735 15.8226
      vertex 171.819 -0.282175 15.6841
      vertex 171.713 -0.398376 15.8226
    endloop
  endfacet
  facet normal -0.854545 0.217224 -0.47177
    outer loop
      vertex 171.819 -0.282175 15.6841
      vertex 171.784 -0.419863 15.6841
      vertex 171.713 -0.398376 15.8226
    endloop
  endfacet
  facet normal -0.396792 0.834889 -0.381467
    outer loop
      vertex 171.082 -1.2756 15.6841
      vertex 171.11 -1.32859 15.539
      vertex 170.977 -1.3918 15.539
    endloop
  endfacet
  facet normal -0.428398 0.713666 -0.554217
    outer loop
      vertex 171.114 -1.06855 15.9531
      vertex 171.162 -1.14108 15.8226
      vertex 171.006 -1.13338 15.9531
    endloop
  endfacet
  facet normal -0.493462 0.670415 -0.55411
    outer loop
      vertex 171.271 -1.06085 15.8226
      vertex 171.162 -1.14108 15.8226
      vertex 171.114 -1.06855 15.9531
    endloop
  endfacet
  facet normal -0.330818 0.6993 -0.633671
    outer loop
      vertex 171.006 -1.13338 15.9531
      vertex 170.892 -1.18731 15.9531
      vertex 170.854 -1.09528 16.0745
    endloop
  endfacet
  facet normal -0.476249 0.524585 -0.705689
    outer loop
      vertex 171.16 -0.759782 16.1855
      vertex 171.238 -0.83829 16.0745
      vertex 171.082 -0.830595 16.1855
    endloop
  endfacet
  facet normal -0.476348 0.524331 -0.705811
    outer loop
      vertex 171.238 -0.83829 16.0745
      vertex 171.152 -0.91642 16.0745
      vertex 171.082 -0.830595 16.1855
    endloop
  endfacet
  facet normal -0.574283 0.516231 -0.635377
    outer loop
      vertex 171.393 -0.815279 15.9531
      vertex 171.309 -0.908725 15.9531
      vertex 171.238 -0.83829 16.0745
    endloop
  endfacet
  facet normal -0.619663 0.557025 -0.552938
    outer loop
      vertex 171.393 -0.815279 15.9531
      vertex 171.37 -0.970408 15.8226
      vertex 171.309 -0.908725 15.9531
    endloop
  endfacet
  facet normal -0.78275 0.277779 -0.556903
    outer loop
      vertex 171.713 -0.398376 15.8226
      vertex 171.668 -0.525181 15.8226
      vertex 171.587 -0.491798 15.9531
    endloop
  endfacet
  facet normal -0.792515 0.475196 -0.382241
    outer loop
      vertex 171.676 -0.68182 15.6841
      vertex 171.729 -0.710145 15.539
      vertex 171.603 -0.803567 15.6841
    endloop
  endfacet
  facet normal -0.797836 0.594784 -0.098433
    outer loop
      vertex 171.716 -0.879291 15.2348
      vertex 171.635 -1.01381 15.0785
      vertex 171.623 -1.00404 15.2348
    endloop
  endfacet
  facet normal -0.786886 0.586621 -0.191535
    outer loop
      vertex 171.716 -0.879291 15.2348
      vertex 171.623 -1.00404 15.2348
      vertex 171.6 -0.98461 15.3888
    endloop
  endfacet
  facet normal -0.0380264 0.772515 -0.633857
    outer loop
      vertex 170.4 -1.18552 16.0745
      vertex 170.516 -1.17981 16.0745
      vertex 170.4 -1.28513 15.9531
    endloop
  endfacet
  facet normal -0.0430774 0.881129 -0.470911
    outer loop
      vertex 170.4 -1.37236 15.8226
      vertex 170.535 -1.36576 15.8226
      vertex 170.4 -1.44638 15.6841
    endloop
  endfacet
  facet normal 0.296312 0.830318 -0.471987
    outer loop
      vertex 169.875 -1.2679 15.8226
      vertex 169.98 -1.3841 15.6841
      vertex 169.846 -1.33628 15.6841
    endloop
  endfacet
  facet normal -0.143612 0.970265 -0.194835
    outer loop
      vertex 170.703 -1.52223 15.3888
      vertex 170.555 -1.57506 15.2348
      vertex 170.552 -1.54458 15.3888
    endloop
  endfacet
  facet normal -0.365312 0.606506 -0.706185
    outer loop
      vertex 170.997 -0.893409 16.1855
      vertex 170.959 -1.04554 16.0745
      vertex 170.907 -0.947618 16.1855
    endloop
  endfacet
  facet normal -0.300933 0.640794 -0.706273
    outer loop
      vertex 170.907 -0.947618 16.1855
      vertex 170.959 -1.04554 16.0745
      vertex 170.811 -0.992702 16.1855
    endloop
  endfacet
  facet normal -0.153862 0.616069 -0.772519
    outer loop
      vertex 170.677 -0.912078 16.2851
      vertex 170.712 -1.02823 16.1855
      vertex 170.586 -0.934805 16.2851
    endloop
  endfacet
  facet normal -0.134705 0.539367 -0.831227
    outer loop
      vertex 170.677 -0.912078 16.2851
      vertex 170.586 -0.934805 16.2851
      vertex 170.56 -0.806759 16.3724
    endloop
  endfacet
  facet normal -0.239143 0.502302 -0.830965
    outer loop
      vertex 170.849 -0.840575 16.2851
      vertex 170.765 -0.880567 16.2851
      vertex 170.715 -0.75995 16.3724
    endloop
  endfacet
  facet normal -0.214511 0.597742 -0.772457
    outer loop
      vertex 170.811 -0.992702 16.1855
      vertex 170.712 -1.02823 16.1855
      vertex 170.677 -0.912078 16.2851
    endloop
  endfacet
  facet normal -0.377738 0.511156 -0.772032
    outer loop
      vertex 171.082 -0.830595 16.1855
      vertex 170.997 -0.893409 16.1855
      vertex 170.93 -0.792489 16.2851
    endloop
  endfacet
  facet normal -0.378561 0.509567 -0.772679
    outer loop
      vertex 171.005 -0.736771 16.2851
      vertex 171.082 -0.830595 16.1855
      vertex 170.93 -0.792489 16.2851
    endloop
  endfacet
  facet normal -0.28437 0.479015 -0.830469
    outer loop
      vertex 170.93 -0.792489 16.2851
      vertex 170.849 -0.840575 16.2851
      vertex 170.788 -0.725436 16.3724
    endloop
  endfacet
  facet normal -0.187397 0.523705 -0.831033
    outer loop
      vertex 170.715 -0.75995 16.3724
      vertex 170.677 -0.912078 16.2851
      vertex 170.639 -0.787145 16.3724
    endloop
  endfacet
  facet normal -0.128512 0.360583 -0.923832
    outer loop
      vertex 170.606 -0.497993 16.5065
      vertex 170.662 -0.632014 16.4464
      vertex 170.556 -0.515813 16.5065
    endloop
  endfacet
  facet normal -0.330696 0.447007 -0.831159
    outer loop
      vertex 170.922 -0.63585 16.3724
      vertex 171.005 -0.736771 16.2851
      vertex 170.857 -0.683937 16.3724
    endloop
  endfacet
  facet normal -0.12966 0.872715 -0.470699
    outer loop
      vertex 170.668 -1.346 15.8226
      vertex 170.542 -1.43942 15.6841
      vertex 170.535 -1.36576 15.8226
    endloop
  endfacet
  facet normal -0.12219 0.822434 -0.555582
    outer loop
      vertex 170.668 -1.346 15.8226
      vertex 170.535 -1.36576 15.8226
      vertex 170.526 -1.27894 15.9531
    endloop
  endfacet
  facet normal -0.0976706 0.273587 -0.956875
    outer loop
      vertex 170.549 -0.359175 16.552
      vertex 170.556 -0.515813 16.5065
      vertex 170.513 -0.372027 16.552
    endloop
  endfacet
  facet normal 0.0709647 0.281584 -0.956909
    outer loop
      vertex 170.287 -0.372027 16.552
      vertex 170.295 -0.528666 16.5065
      vertex 170.244 -0.515813 16.5065
    endloop
  endfacet
  facet normal -0.0285275 0.193649 -0.980656
    outer loop
      vertex 170.476 -0.381298 16.552
      vertex 170.438 -0.386896 16.552
      vertex 170.423 -0.233638 16.5827
    endloop
  endfacet
  facet normal 0.113233 0.458151 -0.881632
    outer loop
      vertex 170.201 -0.654631 16.4464
      vertex 170.267 -0.670943 16.4464
      vertex 170.161 -0.787145 16.3724
    endloop
  endfacet
  facet normal 0.0565704 0.379031 -0.923653
    outer loop
      vertex 170.347 -0.536427 16.5065
      vertex 170.333 -0.680794 16.4464
      vertex 170.295 -0.528666 16.5065
    endloop
  endfacet
  facet normal 0.0975225 0.273632 -0.956878
    outer loop
      vertex 170.287 -0.372027 16.552
      vertex 170.244 -0.515813 16.5065
      vertex 170.194 -0.497993 16.5065
    endloop
  endfacet
  facet normal 0.330696 0.447007 -0.831159
    outer loop
      vertex 169.878 -0.63585 16.3724
      vertex 169.943 -0.683937 16.3724
      vertex 169.795 -0.736771 16.2851
    endloop
  endfacet
  facet normal 0.475838 0.290626 -0.830129
    outer loop
      vertex 169.716 -0.456992 16.3724
      vertex 169.608 -0.529524 16.2851
      vertex 169.559 -0.449297 16.2851
    endloop
  endfacet
  facet normal -0.0812656 0.550692 -0.830743
    outer loop
      vertex 170.586 -0.934805 16.2851
      vertex 170.493 -0.948529 16.2851
      vertex 170.481 -0.818604 16.3724
    endloop
  endfacet
  facet normal -0.0824528 0.549917 -0.831139
    outer loop
      vertex 170.56 -0.806759 16.3724
      vertex 170.586 -0.934805 16.2851
      vertex 170.481 -0.818604 16.3724
    endloop
  endfacet
  facet normal -0.1877 0.750269 -0.633929
    outer loop
      vertex 170.744 -1.13447 16.0745
      vertex 170.773 -1.22979 15.9531
      vertex 170.631 -1.16274 16.0745
    endloop
  endfacet
  facet normal -0.171744 0.686491 -0.706565
    outer loop
      vertex 170.712 -1.02823 16.1855
      vertex 170.744 -1.13447 16.0745
      vertex 170.631 -1.16274 16.0745
    endloop
  endfacet
  facet normal -0.310582 0.870306 -0.382238
    outer loop
      vertex 170.954 -1.33628 15.6841
      vertex 170.977 -1.3918 15.539
      vertex 170.82 -1.3841 15.6841
    endloop
  endfacet
  facet normal -0.309805 0.870937 -0.381431
    outer loop
      vertex 170.977 -1.3918 15.539
      vertex 170.837 -1.4416 15.539
      vertex 170.82 -1.3841 15.6841
    endloop
  endfacet
  facet normal -0.323297 0.901022 -0.289202
    outer loop
      vertex 170.977 -1.3918 15.539
      vertex 170.994 -1.43391 15.3888
      vertex 170.851 -1.48522 15.3888
    endloop
  endfacet
  facet normal -0.320577 0.901219 -0.291606
    outer loop
      vertex 170.977 -1.3918 15.539
      vertex 170.851 -1.48522 15.3888
      vertex 170.837 -1.4416 15.539
    endloop
  endfacet
  facet normal -0.232153 0.928362 -0.290256
    outer loop
      vertex 170.851 -1.48522 15.3888
      vertex 170.703 -1.52223 15.3888
      vertex 170.694 -1.47752 15.539
    endloop
  endfacet
  facet normal -0.233064 0.927844 -0.291181
    outer loop
      vertex 170.837 -1.4416 15.539
      vertex 170.851 -1.48522 15.3888
      vertex 170.694 -1.47752 15.539
    endloop
  endfacet
  facet normal 0.0481448 0.979654 -0.194833
    outer loop
      vertex 170.248 -1.54458 15.3888
      vertex 170.4 -1.55205 15.3888
      vertex 170.245 -1.57506 15.2348
    endloop
  endfacet
  facet normal -0.14613 0.984364 -0.0983539
    outer loop
      vertex 170.712 -1.56737 15.0785
      vertex 170.557 -1.59038 15.0785
      vertex 170.555 -1.57506 15.2348
    endloop
  endfacet
  facet normal -0.538754 0.137607 -0.831149
    outer loop
      vertex 171.207 -0.160474 16.3724
      vertex 171.312 -0.276675 16.2851
      vertex 171.187 -0.238777 16.3724
    endloop
  endfacet
  facet normal -0.443079 0.161227 -0.881865
    outer loop
      vertex 171.055 -0.19858 16.4464
      vertex 171.16 -0.314781 16.3724
      vertex 171.032 -0.261788 16.4464
    endloop
  endfacet
  facet normal -0.470861 0.021067 -0.881956
    outer loop
      vertex 171.084 0 16.4464
      vertex 171.219 -0.0806246 16.3724
      vertex 171.081 -0.0670519 16.4464
    endloop
  endfacet
  facet normal -0.381411 0.0170649 -0.924248
    outer loop
      vertex 171.084 0 16.4464
      vertex 171.081 -0.0670519 16.4464
      vertex 170.936 -0.0528336 16.5065
    endloop
  endfacet
  facet normal -0.466004 0.0700324 -0.882007
    outer loop
      vertex 171.219 -0.0806246 16.3724
      vertex 171.207 -0.160474 16.3724
      vertex 171.071 -0.133458 16.4464
    endloop
  endfacet
  facet normal -0.550245 0.0826923 -0.830899
    outer loop
      vertex 171.219 -0.0806246 16.3724
      vertex 171.335 -0.185944 16.2851
      vertex 171.207 -0.160474 16.3724
    endloop
  endfacet
  facet normal -0.249973 0.148754 -0.956758
    outer loop
      vertex 170.875 -0.254093 16.5065
      vertex 170.848 -0.299465 16.5065
      vertex 170.743 -0.183264 16.552
    endloop
  endfacet
  facet normal -0.329106 0.195845 -0.923761
    outer loop
      vertex 170.875 -0.254093 16.5065
      vertex 171.003 -0.322476 16.4464
      vertex 170.848 -0.299465 16.5065
    endloop
  endfacet
  facet normal -0.234646 0.171206 -0.956885
    outer loop
      vertex 170.848 -0.299465 16.5065
      vertex 170.817 -0.341952 16.5065
      vertex 170.701 -0.246632 16.552
    endloop
  endfacet
  facet normal -0.15027 0.248655 -0.956865
    outer loop
      vertex 170.699 -0.448181 16.5065
      vertex 170.654 -0.475376 16.5065
      vertex 170.616 -0.323249 16.552
    endloop
  endfacet
  facet normal -0.379244 0.280762 -0.881673
    outer loop
      vertex 171.084 -0.456992 16.3724
      vertex 171.036 -0.521829 16.3724
      vertex 170.929 -0.43398 16.4464
    endloop
  endfacet
  facet normal -0.307166 0.227859 -0.923975
    outer loop
      vertex 170.969 -0.380058 16.4464
      vertex 170.929 -0.43398 16.4464
      vertex 170.848 -0.299465 16.5065
    endloop
  endfacet
  facet normal -0.280865 0.0711578 -0.957106
    outer loop
      vertex 170.929 -0.105158 16.5065
      vertex 170.916 -0.15647 16.5065
      vertex 170.772 -0.112853 16.552
    endloop
  endfacet
  facet normal -0.280792 0.0682855 -0.957337
    outer loop
      vertex 170.781 -0.0758448 16.552
      vertex 170.929 -0.105158 16.5065
      vertex 170.772 -0.112853 16.552
    endloop
  endfacet
  facet normal -0.272535 0.0986293 -0.957077
    outer loop
      vertex 170.772 -0.112853 16.552
      vertex 170.916 -0.15647 16.5065
      vertex 170.759 -0.148775 16.552
    endloop
  endfacet
  facet normal -0.184482 0.0667631 -0.980566
    outer loop
      vertex 170.772 -0.112853 16.552
      vertex 170.759 -0.148775 16.552
      vertex 170.625 -0.0681496 16.5827
    endloop
  endfacet
  facet normal -0.193267 0.0307262 -0.980665
    outer loop
      vertex 170.787 -0.038105 16.552
      vertex 170.781 -0.0758448 16.552
      vertex 170.63 -0.0458002 16.5827
    endloop
  endfacet
  facet normal -0.97019 0.242344 0
    outer loop
      vertex 171.929 -0.463896 14.9215
      vertex 171.967 -0.311768 15.0785
      vertex 171.967 -0.311768 14.9215
    endloop
  endfacet
  facet normal -0.97019 0.242344 0
    outer loop
      vertex 171.967 -0.311768 15.0785
      vertex 171.929 -0.463896 14.9215
      vertex 171.929 -0.463896 15.0785
    endloop
  endfacet
  facet normal -0.829874 0.298062 0.471665
    outer loop
      vertex 171.736 -0.553506 14.3159
      vertex 171.784 -0.419863 14.3159
      vertex 171.713 -0.398376 14.1774
    endloop
  endfacet
  facet normal -0.865801 0.40814 0.2895
    outer loop
      vertex 171.834 -0.593944 14.6112
      vertex 171.792 -0.576501 14.461
      vertex 171.729 -0.710145 14.461
    endloop
  endfacet
  facet normal -0.872381 0.124266 0.472767
    outer loop
      vertex 171.819 -0.282175 14.3159
      vertex 171.839 -0.141769 14.3159
      vertex 171.746 -0.267735 14.1774
    endloop
  endfacet
  facet normal -0.914219 0.131282 0.383366
    outer loop
      vertex 171.878 -0.293898 14.461
      vertex 171.899 -0.147659 14.461
      vertex 171.839 -0.141769 14.3159
    endloop
  endfacet
  facet normal -0.969642 0.148024 0.194635
    outer loop
      vertex 171.952 -0.308765 14.7652
      vertex 171.945 -0.152127 14.6112
      vertex 171.922 -0.30279 14.6112
    endloop
  endfacet
  facet normal -0.951499 0.238284 0.194602
    outer loop
      vertex 171.952 -0.308765 14.7652
      vertex 171.922 -0.30279 14.6112
      vertex 171.885 -0.450536 14.6112
    endloop
  endfacet
  facet normal -0.955239 0.0439546 0.29255
    outer loop
      vertex 171.945 -0.152127 14.6112
      vertex 171.952 0 14.6112
      vertex 171.906 0 14.461
    endloop
  endfacet
  facet normal -0.979339 0.0450635 0.19714
    outer loop
      vertex 171.983 0 14.7652
      vertex 171.952 0 14.6112
      vertex 171.945 -0.152127 14.6112
    endloop
  endfacet
  facet normal -0.830358 0.0370378 0.555999
    outer loop
      vertex 171.766 -0.134515 14.1774
      vertex 171.772 0 14.1774
      vertex 171.679 -0.125964 14.0469
    endloop
  endfacet
  facet normal -0.805144 0.20338 0.557117
    outer loop
      vertex 171.713 -0.398376 14.1774
      vertex 171.746 -0.267735 14.1774
      vertex 171.66 -0.250716 14.0469
    endloop
  endfacet
  facet normal -0.628565 0.0903933 0.772486
    outer loop
      vertex 171.454 -0.209623 13.8145
      vertex 171.469 -0.105318 13.8145
      vertex 171.335 -0.185944 13.7149
    endloop
  endfacet
  facet normal -0.615527 0.156034 0.772515
    outer loop
      vertex 171.454 -0.209623 13.8145
      vertex 171.335 -0.185944 13.7149
      vertex 171.312 -0.276675 13.7149
    endloop
  endfacet
  facet normal -0.0576408 0.0798 0.995143
    outer loop
      vertex 170.53 -0.195203 13.4173
      vertex 170.549 -0.181479 13.4173
      vertex 170.444 -0.0652771 13.4019
    endloop
  endfacet
  facet normal 0.900063 0.425367 0.0946029
    outer loop
      vertex 168.991 -0.753325 14.9215
      vertex 169.004 -0.746071 14.7652
      vertex 168.924 -0.611555 14.9215
    endloop
  endfacet
  facet normal 0.989187 0.14666 0
    outer loop
      vertex 168.833 -0.311768 15.0785
      vertex 168.81 -0.156638 14.9215
      vertex 168.81 -0.156638 15.0785
    endloop
  endfacet
  facet normal 0.989187 0.14666 0
    outer loop
      vertex 168.81 -0.156638 14.9215
      vertex 168.833 -0.311768 15.0785
      vertex 168.833 -0.311768 14.9215
    endloop
  endfacet
  facet normal 0.970178 0.148106 0.191883
    outer loop
      vertex 168.878 -0.30279 14.6112
      vertex 168.855 -0.152127 14.6112
      vertex 168.825 -0.155129 14.7652
    endloop
  endfacet
  facet normal 0.955239 0.0439546 0.29255
    outer loop
      vertex 168.855 -0.152127 14.6112
      vertex 168.894 0 14.461
      vertex 168.848 0 14.6112
    endloop
  endfacet
  facet normal 0.954806 0.045264 0.293764
    outer loop
      vertex 168.901 -0.147659 14.461
      vertex 168.894 0 14.461
      vertex 168.855 -0.152127 14.6112
    endloop
  endfacet
  facet normal 0.900832 0.323582 0.289475
    outer loop
      vertex 168.966 -0.593944 14.6112
      vertex 169.008 -0.576501 14.461
      vertex 168.958 -0.437304 14.461
    endloop
  endfacet
  facet normal 0.805144 0.20338 0.557117
    outer loop
      vertex 169.087 -0.398376 14.1774
      vertex 169.14 -0.250716 14.0469
      vertex 169.054 -0.267735 14.1774
    endloop
  endfacet
  facet normal 0.81919 0.495373 0.289022
    outer loop
      vertex 169.11 -0.862272 14.6112
      vertex 169.071 -0.710145 14.461
      vertex 169.031 -0.731631 14.6112
    endloop
  endfacet
  facet normal 0.840387 0.504661 0.197655
    outer loop
      vertex 169.084 -0.879291 14.7652
      vertex 169.11 -0.862272 14.6112
      vertex 169.004 -0.746071 14.7652
    endloop
  endfacet
  facet normal 0.855617 0.508857 0.094781
    outer loop
      vertex 169.071 -0.887841 14.9215
      vertex 169.004 -0.746071 14.7652
      vertex 168.991 -0.753325 14.9215
    endloop
  endfacet
  facet normal 0.85309 0.51229 0.0989779
    outer loop
      vertex 169.071 -0.887841 14.9215
      vertex 169.084 -0.879291 14.7652
      vertex 169.004 -0.746071 14.7652
    endloop
  endfacet
  facet normal 0.904118 0.427283 0
    outer loop
      vertex 168.991 -0.753325 15.0785
      vertex 168.924 -0.611555 14.9215
      vertex 168.924 -0.611555 15.0785
    endloop
  endfacet
  facet normal 0.904118 0.427283 0
    outer loop
      vertex 168.924 -0.611555 14.9215
      vertex 168.991 -0.753325 15.0785
      vertex 168.991 -0.753325 14.9215
    endloop
  endfacet
  facet normal 0.881318 0.0393109 0.470885
    outer loop
      vertex 169.034 -0.134515 14.1774
      vertex 169.028 0 14.1774
      vertex 168.954 0 14.3159
    endloop
  endfacet
  facet normal 0.875035 0.124643 0.467738
    outer loop
      vertex 168.981 -0.282175 14.3159
      vertex 169.034 -0.134515 14.1774
      vertex 168.961 -0.141769 14.3159
    endloop
  endfacet
  facet normal 0.542602 0.329966 0.772467
    outer loop
      vertex 169.507 -0.596956 13.8145
      vertex 169.559 -0.449297 13.7149
      vertex 169.452 -0.506513 13.8145
    endloop
  endfacet
  facet normal 0.604365 0.367525 0.706873
    outer loop
      vertex 169.507 -0.596956 13.8145
      vertex 169.452 -0.506513 13.8145
      vertex 169.354 -0.55885 13.9255
    endloop
  endfacet
  facet normal 0.511968 0.374809 0.772921
    outer loop
      vertex 169.663 -0.604651 13.7149
      vertex 169.608 -0.529524 13.7149
      vertex 169.507 -0.596956 13.8145
    endloop
  endfacet
  facet normal 0.541453 0.330702 0.772958
    outer loop
      vertex 169.608 -0.529524 13.7149
      vertex 169.559 -0.449297 13.7149
      vertex 169.507 -0.596956 13.8145
    endloop
  endfacet
  facet normal 0.511973 0.374784 0.77293
    outer loop
      vertex 169.569 -0.681651 13.8145
      vertex 169.663 -0.604651 13.7149
      vertex 169.507 -0.596956 13.8145
    endloop
  endfacet
  facet normal 0.469524 0.426671 0.772981
    outer loop
      vertex 169.64 -0.759782 13.8145
      vertex 169.663 -0.604651 13.7149
      vertex 169.569 -0.681651 13.8145
    endloop
  endfacet
  facet normal 0.994118 0.0512666 -0.0954048
    outer loop
      vertex 168.817 0 15.2348
      vertex 168.825 -0.155129 15.2348
      vertex 168.802 0 15.0785
    endloop
  endfacet
  facet normal 0.994096 0.0507716 -0.0958929
    outer loop
      vertex 168.825 -0.155129 15.2348
      vertex 168.81 -0.156638 15.0785
      vertex 168.802 0 15.0785
    endloop
  endfacet
  facet normal 0.948522 0.136208 -0.285926
    outer loop
      vertex 168.901 -0.147659 15.539
      vertex 168.922 -0.293898 15.539
      vertex 168.878 -0.30279 15.3888
    endloop
  endfacet
  facet normal 0.929374 0.233306 -0.286065
    outer loop
      vertex 168.922 -0.293898 15.539
      vertex 168.958 -0.437304 15.539
      vertex 168.878 -0.30279 15.3888
    endloop
  endfacet
  facet normal 0.923379 0.32838 -0.19884
    outer loop
      vertex 168.915 -0.450536 15.3888
      vertex 168.966 -0.593944 15.3888
      vertex 168.885 -0.459428 15.2348
    endloop
  endfacet
  facet normal 0.902642 0.321005 -0.286692
    outer loop
      vertex 168.958 -0.437304 15.539
      vertex 168.966 -0.593944 15.3888
      vertex 168.915 -0.450536 15.3888
    endloop
  endfacet
  facet normal 0.135979 0.913927 0.382422
    outer loop
      vertex 170.258 -1.43942 14.3159
      vertex 170.118 -1.41859 14.3159
      vertex 170.106 -1.47752 14.461
    endloop
  endfacet
  facet normal 0.129855 0.872763 0.470555
    outer loop
      vertex 170.258 -1.43942 14.3159
      vertex 170.132 -1.346 14.1774
      vertex 170.118 -1.41859 14.3159
    endloop
  endfacet
  facet normal 0.618736 0.463487 0.634307
    outer loop
      vertex 169.484 -0.752087 13.9255
      vertex 169.414 -0.65864 13.9255
      vertex 169.331 -0.713981 14.0469
    endloop
  endfacet
  facet normal 0.618617 0.464124 0.633957
    outer loop
      vertex 169.407 -0.815279 14.0469
      vertex 169.484 -0.752087 13.9255
      vertex 169.331 -0.713981 14.0469
    endloop
  endfacet
  facet normal 0.592915 0.653127 0.471039
    outer loop
      vertex 169.482 -1.11807 14.3159
      vertex 169.529 -1.06085 14.1774
      vertex 169.377 -1.02275 14.3159
    endloop
  endfacet
  facet normal 0.525481 0.708514 0.471038
    outer loop
      vertex 169.596 -1.20262 14.3159
      vertex 169.529 -1.06085 14.1774
      vertex 169.482 -1.11807 14.3159
    endloop
  endfacet
  facet normal 0.741625 0.549607 0.38461
    outer loop
      vertex 169.235 -0.955694 14.461
      vertex 169.282 -0.917575 14.3159
      vertex 169.147 -0.836949 14.461
    endloop
  endfacet
  facet normal 0.619663 0.557025 0.552938
    outer loop
      vertex 169.43 -0.970408 14.1774
      vertex 169.491 -0.908725 14.0469
      vertex 169.407 -0.815279 14.0469
    endloop
  endfacet
  facet normal 0.582242 0.789328 0.19482
    outer loop
      vertex 169.521 -1.31595 14.7652
      vertex 169.538 -1.29048 14.6112
      vertex 169.415 -1.19975 14.6112
    endloop
  endfacet
  facet normal 0.568052 0.770091 0.290305
    outer loop
      vertex 169.538 -1.29048 14.6112
      vertex 169.444 -1.16452 14.461
      vertex 169.415 -1.19975 14.6112
    endloop
  endfacet
  facet normal 0.792515 0.475196 0.382241
    outer loop
      vertex 169.197 -0.803567 14.3159
      vertex 169.124 -0.68182 14.3159
      vertex 169.071 -0.710145 14.461
    endloop
  endfacet
  facet normal 0.792552 0.475016 0.382389
    outer loop
      vertex 169.147 -0.836949 14.461
      vertex 169.197 -0.803567 14.3159
      vertex 169.071 -0.710145 14.461
    endloop
  endfacet
  facet normal 0.740794 0.552308 0.382335
    outer loop
      vertex 169.282 -0.917575 14.3159
      vertex 169.197 -0.803567 14.3159
      vertex 169.147 -0.836949 14.461
    endloop
  endfacet
  facet normal 0.717007 0.424206 0.553128
    outer loop
      vertex 169.331 -0.713981 14.0469
      vertex 169.267 -0.605806 14.0469
      vertex 169.259 -0.762445 14.1774
    endloop
  endfacet
  facet normal 0.622734 0.683703 0.380464
    outer loop
      vertex 169.444 -1.16452 14.461
      vertex 169.377 -1.02275 14.3159
      vertex 169.335 -1.06524 14.461
    endloop
  endfacet
  facet normal 0.644611 0.707721 0.28915
    outer loop
      vertex 169.444 -1.16452 14.461
      vertex 169.335 -1.06524 14.461
      vertex 169.303 -1.09746 14.6112
    endloop
  endfacet
  facet normal 0.512718 0.858557 -0
    outer loop
      vertex 169.647 -1.40937 14.9215
      vertex 169.512 -1.32875 15.0785
      vertex 169.647 -1.40937 15.0785
    endloop
  endfacet
  facet normal 0.512718 0.858557 0
    outer loop
      vertex 169.512 -1.32875 15.0785
      vertex 169.647 -1.40937 14.9215
      vertex 169.512 -1.32875 14.9215
    endloop
  endfacet
  facet normal 0.334561 0.937253 -0.0981132
    outer loop
      vertex 169.794 -1.46221 15.2348
      vertex 169.936 -1.52926 15.0785
      vertex 169.788 -1.47643 15.0785
    endloop
  endfacet
  facet normal 0.418513 0.886899 -0.195594
    outer loop
      vertex 169.806 -1.43391 15.3888
      vertex 169.794 -1.46221 15.2348
      vertex 169.668 -1.36879 15.3888
    endloop
  endfacet
  facet normal 0.408228 0.865101 -0.291461
    outer loop
      vertex 169.824 -1.3918 15.539
      vertex 169.806 -1.43391 15.3888
      vertex 169.668 -1.36879 15.3888
    endloop
  endfacet
  facet normal 0.522119 0.709347 -0.473518
    outer loop
      vertex 169.638 -1.14108 15.8226
      vertex 169.596 -1.20262 15.6841
      vertex 169.529 -1.06085 15.8226
    endloop
  endfacet
  facet normal 0.550572 0.742345 -0.381831
    outer loop
      vertex 169.482 -1.11807 15.6841
      vertex 169.596 -1.20262 15.6841
      vertex 169.444 -1.16452 15.539
    endloop
  endfacet
  facet normal 0.561826 0.614988 -0.5533
    outer loop
      vertex 169.491 -0.908725 15.9531
      vertex 169.529 -1.06085 15.8226
      vertex 169.43 -0.970408 15.8226
    endloop
  endfacet
  facet normal 0.594189 0.650413 -0.473184
    outer loop
      vertex 169.43 -0.970408 15.8226
      vertex 169.529 -1.06085 15.8226
      vertex 169.377 -1.02275 15.6841
    endloop
  endfacet
  facet normal -0.0468242 0.95586 0.290067
    outer loop
      vertex 170.548 -1.49922 14.461
      vertex 170.4 -1.50647 14.461
      vertex 170.4 -1.55205 14.6112
    endloop
  endfacet
  facet normal -0.0469772 0.955895 0.289929
    outer loop
      vertex 170.552 -1.54458 14.6112
      vertex 170.548 -1.49922 14.461
      vertex 170.4 -1.55205 14.6112
    endloop
  endfacet
  facet normal -0.510182 0.85431 0.0993398
    outer loop
      vertex 171.288 -1.32875 14.9215
      vertex 171.279 -1.31595 14.7652
      vertex 171.153 -1.40937 14.9215
    endloop
  endfacet
  facet normal 0.272498 0.0986156 -0.957089
    outer loop
      vertex 170.028 -0.112853 16.552
      vertex 170.041 -0.148775 16.552
      vertex 169.902 -0.206275 16.5065
    endloop
  endfacet
  facet normal 0.0976537 0.27354 -0.956891
    outer loop
      vertex 170.251 -0.359175 16.552
      vertex 170.287 -0.372027 16.552
      vertex 170.194 -0.497993 16.5065
    endloop
  endfacet
  facet normal 0.349735 0.316388 -0.881807
    outer loop
      vertex 169.871 -0.43398 16.4464
      vertex 169.916 -0.483723 16.4464
      vertex 169.818 -0.58164 16.3724
    endloop
  endfacet
  facet normal 0.123823 0.262789 -0.956875
    outer loop
      vertex 170.251 -0.359175 16.552
      vertex 170.194 -0.497993 16.5065
      vertex 170.146 -0.475376 16.5065
    endloop
  endfacet
  facet normal 0.159465 0.444192 -0.881626
    outer loop
      vertex 170.201 -0.654631 16.4464
      vertex 170.161 -0.787145 16.3724
      vertex 170.138 -0.632014 16.4464
    endloop
  endfacet
  facet normal 0.0285275 0.193649 -0.980656
    outer loop
      vertex 170.377 -0.233638 16.5827
      vertex 170.362 -0.386896 16.552
      vertex 170.324 -0.381298 16.552
    endloop
  endfacet
  facet normal 0.00963087 0.195498 -0.980657
    outer loop
      vertex 170.377 -0.233638 16.5827
      vertex 170.4 -0.388768 16.552
      vertex 170.362 -0.386896 16.552
    endloop
  endfacet
  facet normal 0.0223437 0.0954808 -0.99518
    outer loop
      vertex 170.377 -0.0751276 16.5981
      vertex 170.385 -0.0769997 16.5981
      vertex 170.354 -0.230257 16.5827
    endloop
  endfacet
  facet normal 0.103321 0.165746 -0.980741
    outer loop
      vertex 170.27 -0.195203 16.5827
      vertex 170.289 -0.207047 16.5827
      vertex 170.184 -0.323249 16.552
    endloop
  endfacet
  facet normal -0.0884005 0.0424447 -0.99518
    outer loop
      vertex 170.617 -0.0898418 16.5827
      vertex 170.607 -0.110669 16.5827
      vertex 170.469 -0.0370083 16.5981
    endloop
  endfacet
  facet normal -0.103321 0.165746 -0.980741
    outer loop
      vertex 170.53 -0.195203 16.5827
      vertex 170.616 -0.323249 16.552
      vertex 170.511 -0.207047 16.5827
    endloop
  endfacet
  facet normal -0.100175 0.168549 -0.98059
    outer loop
      vertex 170.616 -0.323249 16.552
      vertex 170.583 -0.342862 16.552
      vertex 170.511 -0.207047 16.5827
    endloop
  endfacet
  facet normal 0.177777 0.0824734 -0.980609
    outer loop
      vertex 170.183 -0.0898418 16.5827
      vertex 170.057 -0.183264 16.552
      vertex 170.041 -0.148775 16.552
    endloop
  endfacet
  facet normal 0.195559 0.214689 -0.956904
    outer loop
      vertex 170.125 -0.2749 16.552
      vertex 170.058 -0.416671 16.5065
      vertex 170.019 -0.381146 16.5065
    endloop
  endfacet
  facet normal -0.0417833 0.0887927 -0.995173
    outer loop
      vertex 170.437 -0.0692377 16.5981
      vertex 170.49 -0.216898 16.5827
      vertex 170.43 -0.0725317 16.5981
    endloop
  endfacet
  facet normal 0.4595 0.112896 -0.880974
    outer loop
      vertex 169.729 -0.133458 16.4464
      vertex 169.745 -0.19858 16.4464
      vertex 169.613 -0.238777 16.3724
    endloop
  endfacet
  facet normal 0.425861 0.203499 -0.881607
    outer loop
      vertex 169.768 -0.261788 16.4464
      vertex 169.797 -0.322476 16.4464
      vertex 169.675 -0.387753 16.3724
    endloop
  endfacet
  facet normal 0.476739 0.282302 -0.832482
    outer loop
      vertex 169.675 -0.387753 16.3724
      vertex 169.716 -0.456992 16.3724
      vertex 169.559 -0.449297 16.2851
    endloop
  endfacet
  facet normal -0.685056 0.618781 -0.384459
    outer loop
      vertex 171.518 -0.917575 15.6841
      vertex 171.565 -0.955694 15.539
      vertex 171.423 -1.02275 15.6841
    endloop
  endfacet
  facet normal -0.740024 0.551733 -0.384649
    outer loop
      vertex 171.603 -0.803567 15.6841
      vertex 171.565 -0.955694 15.539
      vertex 171.518 -0.917575 15.6841
    endloop
  endfacet
  facet normal 0.741625 0.549607 -0.38461
    outer loop
      vertex 169.282 -0.917575 15.6841
      vertex 169.235 -0.955694 15.539
      vertex 169.147 -0.836949 15.539
    endloop
  endfacet
  facet normal 0.685056 0.618781 -0.384459
    outer loop
      vertex 169.282 -0.917575 15.6841
      vertex 169.377 -1.02275 15.6841
      vertex 169.235 -0.955694 15.539
    endloop
  endfacet
  facet normal 0.713836 0.426385 -0.555549
    outer loop
      vertex 169.267 -0.605806 15.9531
      vertex 169.259 -0.762445 15.8226
      vertex 169.19 -0.646928 15.8226
    endloop
  endfacet
  facet normal 0.751456 0.355928 -0.555544
    outer loop
      vertex 169.213 -0.491798 15.9531
      vertex 169.267 -0.605806 15.9531
      vertex 169.19 -0.646928 15.8226
    endloop
  endfacet
  facet normal 0.666315 0.499911 -0.553275
    outer loop
      vertex 169.331 -0.713981 15.9531
      vertex 169.407 -0.815279 15.9531
      vertex 169.259 -0.762445 15.8226
    endloop
  endfacet
  facet normal 0.573507 0.518933 -0.633875
    outer loop
      vertex 169.484 -0.752087 16.0745
      vertex 169.562 -0.83829 16.0745
      vertex 169.407 -0.815279 15.9531
    endloop
  endfacet
  facet normal 0.829874 0.298062 -0.471665
    outer loop
      vertex 169.087 -0.398376 15.8226
      vertex 169.064 -0.553506 15.6841
      vertex 169.016 -0.419863 15.6841
    endloop
  endfacet
  facet normal 0.868693 0.312005 -0.384741
    outer loop
      vertex 169.016 -0.419863 15.6841
      vertex 169.064 -0.553506 15.6841
      vertex 168.958 -0.437304 15.539
    endloop
  endfacet
  facet normal 0.46256 0.620715 -0.633049
    outer loop
      vertex 169.741 -0.985724 16.0745
      vertex 169.686 -1.06855 15.9531
      vertex 169.648 -0.91642 16.0745
    endloop
  endfacet
  facet normal 0.564878 0.423143 -0.708422
    outer loop
      vertex 169.507 -0.596956 16.1855
      vertex 169.484 -0.752087 16.0745
      vertex 169.414 -0.65864 16.0745
    endloop
  endfacet
  facet normal 0.355034 0.752243 -0.55505
    outer loop
      vertex 169.794 -1.13338 15.9531
      vertex 169.875 -1.2679 15.8226
      vertex 169.753 -1.21032 15.8226
    endloop
  endfacet
  facet normal 0.574283 0.516231 -0.635377
    outer loop
      vertex 169.562 -0.83829 16.0745
      vertex 169.491 -0.908725 15.9531
      vertex 169.407 -0.815279 15.9531
    endloop
  endfacet
  facet normal 0.427072 0.469123 -0.773003
    outer loop
      vertex 169.726 -0.673956 16.2851
      vertex 169.795 -0.736771 16.2851
      vertex 169.64 -0.759782 16.1855
    endloop
  endfacet
  facet normal 0.259541 0.728489 -0.633989
    outer loop
      vertex 170.056 -1.13447 16.0745
      vertex 170.027 -1.22979 15.9531
      vertex 169.946 -1.09528 16.0745
    endloop
  endfacet
  facet normal 0.557284 0.0276483 -0.829862
    outer loop
      vertex 169.577 0 16.3724
      vertex 169.581 -0.0806246 16.3724
      vertex 169.447 0 16.2851
    endloop
  endfacet
  facet normal 0.667827 0.23543 -0.706102
    outer loop
      vertex 169.372 -0.311909 16.1855
      vertex 169.407 -0.411191 16.1855
      vertex 169.266 -0.344138 16.0745
    endloop
  endfacet
  facet normal 0.668123 0.237873 -0.705002
    outer loop
      vertex 169.407 -0.411191 16.1855
      vertex 169.305 -0.453679 16.0745
      vertex 169.266 -0.344138 16.0745
    endloop
  endfacet
  facet normal 0.153862 0.616069 -0.772519
    outer loop
      vertex 170.123 -0.912078 16.2851
      vertex 170.214 -0.934805 16.2851
      vertex 170.088 -1.02823 16.1855
    endloop
  endfacet
  facet normal 0.0231626 0.471127 -0.881761
    outer loop
      vertex 170.333 -0.680794 16.4464
      vertex 170.4 -0.684088 16.4464
      vertex 170.319 -0.818604 16.3724
    endloop
  endfacet
  facet normal 0.300407 0.639673 -0.707513
    outer loop
      vertex 169.989 -0.992702 16.1855
      vertex 169.946 -1.09528 16.0745
      vertex 169.893 -0.947618 16.1855
    endloop
  endfacet
  facet normal 0.260074 0.72855 -0.633701
    outer loop
      vertex 169.946 -1.09528 16.0745
      vertex 170.027 -1.22979 15.9531
      vertex 169.908 -1.18731 15.9531
    endloop
  endfacet
  facet normal 0.202647 0.806621 -0.555245
    outer loop
      vertex 170.149 -1.26044 15.9531
      vertex 170.132 -1.346 15.8226
      vertex 170.027 -1.22979 15.9531
    endloop
  endfacet
  facet normal 0.121762 0.822715 -0.55526
    outer loop
      vertex 170.149 -1.26044 15.9531
      vertex 170.274 -1.27894 15.9531
      vertex 170.132 -1.346 15.8226
    endloop
  endfacet
  facet normal -0.771157 0.567314 0.288914
    outer loop
      vertex 171.6 -0.98461 14.6112
      vertex 171.69 -0.862272 14.6112
      vertex 171.565 -0.955694 14.461
    endloop
  endfacet
  facet normal -0.789639 0.580911 0.197514
    outer loop
      vertex 171.716 -0.879291 14.7652
      vertex 171.69 -0.862272 14.6112
      vertex 171.6 -0.98461 14.6112
    endloop
  endfacet
  facet normal -0.310582 0.870306 0.382238
    outer loop
      vertex 170.977 -1.3918 14.461
      vertex 170.954 -1.33628 14.3159
      vertex 170.82 -1.3841 14.3159
    endloop
  endfacet
  facet normal -0.296312 0.830318 0.471987
    outer loop
      vertex 170.954 -1.33628 14.3159
      vertex 170.925 -1.2679 14.1774
      vertex 170.82 -1.3841 14.3159
    endloop
  endfacet
  facet normal -0.564878 0.423143 0.708422
    outer loop
      vertex 171.316 -0.752087 13.9255
      vertex 171.386 -0.65864 13.9255
      vertex 171.293 -0.596956 13.8145
    endloop
  endfacet
  facet normal -0.74988 0.357241 0.556828
    outer loop
      vertex 171.61 -0.646928 14.1774
      vertex 171.668 -0.525181 14.1774
      vertex 171.587 -0.491798 14.0469
    endloop
  endfacet
  facet normal 0.0812656 0.550692 0.830743
    outer loop
      vertex 170.307 -0.948529 13.7149
      vertex 170.319 -0.818604 13.6276
      vertex 170.214 -0.934805 13.7149
    endloop
  endfacet
  facet normal 0.272411 0.572177 0.773567
    outer loop
      vertex 170.035 -0.880567 13.7149
      vertex 169.951 -0.840575 13.7149
      vertex 169.893 -0.947618 13.8145
    endloop
  endfacet
  facet normal 0.0926665 0.62795 0.772717
    outer loop
      vertex 170.295 -1.06932 13.8145
      vertex 170.307 -0.948529 13.7149
      vertex 170.214 -0.934805 13.7149
    endloop
  endfacet
  facet normal 0.0925105 0.6279 0.772777
    outer loop
      vertex 170.295 -1.06932 13.8145
      vertex 170.214 -0.934805 13.7149
      vertex 170.19 -1.05385 13.8145
    endloop
  endfacet
  facet normal 0.303051 0.639733 0.70633
    outer loop
      vertex 169.946 -1.09528 13.9255
      vertex 169.893 -0.947618 13.8145
      vertex 169.841 -1.04554 13.9255
    endloop
  endfacet
  facet normal 0.238765 0.665327 0.707341
    outer loop
      vertex 170.088 -1.02823 13.8145
      vertex 169.989 -0.992702 13.8145
      vertex 169.946 -1.09528 13.9255
    endloop
  endfacet
  facet normal 0.242649 0.40345 0.882241
    outer loop
      vertex 170.012 -0.725436 13.6276
      vertex 170.078 -0.603312 13.5536
      vertex 169.943 -0.683937 13.6276
    endloop
  endfacet
  facet normal 0.28635 0.476111 0.831458
    outer loop
      vertex 170.012 -0.725436 13.6276
      vertex 169.943 -0.683937 13.6276
      vertex 169.87 -0.792489 13.7149
    endloop
  endfacet
  facet normal 0.378561 0.509567 0.772679
    outer loop
      vertex 169.87 -0.792489 13.7149
      vertex 169.795 -0.736771 13.7149
      vertex 169.718 -0.830595 13.8145
    endloop
  endfacet
  facet normal 0.426714 0.470022 0.772654
    outer loop
      vertex 169.718 -0.830595 13.8145
      vertex 169.795 -0.736771 13.7149
      vertex 169.64 -0.759782 13.8145
    endloop
  endfacet
  facet normal -0.121762 0.822715 0.55526
    outer loop
      vertex 170.668 -1.346 14.1774
      vertex 170.651 -1.26044 14.0469
      vertex 170.526 -1.27894 14.0469
    endloop
  endfacet
  facet normal -0.113198 0.764851 0.634184
    outer loop
      vertex 170.651 -1.26044 14.0469
      vertex 170.631 -1.16274 13.9255
      vertex 170.526 -1.27894 14.0469
    endloop
  endfacet
  facet normal 0.113198 0.764851 0.634184
    outer loop
      vertex 170.274 -1.27894 14.0469
      vertex 170.169 -1.16274 13.9255
      vertex 170.149 -1.26044 14.0469
    endloop
  endfacet
  facet normal 0.121762 0.822715 0.55526
    outer loop
      vertex 170.274 -1.27894 14.0469
      vertex 170.149 -1.26044 14.0469
      vertex 170.132 -1.346 14.1774
    endloop
  endfacet
  facet normal -0.0565704 0.379031 0.923653
    outer loop
      vertex 170.467 -0.680794 13.5536
      vertex 170.505 -0.528666 13.4935
      vertex 170.453 -0.536427 13.4935
    endloop
  endfacet
  facet normal -0.158935 0.444166 0.881735
    outer loop
      vertex 170.715 -0.75995 13.6276
      vertex 170.662 -0.632014 13.5536
      vertex 170.639 -0.787145 13.6276
    endloop
  endfacet
  facet normal -0.0824528 0.549917 0.831139
    outer loop
      vertex 170.586 -0.934805 13.7149
      vertex 170.56 -0.806759 13.6276
      vertex 170.481 -0.818604 13.6276
    endloop
  endfacet
  facet normal -0.0926665 0.62795 0.772717
    outer loop
      vertex 170.505 -1.06932 13.8145
      vertex 170.586 -0.934805 13.7149
      vertex 170.493 -0.948529 13.7149
    endloop
  endfacet
  facet normal -0.330818 0.6993 0.633671
    outer loop
      vertex 170.892 -1.18731 14.0469
      vertex 171.006 -1.13338 14.0469
      vertex 170.854 -1.09528 13.9255
    endloop
  endfacet
  facet normal -0.355861 0.752237 0.55453
    outer loop
      vertex 170.925 -1.2679 14.1774
      vertex 171.006 -1.13338 14.0469
      vertex 170.892 -1.18731 14.0469
    endloop
  endfacet
  facet normal -0.214511 0.597742 0.772457
    outer loop
      vertex 170.712 -1.02823 13.8145
      vertex 170.811 -0.992702 13.8145
      vertex 170.677 -0.912078 13.7149
    endloop
  endfacet
  facet normal -0.238765 0.665327 0.707341
    outer loop
      vertex 170.854 -1.09528 13.9255
      vertex 170.811 -0.992702 13.8145
      vertex 170.712 -1.02823 13.8145
    endloop
  endfacet
  facet normal 0.172137 0.234798 0.956681
    outer loop
      vertex 170.184 -0.323249 13.4479
      vertex 170.153 -0.300522 13.4479
      vertex 170.058 -0.416671 13.4935
    endloop
  endfacet
  facet normal 0.115267 0.157226 0.980813
    outer loop
      vertex 170.184 -0.323249 13.4479
      vertex 170.251 -0.181479 13.4173
      vertex 170.153 -0.300522 13.4479
    endloop
  endfacet
  facet normal 0.0643532 0.0746312 0.995133
    outer loop
      vertex 170.35 -0.0606871 13.4019
      vertex 170.344 -0.0555134 13.4019
      vertex 170.234 -0.166006 13.4173
    endloop
  endfacet
  facet normal 0.0839529 0.050819 0.995173
    outer loop
      vertex 170.335 -0.0436163 13.4019
      vertex 170.331 -0.0370083 13.4019
      vertex 170.205 -0.13043 13.4173
    endloop
  endfacet
  facet normal 0.191129 0.0427592 0.980633
    outer loop
      vertex 170.175 -0.0681496 13.4173
      vertex 170.17 -0.0458002 13.4173
      vertex 170.028 -0.112853 13.4479
    endloop
  endfacet
  facet normal 0.0739971 0.06502 0.995137
    outer loop
      vertex 170.234 -0.166006 13.4173
      vertex 170.339 -0.0498047 13.4019
      vertex 170.219 -0.148935 13.4173
    endloop
  endfacet
  facet normal 0.288191 0.0458176 0.956476
    outer loop
      vertex 170.019 -0.0758448 13.4479
      vertex 170.013 -0.038105 13.4479
      vertex 169.864 -0.0528336 13.4935
    endloop
  endfacet
  facet normal 0.379383 0.280864 0.881581
    outer loop
      vertex 169.764 -0.521829 13.6276
      vertex 169.831 -0.380058 13.5536
      vertex 169.716 -0.456992 13.6276
    endloop
  endfacet
  facet normal 0.499467 0.239562 0.832552
    outer loop
      vertex 169.675 -0.387753 13.6276
      vertex 169.64 -0.314781 13.6276
      vertex 169.559 -0.449297 13.7149
    endloop
  endfacet
  facet normal 0.329731 0.194694 0.923781
    outer loop
      vertex 169.831 -0.380058 13.5536
      vertex 169.925 -0.254093 13.4935
      vertex 169.797 -0.322476 13.5536
    endloop
  endfacet
  facet normal 0.315846 0.350286 0.881783
    outer loop
      vertex 169.966 -0.528807 13.5536
      vertex 169.916 -0.483723 13.5536
      vertex 169.818 -0.58164 13.6276
    endloop
  endfacet
  facet normal 0.307166 0.227859 0.923975
    outer loop
      vertex 169.871 -0.43398 13.5536
      vertex 169.952 -0.299465 13.4935
      vertex 169.831 -0.380058 13.5536
    endloop
  endfacet
  facet normal 0.360016 0.131002 0.923703
    outer loop
      vertex 169.768 -0.261788 13.5536
      vertex 169.902 -0.206275 13.4935
      vertex 169.745 -0.19858 13.5536
    endloop
  endfacet
  facet normal 0.131265 0.144219 0.980801
    outer loop
      vertex 170.251 -0.181479 13.4173
      vertex 170.234 -0.166006 13.4173
      vertex 170.125 -0.2749 13.4479
    endloop
  endfacet
  facet normal 0.377514 0.0568493 0.924257
    outer loop
      vertex 169.729 -0.133458 13.5536
      vertex 169.864 -0.0528336 13.4935
      vertex 169.719 -0.0670519 13.5536
    endloop
  endfacet
  facet normal 0.381411 0.0170649 0.924248
    outer loop
      vertex 169.719 -0.0670519 13.5536
      vertex 169.864 -0.0528336 13.4935
      vertex 169.716 0 13.5536
    endloop
  endfacet
  facet normal 0.549905 0.0832091 0.831072
    outer loop
      vertex 169.465 -0.185944 13.7149
      vertex 169.581 -0.0806246 13.6276
      vertex 169.451 -0.0934219 13.7149
    endloop
  endfacet
  facet normal 0.550245 0.0826923 0.830899
    outer loop
      vertex 169.593 -0.160474 13.6276
      vertex 169.581 -0.0806246 13.6276
      vertex 169.465 -0.185944 13.7149
    endloop
  endfacet
  facet normal 0.599162 0.211223 0.772262
    outer loop
      vertex 169.407 -0.411191 13.8145
      vertex 169.519 -0.364742 13.7149
      vertex 169.372 -0.311909 13.8145
    endloop
  endfacet
  facet normal 0.74988 0.357241 0.556828
    outer loop
      vertex 169.19 -0.646928 14.1774
      vertex 169.213 -0.491798 14.0469
      vertex 169.132 -0.525181 14.1774
    endloop
  endfacet
  facet normal -0.377738 0.511156 0.772032
    outer loop
      vertex 170.997 -0.893409 13.8145
      vertex 171.082 -0.830595 13.8145
      vertex 170.93 -0.792489 13.7149
    endloop
  endfacet
  facet normal -0.427072 0.469123 0.773003
    outer loop
      vertex 171.16 -0.759782 13.8145
      vertex 171.074 -0.673956 13.7149
      vertex 171.005 -0.736771 13.7149
    endloop
  endfacet
  facet normal -0.406092 0.240468 0.881626
    outer loop
      vertex 171.084 -0.456992 13.6276
      vertex 171.125 -0.387753 13.6276
      vertex 171.003 -0.322476 13.5536
    endloop
  endfacet
  facet normal -0.247886 0.151506 0.956869
    outer loop
      vertex 170.848 -0.299465 13.4935
      vertex 170.743 -0.183264 13.4479
      vertex 170.723 -0.215987 13.4479
    endloop
  endfacet
  facet normal -0.668123 0.237873 0.705002
    outer loop
      vertex 171.495 -0.453679 13.9255
      vertex 171.534 -0.344138 13.9255
      vertex 171.393 -0.411191 13.8145
    endloop
  endfacet
  facet normal -0.667827 0.23543 0.706102
    outer loop
      vertex 171.534 -0.344138 13.9255
      vertex 171.428 -0.311909 13.8145
      vertex 171.393 -0.411191 13.8145
    endloop
  endfacet
  facet normal -0.666315 0.499911 0.553275
    outer loop
      vertex 171.541 -0.762445 14.1774
      vertex 171.469 -0.713981 14.0469
      vertex 171.393 -0.815279 14.0469
    endloop
  endfacet
  facet normal -0.717007 0.424206 0.553128
    outer loop
      vertex 171.541 -0.762445 14.1774
      vertex 171.533 -0.605806 14.0469
      vertex 171.469 -0.713981 14.0469
    endloop
  endfacet
  facet normal -0.832315 0.295368 0.469052
    outer loop
      vertex 171.736 -0.553506 14.3159
      vertex 171.713 -0.398376 14.1774
      vertex 171.668 -0.525181 14.1774
    endloop
  endfacet
  facet normal -0.792515 0.475196 0.382241
    outer loop
      vertex 171.729 -0.710145 14.461
      vertex 171.676 -0.68182 14.3159
      vertex 171.603 -0.803567 14.3159
    endloop
  endfacet
  facet normal -0.568052 0.770091 -0.290305
    outer loop
      vertex 171.356 -1.16452 15.539
      vertex 171.385 -1.19975 15.3888
      vertex 171.262 -1.29048 15.3888
    endloop
  endfacet
  facet normal -0.645327 0.706585 -0.290329
    outer loop
      vertex 171.497 -1.09746 15.3888
      vertex 171.385 -1.19975 15.3888
      vertex 171.356 -1.16452 15.539
    endloop
  endfacet
  facet normal -0.738358 0.667191 0.0984067
    outer loop
      vertex 171.53 -1.13001 14.9215
      vertex 171.635 -1.01381 14.9215
      vertex 171.519 -1.11913 14.7652
    endloop
  endfacet
  facet normal -0.645327 0.706585 0.290329
    outer loop
      vertex 171.385 -1.19975 14.6112
      vertex 171.497 -1.09746 14.6112
      vertex 171.356 -1.16452 14.461
    endloop
  endfacet
  facet normal -0.644611 0.707721 0.28915
    outer loop
      vertex 171.497 -1.09746 14.6112
      vertex 171.465 -1.06524 14.461
      vertex 171.356 -1.16452 14.461
    endloop
  endfacet
  facet normal -0.622734 0.683703 0.380464
    outer loop
      vertex 171.465 -1.06524 14.461
      vertex 171.423 -1.02275 14.3159
      vertex 171.356 -1.16452 14.461
    endloop
  endfacet
  facet normal -0.683059 0.623536 0.380307
    outer loop
      vertex 171.465 -1.06524 14.461
      vertex 171.565 -0.955694 14.461
      vertex 171.423 -1.02275 14.3159
    endloop
  endfacet
  facet normal -0.859487 0.511158 0
    outer loop
      vertex 171.729 -0.887841 14.9215
      vertex 171.809 -0.753325 15.0785
      vertex 171.809 -0.753325 14.9215
    endloop
  endfacet
  facet normal -0.859487 0.511158 0
    outer loop
      vertex 171.809 -0.753325 15.0785
      vertex 171.729 -0.887841 14.9215
      vertex 171.729 -0.887841 15.0785
    endloop
  endfacet
  facet normal -0.900832 0.323582 0.289475
    outer loop
      vertex 171.834 -0.593944 14.6112
      vertex 171.842 -0.437304 14.461
      vertex 171.792 -0.576501 14.461
    endloop
  endfacet
  facet normal -0.902642 0.321005 0.286692
    outer loop
      vertex 171.885 -0.450536 14.6112
      vertex 171.842 -0.437304 14.461
      vertex 171.834 -0.593944 14.6112
    endloop
  endfacet
  facet normal 0.773002 0.0368202 0.633334
    outer loop
      vertex 169.121 -0.125964 14.0469
      vertex 169.22 -0.116201 13.9255
      vertex 169.115 0 14.0469
    endloop
  endfacet
  facet normal -0.0662294 0.0727654 0.995148
    outer loop
      vertex 170.549 -0.181479 13.4173
      vertex 170.566 -0.166006 13.4173
      vertex 170.456 -0.0555134 13.4019
    endloop
  endfacet
  facet normal -0.0919212 0.0339002 0.995189
    outer loop
      vertex 170.617 -0.0898418 13.4173
      vertex 170.625 -0.0681496 13.4173
      vertex 170.475 -0.022789 13.4019
    endloop
  endfacet
  facet normal -0.0859252 0.049349 0.995079
    outer loop
      vertex 170.617 -0.0898418 13.4173
      vertex 170.473 -0.0300436 13.4019
      vertex 170.469 -0.0370083 13.4019
    endloop
  endfacet
  facet normal -0.0481273 0.189139 0.98077
    outer loop
      vertex 170.476 -0.381298 13.4479
      vertex 170.468 -0.224659 13.4173
      vertex 170.446 -0.230257 13.4173
    endloop
  endfacet
  facet normal -0.0096007 0.194886 0.980779
    outer loop
      vertex 170.438 -0.386896 13.4479
      vertex 170.423 -0.233638 13.4173
      vertex 170.4 -0.388768 13.4479
    endloop
  endfacet
  facet normal -0.372704 0.412511 0.83122
    outer loop
      vertex 171.005 -0.736771 13.7149
      vertex 170.982 -0.58164 13.6276
      vertex 170.922 -0.63585 13.6276
    endloop
  endfacet
  facet normal -0.330696 0.447007 0.831159
    outer loop
      vertex 171.005 -0.736771 13.7149
      vertex 170.922 -0.63585 13.6276
      vertex 170.857 -0.683937 13.6276
    endloop
  endfacet
  facet normal -0.25755 0.282744 0.923972
    outer loop
      vertex 170.884 -0.483723 13.5536
      vertex 170.781 -0.381146 13.4935
      vertex 170.742 -0.416671 13.4935
    endloop
  endfacet
  facet normal -0.329381 0.194487 0.92395
    outer loop
      vertex 170.969 -0.380058 13.5536
      vertex 171.003 -0.322476 13.5536
      vertex 170.848 -0.299465 13.4935
    endloop
  endfacet
  facet normal -0.359772 0.130913 0.923811
    outer loop
      vertex 171.032 -0.261788 13.5536
      vertex 171.055 -0.19858 13.5536
      vertex 170.916 -0.15647 13.4935
    endloop
  endfacet
  facet normal -0.538754 0.137607 0.831149
    outer loop
      vertex 171.312 -0.276675 13.7149
      vertex 171.207 -0.160474 13.6276
      vertex 171.187 -0.238777 13.6276
    endloop
  endfacet
  facet normal -0.129236 0.359989 0.923962
    outer loop
      vertex 170.599 -0.654631 13.5536
      vertex 170.662 -0.632014 13.5536
      vertex 170.556 -0.515813 13.4935
    endloop
  endfacet
  facet normal -0.065595 0.183739 0.980784
    outer loop
      vertex 170.513 -0.372027 13.4479
      vertex 170.549 -0.359175 13.4479
      vertex 170.49 -0.216898 13.4173
    endloop
  endfacet
  facet normal -0.280495 0.37915 0.881798
    outer loop
      vertex 170.857 -0.683937 13.6276
      vertex 170.922 -0.63585 13.6276
      vertex 170.78 -0.568798 13.5536
    endloop
  endfacet
  facet normal -0.240717 0.404519 0.882281
    outer loop
      vertex 170.788 -0.725436 13.6276
      vertex 170.78 -0.568798 13.5536
      vertex 170.722 -0.603312 13.5536
    endloop
  endfacet
  facet normal -0.163104 0.346155 0.923891
    outer loop
      vertex 170.662 -0.632014 13.5536
      vertex 170.654 -0.475376 13.4935
      vertex 170.606 -0.497993 13.4935
    endloop
  endfacet
  facet normal -0.0326857 0.0926537 0.995162
    outer loop
      vertex 170.468 -0.224659 13.4173
      vertex 170.49 -0.216898 13.4173
      vertex 170.423 -0.0751276 13.4019
    endloop
  endfacet
  facet normal -0.214151 0.196969 0.956735
    outer loop
      vertex 170.781 -0.381146 13.4935
      vertex 170.701 -0.246632 13.4479
      vertex 170.675 -0.2749 13.4479
    endloop
  endfacet
  facet normal -0.382805 0.0217365 0.923573
    outer loop
      vertex 171.084 0 13.5536
      vertex 170.939 0 13.4935
      vertex 170.936 -0.0528336 13.4935
    endloop
  endfacet
  facet normal -0.345528 0.165112 0.923768
    outer loop
      vertex 171.003 -0.322476 13.5536
      vertex 171.032 -0.261788 13.5536
      vertex 170.875 -0.254093 13.4935
    endloop
  endfacet
  facet normal -0.329106 0.195845 0.923761
    outer loop
      vertex 171.003 -0.322476 13.5536
      vertex 170.875 -0.254093 13.4935
      vertex 170.848 -0.299465 13.4935
    endloop
  endfacet
  facet normal -0.830358 0.0370378 -0.555999
    outer loop
      vertex 171.772 0 15.8226
      vertex 171.766 -0.134515 15.8226
      vertex 171.679 -0.125964 15.9531
    endloop
  endfacet
  facet normal -0.923149 0.0455815 -0.38173
    outer loop
      vertex 171.846 0 15.6841
      vertex 171.906 0 15.539
      vertex 171.839 -0.141769 15.6841
    endloop
  endfacet
  facet normal -0.95174 0.23373 -0.1989
    outer loop
      vertex 171.952 -0.308765 15.2348
      vertex 171.915 -0.459428 15.2348
      vertex 171.885 -0.450536 15.3888
    endloop
  endfacet
  facet normal -0.900832 0.323582 -0.289475
    outer loop
      vertex 171.842 -0.437304 15.539
      vertex 171.834 -0.593944 15.3888
      vertex 171.792 -0.576501 15.539
    endloop
  endfacet
  facet normal -0.929361 0.23274 -0.286566
    outer loop
      vertex 171.922 -0.30279 15.3888
      vertex 171.885 -0.450536 15.3888
      vertex 171.842 -0.437304 15.539
    endloop
  endfacet
  facet normal -0.969642 0.148024 -0.194635
    outer loop
      vertex 171.945 -0.152127 15.3888
      vertex 171.952 -0.308765 15.2348
      vertex 171.922 -0.30279 15.3888
    endloop
  endfacet
  facet normal -0.376483 0.797689 -0.471119
    outer loop
      vertex 171.047 -1.21032 15.8226
      vertex 171.082 -1.2756 15.6841
      vertex 170.925 -1.2679 15.8226
    endloop
  endfacet
  facet normal -0.454973 0.75566 -0.471145
    outer loop
      vertex 171.162 -1.14108 15.8226
      vertex 171.082 -1.2756 15.6841
      vertex 171.047 -1.21032 15.8226
    endloop
  endfacet
  facet normal -0.74988 0.357241 -0.556828
    outer loop
      vertex 171.668 -0.525181 15.8226
      vertex 171.61 -0.646928 15.8226
      vertex 171.587 -0.491798 15.9531
    endloop
  endfacet
  facet normal -0.751456 0.355928 -0.555544
    outer loop
      vertex 171.587 -0.491798 15.9531
      vertex 171.61 -0.646928 15.8226
      vertex 171.533 -0.605806 15.9531
    endloop
  endfacet
  facet normal -0.855617 0.508857 -0.094781
    outer loop
      vertex 171.796 -0.746071 15.2348
      vertex 171.809 -0.753325 15.0785
      vertex 171.729 -0.887841 15.0785
    endloop
  endfacet
  facet normal -0.900942 0.423505 -0.0945896
    outer loop
      vertex 171.862 -0.605666 15.2348
      vertex 171.809 -0.753325 15.0785
      vertex 171.796 -0.746071 15.2348
    endloop
  endfacet
  facet normal -0.728178 0.658011 -0.191774
    outer loop
      vertex 171.6 -0.98461 15.3888
      vertex 171.623 -1.00404 15.2348
      vertex 171.519 -1.11913 15.2348
    endloop
  endfacet
  facet normal -0.738349 0.667202 -0.0983926
    outer loop
      vertex 171.623 -1.00404 15.2348
      vertex 171.635 -1.01381 15.0785
      vertex 171.519 -1.11913 15.2348
    endloop
  endfacet
  facet normal -0.0406114 0.830688 -0.555256
    outer loop
      vertex 170.4 -1.28513 15.9531
      vertex 170.535 -1.36576 15.8226
      vertex 170.4 -1.37236 15.8226
    endloop
  endfacet
  facet normal 0.0406114 0.830688 -0.555256
    outer loop
      vertex 170.4 -1.28513 15.9531
      vertex 170.4 -1.37236 15.8226
      vertex 170.265 -1.36576 15.8226
    endloop
  endfacet
  facet normal -0.213975 0.856146 -0.470349
    outer loop
      vertex 170.82 -1.3841 15.6841
      vertex 170.682 -1.41859 15.6841
      vertex 170.668 -1.346 15.8226
    endloop
  endfacet
  facet normal -0.215303 0.85516 -0.471535
    outer loop
      vertex 170.798 -1.31327 15.8226
      vertex 170.82 -1.3841 15.6841
      vertex 170.668 -1.346 15.8226
    endloop
  endfacet
  facet normal 0.233064 0.927844 -0.291181
    outer loop
      vertex 169.963 -1.4416 15.539
      vertex 170.106 -1.47752 15.539
      vertex 169.949 -1.48522 15.3888
    endloop
  endfacet
  facet normal 0.225182 0.896465 -0.381632
    outer loop
      vertex 169.98 -1.3841 15.6841
      vertex 170.106 -1.47752 15.539
      vertex 169.963 -1.4416 15.539
    endloop
  endfacet
  facet normal 0.377579 0.796475 -0.472294
    outer loop
      vertex 169.875 -1.2679 15.8226
      vertex 169.846 -1.33628 15.6841
      vertex 169.718 -1.2756 15.6841
    endloop
  endfacet
  facet normal 0.396249 0.835858 -0.379906
    outer loop
      vertex 169.846 -1.33628 15.6841
      vertex 169.824 -1.3918 15.539
      vertex 169.718 -1.2756 15.6841
    endloop
  endfacet
  facet normal -0.302567 0.638712 -0.707461
    outer loop
      vertex 170.959 -1.04554 16.0745
      vertex 170.854 -1.09528 16.0745
      vertex 170.811 -0.992702 16.1855
    endloop
  endfacet
  facet normal -0.238765 0.665327 -0.707341
    outer loop
      vertex 170.811 -0.992702 16.1855
      vertex 170.854 -1.09528 16.0745
      vertex 170.712 -1.02823 16.1855
    endloop
  endfacet
  facet normal -0.214166 0.598095 -0.772279
    outer loop
      vertex 170.765 -0.880567 16.2851
      vertex 170.811 -0.992702 16.1855
      vertex 170.677 -0.912078 16.2851
    endloop
  endfacet
  facet normal -0.273164 0.573759 -0.772128
    outer loop
      vertex 170.849 -0.840575 16.2851
      vertex 170.811 -0.992702 16.1855
      vertex 170.765 -0.880567 16.2851
    endloop
  endfacet
  facet normal -0.201294 0.425754 -0.882165
    outer loop
      vertex 170.722 -0.603312 16.4464
      vertex 170.788 -0.725436 16.3724
      vertex 170.715 -0.75995 16.3724
    endloop
  endfacet
  facet normal -0.113668 0.457826 -0.881745
    outer loop
      vertex 170.639 -0.787145 16.3724
      vertex 170.56 -0.806759 16.3724
      vertex 170.533 -0.670943 16.4464
    endloop
  endfacet
  facet normal -0.28635 0.476111 -0.831458
    outer loop
      vertex 170.857 -0.683937 16.3724
      vertex 170.93 -0.792489 16.2851
      vertex 170.788 -0.725436 16.3724
    endloop
  endfacet
  facet normal -0.158935 0.444166 -0.881735
    outer loop
      vertex 170.662 -0.632014 16.4464
      vertex 170.715 -0.75995 16.3724
      vertex 170.639 -0.787145 16.3724
    endloop
  endfacet
  facet normal -0.196173 0.21438 -0.956847
    outer loop
      vertex 170.675 -0.2749 16.552
      vertex 170.742 -0.416671 16.5065
      vertex 170.647 -0.300522 16.552
    endloop
  endfacet
  facet normal -0.171792 0.234327 -0.956859
    outer loop
      vertex 170.647 -0.300522 16.552
      vertex 170.742 -0.416671 16.5065
      vertex 170.616 -0.323249 16.552
    endloop
  endfacet
  facet normal -0.0565704 0.379031 -0.923653
    outer loop
      vertex 170.505 -0.528666 16.5065
      vertex 170.467 -0.680794 16.4464
      vertex 170.453 -0.536427 16.5065
    endloop
  endfacet
  facet normal -0.0142761 0.289792 -0.956983
    outer loop
      vertex 170.4 -0.388768 16.552
      vertex 170.438 -0.386896 16.552
      vertex 170.4 -0.539023 16.5065
    endloop
  endfacet
  facet normal 0.158935 0.444166 -0.881735
    outer loop
      vertex 170.138 -0.632014 16.4464
      vertex 170.161 -0.787145 16.3724
      vertex 170.085 -0.75995 16.3724
    endloop
  endfacet
  facet normal 0.242649 0.40345 -0.882241
    outer loop
      vertex 170.078 -0.603312 16.4464
      vertex 170.012 -0.725436 16.3724
      vertex 169.943 -0.683937 16.3724
    endloop
  endfacet
  facet normal 0.154588 0.615456 -0.772862
    outer loop
      vertex 170.214 -0.934805 16.2851
      vertex 170.19 -1.05385 16.1855
      vertex 170.088 -1.02823 16.1855
    endloop
  endfacet
  facet normal 0.134046 0.539901 -0.830987
    outer loop
      vertex 170.161 -0.787145 16.3724
      vertex 170.24 -0.806759 16.3724
      vertex 170.123 -0.912078 16.2851
    endloop
  endfacet
  facet normal 0.541453 0.330702 -0.772958
    outer loop
      vertex 169.559 -0.449297 16.2851
      vertex 169.608 -0.529524 16.2851
      vertex 169.507 -0.596956 16.1855
    endloop
  endfacet
  facet normal 0.379383 0.280864 -0.881581
    outer loop
      vertex 169.831 -0.380058 16.4464
      vertex 169.764 -0.521829 16.3724
      vertex 169.716 -0.456992 16.3724
    endloop
  endfacet
  facet normal 0.449861 0.32934 -0.830157
    outer loop
      vertex 169.716 -0.456992 16.3724
      vertex 169.663 -0.604651 16.2851
      vertex 169.608 -0.529524 16.2851
    endloop
  endfacet
  facet normal 0.525019 0.477101 -0.70479
    outer loop
      vertex 169.569 -0.681651 16.1855
      vertex 169.64 -0.759782 16.1855
      vertex 169.484 -0.752087 16.0745
    endloop
  endfacet
  facet normal -0.331216 0.923092 -0.195442
    outer loop
      vertex 170.994 -1.43391 15.3888
      vertex 171.006 -1.46221 15.2348
      vertex 170.851 -1.48522 15.3888
    endloop
  endfacet
  facet normal -0.418513 0.886899 -0.195594
    outer loop
      vertex 171.132 -1.36879 15.3888
      vertex 171.006 -1.46221 15.2348
      vertex 170.994 -1.43391 15.3888
    endloop
  endfacet
  facet normal -0.135847 0.913997 -0.382303
    outer loop
      vertex 170.694 -1.47752 15.539
      vertex 170.548 -1.49922 15.539
      vertex 170.542 -1.43942 15.6841
    endloop
  endfacet
  facet normal -0.0452377 0.922952 -0.382247
    outer loop
      vertex 170.542 -1.43942 15.6841
      vertex 170.548 -1.49922 15.539
      vertex 170.4 -1.44638 15.6841
    endloop
  endfacet
  facet normal 0.145689 0.984474 -0.0979055
    outer loop
      vertex 170.091 -1.55227 15.2348
      vertex 170.245 -1.57506 15.2348
      vertex 170.088 -1.56737 15.0785
    endloop
  endfacet
  facet normal -0.0486865 0.99399 -0.0980505
    outer loop
      vertex 170.555 -1.57506 15.2348
      vertex 170.557 -1.59038 15.0785
      vertex 170.4 -1.59807 15.0785
    endloop
  endfacet
  facet normal -0.458284 0.117054 -0.881064
    outer loop
      vertex 171.207 -0.160474 16.3724
      vertex 171.187 -0.238777 16.3724
      vertex 171.055 -0.19858 16.4464
    endloop
  endfacet
  facet normal -0.457592 0.112427 -0.882026
    outer loop
      vertex 171.071 -0.133458 16.4464
      vertex 171.207 -0.160474 16.3724
      vertex 171.055 -0.19858 16.4464
    endloop
  endfacet
  facet normal -0.345422 0.166145 -0.923623
    outer loop
      vertex 170.898 -0.206275 16.5065
      vertex 171.032 -0.261788 16.4464
      vertex 170.875 -0.254093 16.5065
    endloop
  endfacet
  facet normal -0.360332 0.130227 -0.923689
    outer loop
      vertex 170.916 -0.15647 16.5065
      vertex 171.032 -0.261788 16.4464
      vertex 170.898 -0.206275 16.5065
    endloop
  endfacet
  facet normal -0.379125 0.28124 -0.881572
    outer loop
      vertex 170.969 -0.380058 16.4464
      vertex 171.084 -0.456992 16.3724
      vertex 170.929 -0.43398 16.4464
    endloop
  endfacet
  facet normal -0.406606 0.240086 -0.881493
    outer loop
      vertex 171.003 -0.322476 16.4464
      vertex 171.084 -0.456992 16.3724
      vertex 170.969 -0.380058 16.4464
    endloop
  endfacet
  facet normal -0.213895 0.196464 -0.956896
    outer loop
      vertex 170.817 -0.341952 16.5065
      vertex 170.781 -0.381146 16.5065
      vertex 170.701 -0.246632 16.552
    endloop
  endfacet
  facet normal -0.281586 0.258639 -0.924021
    outer loop
      vertex 170.817 -0.341952 16.5065
      vertex 170.884 -0.483723 16.4464
      vertex 170.781 -0.381146 16.5065
    endloop
  endfacet
  facet normal -0.078591 0.0594582 -0.995132
    outer loop
      vertex 170.595 -0.13043 16.5827
      vertex 170.581 -0.148935 16.5827
      vertex 170.461 -0.0498047 16.5981
    endloop
  endfacet
  facet normal -0.155288 0.117484 -0.980858
    outer loop
      vertex 170.595 -0.13043 16.5827
      vertex 170.701 -0.246632 16.552
      vertex 170.581 -0.148935 16.5827
    endloop
  endfacet
  facet normal -0.262852 0.121941 -0.957099
    outer loop
      vertex 170.759 -0.148775 16.552
      vertex 170.898 -0.206275 16.5065
      vertex 170.743 -0.183264 16.552
    endloop
  endfacet
  facet normal -0.272545 0.0985003 -0.957088
    outer loop
      vertex 170.916 -0.15647 16.5065
      vertex 170.898 -0.206275 16.5065
      vertex 170.759 -0.148775 16.552
    endloop
  endfacet
  facet normal -0.290234 0.0164801 -0.956814
    outer loop
      vertex 170.939 0 16.5065
      vertex 170.936 -0.0528336 16.5065
      vertex 170.789 0 16.552
    endloop
  endfacet
  facet normal 0.0156663 0.0970394 -0.995157
    outer loop
      vertex 170.385 -0.0769997 16.5981
      vertex 170.392 -0.0781298 16.5981
      vertex 170.377 -0.233638 16.5827
    endloop
  endfacet
  facet normal 0.0982324 0.012767 -0.995082
    outer loop
      vertex 170.321 0 16.5981
      vertex 170.322 -0.00769424 16.5981
      vertex 170.165 0 16.5827
    endloop
  endfacet
  facet normal 0.0482605 0.0852961 -0.995186
    outer loop
      vertex 170.356 -0.0652771 16.5981
      vertex 170.363 -0.0692377 16.5981
      vertex 170.289 -0.207047 16.5827
    endloop
  endfacet
  facet normal 0.166987 0.102061 -0.980663
    outer loop
      vertex 170.205 -0.13043 16.5827
      vertex 170.077 -0.215987 16.552
      vertex 170.057 -0.183264 16.552
    endloop
  endfacet
  facet normal 0.0830983 0.177146 -0.98067
    outer loop
      vertex 170.289 -0.207047 16.5827
      vertex 170.31 -0.216898 16.5827
      vertex 170.251 -0.359175 16.552
    endloop
  endfacet
  facet normal 0.0417833 0.0887927 -0.995173
    outer loop
      vertex 170.363 -0.0692377 16.5981
      vertex 170.37 -0.0725317 16.5981
      vertex 170.31 -0.216898 16.5827
    endloop
  endfacet
  facet normal 0.078591 0.0594582 -0.995132
    outer loop
      vertex 170.339 -0.0498047 16.5981
      vertex 170.219 -0.148935 16.5827
      vertex 170.205 -0.13043 16.5827
    endloop
  endfacet
  facet normal 0.77436 0.0399838 -0.63148
    outer loop
      vertex 169.214 0 16.0745
      vertex 169.22 -0.116201 16.0745
      vertex 169.115 0 15.9531
    endloop
  endfacet
  facet normal 0.704852 0.0363948 -0.70842
    outer loop
      vertex 169.331 -0.105318 16.1855
      vertex 169.22 -0.116201 16.0745
      vertex 169.214 0 16.0745
    endloop
  endfacet
  facet normal -0.883102 0.0393905 0.467525
    outer loop
      vertex 171.839 -0.141769 14.3159
      vertex 171.772 0 14.1774
      vertex 171.766 -0.134515 14.1774
    endloop
  endfacet
  facet normal -0.881165 0.0435085 0.470803
    outer loop
      vertex 171.839 -0.141769 14.3159
      vertex 171.846 0 14.3159
      vertex 171.772 0 14.1774
    endloop
  endfacet
  facet normal -0.820871 0.12502 0.557262
    outer loop
      vertex 171.746 -0.267735 14.1774
      vertex 171.679 -0.125964 14.0469
      vertex 171.66 -0.250716 14.0469
    endloop
  endfacet
  facet normal -0.765091 0.116525 0.633292
    outer loop
      vertex 171.66 -0.250716 14.0469
      vertex 171.679 -0.125964 14.0469
      vertex 171.58 -0.116201 13.9255
    endloop
  endfacet
  facet normal 0.994118 0.0512666 0.0954048
    outer loop
      vertex 168.825 -0.155129 14.7652
      vertex 168.817 0 14.7652
      vertex 168.802 0 14.9215
    endloop
  endfacet
  facet normal 0.896128 0.22496 0.382555
    outer loop
      vertex 168.958 -0.437304 14.461
      vertex 168.981 -0.282175 14.3159
      vertex 168.922 -0.293898 14.461
    endloop
  endfacet
  facet normal 0.868693 0.312037 0.384715
    outer loop
      vertex 169.008 -0.576501 14.461
      vertex 169.064 -0.553506 14.3159
      vertex 168.958 -0.437304 14.461
    endloop
  endfacet
  facet normal 0.984287 0.147352 -0.0972924
    outer loop
      vertex 168.848 -0.308765 15.2348
      vertex 168.833 -0.311768 15.0785
      vertex 168.825 -0.155129 15.2348
    endloop
  endfacet
  facet normal 0.984628 0.145984 -0.0959034
    outer loop
      vertex 168.825 -0.155129 15.2348
      vertex 168.833 -0.311768 15.0785
      vertex 168.81 -0.156638 15.0785
    endloop
  endfacet
  facet normal 0.902642 0.321005 0.286692
    outer loop
      vertex 168.966 -0.593944 14.6112
      vertex 168.958 -0.437304 14.461
      vertex 168.915 -0.450536 14.6112
    endloop
  endfacet
  facet normal 0.929361 0.23274 0.286566
    outer loop
      vertex 168.915 -0.450536 14.6112
      vertex 168.958 -0.437304 14.461
      vertex 168.878 -0.30279 14.6112
    endloop
  endfacet
  facet normal 0.797281 0.379823 0.469124
    outer loop
      vertex 169.19 -0.646928 14.1774
      vertex 169.132 -0.525181 14.1774
      vertex 169.064 -0.553506 14.3159
    endloop
  endfacet
  facet normal 0.894514 0.227384 0.384891
    outer loop
      vertex 169.016 -0.419863 14.3159
      vertex 168.981 -0.282175 14.3159
      vertex 168.958 -0.437304 14.461
    endloop
  endfacet
  facet normal 0.837095 0.391428 0.382173
    outer loop
      vertex 169.071 -0.710145 14.461
      vertex 169.124 -0.68182 14.3159
      vertex 169.064 -0.553506 14.3159
    endloop
  endfacet
  facet normal 0.797607 0.372964 0.474047
    outer loop
      vertex 169.124 -0.68182 14.3159
      vertex 169.19 -0.646928 14.1774
      vertex 169.064 -0.553506 14.3159
    endloop
  endfacet
  facet normal 0.97019 0.242344 0
    outer loop
      vertex 168.871 -0.463896 15.0785
      vertex 168.833 -0.311768 14.9215
      vertex 168.833 -0.311768 15.0785
    endloop
  endfacet
  facet normal 0.97019 0.242344 0
    outer loop
      vertex 168.833 -0.311768 14.9215
      vertex 168.871 -0.463896 15.0785
      vertex 168.871 -0.463896 14.9215
    endloop
  endfacet
  facet normal 0.965948 0.241284 0.0934186
    outer loop
      vertex 168.871 -0.463896 14.9215
      vertex 168.885 -0.459428 14.7652
      vertex 168.833 -0.311768 14.9215
    endloop
  endfacet
  facet normal 0.923149 0.0455815 0.38173
    outer loop
      vertex 168.961 -0.141769 14.3159
      vertex 168.954 0 14.3159
      vertex 168.894 0 14.461
    endloop
  endfacet
  facet normal 0.449861 0.32934 0.830157
    outer loop
      vertex 169.663 -0.604651 13.7149
      vertex 169.716 -0.456992 13.6276
      vertex 169.608 -0.529524 13.7149
    endloop
  endfacet
  facet normal 0.475838 0.290626 0.830129
    outer loop
      vertex 169.608 -0.529524 13.7149
      vertex 169.716 -0.456992 13.6276
      vertex 169.559 -0.449297 13.7149
    endloop
  endfacet
  facet normal 0.954806 0.045264 -0.293764
    outer loop
      vertex 168.894 0 15.539
      vertex 168.901 -0.147659 15.539
      vertex 168.855 -0.152127 15.3888
    endloop
  endfacet
  facet normal 0.955239 0.0439546 -0.29255
    outer loop
      vertex 168.894 0 15.539
      vertex 168.855 -0.152127 15.3888
      vertex 168.848 0 15.3888
    endloop
  endfacet
  facet normal 0.706498 0.526738 0.47266
    outer loop
      vertex 169.282 -0.917575 14.3159
      vertex 169.259 -0.762445 14.1774
      vertex 169.197 -0.803567 14.3159
    endloop
  endfacet
  facet normal 0.755712 0.453128 0.472835
    outer loop
      vertex 169.197 -0.803567 14.3159
      vertex 169.259 -0.762445 14.1774
      vertex 169.124 -0.68182 14.3159
    endloop
  endfacet
  facet normal 0.583708 0.788624 0.19328
    outer loop
      vertex 169.521 -1.31595 14.7652
      vertex 169.415 -1.19975 14.6112
      vertex 169.396 -1.22343 14.7652
    endloop
  endfacet
  facet normal 0.66169 0.724501 0.193041
    outer loop
      vertex 169.396 -1.22343 14.7652
      vertex 169.415 -1.19975 14.6112
      vertex 169.303 -1.09746 14.6112
    endloop
  endfacet
  facet normal 0.839326 0.507549 0.194746
    outer loop
      vertex 169.11 -0.862272 14.6112
      vertex 169.031 -0.731631 14.6112
      vertex 169.004 -0.746071 14.7652
    endloop
  endfacet
  facet normal 0.887946 0.417396 0.193216
    outer loop
      vertex 169.004 -0.746071 14.7652
      vertex 168.966 -0.593944 14.6112
      vertex 168.938 -0.605666 14.7652
    endloop
  endfacet
  facet normal 0.512304 0.853305 -0.097028
    outer loop
      vertex 169.654 -1.3958 15.2348
      vertex 169.647 -1.40937 15.0785
      vertex 169.521 -1.31595 15.2348
    endloop
  endfacet
  facet normal 0.427426 0.898704 -0.098171
    outer loop
      vertex 169.794 -1.46221 15.2348
      vertex 169.788 -1.47643 15.0785
      vertex 169.647 -1.40937 15.0785
    endloop
  endfacet
  facet normal 0.491229 0.820762 -0.291622
    outer loop
      vertex 169.69 -1.32859 15.539
      vertex 169.668 -1.36879 15.3888
      vertex 169.563 -1.25258 15.539
    endloop
  endfacet
  facet normal 0.408125 0.865191 -0.291341
    outer loop
      vertex 169.69 -1.32859 15.539
      vertex 169.824 -1.3918 15.539
      vertex 169.668 -1.36879 15.3888
    endloop
  endfacet
  facet normal 0.493959 0.820006 -0.289129
    outer loop
      vertex 169.563 -1.25258 15.539
      vertex 169.668 -1.36879 15.3888
      vertex 169.538 -1.29048 15.3888
    endloop
  endfacet
  facet normal 0.569467 0.76955 -0.288965
    outer loop
      vertex 169.563 -1.25258 15.539
      vertex 169.538 -1.29048 15.3888
      vertex 169.444 -1.16452 15.539
    endloop
  endfacet
  facet normal 0.242009 0.96524 -0.0987078
    outer loop
      vertex 169.941 -1.51453 15.2348
      vertex 170.088 -1.56737 15.0785
      vertex 169.936 -1.52926 15.0785
    endloop
  endfacet
  facet normal 0.331216 0.923092 -0.195442
    outer loop
      vertex 169.806 -1.43391 15.3888
      vertex 169.949 -1.48522 15.3888
      vertex 169.794 -1.46221 15.2348
    endloop
  endfacet
  facet normal -0.429501 0.903066 0
    outer loop
      vertex 171.153 -1.40937 14.9215
      vertex 171.012 -1.47643 15.0785
      vertex 171.153 -1.40937 15.0785
    endloop
  endfacet
  facet normal -0.429501 0.903066 0
    outer loop
      vertex 171.012 -1.47643 15.0785
      vertex 171.153 -1.40937 14.9215
      vertex 171.012 -1.47643 14.9215
    endloop
  endfacet
  facet normal -0.0970066 0.0126077 -0.995204
    outer loop
      vertex 170.479 0 16.5981
      vertex 170.634 -0.0230112 16.5827
      vertex 170.478 -0.00769424 16.5981
    endloop
  endfacet
  facet normal 0.0965778 0.0169517 -0.995181
    outer loop
      vertex 170.322 -0.00769424 16.5981
      vertex 170.17 -0.0458002 16.5827
      vertex 170.166 -0.0230112 16.5827
    endloop
  endfacet
  facet normal 0.213895 0.196464 -0.956896
    outer loop
      vertex 170.099 -0.246632 16.552
      vertex 170.019 -0.381146 16.5065
      vertex 169.983 -0.341952 16.5065
    endloop
  endfacet
  facet normal 0.280865 0.0711578 -0.957106
    outer loop
      vertex 170.028 -0.112853 16.552
      vertex 169.884 -0.15647 16.5065
      vertex 169.871 -0.105158 16.5065
    endloop
  endfacet
  facet normal 0.148133 0.249242 -0.957045
    outer loop
      vertex 170.184 -0.323249 16.552
      vertex 170.217 -0.342862 16.552
      vertex 170.146 -0.475376 16.5065
    endloop
  endfacet
  facet normal 0.125423 0.26141 -0.957044
    outer loop
      vertex 170.217 -0.342862 16.552
      vertex 170.251 -0.359175 16.552
      vertex 170.146 -0.475376 16.5065
    endloop
  endfacet
  facet normal 0.165168 0.345275 -0.923853
    outer loop
      vertex 170.194 -0.497993 16.5065
      vertex 170.138 -0.632014 16.4464
      vertex 170.078 -0.603312 16.4464
    endloop
  endfacet
  facet normal 0.091956 0.372063 -0.923641
    outer loop
      vertex 170.295 -0.528666 16.5065
      vertex 170.267 -0.670943 16.4464
      vertex 170.201 -0.654631 16.4464
    endloop
  endfacet
  facet normal 0.00462924 0.0980771 -0.995168
    outer loop
      vertex 170.4 -0.0785074 16.5981
      vertex 170.4 -0.234768 16.5827
      vertex 170.392 -0.0781298 16.5981
    endloop
  endfacet
  facet normal 0.00960474 0.195495 -0.980658
    outer loop
      vertex 170.4 -0.234768 16.5827
      vertex 170.4 -0.388768 16.552
      vertex 170.377 -0.233638 16.5827
    endloop
  endfacet
  facet normal 0.0326857 0.0926537 -0.995162
    outer loop
      vertex 170.377 -0.0751276 16.5981
      vertex 170.332 -0.224659 16.5827
      vertex 170.31 -0.216898 16.5827
    endloop
  endfacet
  facet normal 0.0416712 0.0888331 -0.995174
    outer loop
      vertex 170.363 -0.0692377 16.5981
      vertex 170.31 -0.216898 16.5827
      vertex 170.289 -0.207047 16.5827
    endloop
  endfacet
  facet normal -0.0223437 0.0954808 -0.99518
    outer loop
      vertex 170.423 -0.0751276 16.5981
      vertex 170.446 -0.230257 16.5827
      vertex 170.415 -0.0769997 16.5981
    endloop
  endfacet
  facet normal 0.0650625 0.184432 -0.980689
    outer loop
      vertex 170.31 -0.216898 16.5827
      vertex 170.332 -0.224659 16.5827
      vertex 170.287 -0.372027 16.552
    endloop
  endfacet
  facet normal -0.0918257 0.371536 -0.923866
    outer loop
      vertex 170.556 -0.515813 16.5065
      vertex 170.599 -0.654631 16.4464
      vertex 170.533 -0.670943 16.4464
    endloop
  endfacet
  facet normal -0.0830983 0.177146 -0.98067
    outer loop
      vertex 170.511 -0.207047 16.5827
      vertex 170.549 -0.359175 16.552
      vertex 170.49 -0.216898 16.5827
    endloop
  endfacet
  facet normal -0.176217 0.0846092 -0.980708
    outer loop
      vertex 170.617 -0.0898418 16.5827
      vertex 170.743 -0.183264 16.552
      vertex 170.607 -0.110669 16.5827
    endloop
  endfacet
  facet normal -0.0958921 0.021453 -0.995161
    outer loop
      vertex 170.63 -0.0458002 16.5827
      vertex 170.625 -0.0681496 16.5827
      vertex 170.477 -0.015316 16.5981
    endloop
  endfacet
  facet normal -0.177777 0.0824734 -0.980609
    outer loop
      vertex 170.759 -0.148775 16.552
      vertex 170.743 -0.183264 16.552
      vertex 170.617 -0.0898418 16.5827
    endloop
  endfacet
  facet normal -0.0969949 0.0127261 -0.995204
    outer loop
      vertex 170.478 -0.00769424 16.5981
      vertex 170.634 -0.0230112 16.5827
      vertex 170.477 -0.015316 16.5981
    endloop
  endfacet
  facet normal -0.0967819 0.0169875 -0.995161
    outer loop
      vertex 170.634 -0.0230112 16.5827
      vertex 170.63 -0.0458002 16.5827
      vertex 170.477 -0.015316 16.5981
    endloop
  endfacet
  facet normal -0.228054 0.307943 -0.923668
    outer loop
      vertex 170.834 -0.528807 16.4464
      vertex 170.78 -0.568798 16.4464
      vertex 170.742 -0.416671 16.5065
    endloop
  endfacet
  facet normal -0.213721 0.196573 -0.956913
    outer loop
      vertex 170.701 -0.246632 16.552
      vertex 170.781 -0.381146 16.5065
      vertex 170.675 -0.2749 16.552
    endloop
  endfacet
  facet normal -0.131678 0.144673 -0.980679
    outer loop
      vertex 170.566 -0.166006 16.5827
      vertex 170.675 -0.2749 16.552
      vertex 170.549 -0.181479 16.5827
    endloop
  endfacet
  facet normal -0.147085 0.129241 -0.980644
    outer loop
      vertex 170.581 -0.148935 16.5827
      vertex 170.675 -0.2749 16.552
      vertex 170.566 -0.166006 16.5827
    endloop
  endfacet
  facet normal -0.256576 0.284553 -0.923687
    outer loop
      vertex 170.884 -0.483723 16.4464
      vertex 170.834 -0.528807 16.4464
      vertex 170.742 -0.416671 16.5065
    endloop
  endfacet
  facet normal -0.115629 0.15772 -0.980691
    outer loop
      vertex 170.647 -0.300522 16.552
      vertex 170.616 -0.323249 16.552
      vertex 170.549 -0.181479 16.5827
    endloop
  endfacet
  facet normal 0.0741145 0.0649137 -0.995135
    outer loop
      vertex 170.339 -0.0498047 16.5981
      vertex 170.344 -0.0555134 16.5981
      vertex 170.234 -0.166006 16.5827
    endloop
  endfacet
  facet normal 0.234646 0.171206 -0.956885
    outer loop
      vertex 170.099 -0.246632 16.552
      vertex 169.983 -0.341952 16.5065
      vertex 169.952 -0.299465 16.5065
    endloop
  endfacet
  facet normal 0.262852 0.121941 -0.957099
    outer loop
      vertex 170.041 -0.148775 16.552
      vertex 170.057 -0.183264 16.552
      vertex 169.902 -0.206275 16.5065
    endloop
  endfacet
  facet normal 0.25755 0.282744 -0.923972
    outer loop
      vertex 170.019 -0.381146 16.5065
      vertex 170.058 -0.416671 16.5065
      vertex 169.916 -0.483723 16.4464
    endloop
  endfacet
  facet normal 0.284289 0.257182 -0.9236
    outer loop
      vertex 169.983 -0.341952 16.5065
      vertex 169.916 -0.483723 16.4464
      vertex 169.871 -0.43398 16.4464
    endloop
  endfacet
  facet normal 0.272572 0.0985101 -0.957079
    outer loop
      vertex 170.028 -0.112853 16.552
      vertex 169.902 -0.206275 16.5065
      vertex 169.884 -0.15647 16.5065
    endloop
  endfacet
  facet normal 0.286694 0.0383542 -0.957254
    outer loop
      vertex 170.019 -0.0758448 16.552
      vertex 169.871 -0.105158 16.5065
      vertex 169.864 -0.0528336 16.5065
    endloop
  endfacet
  facet normal 0.345422 0.166145 -0.923623
    outer loop
      vertex 169.902 -0.206275 16.5065
      vertex 169.925 -0.254093 16.5065
      vertex 169.768 -0.261788 16.4464
    endloop
  endfacet
  facet normal 0.262137 0.126085 -0.956759
    outer loop
      vertex 170.057 -0.183264 16.552
      vertex 169.925 -0.254093 16.5065
      vertex 169.902 -0.206275 16.5065
    endloop
  endfacet
  facet normal 0.706498 0.526738 -0.47266
    outer loop
      vertex 169.259 -0.762445 15.8226
      vertex 169.282 -0.917575 15.6841
      vertex 169.197 -0.803567 15.6841
    endloop
  endfacet
  facet normal 0.755712 0.453128 -0.472835
    outer loop
      vertex 169.259 -0.762445 15.8226
      vertex 169.197 -0.803567 15.6841
      vertex 169.124 -0.68182 15.6841
    endloop
  endfacet
  facet normal 0.797281 0.379823 -0.469124
    outer loop
      vertex 169.132 -0.525181 15.8226
      vertex 169.19 -0.646928 15.8226
      vertex 169.064 -0.553506 15.6841
    endloop
  endfacet
  facet normal 0.74988 0.357241 -0.556828
    outer loop
      vertex 169.213 -0.491798 15.9531
      vertex 169.19 -0.646928 15.8226
      vertex 169.132 -0.525181 15.8226
    endloop
  endfacet
  facet normal 0.51797 0.574876 -0.633423
    outer loop
      vertex 169.648 -0.91642 16.0745
      vertex 169.585 -0.99342 15.9531
      vertex 169.491 -0.908725 15.9531
    endloop
  endfacet
  facet normal 0.493462 0.670415 -0.55411
    outer loop
      vertex 169.686 -1.06855 15.9531
      vertex 169.638 -1.14108 15.8226
      vertex 169.529 -1.06085 15.8226
    endloop
  endfacet
  facet normal 0.187397 0.523705 -0.831033
    outer loop
      vertex 170.161 -0.787145 16.3724
      vertex 170.123 -0.912078 16.2851
      vertex 170.085 -0.75995 16.3724
    endloop
  endfacet
  facet normal 0.330818 0.6993 -0.633671
    outer loop
      vertex 169.946 -1.09528 16.0745
      vertex 169.908 -1.18731 15.9531
      vertex 169.794 -1.13338 15.9531
    endloop
  endfacet
  facet normal 0.599125 0.210895 -0.772381
    outer loop
      vertex 169.488 -0.276675 16.2851
      vertex 169.519 -0.364742 16.2851
      vertex 169.372 -0.311909 16.1855
    endloop
  endfacet
  facet normal 0.501972 0.237465 -0.831645
    outer loop
      vertex 169.64 -0.314781 16.3724
      vertex 169.559 -0.449297 16.2851
      vertex 169.519 -0.364742 16.2851
    endloop
  endfacet
  facet normal 0.377514 0.0568493 -0.924257
    outer loop
      vertex 169.864 -0.0528336 16.5065
      vertex 169.729 -0.133458 16.4464
      vertex 169.719 -0.0670519 16.4464
    endloop
  endfacet
  facet normal 0.382805 0.0217365 -0.923573
    outer loop
      vertex 169.861 0 16.5065
      vertex 169.864 -0.0528336 16.5065
      vertex 169.716 0 16.4464
    endloop
  endfacet
  facet normal 0.574181 0.271062 -0.772555
    outer loop
      vertex 169.559 -0.449297 16.2851
      vertex 169.452 -0.506513 16.1855
      vertex 169.407 -0.411191 16.1855
    endloop
  endfacet
  facet normal 0.641233 0.302716 -0.705113
    outer loop
      vertex 169.407 -0.411191 16.1855
      vertex 169.452 -0.506513 16.1855
      vertex 169.305 -0.453679 16.0745
    endloop
  endfacet
  facet normal 0.158935 0.444166 0.881735
    outer loop
      vertex 170.161 -0.787145 13.6276
      vertex 170.138 -0.632014 13.5536
      vertex 170.085 -0.75995 13.6276
    endloop
  endfacet
  facet normal 0.330696 0.447007 0.831159
    outer loop
      vertex 169.943 -0.683937 13.6276
      vertex 169.878 -0.63585 13.6276
      vertex 169.795 -0.736771 13.7149
    endloop
  endfacet
  facet normal -0.0188142 0.382682 0.923689
    outer loop
      vertex 170.467 -0.680794 13.5536
      vertex 170.4 -0.539023 13.4935
      vertex 170.4 -0.684088 13.5536
    endloop
  endfacet
  facet normal 0.070695 0.28214 0.956765
    outer loop
      vertex 170.295 -0.528666 13.4935
      vertex 170.324 -0.381298 13.4479
      vertex 170.287 -0.372027 13.4479
    endloop
  endfacet
  facet normal -0.0312868 0.634054 0.772655
    outer loop
      vertex 170.493 -0.948529 13.7149
      vertex 170.4 -0.953118 13.7149
      vertex 170.4 -1.07449 13.8145
    endloop
  endfacet
  facet normal -0.0274183 0.555654 0.830961
    outer loop
      vertex 170.493 -0.948529 13.7149
      vertex 170.4 -0.822564 13.6276
      vertex 170.4 -0.953118 13.7149
    endloop
  endfacet
  facet normal 0.270081 0.5751 0.772215
    outer loop
      vertex 169.989 -0.992702 13.8145
      vertex 170.035 -0.880567 13.7149
      vertex 169.893 -0.947618 13.8145
    endloop
  endfacet
  facet normal 0.21458 0.597934 0.772289
    outer loop
      vertex 170.088 -1.02823 13.8145
      vertex 170.035 -0.880567 13.7149
      vertex 169.989 -0.992702 13.8145
    endloop
  endfacet
  facet normal 0.28437 0.479015 0.830469
    outer loop
      vertex 169.951 -0.840575 13.7149
      vertex 170.012 -0.725436 13.6276
      vertex 169.87 -0.792489 13.7149
    endloop
  endfacet
  facet normal 0.239419 0.502881 0.830536
    outer loop
      vertex 170.035 -0.880567 13.7149
      vertex 170.012 -0.725436 13.6276
      vertex 169.951 -0.840575 13.7149
    endloop
  endfacet
  facet normal 0.256576 0.284553 0.923687
    outer loop
      vertex 169.966 -0.528807 13.5536
      vertex 170.058 -0.416671 13.4935
      vertex 169.916 -0.483723 13.5536
    endloop
  endfacet
  facet normal 0.241228 0.405378 0.881747
    outer loop
      vertex 170.078 -0.603312 13.5536
      vertex 170.02 -0.568798 13.5536
      vertex 169.943 -0.683937 13.6276
    endloop
  endfacet
  facet normal -0.188351 0.749718 0.634386
    outer loop
      vertex 170.651 -1.26044 14.0469
      vertex 170.773 -1.22979 14.0469
      vertex 170.631 -1.16274 13.9255
    endloop
  endfacet
  facet normal -0.202647 0.806621 0.555245
    outer loop
      vertex 170.668 -1.346 14.1774
      vertex 170.773 -1.22979 14.0469
      vertex 170.651 -1.26044 14.0469
    endloop
  endfacet
  facet normal -0.113668 0.457826 0.881745
    outer loop
      vertex 170.56 -0.806759 13.6276
      vertex 170.639 -0.787145 13.6276
      vertex 170.533 -0.670943 13.5536
    endloop
  endfacet
  facet normal -0.0699479 0.466516 0.881743
    outer loop
      vertex 170.56 -0.806759 13.6276
      vertex 170.533 -0.670943 13.5536
      vertex 170.481 -0.818604 13.6276
    endloop
  endfacet
  facet normal 0.0312868 0.634054 0.772655
    outer loop
      vertex 170.4 -1.07449 13.8145
      vertex 170.4 -0.953118 13.7149
      vertex 170.307 -0.948529 13.7149
    endloop
  endfacet
  facet normal 0.0274183 0.555654 0.830961
    outer loop
      vertex 170.4 -0.953118 13.7149
      vertex 170.4 -0.822564 13.6276
      vertex 170.307 -0.948529 13.7149
    endloop
  endfacet
  facet normal -0.269428 0.573709 0.773477
    outer loop
      vertex 170.907 -0.947618 13.8145
      vertex 170.849 -0.840575 13.7149
      vertex 170.811 -0.992702 13.8145
    endloop
  endfacet
  facet normal -0.326906 0.542743 0.773668
    outer loop
      vertex 170.907 -0.947618 13.8145
      vertex 170.997 -0.893409 13.8145
      vertex 170.849 -0.840575 13.7149
    endloop
  endfacet
  facet normal 0.131584 0.143796 0.98082
    outer loop
      vertex 170.153 -0.300522 13.4479
      vertex 170.251 -0.181479 13.4173
      vertex 170.125 -0.2749 13.4479
    endloop
  endfacet
  facet normal 0.00481904 0.0980866 0.995166
    outer loop
      vertex 170.4 -0.234768 13.4173
      vertex 170.392 -0.0781298 13.4019
      vertex 170.377 -0.233638 13.4173
    endloop
  endfacet
  facet normal 0.263381 0.122187 0.956923
    outer loop
      vertex 170.057 -0.183264 13.4479
      vertex 170.041 -0.148775 13.4479
      vertex 169.902 -0.206275 13.4935
    endloop
  endfacet
  facet normal 0.273046 0.0988141 0.956913
    outer loop
      vertex 170.041 -0.148775 13.4479
      vertex 170.028 -0.112853 13.4479
      vertex 169.902 -0.206275 13.4935
    endloop
  endfacet
  facet normal 0.189581 0.0461041 0.980782
    outer loop
      vertex 170.028 -0.112853 13.4479
      vertex 170.17 -0.0458002 13.4173
      vertex 170.019 -0.0758448 13.4479
    endloop
  endfacet
  facet normal 0.281357 0.068423 0.957161
    outer loop
      vertex 170.028 -0.112853 13.4479
      vertex 170.019 -0.0758448 13.4479
      vertex 169.871 -0.105158 13.4935
    endloop
  endfacet
  facet normal 0.228054 0.307943 0.923668
    outer loop
      vertex 170.02 -0.568798 13.5536
      vertex 170.058 -0.416671 13.4935
      vertex 169.966 -0.528807 13.5536
    endloop
  endfacet
  facet normal 0.316065 0.349823 0.881888
    outer loop
      vertex 169.878 -0.63585 13.6276
      vertex 169.966 -0.528807 13.5536
      vertex 169.818 -0.58164 13.6276
    endloop
  endfacet
  facet normal 0.273121 0.0987084 0.956902
    outer loop
      vertex 169.902 -0.206275 13.4935
      vertex 170.028 -0.112853 13.4479
      vertex 169.884 -0.15647 13.4935
    endloop
  endfacet
  facet normal 0.36002 0.130115 0.923827
    outer loop
      vertex 169.902 -0.206275 13.4935
      vertex 169.884 -0.15647 13.4935
      vertex 169.745 -0.19858 13.5536
    endloop
  endfacet
  facet normal 0.183904 0.066554 0.980688
    outer loop
      vertex 170.041 -0.148775 13.4479
      vertex 170.175 -0.0681496 13.4173
      vertex 170.028 -0.112853 13.4479
    endloop
  endfacet
  facet normal 0.183287 0.0675956 0.980733
    outer loop
      vertex 170.183 -0.0898418 13.4173
      vertex 170.175 -0.0681496 13.4173
      vertex 170.041 -0.148775 13.4479
    endloop
  endfacet
  facet normal 0.345528 0.165112 0.923768
    outer loop
      vertex 169.797 -0.322476 13.5536
      vertex 169.925 -0.254093 13.4935
      vertex 169.768 -0.261788 13.5536
    endloop
  endfacet
  facet normal 0.158442 0.113745 0.980795
    outer loop
      vertex 170.099 -0.246632 13.4479
      vertex 170.205 -0.13043 13.4173
      vertex 170.077 -0.215987 13.4479
    endloop
  endfacet
  facet normal 0.444424 0.157879 0.881794
    outer loop
      vertex 169.64 -0.314781 13.6276
      vertex 169.768 -0.261788 13.5536
      vertex 169.613 -0.238777 13.6276
    endloop
  endfacet
  facet normal 0.444619 0.161787 0.880987
    outer loop
      vertex 169.768 -0.261788 13.5536
      vertex 169.745 -0.19858 13.5536
      vertex 169.613 -0.238777 13.6276
    endloop
  endfacet
  facet normal 0.196568 0.214812 0.95667
    outer loop
      vertex 170.153 -0.300522 13.4479
      vertex 170.125 -0.2749 13.4479
      vertex 170.058 -0.416671 13.4935
    endloop
  endfacet
  facet normal 0.195953 0.215121 0.956726
    outer loop
      vertex 170.058 -0.416671 13.4935
      vertex 170.125 -0.2749 13.4479
      vertex 170.019 -0.381146 13.4935
    endloop
  endfacet
  facet normal 0.290817 0.0165132 0.956636
    outer loop
      vertex 169.864 -0.0528336 13.4935
      vertex 170.011 0 13.4479
      vertex 169.861 0 13.4935
    endloop
  endfacet
  facet normal 0.382805 0.0217365 0.923573
    outer loop
      vertex 169.864 -0.0528336 13.4935
      vertex 169.861 0 13.4935
      vertex 169.716 0 13.5536
    endloop
  endfacet
  facet normal 0.615527 0.156034 0.772515
    outer loop
      vertex 169.488 -0.276675 13.7149
      vertex 169.465 -0.185944 13.7149
      vertex 169.346 -0.209623 13.8145
    endloop
  endfacet
  facet normal 0.539032 0.136643 0.831128
    outer loop
      vertex 169.488 -0.276675 13.7149
      vertex 169.613 -0.238777 13.6276
      vertex 169.465 -0.185944 13.7149
    endloop
  endfacet
  facet normal 0.704852 0.0363948 0.70842
    outer loop
      vertex 169.22 -0.116201 13.9255
      vertex 169.331 -0.105318 13.8145
      vertex 169.214 0 13.9255
    endloop
  endfacet
  facet normal 0.699991 0.100665 0.707022
    outer loop
      vertex 169.346 -0.209623 13.8145
      vertex 169.331 -0.105318 13.8145
      vertex 169.237 -0.231283 13.9255
    endloop
  endfacet
  facet normal 0.641233 0.302716 0.705113
    outer loop
      vertex 169.452 -0.506513 13.8145
      vertex 169.407 -0.411191 13.8145
      vertex 169.305 -0.453679 13.9255
    endloop
  endfacet
  facet normal 0.751456 0.355928 0.555544
    outer loop
      vertex 169.267 -0.605806 14.0469
      vertex 169.213 -0.491798 14.0469
      vertex 169.19 -0.646928 14.1774
    endloop
  endfacet
  facet normal -0.476249 0.524585 0.705689
    outer loop
      vertex 171.238 -0.83829 13.9255
      vertex 171.16 -0.759782 13.8145
      vertex 171.082 -0.830595 13.8145
    endloop
  endfacet
  facet normal -0.476348 0.524331 0.705811
    outer loop
      vertex 171.152 -0.91642 13.9255
      vertex 171.238 -0.83829 13.9255
      vertex 171.082 -0.830595 13.8145
    endloop
  endfacet
  facet normal -0.501972 0.237465 0.831645
    outer loop
      vertex 171.241 -0.449297 13.7149
      vertex 171.281 -0.364742 13.7149
      vertex 171.16 -0.314781 13.6276
    endloop
  endfacet
  facet normal -0.523856 0.1844 0.831608
    outer loop
      vertex 171.281 -0.364742 13.7149
      vertex 171.312 -0.276675 13.7149
      vertex 171.16 -0.314781 13.6276
    endloop
  endfacet
  facet normal -0.406606 0.240086 0.881493
    outer loop
      vertex 171.084 -0.456992 13.6276
      vertex 171.003 -0.322476 13.5536
      vertex 170.969 -0.380058 13.5536
    endloop
  endfacet
  facet normal -0.541453 0.330702 0.772958
    outer loop
      vertex 171.293 -0.596956 13.8145
      vertex 171.241 -0.449297 13.7149
      vertex 171.192 -0.529524 13.7149
    endloop
  endfacet
  facet normal -0.749269 0.183738 0.636267
    outer loop
      vertex 171.63 -0.373054 14.0469
      vertex 171.66 -0.250716 14.0469
      vertex 171.534 -0.344138 13.9255
    endloop
  endfacet
  facet normal -0.809129 0.198417 0.553119
    outer loop
      vertex 171.713 -0.398376 14.1774
      vertex 171.66 -0.250716 14.0469
      vertex 171.63 -0.373054 14.0469
    endloop
  endfacet
  facet normal -0.703353 0.327698 0.6308
    outer loop
      vertex 171.533 -0.605806 14.0469
      vertex 171.495 -0.453679 13.9255
      vertex 171.446 -0.55885 13.9255
    endloop
  endfacet
  facet normal -0.751456 0.355928 0.555544
    outer loop
      vertex 171.61 -0.646928 14.1774
      vertex 171.587 -0.491798 14.0469
      vertex 171.533 -0.605806 14.0469
    endloop
  endfacet
  facet normal -0.708502 0.523972 0.472736
    outer loop
      vertex 171.603 -0.803567 14.3159
      vertex 171.541 -0.762445 14.1774
      vertex 171.461 -0.870619 14.1774
    endloop
  endfacet
  facet normal -0.667612 0.493732 0.557247
    outer loop
      vertex 171.461 -0.870619 14.1774
      vertex 171.541 -0.762445 14.1774
      vertex 171.393 -0.815279 14.0469
    endloop
  endfacet
  facet normal -0.868693 0.312037 0.384715
    outer loop
      vertex 171.792 -0.576501 14.461
      vertex 171.842 -0.437304 14.461
      vertex 171.736 -0.553506 14.3159
    endloop
  endfacet
  facet normal -0.834954 0.393599 0.384619
    outer loop
      vertex 171.792 -0.576501 14.461
      vertex 171.736 -0.553506 14.3159
      vertex 171.729 -0.710145 14.461
    endloop
  endfacet
  facet normal -0.592624 0.7993 -0.0995819
    outer loop
      vertex 171.414 -1.23533 15.0785
      vertex 171.288 -1.32875 15.0785
      vertex 171.279 -1.31595 15.2348
    endloop
  endfacet
  facet normal -0.644611 0.707721 -0.28915
    outer loop
      vertex 171.465 -1.06524 15.539
      vertex 171.497 -1.09746 15.3888
      vertex 171.356 -1.16452 15.539
    endloop
  endfacet
  facet normal -0.549981 0.743218 -0.380982
    outer loop
      vertex 171.356 -1.16452 15.539
      vertex 171.237 -1.25258 15.539
      vertex 171.204 -1.20262 15.6841
    endloop
  endfacet
  facet normal -0.569467 0.76955 -0.288965
    outer loop
      vertex 171.356 -1.16452 15.539
      vertex 171.262 -1.29048 15.3888
      vertex 171.237 -1.25258 15.539
    endloop
  endfacet
  facet normal -0.707071 0.645355 0.289079
    outer loop
      vertex 171.497 -1.09746 14.6112
      vertex 171.6 -0.98461 14.6112
      vertex 171.465 -1.06524 14.461
    endloop
  endfacet
  facet normal -0.72421 0.660998 0.196471
    outer loop
      vertex 171.519 -1.11913 14.7652
      vertex 171.6 -0.98461 14.6112
      vertex 171.497 -1.09746 14.6112
    endloop
  endfacet
  facet normal 0.63683 0.0272668 0.770522
    outer loop
      vertex 169.451 -0.0934219 13.7149
      vertex 169.447 0 13.7149
      vertex 169.331 -0.105318 13.8145
    endloop
  endfacet
  facet normal -0.143033 0.131557 0.980936
    outer loop
      vertex 170.675 -0.2749 13.4479
      vertex 170.701 -0.246632 13.4479
      vertex 170.581 -0.148935 13.4173
    endloop
  endfacet
  facet normal -0.377514 0.0568493 0.924257
    outer loop
      vertex 171.071 -0.133458 13.5536
      vertex 171.081 -0.0670519 13.5536
      vertex 170.936 -0.0528336 13.4935
    endloop
  endfacet
  facet normal -0.273084 0.0988278 0.9569
    outer loop
      vertex 170.916 -0.15647 13.4935
      vertex 170.772 -0.112853 13.4479
      vertex 170.759 -0.148775 13.4479
    endloop
  endfacet
  facet normal -0.0982395 0.0042692 0.995154
    outer loop
      vertex 170.634 -0.0230112 13.4173
      vertex 170.635 0 13.4173
      vertex 170.479 0 13.4019
    endloop
  endfacet
  facet normal -0.195304 0.00848734 0.980706
    outer loop
      vertex 170.787 -0.038105 13.4479
      vertex 170.635 0 13.4173
      vertex 170.634 -0.0230112 13.4173
    endloop
  endfacet
  facet normal -0.0739971 0.06502 0.995137
    outer loop
      vertex 170.566 -0.166006 13.4173
      vertex 170.581 -0.148935 13.4173
      vertex 170.461 -0.0498047 13.4019
    endloop
  endfacet
  facet normal 0.0823463 0.0532263 0.995181
    outer loop
      vertex 170.339 -0.0498047 13.4019
      vertex 170.335 -0.0436163 13.4019
      vertex 170.205 -0.13043 13.4173
    endloop
  endfacet
  facet normal -0.183287 0.0675956 0.980733
    outer loop
      vertex 170.759 -0.148775 13.4479
      vertex 170.625 -0.0681496 13.4173
      vertex 170.617 -0.0898418 13.4173
    endloop
  endfacet
  facet normal 0.16666 0.101205 0.980807
    outer loop
      vertex 170.205 -0.13043 13.4173
      vertex 170.193 -0.110669 13.4173
      vertex 170.057 -0.183264 13.4479
    endloop
  endfacet
  facet normal 0.0982324 0.012767 0.995082
    outer loop
      vertex 170.322 -0.00769424 13.4019
      vertex 170.321 0 13.4019
      vertex 170.165 0 13.4173
    endloop
  endfacet
  facet normal 0.0284381 0.193042 0.980778
    outer loop
      vertex 170.362 -0.386896 13.4479
      vertex 170.377 -0.233638 13.4173
      vertex 170.324 -0.381298 13.4479
    endloop
  endfacet
  facet normal -0.476739 0.282302 0.832482
    outer loop
      vertex 171.241 -0.449297 13.7149
      vertex 171.125 -0.387753 13.6276
      vertex 171.084 -0.456992 13.6276
    endloop
  endfacet
  facet normal -0.475838 0.290626 0.830129
    outer loop
      vertex 171.192 -0.529524 13.7149
      vertex 171.241 -0.449297 13.7149
      vertex 171.084 -0.456992 13.6276
    endloop
  endfacet
  facet normal -0.307166 0.227859 0.923975
    outer loop
      vertex 170.929 -0.43398 13.5536
      vertex 170.969 -0.380058 13.5536
      vertex 170.848 -0.299465 13.4935
    endloop
  endfacet
  facet normal -0.316065 0.349823 0.881888
    outer loop
      vertex 170.922 -0.63585 13.6276
      vertex 170.982 -0.58164 13.6276
      vertex 170.834 -0.528807 13.5536
    endloop
  endfacet
  facet normal -0.425311 0.203994 0.881758
    outer loop
      vertex 171.125 -0.387753 13.6276
      vertex 171.16 -0.314781 13.6276
      vertex 171.032 -0.261788 13.5536
    endloop
  endfacet
  facet normal -0.425861 0.203499 0.881607
    outer loop
      vertex 171.125 -0.387753 13.6276
      vertex 171.032 -0.261788 13.5536
      vertex 171.003 -0.322476 13.5536
    endloop
  endfacet
  facet normal -0.0482605 0.0852961 0.995186
    outer loop
      vertex 170.511 -0.207047 13.4173
      vertex 170.444 -0.0652771 13.4019
      vertex 170.437 -0.0692377 13.4019
    endloop
  endfacet
  facet normal -0.172097 0.234851 0.956675
    outer loop
      vertex 170.699 -0.448181 13.4935
      vertex 170.742 -0.416671 13.4935
      vertex 170.616 -0.323249 13.4479
    endloop
  endfacet
  facet normal -0.28437 0.479015 0.830469
    outer loop
      vertex 170.849 -0.840575 13.7149
      vertex 170.93 -0.792489 13.7149
      vertex 170.788 -0.725436 13.6276
    endloop
  endfacet
  facet normal -0.238083 0.503565 0.830505
    outer loop
      vertex 170.849 -0.840575 13.7149
      vertex 170.788 -0.725436 13.6276
      vertex 170.715 -0.75995 13.6276
    endloop
  endfacet
  facet normal -0.309825 0.226059 0.923529
    outer loop
      vertex 170.929 -0.43398 13.5536
      vertex 170.848 -0.299465 13.4935
      vertex 170.817 -0.341952 13.4935
    endloop
  endfacet
  facet normal -0.350194 0.316171 0.881703
    outer loop
      vertex 170.982 -0.58164 13.6276
      vertex 171.036 -0.521829 13.6276
      vertex 170.929 -0.43398 13.5536
    endloop
  endfacet
  facet normal -0.0429068 0.287483 0.956824
    outer loop
      vertex 170.453 -0.536427 13.4935
      vertex 170.505 -0.528666 13.4935
      vertex 170.438 -0.386896 13.4479
    endloop
  endfacet
  facet normal -0.0423849 0.287714 0.956778
    outer loop
      vertex 170.505 -0.528666 13.4935
      vertex 170.476 -0.381298 13.4479
      vertex 170.438 -0.386896 13.4479
    endloop
  endfacet
  facet normal -0.0520514 0.0835003 0.995147
    outer loop
      vertex 170.511 -0.207047 13.4173
      vertex 170.53 -0.195203 13.4173
      vertex 170.444 -0.0652771 13.4019
    endloop
  endfacet
  facet normal -0.148431 0.249744 0.956868
    outer loop
      vertex 170.654 -0.475376 13.4935
      vertex 170.616 -0.323249 13.4479
      vertex 170.583 -0.342862 13.4479
    endloop
  endfacet
  facet normal -0.154801 0.117115 0.980979
    outer loop
      vertex 170.701 -0.246632 13.4479
      vertex 170.595 -0.13043 13.4173
      vertex 170.581 -0.148935 13.4173
    endloop
  endfacet
  facet normal -0.262664 0.126339 0.95658
    outer loop
      vertex 170.875 -0.254093 13.4935
      vertex 170.898 -0.206275 13.4935
      vertex 170.743 -0.183264 13.4479
    endloop
  endfacet
  facet normal -0.172137 0.234798 0.956681
    outer loop
      vertex 170.742 -0.416671 13.4935
      vertex 170.647 -0.300522 13.4479
      vertex 170.616 -0.323249 13.4479
    endloop
  endfacet
  facet normal -0.115267 0.157226 0.980813
    outer loop
      vertex 170.616 -0.323249 13.4479
      vertex 170.647 -0.300522 13.4479
      vertex 170.549 -0.181479 13.4173
    endloop
  endfacet
  facet normal -0.131265 0.144219 0.980801
    outer loop
      vertex 170.675 -0.2749 13.4479
      vertex 170.566 -0.166006 13.4173
      vertex 170.549 -0.181479 13.4173
    endloop
  endfacet
  facet normal -0.131584 0.143796 0.98082
    outer loop
      vertex 170.647 -0.300522 13.4479
      vertex 170.675 -0.2749 13.4479
      vertex 170.549 -0.181479 13.4173
    endloop
  endfacet
  facet normal -0.372042 0.0942575 0.923418
    outer loop
      vertex 171.071 -0.133458 13.5536
      vertex 170.929 -0.105158 13.4935
      vertex 170.916 -0.15647 13.4935
    endloop
  endfacet
  facet normal -0.288191 0.0458176 0.956476
    outer loop
      vertex 170.936 -0.0528336 13.4935
      vertex 170.787 -0.038105 13.4479
      vertex 170.781 -0.0758448 13.4479
    endloop
  endfacet
  facet normal -0.250475 0.149053 0.95658
    outer loop
      vertex 170.848 -0.299465 13.4935
      vertex 170.875 -0.254093 13.4935
      vertex 170.743 -0.183264 13.4479
    endloop
  endfacet
  facet normal -0.345422 0.166145 0.923623
    outer loop
      vertex 171.032 -0.261788 13.5536
      vertex 170.898 -0.206275 13.4935
      vertex 170.875 -0.254093 13.4935
    endloop
  endfacet
  facet normal -0.902642 0.321005 -0.286692
    outer loop
      vertex 171.842 -0.437304 15.539
      vertex 171.885 -0.450536 15.3888
      vertex 171.834 -0.593944 15.3888
    endloop
  endfacet
  facet normal -0.923379 0.32838 -0.19884
    outer loop
      vertex 171.885 -0.450536 15.3888
      vertex 171.915 -0.459428 15.2348
      vertex 171.834 -0.593944 15.3888
    endloop
  endfacet
  facet normal -0.355034 0.752243 -0.55505
    outer loop
      vertex 171.006 -1.13338 15.9531
      vertex 171.047 -1.21032 15.8226
      vertex 170.925 -1.2679 15.8226
    endloop
  endfacet
  facet normal -0.429084 0.712661 -0.554978
    outer loop
      vertex 171.162 -1.14108 15.8226
      vertex 171.047 -1.21032 15.8226
      vertex 171.006 -1.13338 15.9531
    endloop
  endfacet
  facet normal -0.797607 0.372964 -0.474047
    outer loop
      vertex 171.736 -0.553506 15.6841
      vertex 171.676 -0.68182 15.6841
      vertex 171.61 -0.646928 15.8226
    endloop
  endfacet
  facet normal -0.755197 0.452819 -0.473955
    outer loop
      vertex 171.61 -0.646928 15.8226
      vertex 171.676 -0.68182 15.6841
      vertex 171.603 -0.803567 15.6841
    endloop
  endfacet
  facet normal 0.0380264 0.772515 -0.633857
    outer loop
      vertex 170.4 -1.18552 16.0745
      vertex 170.4 -1.28513 15.9531
      vertex 170.284 -1.17981 16.0745
    endloop
  endfacet
  facet normal 0.0379497 0.772482 -0.633902
    outer loop
      vertex 170.284 -1.17981 16.0745
      vertex 170.4 -1.28513 15.9531
      vertex 170.274 -1.27894 15.9531
    endloop
  endfacet
  facet normal -0.113198 0.764851 -0.634184
    outer loop
      vertex 170.631 -1.16274 16.0745
      vertex 170.651 -1.26044 15.9531
      vertex 170.526 -1.27894 15.9531
    endloop
  endfacet
  facet normal -0.121762 0.822715 -0.55526
    outer loop
      vertex 170.651 -1.26044 15.9531
      vertex 170.668 -1.346 15.8226
      vertex 170.526 -1.27894 15.9531
    endloop
  endfacet
  facet normal -0.0452127 0.922963 -0.382225
    outer loop
      vertex 170.4 -1.44638 15.6841
      vertex 170.548 -1.49922 15.539
      vertex 170.4 -1.50647 15.539
    endloop
  endfacet
  facet normal 0.232153 0.928362 -0.290256
    outer loop
      vertex 170.106 -1.47752 15.539
      vertex 170.097 -1.52223 15.3888
      vertex 169.949 -1.48522 15.3888
    endloop
  endfacet
  facet normal 0.12966 0.872715 -0.470699
    outer loop
      vertex 170.265 -1.36576 15.8226
      vertex 170.258 -1.43942 15.6841
      vertex 170.132 -1.346 15.8226
    endloop
  endfacet
  facet normal 0.140689 0.946569 -0.290195
    outer loop
      vertex 170.106 -1.47752 15.539
      vertex 170.252 -1.49922 15.539
      vertex 170.097 -1.52223 15.3888
    endloop
  endfacet
  facet normal 0.311787 0.870248 -0.38139
    outer loop
      vertex 169.98 -1.3841 15.6841
      vertex 169.963 -1.4416 15.539
      vertex 169.824 -1.3918 15.539
    endloop
  endfacet
  facet normal 0.322623 0.900495 -0.291587
    outer loop
      vertex 169.963 -1.4416 15.539
      vertex 169.949 -1.48522 15.3888
      vertex 169.824 -1.3918 15.539
    endloop
  endfacet
  facet normal -0.240717 0.404519 -0.882281
    outer loop
      vertex 170.78 -0.568798 16.4464
      vertex 170.788 -0.725436 16.3724
      vertex 170.722 -0.603312 16.4464
    endloop
  endfacet
  facet normal -0.243081 0.404168 -0.881794
    outer loop
      vertex 170.857 -0.683937 16.3724
      vertex 170.788 -0.725436 16.3724
      vertex 170.78 -0.568798 16.4464
    endloop
  endfacet
  facet normal -0.25755 0.282744 -0.923972
    outer loop
      vertex 170.781 -0.381146 16.5065
      vertex 170.884 -0.483723 16.4464
      vertex 170.742 -0.416671 16.5065
    endloop
  endfacet
  facet normal -0.195559 0.214689 -0.956904
    outer loop
      vertex 170.781 -0.381146 16.5065
      vertex 170.742 -0.416671 16.5065
      vertex 170.675 -0.2749 16.552
    endloop
  endfacet
  facet normal 0.0187456 0.38271 -0.923678
    outer loop
      vertex 170.347 -0.536427 16.5065
      vertex 170.4 -0.539023 16.5065
      vertex 170.333 -0.680794 16.4464
    endloop
  endfacet
  facet normal 0.0422998 0.287137 -0.956955
    outer loop
      vertex 170.324 -0.381298 16.552
      vertex 170.362 -0.386896 16.552
      vertex 170.295 -0.528666 16.5065
    endloop
  endfacet
  facet normal -0.0428206 0.286905 -0.957001
    outer loop
      vertex 170.505 -0.528666 16.5065
      vertex 170.453 -0.536427 16.5065
      vertex 170.438 -0.386896 16.552
    endloop
  endfacet
  facet normal 0.0812656 0.550692 -0.830743
    outer loop
      vertex 170.319 -0.818604 16.3724
      vertex 170.307 -0.948529 16.2851
      vertex 170.214 -0.934805 16.2851
    endloop
  endfacet
  facet normal -0.0936785 0.371711 -0.92361
    outer loop
      vertex 170.556 -0.515813 16.5065
      vertex 170.533 -0.670943 16.4464
      vertex 170.505 -0.528666 16.5065
    endloop
  endfacet
  facet normal -0.0422998 0.287137 -0.956955
    outer loop
      vertex 170.476 -0.381298 16.552
      vertex 170.505 -0.528666 16.5065
      vertex 170.438 -0.386896 16.552
    endloop
  endfacet
  facet normal 0.309825 0.226059 -0.923529
    outer loop
      vertex 169.952 -0.299465 16.5065
      vertex 169.983 -0.341952 16.5065
      vertex 169.871 -0.43398 16.4464
    endloop
  endfacet
  facet normal 0.406376 0.23995 -0.881636
    outer loop
      vertex 169.797 -0.322476 16.4464
      vertex 169.831 -0.380058 16.4464
      vertex 169.675 -0.387753 16.3724
    endloop
  endfacet
  facet normal 0.113668 0.457826 -0.881745
    outer loop
      vertex 170.267 -0.670943 16.4464
      vertex 170.24 -0.806759 16.3724
      vertex 170.161 -0.787145 16.3724
    endloop
  endfacet
  facet normal 0.0565733 0.379032 -0.923653
    outer loop
      vertex 170.295 -0.528666 16.5065
      vertex 170.333 -0.680794 16.4464
      vertex 170.267 -0.670943 16.4464
    endloop
  endfacet
  facet normal 0.197896 0.327461 -0.923908
    outer loop
      vertex 170.101 -0.448181 16.5065
      vertex 170.146 -0.475376 16.5065
      vertex 170.02 -0.568798 16.4464
    endloop
  endfacet
  facet normal 0.327876 0.544352 -0.772126
    outer loop
      vertex 169.87 -0.792489 16.2851
      vertex 169.893 -0.947618 16.1855
      vertex 169.803 -0.893409 16.1855
    endloop
  endfacet
  facet normal 0.0925105 0.6279 -0.772777
    outer loop
      vertex 170.214 -0.934805 16.2851
      vertex 170.295 -1.06932 16.1855
      vertex 170.19 -1.05385 16.1855
    endloop
  endfacet
  facet normal 0.187532 0.523717 -0.830995
    outer loop
      vertex 170.085 -0.75995 16.3724
      vertex 170.123 -0.912078 16.2851
      vertex 170.035 -0.880567 16.2851
    endloop
  endfacet
  facet normal 0.511968 0.374809 -0.772921
    outer loop
      vertex 169.608 -0.529524 16.2851
      vertex 169.663 -0.604651 16.2851
      vertex 169.507 -0.596956 16.1855
    endloop
  endfacet
  facet normal 0.511973 0.374784 -0.77293
    outer loop
      vertex 169.663 -0.604651 16.2851
      vertex 169.569 -0.681651 16.1855
      vertex 169.507 -0.596956 16.1855
    endloop
  endfacet
  facet normal 0.519279 0.571586 -0.635325
    outer loop
      vertex 169.562 -0.83829 16.0745
      vertex 169.648 -0.91642 16.0745
      vertex 169.491 -0.908725 15.9531
    endloop
  endfacet
  facet normal 0.461828 0.620852 -0.633449
    outer loop
      vertex 169.648 -0.91642 16.0745
      vertex 169.686 -1.06855 15.9531
      vertex 169.585 -0.99342 15.9531
    endloop
  endfacet
  facet normal 0.323382 0.544731 -0.773752
    outer loop
      vertex 169.951 -0.840575 16.2851
      vertex 169.893 -0.947618 16.1855
      vertex 169.87 -0.792489 16.2851
    endloop
  endfacet
  facet normal 0.28437 0.479015 -0.830469
    outer loop
      vertex 170.012 -0.725436 16.3724
      vertex 169.951 -0.840575 16.2851
      vertex 169.87 -0.792489 16.2851
    endloop
  endfacet
  facet normal 0.0488662 0.993998 -0.0978735
    outer loop
      vertex 170.4 -1.58268 15.2348
      vertex 170.4 -1.59807 15.0785
      vertex 170.245 -1.57506 15.2348
    endloop
  endfacet
  facet normal 0.0486865 0.99399 -0.0980505
    outer loop
      vertex 170.245 -1.57506 15.2348
      vertex 170.4 -1.59807 15.0785
      vertex 170.243 -1.59038 15.0785
    endloop
  endfacet
  facet normal -0.140141 0.946812 -0.289667
    outer loop
      vertex 170.703 -1.52223 15.3888
      vertex 170.552 -1.54458 15.3888
      vertex 170.548 -1.49922 15.539
    endloop
  endfacet
  facet normal 0.0481609 0.97965 -0.194849
    outer loop
      vertex 170.4 -1.55205 15.3888
      vertex 170.4 -1.58268 15.2348
      vertex 170.245 -1.57506 15.2348
    endloop
  endfacet
  facet normal -0.0481448 0.979654 -0.194833
    outer loop
      vertex 170.552 -1.54458 15.3888
      vertex 170.555 -1.57506 15.2348
      vertex 170.4 -1.55205 15.3888
    endloop
  endfacet
  facet normal 0.143612 0.970265 -0.194835
    outer loop
      vertex 170.248 -1.54458 15.3888
      vertex 170.245 -1.57506 15.2348
      vertex 170.097 -1.52223 15.3888
    endloop
  endfacet
  facet normal -0.166987 0.102061 -0.980663
    outer loop
      vertex 170.743 -0.183264 16.552
      vertex 170.723 -0.215987 16.552
      vertex 170.595 -0.13043 16.5827
    endloop
  endfacet
  facet normal -0.15894 0.114103 -0.980672
    outer loop
      vertex 170.723 -0.215987 16.552
      vertex 170.701 -0.246632 16.552
      vertex 170.595 -0.13043 16.5827
    endloop
  endfacet
  facet normal -0.083876 0.0509343 -0.995174
    outer loop
      vertex 170.607 -0.110669 16.5827
      vertex 170.595 -0.13043 16.5827
      vertex 170.465 -0.0436163 16.5981
    endloop
  endfacet
  facet normal -0.0482785 0.189733 -0.980648
    outer loop
      vertex 170.468 -0.224659 16.5827
      vertex 170.476 -0.381298 16.552
      vertex 170.446 -0.230257 16.5827
    endloop
  endfacet
  facet normal 0.0739971 0.06502 -0.995137
    outer loop
      vertex 170.339 -0.0498047 16.5981
      vertex 170.234 -0.166006 16.5827
      vertex 170.219 -0.148935 16.5827
    endloop
  endfacet
  facet normal -0.0641015 0.0743393 -0.995171
    outer loop
      vertex 170.456 -0.0555134 16.5981
      vertex 170.549 -0.181479 16.5827
      vertex 170.45 -0.0606871 16.5981
    endloop
  endfacet
  facet normal 0.0958921 0.021453 -0.995161
    outer loop
      vertex 170.323 -0.015316 16.5981
      vertex 170.175 -0.0681496 16.5827
      vertex 170.17 -0.0458002 16.5827
    endloop
  endfacet
  facet normal -0.0741145 0.0649137 -0.995135
    outer loop
      vertex 170.461 -0.0498047 16.5981
      vertex 170.566 -0.166006 16.5827
      vertex 170.456 -0.0555134 16.5981
    endloop
  endfacet
  facet normal -0.0156663 0.0970394 -0.995157
    outer loop
      vertex 170.415 -0.0769997 16.5981
      vertex 170.423 -0.233638 16.5827
      vertex 170.408 -0.0781298 16.5981
    endloop
  endfacet
  facet normal -0.0839356 0.0508085 -0.995175
    outer loop
      vertex 170.469 -0.0370083 16.5981
      vertex 170.607 -0.110669 16.5827
      vertex 170.465 -0.0436163 16.5981
    endloop
  endfacet
  facet normal -0.114364 0.158329 -0.980741
    outer loop
      vertex 170.549 -0.181479 16.5827
      vertex 170.616 -0.323249 16.552
      vertex 170.53 -0.195203 16.5827
    endloop
  endfacet
  facet normal -0.635293 0.027201 0.771792
    outer loop
      vertex 171.474 0 13.8145
      vertex 171.353 0 13.7149
      vertex 171.349 -0.0934219 13.7149
    endloop
  endfacet
  facet normal 0.944953 0.144255 0.293691
    outer loop
      vertex 168.878 -0.30279 14.6112
      vertex 168.901 -0.147659 14.461
      vertex 168.855 -0.152127 14.6112
    endloop
  endfacet
  facet normal 0.984628 0.145984 0.0959034
    outer loop
      vertex 168.833 -0.311768 14.9215
      vertex 168.825 -0.155129 14.7652
      vertex 168.81 -0.156638 14.9215
    endloop
  endfacet
  facet normal 0.865801 0.40814 0.2895
    outer loop
      vertex 169.071 -0.710145 14.461
      vertex 169.008 -0.576501 14.461
      vertex 168.966 -0.593944 14.6112
    endloop
  endfacet
  facet normal 0.886978 0.418729 0.194772
    outer loop
      vertex 169.004 -0.746071 14.7652
      vertex 169.031 -0.731631 14.6112
      vertex 168.966 -0.593944 14.6112
    endloop
  endfacet
  facet normal 0.809129 0.198417 0.553119
    outer loop
      vertex 169.17 -0.373054 14.0469
      vertex 169.14 -0.250716 14.0469
      vertex 169.087 -0.398376 14.1774
    endloop
  endfacet
  facet normal 0.868693 0.312005 0.384741
    outer loop
      vertex 169.064 -0.553506 14.3159
      vertex 169.016 -0.419863 14.3159
      vertex 168.958 -0.437304 14.461
    endloop
  endfacet
  facet normal 0.882856 0.043592 0.467615
    outer loop
      vertex 168.961 -0.141769 14.3159
      vertex 169.034 -0.134515 14.1774
      vertex 168.954 0 14.3159
    endloop
  endfacet
  facet normal 0.91436 0.130245 0.383382
    outer loop
      vertex 168.981 -0.282175 14.3159
      vertex 168.961 -0.141769 14.3159
      vertex 168.901 -0.147659 14.461
    endloop
  endfacet
  facet normal 0.922597 0.0437371 0.383277
    outer loop
      vertex 168.901 -0.147659 14.461
      vertex 168.961 -0.141769 14.3159
      vertex 168.894 0 14.461
    endloop
  endfacet
  facet normal 0.406376 0.23995 0.881636
    outer loop
      vertex 169.831 -0.380058 13.5536
      vertex 169.797 -0.322476 13.5536
      vertex 169.675 -0.387753 13.6276
    endloop
  endfacet
  facet normal 0.406284 0.240582 0.881507
    outer loop
      vertex 169.716 -0.456992 13.6276
      vertex 169.831 -0.380058 13.5536
      vertex 169.675 -0.387753 13.6276
    endloop
  endfacet
  facet normal 0.412774 0.37267 0.831105
    outer loop
      vertex 169.818 -0.58164 13.6276
      vertex 169.764 -0.521829 13.6276
      vertex 169.663 -0.604651 13.7149
    endloop
  endfacet
  facet normal 0.446991 0.330916 0.83108
    outer loop
      vertex 169.764 -0.521829 13.6276
      vertex 169.716 -0.456992 13.6276
      vertex 169.663 -0.604651 13.7149
    endloop
  endfacet
  facet normal 0.652183 0.594741 0.470044
    outer loop
      vertex 169.43 -0.970408 14.1774
      vertex 169.339 -0.870619 14.1774
      vertex 169.282 -0.917575 14.3159
    endloop
  endfacet
  facet normal 0.709675 0.524839 0.470006
    outer loop
      vertex 169.282 -0.917575 14.3159
      vertex 169.339 -0.870619 14.1774
      vertex 169.259 -0.762445 14.1774
    endloop
  endfacet
  facet normal 0.426555 0.899227 -0.0971746
    outer loop
      vertex 169.654 -1.3958 15.2348
      vertex 169.794 -1.46221 15.2348
      vertex 169.647 -1.40937 15.0785
    endloop
  endfacet
  facet normal 0.506109 0.840176 -0.194826
    outer loop
      vertex 169.538 -1.29048 15.3888
      vertex 169.668 -1.36879 15.3888
      vertex 169.521 -1.31595 15.2348
    endloop
  endfacet
  facet normal 0.239383 0.951444 -0.193519
    outer loop
      vertex 169.949 -1.48522 15.3888
      vertex 170.091 -1.55227 15.2348
      vertex 169.941 -1.51453 15.2348
    endloop
  endfacet
  facet normal 0.329007 0.924389 -0.193025
    outer loop
      vertex 169.949 -1.48522 15.3888
      vertex 169.941 -1.51453 15.2348
      vertex 169.794 -1.46221 15.2348
    endloop
  endfacet
  facet normal 0.184482 0.0667631 -0.980566
    outer loop
      vertex 170.175 -0.0681496 16.5827
      vertex 170.041 -0.148775 16.552
      vertex 170.028 -0.112853 16.552
    endloop
  endfacet
  facet normal 0.191729 0.0428936 -0.98051
    outer loop
      vertex 170.17 -0.0458002 16.5827
      vertex 170.175 -0.0681496 16.5827
      vertex 170.028 -0.112853 16.552
    endloop
  endfacet
  facet normal -0.00462924 0.0980771 -0.995168
    outer loop
      vertex 170.4 -0.0785074 16.5981
      vertex 170.408 -0.0781298 16.5981
      vertex 170.4 -0.234768 16.5827
    endloop
  endfacet
  facet normal 0.183863 0.0678081 -0.98061
    outer loop
      vertex 170.175 -0.0681496 16.5827
      vertex 170.183 -0.0898418 16.5827
      vertex 170.041 -0.148775 16.552
    endloop
  endfacet
  facet normal 0.131997 0.144248 -0.980698
    outer loop
      vertex 170.251 -0.181479 16.5827
      vertex 170.153 -0.300522 16.552
      vertex 170.125 -0.2749 16.552
    endloop
  endfacet
  facet normal 0.171751 0.234379 -0.956853
    outer loop
      vertex 170.184 -0.323249 16.552
      vertex 170.101 -0.448181 16.5065
      vertex 170.058 -0.416671 16.5065
    endloop
  endfacet
  facet normal 0.0976129 0.0128071 -0.995142
    outer loop
      vertex 170.322 -0.00769424 16.5981
      vertex 170.323 -0.015316 16.5981
      vertex 170.17 -0.0458002 16.5827
    endloop
  endfacet
  facet normal 0.0284694 0.193669 -0.980654
    outer loop
      vertex 170.354 -0.230257 16.5827
      vertex 170.377 -0.233638 16.5827
      vertex 170.324 -0.381298 16.552
    endloop
  endfacet
  facet normal 0.0142754 0.0971118 -0.995171
    outer loop
      vertex 170.385 -0.0769997 16.5981
      vertex 170.377 -0.233638 16.5827
      vertex 170.354 -0.230257 16.5827
    endloop
  endfacet
  facet normal 0.0943115 0.0260005 -0.995203
    outer loop
      vertex 170.325 -0.022789 16.5981
      vertex 170.327 -0.0300436 16.5981
      vertex 170.175 -0.0681496 16.5827
    endloop
  endfacet
  facet normal 0.0922915 0.0340367 -0.99515
    outer loop
      vertex 170.327 -0.0300436 16.5981
      vertex 170.183 -0.0898418 16.5827
      vertex 170.175 -0.0681496 16.5827
    endloop
  endfacet
  facet normal 0.0859252 0.049349 -0.995079
    outer loop
      vertex 170.327 -0.0300436 16.5981
      vertex 170.331 -0.0370083 16.5981
      vertex 170.183 -0.0898418 16.5827
    endloop
  endfacet
  facet normal -0.0709422 0.281495 -0.956937
    outer loop
      vertex 170.556 -0.515813 16.5065
      vertex 170.505 -0.528666 16.5065
      vertex 170.476 -0.381298 16.552
    endloop
  endfacet
  facet normal -0.070584 0.281696 -0.956904
    outer loop
      vertex 170.513 -0.372027 16.552
      vertex 170.556 -0.515813 16.5065
      vertex 170.476 -0.381298 16.552
    endloop
  endfacet
  facet normal -0.084785 0.176711 -0.980604
    outer loop
      vertex 170.583 -0.342862 16.552
      vertex 170.549 -0.359175 16.552
      vertex 170.511 -0.207047 16.5827
    endloop
  endfacet
  facet normal -0.0142754 0.0971118 -0.995171
    outer loop
      vertex 170.446 -0.230257 16.5827
      vertex 170.423 -0.233638 16.5827
      vertex 170.415 -0.0769997 16.5981
    endloop
  endfacet
  facet normal -0.0954869 0.0263245 -0.995083
    outer loop
      vertex 170.475 -0.022789 16.5981
      vertex 170.617 -0.0898418 16.5827
      vertex 170.473 -0.0300436 16.5981
    endloop
  endfacet
  facet normal -0.0326857 0.0926537 -0.995162
    outer loop
      vertex 170.49 -0.216898 16.5827
      vertex 170.468 -0.224659 16.5827
      vertex 170.423 -0.0751276 16.5981
    endloop
  endfacet
  facet normal -0.195918 0.00851401 -0.980583
    outer loop
      vertex 170.635 0 16.5827
      vertex 170.787 -0.038105 16.552
      vertex 170.634 -0.0230112 16.5827
    endloop
  endfacet
  facet normal -0.0982395 0.0042692 -0.995154
    outer loop
      vertex 170.635 0 16.5827
      vertex 170.634 -0.0230112 16.5827
      vertex 170.479 0 16.5981
    endloop
  endfacet
  facet normal -0.0739971 0.06502 -0.995137
    outer loop
      vertex 170.581 -0.148935 16.5827
      vertex 170.566 -0.166006 16.5827
      vertex 170.461 -0.0498047 16.5981
    endloop
  endfacet
  facet normal 0.0838702 0.0509307 -0.995174
    outer loop
      vertex 170.331 -0.0370083 16.5981
      vertex 170.205 -0.13043 16.5827
      vertex 170.193 -0.110669 16.5827
    endloop
  endfacet
  facet normal 0.247389 0.151202 -0.957046
    outer loop
      vertex 170.057 -0.183264 16.552
      vertex 170.077 -0.215987 16.552
      vertex 169.952 -0.299465 16.5065
    endloop
  endfacet
  facet normal 0.06614 0.0726672 -0.995161
    outer loop
      vertex 170.35 -0.0606871 16.5981
      vertex 170.251 -0.181479 16.5827
      vertex 170.234 -0.166006 16.5827
    endloop
  endfacet
  facet normal 0.0643532 0.0746312 -0.995133
    outer loop
      vertex 170.344 -0.0555134 16.5981
      vertex 170.35 -0.0606871 16.5981
      vertex 170.234 -0.166006 16.5827
    endloop
  endfacet
  facet normal 0.167183 0.101523 -0.980685
    outer loop
      vertex 170.193 -0.110669 16.5827
      vertex 170.205 -0.13043 16.5827
      vertex 170.057 -0.183264 16.552
    endloop
  endfacet
  facet normal 0.176217 0.0846092 -0.980708
    outer loop
      vertex 170.183 -0.0898418 16.5827
      vertex 170.193 -0.110669 16.5827
      vertex 170.057 -0.183264 16.552
    endloop
  endfacet
  facet normal 0.241228 0.405378 -0.881747
    outer loop
      vertex 170.02 -0.568798 16.4464
      vertex 170.078 -0.603312 16.4464
      vertex 169.943 -0.683937 16.3724
    endloop
  endfacet
  facet normal 0.280495 0.37915 -0.881798
    outer loop
      vertex 170.02 -0.568798 16.4464
      vertex 169.943 -0.683937 16.3724
      vertex 169.878 -0.63585 16.3724
    endloop
  endfacet
  facet normal 0.331101 0.698946 -0.633914
    outer loop
      vertex 169.841 -1.04554 16.0745
      vertex 169.946 -1.09528 16.0745
      vertex 169.794 -1.13338 15.9531
    endloop
  endfacet
  facet normal 0.303051 0.639733 -0.70633
    outer loop
      vertex 169.893 -0.947618 16.1855
      vertex 169.946 -1.09528 16.0745
      vertex 169.841 -1.04554 16.0745
    endloop
  endfacet
  facet normal 0.476163 0.52449 -0.705818
    outer loop
      vertex 169.718 -0.830595 16.1855
      vertex 169.648 -0.91642 16.0745
      vertex 169.64 -0.759782 16.1855
    endloop
  endfacet
  facet normal 0.42239 0.566811 -0.707327
    outer loop
      vertex 169.803 -0.893409 16.1855
      vertex 169.741 -0.985724 16.0745
      vertex 169.648 -0.91642 16.0745
    endloop
  endfacet
  facet normal 0.470861 0.021067 -0.881956
    outer loop
      vertex 169.716 0 16.4464
      vertex 169.719 -0.0670519 16.4464
      vertex 169.581 -0.0806246 16.3724
    endloop
  endfacet
  facet normal 0.539032 0.136643 -0.831128
    outer loop
      vertex 169.613 -0.238777 16.3724
      vertex 169.488 -0.276675 16.2851
      vertex 169.465 -0.185944 16.2851
    endloop
  endfacet
  facet normal 0.635239 0.0301582 -0.771726
    outer loop
      vertex 169.447 0 16.2851
      vertex 169.331 -0.105318 16.1855
      vertex 169.326 0 16.1855
    endloop
  endfacet
  facet normal 0.0828379 0.176591 0.980792
    outer loop
      vertex 170.31 -0.216898 13.4173
      vertex 170.289 -0.207047 13.4173
      vertex 170.251 -0.359175 13.4479
    endloop
  endfacet
  facet normal 0.0711075 0.282151 0.956731
    outer loop
      vertex 170.295 -0.528666 13.4935
      vertex 170.287 -0.372027 13.4479
      vertex 170.244 -0.515813 13.4935
    endloop
  endfacet
  facet normal 0.237767 0.502897 0.831
    outer loop
      vertex 170.035 -0.880567 13.7149
      vertex 170.085 -0.75995 13.6276
      vertex 170.012 -0.725436 13.6276
    endloop
  endfacet
  facet normal 0.201294 0.425754 0.882165
    outer loop
      vertex 170.085 -0.75995 13.6276
      vertex 170.078 -0.603312 13.5536
      vertex 170.012 -0.725436 13.6276
    endloop
  endfacet
  facet normal -0.0187456 0.38271 0.923678
    outer loop
      vertex 170.467 -0.680794 13.5536
      vertex 170.453 -0.536427 13.4935
      vertex 170.4 -0.539023 13.4935
    endloop
  endfacet
  facet normal 0.0845194 0.176158 0.980727
    outer loop
      vertex 170.251 -0.359175 13.4479
      vertex 170.289 -0.207047 13.4173
      vertex 170.217 -0.342862 13.4479
    endloop
  endfacet
  facet normal -0.0696189 0.466435 0.881812
    outer loop
      vertex 170.481 -0.818604 13.6276
      vertex 170.533 -0.670943 13.5536
      vertex 170.467 -0.680794 13.5536
    endloop
  endfacet
  facet normal -0.0143048 0.290375 0.956806
    outer loop
      vertex 170.438 -0.386896 13.4479
      vertex 170.4 -0.388768 13.4479
      vertex 170.4 -0.539023 13.4935
    endloop
  endfacet
  facet normal 0.091956 0.372063 0.923641
    outer loop
      vertex 170.267 -0.670943 13.5536
      vertex 170.295 -0.528666 13.4935
      vertex 170.201 -0.654631 13.5536
    endloop
  endfacet
  facet normal 0.0696189 0.466435 0.881812
    outer loop
      vertex 170.319 -0.818604 13.6276
      vertex 170.333 -0.680794 13.5536
      vertex 170.267 -0.670943 13.5536
    endloop
  endfacet
  facet normal 0.153862 0.616069 0.772519
    outer loop
      vertex 170.214 -0.934805 13.7149
      vertex 170.123 -0.912078 13.7149
      vertex 170.088 -1.02823 13.8145
    endloop
  endfacet
  facet normal 0.134705 0.539367 0.831227
    outer loop
      vertex 170.214 -0.934805 13.7149
      vertex 170.24 -0.806759 13.6276
      vertex 170.123 -0.912078 13.7149
    endloop
  endfacet
  facet normal 0.0271716 0.555783 0.830883
    outer loop
      vertex 170.4 -0.822564 13.6276
      vertex 170.319 -0.818604 13.6276
      vertex 170.307 -0.948529 13.7149
    endloop
  endfacet
  facet normal 0.0231626 0.471127 0.881761
    outer loop
      vertex 170.4 -0.684088 13.5536
      vertex 170.333 -0.680794 13.5536
      vertex 170.319 -0.818604 13.6276
    endloop
  endfacet
  facet normal 0.280626 0.37893 0.881851
    outer loop
      vertex 170.02 -0.568798 13.5536
      vertex 169.966 -0.528807 13.5536
      vertex 169.878 -0.63585 13.6276
    endloop
  endfacet
  facet normal 0.280495 0.37915 0.881798
    outer loop
      vertex 169.943 -0.683937 13.6276
      vertex 170.02 -0.568798 13.5536
      vertex 169.878 -0.63585 13.6276
    endloop
  endfacet
  facet normal -0.0710849 0.282061 0.956759
    outer loop
      vertex 170.505 -0.528666 13.4935
      vertex 170.556 -0.515813 13.4935
      vertex 170.476 -0.381298 13.4479
    endloop
  endfacet
  facet normal -0.0936785 0.371711 0.92361
    outer loop
      vertex 170.533 -0.670943 13.5536
      vertex 170.556 -0.515813 13.4935
      vertex 170.505 -0.528666 13.4935
    endloop
  endfacet
  facet normal -0.159465 0.444192 0.881626
    outer loop
      vertex 170.639 -0.787145 13.6276
      vertex 170.662 -0.632014 13.5536
      vertex 170.599 -0.654631 13.5536
    endloop
  endfacet
  facet normal -0.113233 0.458151 0.881632
    outer loop
      vertex 170.639 -0.787145 13.6276
      vertex 170.599 -0.654631 13.5536
      vertex 170.533 -0.670943 13.5536
    endloop
  endfacet
  facet normal -0.365312 0.606506 0.706185
    outer loop
      vertex 170.959 -1.04554 13.9255
      vertex 170.997 -0.893409 13.8145
      vertex 170.907 -0.947618 13.8145
    endloop
  endfacet
  facet normal -0.300933 0.640794 0.706273
    outer loop
      vertex 170.959 -1.04554 13.9255
      vertex 170.907 -0.947618 13.8145
      vertex 170.811 -0.992702 13.8145
    endloop
  endfacet
  facet normal 0.0978502 0.27409 0.956713
    outer loop
      vertex 170.287 -0.372027 13.4479
      vertex 170.251 -0.359175 13.4479
      vertex 170.194 -0.497993 13.4935
    endloop
  endfacet
  facet normal 0.172097 0.234851 0.956675
    outer loop
      vertex 170.101 -0.448181 13.4935
      vertex 170.184 -0.323249 13.4479
      vertex 170.058 -0.416671 13.4935
    endloop
  endfacet
  facet normal 0.0998607 0.168021 0.980712
    outer loop
      vertex 170.217 -0.342862 13.4479
      vertex 170.289 -0.207047 13.4173
      vertex 170.184 -0.323249 13.4479
    endloop
  endfacet
  facet normal 0.148431 0.249744 0.956868
    outer loop
      vertex 170.217 -0.342862 13.4479
      vertex 170.184 -0.323249 13.4479
      vertex 170.146 -0.475376 13.4935
    endloop
  endfacet
  facet normal 0.114005 0.157833 0.980863
    outer loop
      vertex 170.27 -0.195203 13.4173
      vertex 170.251 -0.181479 13.4173
      vertex 170.184 -0.323249 13.4479
    endloop
  endfacet
  facet normal 0.0223437 0.0954808 0.99518
    outer loop
      vertex 170.385 -0.0769997 13.4019
      vertex 170.377 -0.0751276 13.4019
      vertex 170.354 -0.230257 13.4173
    endloop
  endfacet
  facet normal 0.0156663 0.0970394 0.995157
    outer loop
      vertex 170.392 -0.0781298 13.4019
      vertex 170.385 -0.0769997 13.4019
      vertex 170.377 -0.233638 13.4173
    endloop
  endfacet
  facet normal -0.0945239 0.0252975 0.995201
    outer loop
      vertex 170.625 -0.0681496 13.4173
      vertex 170.477 -0.015316 13.4019
      vertex 170.475 -0.022789 13.4019
    endloop
  endfacet
  facet normal 0.235951 0.169389 0.956888
    outer loop
      vertex 170.099 -0.246632 13.4479
      vertex 170.077 -0.215987 13.4479
      vertex 169.952 -0.299465 13.4935
    endloop
  endfacet
  facet normal 0.175665 0.0843441 0.98083
    outer loop
      vertex 170.193 -0.110669 13.4173
      vertex 170.183 -0.0898418 13.4173
      vertex 170.057 -0.183264 13.4479
    endloop
  endfacet
  facet normal 0.195134 0.0102419 0.980723
    outer loop
      vertex 170.013 -0.038105 13.4479
      vertex 170.166 -0.0230112 13.4173
      vertex 170.011 0 13.4479
    endloop
  endfacet
  facet normal 0.193111 0.0307014 0.980697
    outer loop
      vertex 170.019 -0.0758448 13.4479
      vertex 170.166 -0.0230112 13.4173
      vertex 170.013 -0.038105 13.4479
    endloop
  endfacet
  facet normal 0.309825 0.226059 0.923529
    outer loop
      vertex 169.983 -0.341952 13.4935
      vertex 169.952 -0.299465 13.4935
      vertex 169.871 -0.43398 13.5536
    endloop
  endfacet
  facet normal 0.284289 0.257182 0.9236
    outer loop
      vertex 169.916 -0.483723 13.5536
      vertex 169.983 -0.341952 13.4935
      vertex 169.871 -0.43398 13.5536
    endloop
  endfacet
  facet normal 0.262664 0.126339 0.95658
    outer loop
      vertex 169.925 -0.254093 13.4935
      vertex 170.057 -0.183264 13.4479
      vertex 169.902 -0.206275 13.4935
    endloop
  endfacet
  facet normal 0.250475 0.149053 0.95658
    outer loop
      vertex 169.952 -0.299465 13.4935
      vertex 170.057 -0.183264 13.4479
      vertex 169.925 -0.254093 13.4935
    endloop
  endfacet
  facet normal 0.247886 0.151506 0.956869
    outer loop
      vertex 170.077 -0.215987 13.4479
      vertex 170.057 -0.183264 13.4479
      vertex 169.952 -0.299465 13.4935
    endloop
  endfacet
  facet normal 0.166464 0.101741 0.980785
    outer loop
      vertex 170.077 -0.215987 13.4479
      vertex 170.205 -0.13043 13.4173
      vertex 170.057 -0.183264 13.4479
    endloop
  endfacet
  facet normal 0.69826 0.103148 0.708373
    outer loop
      vertex 169.237 -0.231283 13.9255
      vertex 169.331 -0.105318 13.8145
      vertex 169.22 -0.116201 13.9255
    endloop
  endfacet
  facet normal 0.751248 0.193046 0.631157
    outer loop
      vertex 169.266 -0.344138 13.9255
      vertex 169.237 -0.231283 13.9255
      vertex 169.14 -0.250716 14.0469
    endloop
  endfacet
  facet normal 0.703353 0.327698 0.6308
    outer loop
      vertex 169.354 -0.55885 13.9255
      vertex 169.305 -0.453679 13.9255
      vertex 169.267 -0.605806 14.0469
    endloop
  endfacet
  facet normal 0.699082 0.331121 0.633753
    outer loop
      vertex 169.267 -0.605806 14.0469
      vertex 169.305 -0.453679 13.9255
      vertex 169.213 -0.491798 14.0469
    endloop
  endfacet
  facet normal -0.728745 0.259456 0.633729
    outer loop
      vertex 171.587 -0.491798 14.0469
      vertex 171.534 -0.344138 13.9255
      vertex 171.495 -0.453679 13.9255
    endloop
  endfacet
  facet normal -0.725417 0.262691 0.636211
    outer loop
      vertex 171.587 -0.491798 14.0469
      vertex 171.63 -0.373054 14.0469
      vertex 171.534 -0.344138 13.9255
    endloop
  endfacet
  facet normal -0.755197 0.452819 0.473955
    outer loop
      vertex 171.676 -0.68182 14.3159
      vertex 171.61 -0.646928 14.1774
      vertex 171.603 -0.803567 14.3159
    endloop
  endfacet
  facet normal -0.797607 0.372964 0.474047
    outer loop
      vertex 171.676 -0.68182 14.3159
      vertex 171.736 -0.553506 14.3159
      vertex 171.61 -0.646928 14.1774
    endloop
  endfacet
  facet normal -0.894514 0.227384 0.384891
    outer loop
      vertex 171.842 -0.437304 14.461
      vertex 171.819 -0.282175 14.3159
      vertex 171.784 -0.419863 14.3159
    endloop
  endfacet
  facet normal -0.868693 0.312005 0.384741
    outer loop
      vertex 171.842 -0.437304 14.461
      vertex 171.784 -0.419863 14.3159
      vertex 171.736 -0.553506 14.3159
    endloop
  endfacet
  facet normal -0.668514 0.737096 -0.0988904
    outer loop
      vertex 171.519 -1.11913 15.2348
      vertex 171.414 -1.23533 15.0785
      vertex 171.404 -1.22343 15.2348
    endloop
  endfacet
  facet normal -0.582242 0.789328 -0.19482
    outer loop
      vertex 171.385 -1.19975 15.3888
      vertex 171.279 -1.31595 15.2348
      vertex 171.262 -1.29048 15.3888
    endloop
  endfacet
  facet normal 0.830202 0.0395447 0.556059
    outer loop
      vertex 169.121 -0.125964 14.0469
      vertex 169.115 0 14.0469
      vertex 169.034 -0.134515 14.1774
    endloop
  endfacet
  facet normal -0.078591 0.0594582 0.995132
    outer loop
      vertex 170.581 -0.148935 13.4173
      vertex 170.595 -0.13043 13.4173
      vertex 170.461 -0.0498047 13.4019
    endloop
  endfacet
  facet normal -0.287272 0.0384314 0.957078
    outer loop
      vertex 170.929 -0.105158 13.4935
      vertex 170.936 -0.0528336 13.4935
      vertex 170.781 -0.0758448 13.4479
    endloop
  endfacet
  facet normal -0.380637 0.050922 0.923321
    outer loop
      vertex 171.071 -0.133458 13.5536
      vertex 170.936 -0.0528336 13.4935
      vertex 170.929 -0.105158 13.4935
    endloop
  endfacet
  facet normal -0.291226 0.0152855 0.956532
    outer loop
      vertex 170.936 -0.0528336 13.4935
      vertex 170.789 0 13.4479
      vertex 170.787 -0.038105 13.4479
    endloop
  endfacet
  facet normal -0.194881 0.0102286 0.980774
    outer loop
      vertex 170.787 -0.038105 13.4479
      vertex 170.789 0 13.4479
      vertex 170.635 0 13.4173
    endloop
  endfacet
  facet normal -0.0967819 0.0169875 0.995161
    outer loop
      vertex 170.63 -0.0458002 13.4173
      vertex 170.634 -0.0230112 13.4173
      vertex 170.477 -0.015316 13.4019
    endloop
  endfacet
  facet normal -0.0970066 0.0126077 0.995204
    outer loop
      vertex 170.634 -0.0230112 13.4173
      vertex 170.479 0 13.4019
      vertex 170.478 -0.00769424 13.4019
    endloop
  endfacet
  facet normal -0.0954869 0.0263245 0.995083
    outer loop
      vertex 170.617 -0.0898418 13.4173
      vertex 170.475 -0.022789 13.4019
      vertex 170.473 -0.0300436 13.4019
    endloop
  endfacet
  facet normal -0.0958921 0.021453 0.995161
    outer loop
      vertex 170.625 -0.0681496 13.4173
      vertex 170.63 -0.0458002 13.4173
      vertex 170.477 -0.015316 13.4019
    endloop
  endfacet
  facet normal -0.191129 0.0427592 0.980633
    outer loop
      vertex 170.772 -0.112853 13.4479
      vertex 170.63 -0.0458002 13.4173
      vertex 170.625 -0.0681496 13.4173
    endloop
  endfacet
  facet normal -0.349735 0.316388 0.881807
    outer loop
      vertex 170.982 -0.58164 13.6276
      vertex 170.929 -0.43398 13.5536
      vertex 170.884 -0.483723 13.5536
    endloop
  endfacet
  facet normal -0.284289 0.257182 0.9236
    outer loop
      vertex 170.884 -0.483723 13.5536
      vertex 170.929 -0.43398 13.5536
      vertex 170.817 -0.341952 13.4935
    endloop
  endfacet
  facet normal -0.458284 0.117054 0.881064
    outer loop
      vertex 171.187 -0.238777 13.6276
      vertex 171.207 -0.160474 13.6276
      vertex 171.055 -0.19858 13.5536
    endloop
  endfacet
  facet normal -0.443079 0.161227 0.881865
    outer loop
      vertex 171.16 -0.314781 13.6276
      vertex 171.055 -0.19858 13.5536
      vertex 171.032 -0.261788 13.5536
    endloop
  endfacet
  facet normal -0.226097 0.308542 0.923949
    outer loop
      vertex 170.78 -0.568798 13.5536
      vertex 170.742 -0.416671 13.4935
      vertex 170.699 -0.448181 13.4935
    endloop
  endfacet
  facet normal -0.197896 0.327461 0.923908
    outer loop
      vertex 170.78 -0.568798 13.5536
      vertex 170.699 -0.448181 13.4935
      vertex 170.654 -0.475376 13.4935
    endloop
  endfacet
  facet normal -0.0977065 0.274149 0.956711
    outer loop
      vertex 170.556 -0.515813 13.4935
      vertex 170.606 -0.497993 13.4935
      vertex 170.549 -0.359175 13.4479
    endloop
  endfacet
  facet normal -0.124072 0.263318 0.956697
    outer loop
      vertex 170.606 -0.497993 13.4935
      vertex 170.654 -0.475376 13.4935
      vertex 170.549 -0.359175 13.4479
    endloop
  endfacet
  facet normal -0.203609 0.425634 0.881691
    outer loop
      vertex 170.715 -0.75995 13.6276
      vertex 170.722 -0.603312 13.5536
      vertex 170.662 -0.632014 13.5536
    endloop
  endfacet
  facet normal -0.165471 0.345908 0.923562
    outer loop
      vertex 170.662 -0.632014 13.5536
      vertex 170.722 -0.603312 13.5536
      vertex 170.654 -0.475376 13.4935
    endloop
  endfacet
  facet normal -0.228054 0.307943 0.923668
    outer loop
      vertex 170.78 -0.568798 13.5536
      vertex 170.834 -0.528807 13.5536
      vertex 170.742 -0.416671 13.4935
    endloop
  endfacet
  facet normal -0.256576 0.284553 0.923687
    outer loop
      vertex 170.834 -0.528807 13.5536
      vertex 170.884 -0.483723 13.5536
      vertex 170.742 -0.416671 13.4935
    endloop
  endfacet
  facet normal -0.195953 0.215121 0.956726
    outer loop
      vertex 170.742 -0.416671 13.4935
      vertex 170.781 -0.381146 13.4935
      vertex 170.675 -0.2749 13.4479
    endloop
  endfacet
  facet normal -0.158442 0.113745 0.980795
    outer loop
      vertex 170.701 -0.246632 13.4479
      vertex 170.723 -0.215987 13.4479
      vertex 170.595 -0.13043 13.4173
    endloop
  endfacet
  facet normal -0.0978671 0.274137 0.956698
    outer loop
      vertex 170.556 -0.515813 13.4935
      vertex 170.549 -0.359175 13.4479
      vertex 170.513 -0.372027 13.4479
    endloop
  endfacet
  facet normal -0.070726 0.282263 0.956726
    outer loop
      vertex 170.556 -0.515813 13.4935
      vertex 170.513 -0.372027 13.4479
      vertex 170.476 -0.381298 13.4479
    endloop
  endfacet
  facet normal -0.166464 0.101741 0.980785
    outer loop
      vertex 170.723 -0.215987 13.4479
      vertex 170.743 -0.183264 13.4479
      vertex 170.595 -0.13043 13.4173
    endloop
  endfacet
  facet normal -0.0839356 0.0508085 0.995175
    outer loop
      vertex 170.607 -0.110669 13.4173
      vertex 170.469 -0.0370083 13.4019
      vertex 170.465 -0.0436163 13.4019
    endloop
  endfacet
  facet normal -0.235118 0.17155 0.956708
    outer loop
      vertex 170.817 -0.341952 13.4935
      vertex 170.848 -0.299465 13.4935
      vertex 170.701 -0.246632 13.4479
    endloop
  endfacet
  facet normal -0.214325 0.196859 0.956719
    outer loop
      vertex 170.781 -0.381146 13.4935
      vertex 170.817 -0.341952 13.4935
      vertex 170.701 -0.246632 13.4479
    endloop
  endfacet
  facet normal 0.0859252 0.049349 0.995079
    outer loop
      vertex 170.331 -0.0370083 13.4019
      vertex 170.327 -0.0300436 13.4019
      vertex 170.183 -0.0898418 13.4173
    endloop
  endfacet
  facet normal 0.0922915 0.0340367 0.99515
    outer loop
      vertex 170.183 -0.0898418 13.4173
      vertex 170.327 -0.0300436 13.4019
      vertex 170.175 -0.0681496 13.4173
    endloop
  endfacet
  facet normal -0.114005 0.157833 0.980863
    outer loop
      vertex 170.616 -0.323249 13.4479
      vertex 170.549 -0.181479 13.4173
      vertex 170.53 -0.195203 13.4173
    endloop
  endfacet
  facet normal -0.39732 0.664238 -0.633186
    outer loop
      vertex 171.059 -0.985724 16.0745
      vertex 171.114 -1.06855 15.9531
      vertex 170.959 -1.04554 16.0745
    endloop
  endfacet
  facet normal -0.398052 0.663112 -0.633906
    outer loop
      vertex 171.114 -1.06855 15.9531
      vertex 171.006 -1.13338 15.9531
      vertex 170.959 -1.04554 16.0745
    endloop
  endfacet
  facet normal -0.113547 0.764962 -0.633988
    outer loop
      vertex 170.631 -1.16274 16.0745
      vertex 170.526 -1.27894 15.9531
      vertex 170.516 -1.17981 16.0745
    endloop
  endfacet
  facet normal -0.0379497 0.772482 -0.633902
    outer loop
      vertex 170.516 -1.17981 16.0745
      vertex 170.526 -1.27894 15.9531
      vertex 170.4 -1.28513 15.9531
    endloop
  endfacet
  facet normal 0.213975 0.856146 -0.470349
    outer loop
      vertex 170.132 -1.346 15.8226
      vertex 170.118 -1.41859 15.6841
      vertex 169.98 -1.3841 15.6841
    endloop
  endfacet
  facet normal 0.135847 0.913997 -0.382303
    outer loop
      vertex 170.258 -1.43942 15.6841
      vertex 170.252 -1.49922 15.539
      vertex 170.106 -1.47752 15.539
    endloop
  endfacet
  facet normal -0.148133 0.249242 -0.957045
    outer loop
      vertex 170.616 -0.323249 16.552
      vertex 170.654 -0.475376 16.5065
      vertex 170.583 -0.342862 16.552
    endloop
  endfacet
  facet normal -0.125423 0.26141 -0.957044
    outer loop
      vertex 170.583 -0.342862 16.552
      vertex 170.654 -0.475376 16.5065
      vertex 170.549 -0.359175 16.552
    endloop
  endfacet
  facet normal -0.203609 0.425634 -0.881691
    outer loop
      vertex 170.722 -0.603312 16.4464
      vertex 170.715 -0.75995 16.3724
      vertex 170.662 -0.632014 16.4464
    endloop
  endfacet
  facet normal -0.165471 0.345908 -0.923562
    outer loop
      vertex 170.722 -0.603312 16.4464
      vertex 170.662 -0.632014 16.4464
      vertex 170.654 -0.475376 16.5065
    endloop
  endfacet
  facet normal -0.226097 0.308542 -0.923949
    outer loop
      vertex 170.742 -0.416671 16.5065
      vertex 170.78 -0.568798 16.4464
      vertex 170.699 -0.448181 16.5065
    endloop
  endfacet
  facet normal -0.197896 0.327461 -0.923908
    outer loop
      vertex 170.699 -0.448181 16.5065
      vertex 170.78 -0.568798 16.4464
      vertex 170.654 -0.475376 16.5065
    endloop
  endfacet
  facet normal 0.0141934 0.289774 -0.95699
    outer loop
      vertex 170.362 -0.386896 16.552
      vertex 170.4 -0.539023 16.5065
      vertex 170.347 -0.536427 16.5065
    endloop
  endfacet
  facet normal 0.0428206 0.286905 -0.957001
    outer loop
      vertex 170.362 -0.386896 16.552
      vertex 170.347 -0.536427 16.5065
      vertex 170.295 -0.528666 16.5065
    endloop
  endfacet
  facet normal -0.0230358 0.471188 -0.881732
    outer loop
      vertex 170.4 -0.684088 16.4464
      vertex 170.481 -0.818604 16.3724
      vertex 170.4 -0.822564 16.3724
    endloop
  endfacet
  facet normal -0.0231626 0.471127 -0.881761
    outer loop
      vertex 170.467 -0.680794 16.4464
      vertex 170.481 -0.818604 16.3724
      vertex 170.4 -0.684088 16.4464
    endloop
  endfacet
  facet normal -0.0141934 0.289774 -0.95699
    outer loop
      vertex 170.438 -0.386896 16.552
      vertex 170.453 -0.536427 16.5065
      vertex 170.4 -0.539023 16.5065
    endloop
  endfacet
  facet normal -0.0187456 0.38271 -0.923678
    outer loop
      vertex 170.453 -0.536427 16.5065
      vertex 170.467 -0.680794 16.4464
      vertex 170.4 -0.539023 16.5065
    endloop
  endfacet
  facet normal 0.378561 0.509567 -0.772679
    outer loop
      vertex 169.795 -0.736771 16.2851
      vertex 169.87 -0.792489 16.2851
      vertex 169.718 -0.830595 16.1855
    endloop
  endfacet
  facet normal 0.350194 0.316171 -0.881703
    outer loop
      vertex 169.871 -0.43398 16.4464
      vertex 169.818 -0.58164 16.3724
      vertex 169.764 -0.521829 16.3724
    endloop
  endfacet
  facet normal 0.0935069 0.37103 -0.923901
    outer loop
      vertex 170.244 -0.515813 16.5065
      vertex 170.295 -0.528666 16.5065
      vertex 170.201 -0.654631 16.4464
    endloop
  endfacet
  facet normal 0.128395 0.360255 -0.923976
    outer loop
      vertex 170.244 -0.515813 16.5065
      vertex 170.201 -0.654631 16.4464
      vertex 170.194 -0.497993 16.5065
    endloop
  endfacet
  facet normal 0.0699479 0.466516 -0.881743
    outer loop
      vertex 170.267 -0.670943 16.4464
      vertex 170.319 -0.818604 16.3724
      vertex 170.24 -0.806759 16.3724
    endloop
  endfacet
  facet normal 0.0824528 0.549917 -0.831139
    outer loop
      vertex 170.24 -0.806759 16.3724
      vertex 170.319 -0.818604 16.3724
      vertex 170.214 -0.934805 16.2851
    endloop
  endfacet
  facet normal 0.239419 0.502881 -0.830536
    outer loop
      vertex 170.012 -0.725436 16.3724
      vertex 170.035 -0.880567 16.2851
      vertex 169.951 -0.840575 16.2851
    endloop
  endfacet
  facet normal 0.272411 0.572177 -0.773567
    outer loop
      vertex 169.951 -0.840575 16.2851
      vertex 170.035 -0.880567 16.2851
      vertex 169.893 -0.947618 16.1855
    endloop
  endfacet
  facet normal 0.0926665 0.62795 -0.772717
    outer loop
      vertex 170.307 -0.948529 16.2851
      vertex 170.295 -1.06932 16.1855
      vertex 170.214 -0.934805 16.2851
    endloop
  endfacet
  facet normal 0.0312868 0.634054 -0.772655
    outer loop
      vertex 170.4 -0.953118 16.2851
      vertex 170.4 -1.07449 16.1855
      vertex 170.307 -0.948529 16.2851
    endloop
  endfacet
  facet normal 0.555814 0.616878 -0.557254
    outer loop
      vertex 169.585 -0.99342 15.9531
      vertex 169.529 -1.06085 15.8226
      vertex 169.491 -0.908725 15.9531
    endloop
  endfacet
  facet normal 0.495679 0.666359 -0.557016
    outer loop
      vertex 169.585 -0.99342 15.9531
      vertex 169.686 -1.06855 15.9531
      vertex 169.529 -1.06085 15.8226
    endloop
  endfacet
  facet normal -0.0489222 0.998803 0
    outer loop
      vertex 170.557 -1.59038 14.9215
      vertex 170.4 -1.59807 15.0785
      vertex 170.557 -1.59038 15.0785
    endloop
  endfacet
  facet normal -0.0489222 0.998803 0
    outer loop
      vertex 170.4 -1.59807 15.0785
      vertex 170.557 -1.59038 14.9215
      vertex 170.4 -1.59807 14.9215
    endloop
  endfacet
  facet normal -0.0469772 0.955895 -0.289929
    outer loop
      vertex 170.548 -1.49922 15.539
      vertex 170.552 -1.54458 15.3888
      vertex 170.4 -1.55205 15.3888
    endloop
  endfacet
  facet normal -0.0468242 0.95586 -0.290067
    outer loop
      vertex 170.4 -1.50647 15.539
      vertex 170.548 -1.49922 15.539
      vertex 170.4 -1.55205 15.3888
    endloop
  endfacet
  facet normal 0.146842 0.98916 -0
    outer loop
      vertex 170.243 -1.59038 14.9215
      vertex 170.088 -1.56737 15.0785
      vertex 170.243 -1.59038 15.0785
    endloop
  endfacet
  facet normal 0.146842 0.98916 0
    outer loop
      vertex 170.088 -1.56737 15.0785
      vertex 170.243 -1.59038 14.9215
      vertex 170.088 -1.56737 14.9215
    endloop
  endfacet
  facet normal 0.0489222 0.998803 -0
    outer loop
      vertex 170.4 -1.59807 14.9215
      vertex 170.243 -1.59038 15.0785
      vertex 170.4 -1.59807 15.0785
    endloop
  endfacet
  facet normal 0.0489222 0.998803 0
    outer loop
      vertex 170.243 -1.59038 15.0785
      vertex 170.4 -1.59807 14.9215
      vertex 170.243 -1.59038 14.9215
    endloop
  endfacet
  facet normal -0.0576408 0.0798 -0.995143
    outer loop
      vertex 170.549 -0.181479 16.5827
      vertex 170.53 -0.195203 16.5827
      vertex 170.444 -0.0652771 16.5981
    endloop
  endfacet
  facet normal -0.0662294 0.0727654 -0.995148
    outer loop
      vertex 170.566 -0.166006 16.5827
      vertex 170.549 -0.181479 16.5827
      vertex 170.456 -0.0555134 16.5981
    endloop
  endfacet
  facet normal 0.0839529 0.050819 -0.995173
    outer loop
      vertex 170.331 -0.0370083 16.5981
      vertex 170.335 -0.0436163 16.5981
      vertex 170.205 -0.13043 16.5827
    endloop
  endfacet
  facet normal 0.0823463 0.0532263 -0.995181
    outer loop
      vertex 170.335 -0.0436163 16.5981
      vertex 170.339 -0.0498047 16.5981
      vertex 170.205 -0.13043 16.5827
    endloop
  endfacet
  facet normal 0.0596563 0.0779822 -0.995168
    outer loop
      vertex 170.35 -0.0606871 16.5981
      vertex 170.356 -0.0652771 16.5981
      vertex 170.251 -0.181479 16.5827
    endloop
  endfacet
  facet normal 0.0520514 0.0835003 -0.995147
    outer loop
      vertex 170.356 -0.0652771 16.5981
      vertex 170.289 -0.207047 16.5827
      vertex 170.27 -0.195203 16.5827
    endloop
  endfacet
  facet normal -0.0341108 0.0919818 -0.995176
    outer loop
      vertex 170.43 -0.0725317 16.5981
      vertex 170.49 -0.216898 16.5827
      vertex 170.423 -0.0751276 16.5981
    endloop
  endfacet
  facet normal 0.979339 0.0450635 0.19714
    outer loop
      vertex 168.855 -0.152127 14.6112
      vertex 168.848 0 14.6112
      vertex 168.817 0 14.7652
    endloop
  endfacet
  facet normal 0.980109 0.0505442 0.191916
    outer loop
      vertex 168.825 -0.155129 14.7652
      vertex 168.855 -0.152127 14.6112
      vertex 168.817 0 14.7652
    endloop
  endfacet
  facet normal 0.966534 0.237363 0.0973181
    outer loop
      vertex 168.885 -0.459428 14.7652
      vertex 168.848 -0.308765 14.7652
      vertex 168.833 -0.311768 14.9215
    endloop
  endfacet
  facet normal 0.984287 0.147352 0.0972924
    outer loop
      vertex 168.833 -0.311768 14.9215
      vertex 168.848 -0.308765 14.7652
      vertex 168.825 -0.155129 14.7652
    endloop
  endfacet
  facet normal 0.922452 0.334318 0.193166
    outer loop
      vertex 168.938 -0.605666 14.7652
      vertex 168.966 -0.593944 14.6112
      vertex 168.885 -0.459428 14.7652
    endloop
  endfacet
  facet normal 0.923379 0.32838 0.19884
    outer loop
      vertex 168.966 -0.593944 14.6112
      vertex 168.915 -0.450536 14.6112
      vertex 168.885 -0.459428 14.7652
    endloop
  endfacet
  facet normal 0.832315 0.295368 0.469052
    outer loop
      vertex 169.132 -0.525181 14.1774
      vertex 169.087 -0.398376 14.1774
      vertex 169.064 -0.553506 14.3159
    endloop
  endfacet
  facet normal 0.829874 0.298062 0.471665
    outer loop
      vertex 169.064 -0.553506 14.3159
      vertex 169.087 -0.398376 14.1774
      vertex 169.016 -0.419863 14.3159
    endloop
  endfacet
  facet normal 0.420467 0.886393 -0.193688
    outer loop
      vertex 169.668 -1.36879 15.3888
      vertex 169.794 -1.46221 15.2348
      vertex 169.654 -1.3958 15.2348
    endloop
  endfacet
  facet normal 0.50501 0.841157 -0.19344
    outer loop
      vertex 169.668 -1.36879 15.3888
      vertex 169.654 -1.3958 15.2348
      vertex 169.521 -1.31595 15.2348
    endloop
  endfacet
  facet normal -0.0919212 0.0339002 -0.995189
    outer loop
      vertex 170.625 -0.0681496 16.5827
      vertex 170.617 -0.0898418 16.5827
      vertex 170.475 -0.022789 16.5981
    endloop
  endfacet
  facet normal -0.0945239 0.0252975 -0.995201
    outer loop
      vertex 170.477 -0.015316 16.5981
      vertex 170.625 -0.0681496 16.5827
      vertex 170.475 -0.022789 16.5981
    endloop
  endfacet
  facet normal 0.084785 0.176711 -0.980604
    outer loop
      vertex 170.289 -0.207047 16.5827
      vertex 170.251 -0.359175 16.552
      vertex 170.217 -0.342862 16.552
    endloop
  endfacet
  facet normal 0.100175 0.168549 -0.98059
    outer loop
      vertex 170.289 -0.207047 16.5827
      vertex 170.217 -0.342862 16.552
      vertex 170.184 -0.323249 16.552
    endloop
  endfacet
  facet normal 0.196173 0.21438 -0.956847
    outer loop
      vertex 170.125 -0.2749 16.552
      vertex 170.153 -0.300522 16.552
      vertex 170.058 -0.416671 16.5065
    endloop
  endfacet
  facet normal 0.171792 0.234327 -0.956859
    outer loop
      vertex 170.153 -0.300522 16.552
      vertex 170.184 -0.323249 16.552
      vertex 170.058 -0.416671 16.5065
    endloop
  endfacet
  facet normal -0.0482605 0.0852961 -0.995186
    outer loop
      vertex 170.444 -0.0652771 16.5981
      vertex 170.511 -0.207047 16.5827
      vertex 170.437 -0.0692377 16.5981
    endloop
  endfacet
  facet normal -0.0596563 0.0779822 -0.995168
    outer loop
      vertex 170.45 -0.0606871 16.5981
      vertex 170.549 -0.181479 16.5827
      vertex 170.444 -0.0652771 16.5981
    endloop
  endfacet
  facet normal -0.0520514 0.0835003 -0.995147
    outer loop
      vertex 170.53 -0.195203 16.5827
      vertex 170.511 -0.207047 16.5827
      vertex 170.444 -0.0652771 16.5981
    endloop
  endfacet
  facet normal 0.0341108 0.0919818 -0.995176
    outer loop
      vertex 170.37 -0.0725317 16.5981
      vertex 170.377 -0.0751276 16.5981
      vertex 170.31 -0.216898 16.5827
    endloop
  endfacet
  facet normal 0.146286 0.128539 -0.980856
    outer loop
      vertex 170.219 -0.148935 16.5827
      vertex 170.234 -0.166006 16.5827
      vertex 170.099 -0.246632 16.552
    endloop
  endfacet
  facet normal 0.155288 0.117484 -0.980858
    outer loop
      vertex 170.205 -0.13043 16.5827
      vertex 170.219 -0.148935 16.5827
      vertex 170.099 -0.246632 16.552
    endloop
  endfacet
  facet normal 0.226097 0.308542 -0.923949
    outer loop
      vertex 170.058 -0.416671 16.5065
      vertex 170.101 -0.448181 16.5065
      vertex 170.02 -0.568798 16.4464
    endloop
  endfacet
  facet normal 0.316065 0.349823 -0.881888
    outer loop
      vertex 169.966 -0.528807 16.4464
      vertex 169.878 -0.63585 16.3724
      vertex 169.818 -0.58164 16.3724
    endloop
  endfacet
  facet normal 0.328664 0.195582 -0.923974
    outer loop
      vertex 169.925 -0.254093 16.5065
      vertex 169.952 -0.299465 16.5065
      vertex 169.831 -0.380058 16.4464
    endloop
  endfacet
  facet normal 0.41215 0.374655 -0.830521
    outer loop
      vertex 169.818 -0.58164 16.3724
      vertex 169.726 -0.673956 16.2851
      vertex 169.663 -0.604651 16.2851
    endloop
  endfacet
  facet normal 0.331284 0.445929 -0.831503
    outer loop
      vertex 169.943 -0.683937 16.3724
      vertex 169.87 -0.792489 16.2851
      vertex 169.795 -0.736771 16.2851
    endloop
  endfacet
  facet normal 0.280626 0.37893 -0.881851
    outer loop
      vertex 169.966 -0.528807 16.4464
      vertex 170.02 -0.568798 16.4464
      vertex 169.878 -0.63585 16.3724
    endloop
  endfacet
  facet normal 0.39732 0.664238 -0.633186
    outer loop
      vertex 169.741 -0.985724 16.0745
      vertex 169.841 -1.04554 16.0745
      vertex 169.686 -1.06855 15.9531
    endloop
  endfacet
  facet normal 0.398052 0.663112 -0.633906
    outer loop
      vertex 169.841 -1.04554 16.0745
      vertex 169.794 -1.13338 15.9531
      vertex 169.686 -1.06855 15.9531
    endloop
  endfacet
  facet normal 0.21458 0.597934 -0.772289
    outer loop
      vertex 170.035 -0.880567 16.2851
      vertex 170.088 -1.02823 16.1855
      vertex 169.989 -0.992702 16.1855
    endloop
  endfacet
  facet normal 0.270081 0.5751 -0.772215
    outer loop
      vertex 170.035 -0.880567 16.2851
      vertex 169.989 -0.992702 16.1855
      vertex 169.893 -0.947618 16.1855
    endloop
  endfacet
  facet normal 0.420956 0.569638 -0.70591
    outer loop
      vertex 169.718 -0.830595 16.1855
      vertex 169.803 -0.893409 16.1855
      vertex 169.648 -0.91642 16.0745
    endloop
  endfacet
  facet normal 0.377738 0.511156 -0.772032
    outer loop
      vertex 169.87 -0.792489 16.2851
      vertex 169.803 -0.893409 16.1855
      vertex 169.718 -0.830595 16.1855
    endloop
  endfacet
  facet normal 0.425311 0.203994 -0.881758
    outer loop
      vertex 169.768 -0.261788 16.4464
      vertex 169.675 -0.387753 16.3724
      vertex 169.64 -0.314781 16.3724
    endloop
  endfacet
  facet normal 0.444424 0.157879 -0.881794
    outer loop
      vertex 169.768 -0.261788 16.4464
      vertex 169.64 -0.314781 16.3724
      vertex 169.613 -0.238777 16.3724
    endloop
  endfacet
  facet normal 0.371765 0.09134 -0.923822
    outer loop
      vertex 169.884 -0.15647 16.5065
      vertex 169.745 -0.19858 16.4464
      vertex 169.729 -0.133458 16.4464
    endloop
  endfacet
  facet normal 0.372042 0.0942575 -0.923418
    outer loop
      vertex 169.871 -0.105158 16.5065
      vertex 169.884 -0.15647 16.5065
      vertex 169.729 -0.133458 16.4464
    endloop
  endfacet
  facet normal 0.549905 0.0832091 -0.831072
    outer loop
      vertex 169.581 -0.0806246 16.3724
      vertex 169.465 -0.185944 16.2851
      vertex 169.451 -0.0934219 16.2851
    endloop
  endfacet
  facet normal 0.466004 0.0700324 -0.882007
    outer loop
      vertex 169.729 -0.133458 16.4464
      vertex 169.593 -0.160474 16.3724
      vertex 169.581 -0.0806246 16.3724
    endloop
  endfacet
  facet normal 0.555724 0.0237942 -0.831026
    outer loop
      vertex 169.581 -0.0806246 16.3724
      vertex 169.451 -0.0934219 16.2851
      vertex 169.447 0 16.2851
    endloop
  endfacet
  facet normal 0.63683 0.0272668 -0.770522
    outer loop
      vertex 169.447 0 16.2851
      vertex 169.451 -0.0934219 16.2851
      vertex 169.331 -0.105318 16.1855
    endloop
  endfacet
  facet normal 0.203609 0.425634 0.881691
    outer loop
      vertex 170.085 -0.75995 13.6276
      vertex 170.138 -0.632014 13.5536
      vertex 170.078 -0.603312 13.5536
    endloop
  endfacet
  facet normal 0.129329 0.360248 0.923848
    outer loop
      vertex 170.201 -0.654631 13.5536
      vertex 170.194 -0.497993 13.4935
      vertex 170.138 -0.632014 13.5536
    endloop
  endfacet
  facet normal 0.165168 0.345275 0.923853
    outer loop
      vertex 170.138 -0.632014 13.5536
      vertex 170.194 -0.497993 13.4935
      vertex 170.078 -0.603312 13.5536
    endloop
  endfacet
  facet normal 0.163478 0.34695 0.923526
    outer loop
      vertex 170.194 -0.497993 13.4935
      vertex 170.146 -0.475376 13.4935
      vertex 170.078 -0.603312 13.5536
    endloop
  endfacet
  facet normal -0.0741145 0.0649137 0.995135
    outer loop
      vertex 170.566 -0.166006 13.4173
      vertex 170.461 -0.0498047 13.4019
      vertex 170.456 -0.0555134 13.4019
    endloop
  endfacet
  facet normal 0.0481273 0.189139 0.98077
    outer loop
      vertex 170.354 -0.230257 13.4173
      vertex 170.332 -0.224659 13.4173
      vertex 170.324 -0.381298 13.4479
    endloop
  endfacet
  facet normal 0.0143048 0.290375 0.956806
    outer loop
      vertex 170.4 -0.539023 13.4935
      vertex 170.4 -0.388768 13.4479
      vertex 170.362 -0.386896 13.4479
    endloop
  endfacet
  facet normal 0.0096007 0.194886 0.980779
    outer loop
      vertex 170.4 -0.388768 13.4479
      vertex 170.377 -0.233638 13.4173
      vertex 170.362 -0.386896 13.4479
    endloop
  endfacet
  facet normal 0.0565733 0.379032 0.923653
    outer loop
      vertex 170.333 -0.680794 13.5536
      vertex 170.295 -0.528666 13.4935
      vertex 170.267 -0.670943 13.5536
    endloop
  endfacet
  facet normal 0.0187456 0.38271 0.923678
    outer loop
      vertex 170.4 -0.539023 13.4935
      vertex 170.347 -0.536427 13.4935
      vertex 170.333 -0.680794 13.5536
    endloop
  endfacet
  facet normal -0.0812656 0.550692 0.830743
    outer loop
      vertex 170.493 -0.948529 13.7149
      vertex 170.586 -0.934805 13.7149
      vertex 170.481 -0.818604 13.6276
    endloop
  endfacet
  facet normal -0.0271716 0.555783 0.830883
    outer loop
      vertex 170.493 -0.948529 13.7149
      vertex 170.481 -0.818604 13.6276
      vertex 170.4 -0.822564 13.6276
    endloop
  endfacet
  facet normal 0.0978261 0.00425124 0.995194
    outer loop
      vertex 170.166 -0.0230112 13.4173
      vertex 170.322 -0.00769424 13.4019
      vertex 170.165 0 13.4173
    endloop
  endfacet
  facet normal -0.0823463 0.0532263 0.995181
    outer loop
      vertex 170.595 -0.13043 13.4173
      vertex 170.465 -0.0436163 13.4019
      vertex 170.461 -0.0498047 13.4019
    endloop
  endfacet
  facet normal 0.194884 0.0084691 0.98079
    outer loop
      vertex 170.166 -0.0230112 13.4173
      vertex 170.165 0 13.4173
      vertex 170.011 0 13.4479
    endloop
  endfacet
  facet normal 0.0326857 0.0926537 0.995162
    outer loop
      vertex 170.332 -0.224659 13.4173
      vertex 170.377 -0.0751276 13.4019
      vertex 170.31 -0.216898 13.4173
    endloop
  endfacet
  facet normal -0.175665 0.0843441 0.98083
    outer loop
      vertex 170.743 -0.183264 13.4479
      vertex 170.617 -0.0898418 13.4173
      vertex 170.607 -0.110669 13.4173
    endloop
  endfacet
  facet normal 0.145828 0.128136 0.980977
    outer loop
      vertex 170.234 -0.166006 13.4173
      vertex 170.219 -0.148935 13.4173
      vertex 170.099 -0.246632 13.4479
    endloop
  endfacet
  facet normal 0.154801 0.117115 0.980979
    outer loop
      vertex 170.219 -0.148935 13.4173
      vertex 170.205 -0.13043 13.4173
      vertex 170.099 -0.246632 13.4479
    endloop
  endfacet
  facet normal 0.235118 0.17155 0.956708
    outer loop
      vertex 169.983 -0.341952 13.4935
      vertex 170.099 -0.246632 13.4479
      vertex 169.952 -0.299465 13.4935
    endloop
  endfacet
  facet normal 0.214325 0.196859 0.956719
    outer loop
      vertex 170.019 -0.381146 13.4935
      vertex 170.099 -0.246632 13.4479
      vertex 169.983 -0.341952 13.4935
    endloop
  endfacet
  facet normal 0.686324 0.174456 0.706062
    outer loop
      vertex 169.372 -0.311909 13.8145
      vertex 169.346 -0.209623 13.8145
      vertex 169.266 -0.344138 13.9255
    endloop
  endfacet
  facet normal 0.668123 0.237873 0.705002
    outer loop
      vertex 169.305 -0.453679 13.9255
      vertex 169.407 -0.411191 13.8145
      vertex 169.266 -0.344138 13.9255
    endloop
  endfacet
  facet normal 0.783268 0.28364 0.553208
    outer loop
      vertex 169.213 -0.491798 14.0469
      vertex 169.17 -0.373054 14.0469
      vertex 169.087 -0.398376 14.1774
    endloop
  endfacet
  facet normal 0.728745 0.259456 0.633729
    outer loop
      vertex 169.305 -0.453679 13.9255
      vertex 169.266 -0.344138 13.9255
      vertex 169.213 -0.491798 14.0469
    endloop
  endfacet
  facet normal -0.659165 0.726788 -0.193081
    outer loop
      vertex 171.519 -1.11913 15.2348
      vertex 171.404 -1.22343 15.2348
      vertex 171.385 -1.19975 15.3888
    endloop
  endfacet
  facet normal -0.583708 0.788624 -0.19328
    outer loop
      vertex 171.385 -1.19975 15.3888
      vertex 171.404 -1.22343 15.2348
      vertex 171.279 -1.31595 15.2348
    endloop
  endfacet
  facet normal 0.635239 0.0301582 0.771726
    outer loop
      vertex 169.331 -0.105318 13.8145
      vertex 169.447 0 13.7149
      vertex 169.326 0 13.8145
    endloop
  endfacet
  facet normal 0.703536 0.0334006 0.709874
    outer loop
      vertex 169.331 -0.105318 13.8145
      vertex 169.326 0 13.8145
      vertex 169.214 0 13.9255
    endloop
  endfacet
  facet normal -0.281431 0.071301 0.956929
    outer loop
      vertex 170.916 -0.15647 13.4935
      vertex 170.929 -0.105158 13.4935
      vertex 170.772 -0.112853 13.4479
    endloop
  endfacet
  facet normal -0.281357 0.068423 0.957161
    outer loop
      vertex 170.929 -0.105158 13.4935
      vertex 170.781 -0.0758448 13.4479
      vertex 170.772 -0.112853 13.4479
    endloop
  endfacet
  facet normal 0.0945239 0.0252975 0.995201
    outer loop
      vertex 170.325 -0.022789 13.4019
      vertex 170.323 -0.015316 13.4019
      vertex 170.175 -0.0681496 13.4173
    endloop
  endfacet
  facet normal -0.0884005 0.0424447 0.99518
    outer loop
      vertex 170.607 -0.110669 13.4173
      vertex 170.617 -0.0898418 13.4173
      vertex 170.469 -0.0370083 13.4019
    endloop
  endfacet
  facet normal 0.0943115 0.0260005 0.995203
    outer loop
      vertex 170.327 -0.0300436 13.4019
      vertex 170.325 -0.022789 13.4019
      vertex 170.175 -0.0681496 13.4173
    endloop
  endfacet
  facet normal -0.0283802 0.193062 0.980776
    outer loop
      vertex 170.476 -0.381298 13.4479
      vertex 170.446 -0.230257 13.4173
      vertex 170.423 -0.233638 13.4173
    endloop
  endfacet
  facet normal -0.0648587 0.183854 0.980811
    outer loop
      vertex 170.513 -0.372027 13.4479
      vertex 170.49 -0.216898 13.4173
      vertex 170.468 -0.224659 13.4173
    endloop
  endfacet
  facet normal -0.0474027 0.189181 0.980797
    outer loop
      vertex 170.476 -0.381298 13.4479
      vertex 170.513 -0.372027 13.4479
      vertex 170.468 -0.224659 13.4173
    endloop
  endfacet
  facet normal 0.0520514 0.0835003 0.995147
    outer loop
      vertex 170.289 -0.207047 13.4173
      vertex 170.356 -0.0652771 13.4019
      vertex 170.27 -0.195203 13.4173
    endloop
  endfacet
  facet normal -0.379125 0.28124 0.881572
    outer loop
      vertex 171.084 -0.456992 13.6276
      vertex 170.969 -0.380058 13.5536
      vertex 170.929 -0.43398 13.5536
    endloop
  endfacet
  facet normal -0.379244 0.280762 0.881673
    outer loop
      vertex 171.036 -0.521829 13.6276
      vertex 171.084 -0.456992 13.6276
      vertex 170.929 -0.43398 13.5536
    endloop
  endfacet
  facet normal -0.524014 0.186153 0.831118
    outer loop
      vertex 171.312 -0.276675 13.7149
      vertex 171.187 -0.238777 13.6276
      vertex 171.16 -0.314781 13.6276
    endloop
  endfacet
  facet normal -0.445712 0.158337 0.881062
    outer loop
      vertex 171.16 -0.314781 13.6276
      vertex 171.187 -0.238777 13.6276
      vertex 171.055 -0.19858 13.5536
    endloop
  endfacet
  facet normal -0.16666 0.101205 0.980807
    outer loop
      vertex 170.743 -0.183264 13.4479
      vertex 170.607 -0.110669 13.4173
      vertex 170.595 -0.13043 13.4173
    endloop
  endfacet
  facet normal -0.083876 0.0509343 0.995174
    outer loop
      vertex 170.595 -0.13043 13.4173
      vertex 170.607 -0.110669 13.4173
      vertex 170.465 -0.0436163 13.4019
    endloop
  endfacet
  facet normal 0.0596563 0.0779822 0.995168
    outer loop
      vertex 170.356 -0.0652771 13.4019
      vertex 170.35 -0.0606871 13.4019
      vertex 170.251 -0.181479 13.4173
    endloop
  endfacet
  facet normal 0.224024 0.896357 -0.382568
    outer loop
      vertex 170.118 -1.41859 15.6841
      vertex 170.106 -1.47752 15.539
      vertex 169.98 -1.3841 15.6841
    endloop
  endfacet
  facet normal 0.135979 0.913927 -0.382422
    outer loop
      vertex 170.118 -1.41859 15.6841
      vertex 170.258 -1.43942 15.6841
      vertex 170.106 -1.47752 15.539
    endloop
  endfacet
  facet normal -0.163104 0.346155 -0.923891
    outer loop
      vertex 170.654 -0.475376 16.5065
      vertex 170.662 -0.632014 16.4464
      vertex 170.606 -0.497993 16.5065
    endloop
  endfacet
  facet normal -0.123823 0.262789 -0.956875
    outer loop
      vertex 170.654 -0.475376 16.5065
      vertex 170.606 -0.497993 16.5065
      vertex 170.549 -0.359175 16.552
    endloop
  endfacet
  facet normal -0.113233 0.458151 -0.881632
    outer loop
      vertex 170.599 -0.654631 16.4464
      vertex 170.639 -0.787145 16.3724
      vertex 170.533 -0.670943 16.4464
    endloop
  endfacet
  facet normal -0.159465 0.444192 -0.881626
    outer loop
      vertex 170.662 -0.632014 16.4464
      vertex 170.639 -0.787145 16.3724
      vertex 170.599 -0.654631 16.4464
    endloop
  endfacet
  facet normal 0.203609 0.425634 -0.881691
    outer loop
      vertex 170.138 -0.632014 16.4464
      vertex 170.085 -0.75995 16.3724
      vertex 170.078 -0.603312 16.4464
    endloop
  endfacet
  facet normal 0.237767 0.502897 -0.831
    outer loop
      vertex 170.085 -0.75995 16.3724
      vertex 170.035 -0.880567 16.2851
      vertex 170.012 -0.725436 16.3724
    endloop
  endfacet
  facet normal 0.0274183 0.555654 -0.830961
    outer loop
      vertex 170.4 -0.822564 16.3724
      vertex 170.4 -0.953118 16.2851
      vertex 170.307 -0.948529 16.2851
    endloop
  endfacet
  facet normal 0.0696189 0.466435 -0.881812
    outer loop
      vertex 170.333 -0.680794 16.4464
      vertex 170.319 -0.818604 16.3724
      vertex 170.267 -0.670943 16.4464
    endloop
  endfacet
  facet normal 0.0452127 0.922963 -0.382225
    outer loop
      vertex 170.4 -1.44638 15.6841
      vertex 170.4 -1.50647 15.539
      vertex 170.252 -1.49922 15.539
    endloop
  endfacet
  facet normal 0.0468242 0.95586 -0.290067
    outer loop
      vertex 170.4 -1.50647 15.539
      vertex 170.4 -1.55205 15.3888
      vertex 170.252 -1.49922 15.539
    endloop
  endfacet
  facet normal -0.0859252 0.049349 -0.995079
    outer loop
      vertex 170.473 -0.0300436 16.5981
      vertex 170.617 -0.0898418 16.5827
      vertex 170.469 -0.0370083 16.5981
    endloop
  endfacet
  facet normal 0.0341108 0.0919818 0.995176
    outer loop
      vertex 170.377 -0.0751276 13.4019
      vertex 170.37 -0.0725317 13.4019
      vertex 170.31 -0.216898 13.4173
    endloop
  endfacet
  facet normal -0.470861 0.021067 0.881956
    outer loop
      vertex 171.219 -0.0806246 13.6276
      vertex 171.084 0 13.5536
      vertex 171.081 -0.0670519 13.5536
    endloop
  endfacet
  facet normal -0.469801 0.0233081 0.882464
    outer loop
      vertex 171.219 -0.0806246 13.6276
      vertex 171.223 0 13.6276
      vertex 171.084 0 13.5536
    endloop
  endfacet
  facet normal 0.95257 0.233933 0.194642
    outer loop
      vertex 168.885 -0.459428 14.7652
      vertex 168.878 -0.30279 14.6112
      vertex 168.848 -0.308765 14.7652
    endloop
  endfacet
  facet normal 0.970071 0.145224 0.194609
    outer loop
      vertex 168.848 -0.308765 14.7652
      vertex 168.878 -0.30279 14.6112
      vertex 168.825 -0.155129 14.7652
    endloop
  endfacet
  facet normal 0.871349 0.130813 0.472905
    outer loop
      vertex 169.054 -0.267735 14.1774
      vertex 169.034 -0.134515 14.1774
      vertex 168.981 -0.282175 14.3159
    endloop
  endfacet
  facet normal 0.82116 0.123279 0.557225
    outer loop
      vertex 169.054 -0.267735 14.1774
      vertex 169.14 -0.250716 14.0469
      vertex 169.034 -0.134515 14.1774
    endloop
  endfacet
  facet normal -0.0650625 0.184432 -0.980689
    outer loop
      vertex 170.49 -0.216898 16.5827
      vertex 170.513 -0.372027 16.552
      vertex 170.468 -0.224659 16.5827
    endloop
  endfacet
  facet normal -0.0658011 0.184317 -0.980662
    outer loop
      vertex 170.549 -0.359175 16.552
      vertex 170.513 -0.372027 16.552
      vertex 170.49 -0.216898 16.5827
    endloop
  endfacet
  facet normal -0.0416712 0.0888331 -0.995174
    outer loop
      vertex 170.511 -0.207047 16.5827
      vertex 170.49 -0.216898 16.5827
      vertex 170.437 -0.0692377 16.5981
    endloop
  endfacet
  facet normal 0.235477 0.169049 -0.957065
    outer loop
      vertex 170.077 -0.215987 16.552
      vertex 170.099 -0.246632 16.552
      vertex 169.952 -0.299465 16.5065
    endloop
  endfacet
  facet normal 0.15894 0.114103 -0.980672
    outer loop
      vertex 170.205 -0.13043 16.5827
      vertex 170.099 -0.246632 16.552
      vertex 170.077 -0.215987 16.552
    endloop
  endfacet
  facet normal 0.228054 0.307943 -0.923668
    outer loop
      vertex 170.058 -0.416671 16.5065
      vertex 170.02 -0.568798 16.4464
      vertex 169.966 -0.528807 16.4464
    endloop
  endfacet
  facet normal 0.256576 0.284553 -0.923687
    outer loop
      vertex 170.058 -0.416671 16.5065
      vertex 169.966 -0.528807 16.4464
      vertex 169.916 -0.483723 16.4464
    endloop
  endfacet
  facet normal 0.28635 0.476111 -0.831458
    outer loop
      vertex 169.943 -0.683937 16.3724
      vertex 170.012 -0.725436 16.3724
      vertex 169.87 -0.792489 16.2851
    endloop
  endfacet
  facet normal 0.201294 0.425754 -0.882165
    outer loop
      vertex 170.078 -0.603312 16.4464
      vertex 170.085 -0.75995 16.3724
      vertex 170.012 -0.725436 16.3724
    endloop
  endfacet
  facet normal 0.163478 0.34695 -0.923526
    outer loop
      vertex 170.146 -0.475376 16.5065
      vertex 170.194 -0.497993 16.5065
      vertex 170.078 -0.603312 16.4464
    endloop
  endfacet
  facet normal 0.196131 0.329594 -0.923526
    outer loop
      vertex 170.146 -0.475376 16.5065
      vertex 170.078 -0.603312 16.4464
      vertex 170.02 -0.568798 16.4464
    endloop
  endfacet
  facet normal 0.406284 0.240582 -0.881507
    outer loop
      vertex 169.831 -0.380058 16.4464
      vertex 169.716 -0.456992 16.3724
      vertex 169.675 -0.387753 16.3724
    endloop
  endfacet
  facet normal 0.378959 0.281117 -0.881682
    outer loop
      vertex 169.831 -0.380058 16.4464
      vertex 169.871 -0.43398 16.4464
      vertex 169.764 -0.521829 16.3724
    endloop
  endfacet
  facet normal 0.446991 0.330916 -0.83108
    outer loop
      vertex 169.716 -0.456992 16.3724
      vertex 169.764 -0.521829 16.3724
      vertex 169.663 -0.604651 16.2851
    endloop
  endfacet
  facet normal 0.412774 0.37267 -0.831105
    outer loop
      vertex 169.764 -0.521829 16.3724
      vertex 169.818 -0.58164 16.3724
      vertex 169.663 -0.604651 16.2851
    endloop
  endfacet
  facet normal 0.3629 0.606693 -0.707267
    outer loop
      vertex 169.803 -0.893409 16.1855
      vertex 169.841 -1.04554 16.0745
      vertex 169.741 -0.985724 16.0745
    endloop
  endfacet
  facet normal 0.365312 0.606506 -0.706185
    outer loop
      vertex 169.893 -0.947618 16.1855
      vertex 169.841 -1.04554 16.0745
      vertex 169.803 -0.893409 16.1855
    endloop
  endfacet
  facet normal 0.372704 0.412511 -0.83122
    outer loop
      vertex 169.818 -0.58164 16.3724
      vertex 169.878 -0.63585 16.3724
      vertex 169.795 -0.736771 16.2851
    endloop
  endfacet
  facet normal 0.374906 0.41182 -0.830572
    outer loop
      vertex 169.818 -0.58164 16.3724
      vertex 169.795 -0.736771 16.2851
      vertex 169.726 -0.673956 16.2851
    endloop
  endfacet
  facet normal 0.466041 0.0701804 -0.881975
    outer loop
      vertex 169.719 -0.0670519 16.4464
      vertex 169.729 -0.133458 16.4464
      vertex 169.581 -0.0806246 16.3724
    endloop
  endfacet
  facet normal 0.456705 0.116651 -0.881937
    outer loop
      vertex 169.729 -0.133458 16.4464
      vertex 169.613 -0.238777 16.3724
      vertex 169.593 -0.160474 16.3724
    endloop
  endfacet
  facet normal 0.065595 0.183739 0.980784
    outer loop
      vertex 170.287 -0.372027 13.4479
      vertex 170.31 -0.216898 13.4173
      vertex 170.251 -0.359175 13.4479
    endloop
  endfacet
  facet normal 0.124072 0.263318 0.956697
    outer loop
      vertex 170.194 -0.497993 13.4935
      vertex 170.251 -0.359175 13.4479
      vertex 170.146 -0.475376 13.4935
    endloop
  endfacet
  facet normal 0.0565704 0.379031 0.923653
    outer loop
      vertex 170.333 -0.680794 13.5536
      vertex 170.347 -0.536427 13.4935
      vertex 170.295 -0.528666 13.4935
    endloop
  endfacet
  facet normal 0.0423849 0.287714 0.956778
    outer loop
      vertex 170.362 -0.386896 13.4479
      vertex 170.324 -0.381298 13.4479
      vertex 170.295 -0.528666 13.4935
    endloop
  endfacet
  facet normal 0.0230358 0.471188 0.881732
    outer loop
      vertex 170.4 -0.822564 13.6276
      vertex 170.4 -0.684088 13.5536
      vertex 170.319 -0.818604 13.6276
    endloop
  endfacet
  facet normal 0.0188142 0.382682 0.923689
    outer loop
      vertex 170.4 -0.684088 13.5536
      vertex 170.4 -0.539023 13.4935
      vertex 170.333 -0.680794 13.5536
    endloop
  endfacet
  facet normal 0.0824528 0.549917 0.831139
    outer loop
      vertex 170.319 -0.818604 13.6276
      vertex 170.24 -0.806759 13.6276
      vertex 170.214 -0.934805 13.7149
    endloop
  endfacet
  facet normal 0.0699479 0.466516 0.881743
    outer loop
      vertex 170.319 -0.818604 13.6276
      vertex 170.267 -0.670943 13.5536
      vertex 170.24 -0.806759 13.6276
    endloop
  endfacet
  facet normal 0.0429068 0.287483 0.956824
    outer loop
      vertex 170.347 -0.536427 13.4935
      vertex 170.362 -0.386896 13.4479
      vertex 170.295 -0.528666 13.4935
    endloop
  endfacet
  facet normal 0.014222 0.290357 0.956813
    outer loop
      vertex 170.4 -0.539023 13.4935
      vertex 170.362 -0.386896 13.4479
      vertex 170.347 -0.536427 13.4935
    endloop
  endfacet
  facet normal 0.00462924 0.0980771 0.995168
    outer loop
      vertex 170.4 -0.234768 13.4173
      vertex 170.4 -0.0785074 13.4019
      vertex 170.392 -0.0781298 13.4019
    endloop
  endfacet
  facet normal 0.0884005 0.0424447 0.99518
    outer loop
      vertex 170.193 -0.110669 13.4173
      vertex 170.331 -0.0370083 13.4019
      vertex 170.183 -0.0898418 13.4173
    endloop
  endfacet
  facet normal 0.0838702 0.0509307 0.995174
    outer loop
      vertex 170.205 -0.13043 13.4173
      vertex 170.331 -0.0370083 13.4019
      vertex 170.193 -0.110669 13.4173
    endloop
  endfacet
  facet normal 0.0576408 0.0798 0.995143
    outer loop
      vertex 170.27 -0.195203 13.4173
      vertex 170.356 -0.0652771 13.4019
      vertex 170.251 -0.181479 13.4173
    endloop
  endfacet
  facet normal 0.192052 0.0337096 0.980806
    outer loop
      vertex 170.17 -0.0458002 13.4173
      vertex 170.166 -0.0230112 13.4173
      vertex 170.019 -0.0758448 13.4479
    endloop
  endfacet
  facet normal -0.0596563 0.0779822 0.995168
    outer loop
      vertex 170.549 -0.181479 13.4173
      vertex 170.45 -0.0606871 13.4019
      vertex 170.444 -0.0652771 13.4019
    endloop
  endfacet
  facet normal 0.06614 0.0726672 0.995161
    outer loop
      vertex 170.251 -0.181479 13.4173
      vertex 170.35 -0.0606871 13.4019
      vertex 170.234 -0.166006 13.4173
    endloop
  endfacet
  facet normal -0.0641015 0.0743393 0.995171
    outer loop
      vertex 170.549 -0.181479 13.4173
      vertex 170.456 -0.0555134 13.4019
      vertex 170.45 -0.0606871 13.4019
    endloop
  endfacet
  facet normal -0.0341108 0.0919818 0.995176
    outer loop
      vertex 170.49 -0.216898 13.4173
      vertex 170.43 -0.0725317 13.4019
      vertex 170.423 -0.0751276 13.4019
    endloop
  endfacet
  facet normal -0.0828379 0.176591 0.980792
    outer loop
      vertex 170.549 -0.359175 13.4479
      vertex 170.511 -0.207047 13.4173
      vertex 170.49 -0.216898 13.4173
    endloop
  endfacet
  facet normal 0.725417 0.262691 0.636211
    outer loop
      vertex 169.213 -0.491798 14.0469
      vertex 169.266 -0.344138 13.9255
      vertex 169.17 -0.373054 14.0469
    endloop
  endfacet
  facet normal 0.749269 0.183738 0.636267
    outer loop
      vertex 169.17 -0.373054 14.0469
      vertex 169.266 -0.344138 13.9255
      vertex 169.14 -0.250716 14.0469
    endloop
  endfacet
  facet normal -0.0242241 0.0952003 0.995163
    outer loop
      vertex 170.446 -0.230257 13.4173
      vertex 170.468 -0.224659 13.4173
      vertex 170.423 -0.0751276 13.4019
    endloop
  endfacet
  facet normal -0.00481904 0.0980866 0.995166
    outer loop
      vertex 170.423 -0.233638 13.4173
      vertex 170.408 -0.0781298 13.4019
      vertex 170.4 -0.234768 13.4173
    endloop
  endfacet
  facet normal -0.00957465 0.194882 0.98078
    outer loop
      vertex 170.423 -0.233638 13.4173
      vertex 170.4 -0.234768 13.4173
      vertex 170.4 -0.388768 13.4479
    endloop
  endfacet
  facet normal 0.0271716 0.555783 -0.830883
    outer loop
      vertex 170.319 -0.818604 16.3724
      vertex 170.4 -0.822564 16.3724
      vertex 170.307 -0.948529 16.2851
    endloop
  endfacet
  facet normal 0.0230358 0.471188 -0.881732
    outer loop
      vertex 170.4 -0.684088 16.4464
      vertex 170.4 -0.822564 16.3724
      vertex 170.319 -0.818604 16.3724
    endloop
  endfacet
  facet normal -0.0284694 0.193669 -0.980654
    outer loop
      vertex 170.446 -0.230257 16.5827
      vertex 170.476 -0.381298 16.552
      vertex 170.423 -0.233638 16.5827
    endloop
  endfacet
  facet normal 0.469524 0.426671 -0.772981
    outer loop
      vertex 169.663 -0.604651 16.2851
      vertex 169.64 -0.759782 16.1855
      vertex 169.569 -0.681651 16.1855
    endloop
  endfacet
  facet normal 0.469418 0.426713 -0.773022
    outer loop
      vertex 169.663 -0.604651 16.2851
      vertex 169.726 -0.673956 16.2851
      vertex 169.64 -0.759782 16.1855
    endloop
  endfacet
  facet normal 0.550245 0.0826923 -0.830899
    outer loop
      vertex 169.581 -0.0806246 16.3724
      vertex 169.593 -0.160474 16.3724
      vertex 169.465 -0.185944 16.2851
    endloop
  endfacet
  facet normal 0.539236 0.137731 -0.830816
    outer loop
      vertex 169.593 -0.160474 16.3724
      vertex 169.613 -0.238777 16.3724
      vertex 169.465 -0.185944 16.2851
    endloop
  endfacet
  facet normal 0.0648587 0.183854 0.980811
    outer loop
      vertex 170.332 -0.224659 13.4173
      vertex 170.31 -0.216898 13.4173
      vertex 170.287 -0.372027 13.4479
    endloop
  endfacet
  facet normal 0.0474027 0.189181 0.980797
    outer loop
      vertex 170.324 -0.381298 13.4479
      vertex 170.332 -0.224659 13.4173
      vertex 170.287 -0.372027 13.4479
    endloop
  endfacet
  facet normal 0.0741145 0.0649137 0.995135
    outer loop
      vertex 170.344 -0.0555134 13.4019
      vertex 170.339 -0.0498047 13.4019
      vertex 170.234 -0.166006 13.4173
    endloop
  endfacet
  facet normal 0 0 1
    outer loop
      vertex 170.479 0 13.4019
      vertex 170.477 -0.015316 13.4019
      vertex 170.478 -0.00769424 13.4019
    endloop
  endfacet
  facet normal 0 0 1
    outer loop
      vertex 170.479 0 13.4019
      vertex 170.475 -0.022789 13.4019
      vertex 170.477 -0.015316 13.4019
    endloop
  endfacet
  facet normal 0 0 1
    outer loop
      vertex 170.479 0 13.4019
      vertex 170.473 -0.0300436 13.4019
      vertex 170.475 -0.022789 13.4019
    endloop
  endfacet
  facet normal 0 0 1
    outer loop
      vertex 170.479 0 13.4019
      vertex 170.469 -0.0370083 13.4019
      vertex 170.473 -0.0300436 13.4019
    endloop
  endfacet
  facet normal 0 0 1
    outer loop
      vertex 170.479 0 13.4019
      vertex 170.465 -0.0436163 13.4019
      vertex 170.469 -0.0370083 13.4019
    endloop
  endfacet
  facet normal 0 0 1
    outer loop
      vertex 170.479 0 13.4019
      vertex 170.461 -0.0498047 13.4019
      vertex 170.465 -0.0436163 13.4019
    endloop
  endfacet
  facet normal 0 0 1
    outer loop
      vertex 170.479 0 13.4019
      vertex 170.456 -0.0555134 13.4019
      vertex 170.461 -0.0498047 13.4019
    endloop
  endfacet
  facet normal 0 0 1
    outer loop
      vertex 170.479 0 13.4019
      vertex 170.45 -0.0606871 13.4019
      vertex 170.456 -0.0555134 13.4019
    endloop
  endfacet
  facet normal 0 0 1
    outer loop
      vertex 170.479 0 13.4019
      vertex 170.444 -0.0652771 13.4019
      vertex 170.45 -0.0606871 13.4019
    endloop
  endfacet
  facet normal 0 0 1
    outer loop
      vertex 170.479 0 13.4019
      vertex 170.437 -0.0692377 13.4019
      vertex 170.444 -0.0652771 13.4019
    endloop
  endfacet
  facet normal 0 0 1
    outer loop
      vertex 170.479 0 13.4019
      vertex 170.43 -0.0725317 13.4019
      vertex 170.437 -0.0692377 13.4019
    endloop
  endfacet
  facet normal 0 0 1
    outer loop
      vertex 170.479 0 13.4019
      vertex 170.423 -0.0751276 13.4019
      vertex 170.43 -0.0725317 13.4019
    endloop
  endfacet
  facet normal 0 0 1
    outer loop
      vertex 170.479 0 13.4019
      vertex 170.415 -0.0769997 13.4019
      vertex 170.423 -0.0751276 13.4019
    endloop
  endfacet
  facet normal 0 0 1
    outer loop
      vertex 170.479 0 13.4019
      vertex 170.408 -0.0781298 13.4019
      vertex 170.415 -0.0769997 13.4019
    endloop
  endfacet
  facet normal 0 0 1
    outer loop
      vertex 170.479 0 13.4019
      vertex 170.4 -0.0785074 13.4019
      vertex 170.408 -0.0781298 13.4019
    endloop
  endfacet
  facet normal 0 0 1
    outer loop
      vertex 170.479 0 13.4019
      vertex 170.392 -0.0781298 13.4019
      vertex 170.4 -0.0785074 13.4019
    endloop
  endfacet
  facet normal 0 0 1
    outer loop
      vertex 170.479 0 13.4019
      vertex 170.385 -0.0769997 13.4019
      vertex 170.392 -0.0781298 13.4019
    endloop
  endfacet
  facet normal 0 0 1
    outer loop
      vertex 170.479 0 13.4019
      vertex 170.377 -0.0751276 13.4019
      vertex 170.385 -0.0769997 13.4019
    endloop
  endfacet
  facet normal 0 0 1
    outer loop
      vertex 170.479 0 13.4019
      vertex 170.37 -0.0725317 13.4019
      vertex 170.377 -0.0751276 13.4019
    endloop
  endfacet
  facet normal 0 0 1
    outer loop
      vertex 170.479 0 13.4019
      vertex 170.363 -0.0692377 13.4019
      vertex 170.37 -0.0725317 13.4019
    endloop
  endfacet
  facet normal 0 0 1
    outer loop
      vertex 170.479 0 13.4019
      vertex 170.356 -0.0652771 13.4019
      vertex 170.363 -0.0692377 13.4019
    endloop
  endfacet
  facet normal 0 0 1
    outer loop
      vertex 170.479 0 13.4019
      vertex 170.35 -0.0606871 13.4019
      vertex 170.356 -0.0652771 13.4019
    endloop
  endfacet
  facet normal 0 0 1
    outer loop
      vertex 170.479 0 13.4019
      vertex 170.344 -0.0555134 13.4019
      vertex 170.35 -0.0606871 13.4019
    endloop
  endfacet
  facet normal 0 0 1
    outer loop
      vertex 170.479 0 13.4019
      vertex 170.339 -0.0498047 13.4019
      vertex 170.344 -0.0555134 13.4019
    endloop
  endfacet
  facet normal 0 0 1
    outer loop
      vertex 170.479 0 13.4019
      vertex 170.335 -0.0436163 13.4019
      vertex 170.339 -0.0498047 13.4019
    endloop
  endfacet
  facet normal 0 0 1
    outer loop
      vertex 170.479 0 13.4019
      vertex 170.331 -0.0370083 13.4019
      vertex 170.335 -0.0436163 13.4019
    endloop
  endfacet
  facet normal 0 0 1
    outer loop
      vertex 170.479 0 13.4019
      vertex 170.327 -0.0300436 13.4019
      vertex 170.331 -0.0370083 13.4019
    endloop
  endfacet
  facet normal 0 0 1
    outer loop
      vertex 170.479 0 13.4019
      vertex 170.325 -0.022789 13.4019
      vertex 170.327 -0.0300436 13.4019
    endloop
  endfacet
  facet normal 0 0 1
    outer loop
      vertex 170.479 0 13.4019
      vertex 170.323 -0.015316 13.4019
      vertex 170.325 -0.022789 13.4019
    endloop
  endfacet
  facet normal 0 0 1
    outer loop
      vertex 170.479 0 13.4019
      vertex 170.322 -0.00769424 13.4019
      vertex 170.323 -0.015316 13.4019
    endloop
  endfacet
  facet normal 0 -0 1
    outer loop
      vertex 170.322 -0.00769424 13.4019
      vertex 170.479 0 13.4019
      vertex 170.321 0 13.4019
    endloop
  endfacet
  facet normal 0.0242241 0.0952003 0.995163
    outer loop
      vertex 170.354 -0.230257 13.4173
      vertex 170.377 -0.0751276 13.4019
      vertex 170.332 -0.224659 13.4173
    endloop
  endfacet
  facet normal -0.00462924 0.0980771 0.995168
    outer loop
      vertex 170.408 -0.0781298 13.4019
      vertex 170.4 -0.0785074 13.4019
      vertex 170.4 -0.234768 13.4173
    endloop
  endfacet
  facet normal -0.0156663 0.0970394 0.995157
    outer loop
      vertex 170.423 -0.233638 13.4173
      vertex 170.415 -0.0769997 13.4019
      vertex 170.408 -0.0781298 13.4019
    endloop
  endfacet
  facet normal -0.102997 0.165227 0.980863
    outer loop
      vertex 170.616 -0.323249 13.4479
      vertex 170.53 -0.195203 13.4173
      vertex 170.511 -0.207047 13.4173
    endloop
  endfacet
  facet normal -0.0998607 0.168021 0.980712
    outer loop
      vertex 170.583 -0.342862 13.4479
      vertex 170.616 -0.323249 13.4479
      vertex 170.511 -0.207047 13.4173
    endloop
  endfacet
  facet normal -0.0142754 0.0971118 0.995171
    outer loop
      vertex 170.423 -0.233638 13.4173
      vertex 170.446 -0.230257 13.4173
      vertex 170.415 -0.0769997 13.4019
    endloop
  endfacet
  facet normal -0.0223437 0.0954808 0.99518
    outer loop
      vertex 170.446 -0.230257 13.4173
      vertex 170.423 -0.0751276 13.4019
      vertex 170.415 -0.0769997 13.4019
    endloop
  endfacet
  facet normal 0.0935069 0.37103 0.923901
    outer loop
      vertex 170.295 -0.528666 13.4935
      vertex 170.244 -0.515813 13.4935
      vertex 170.201 -0.654631 13.5536
    endloop
  endfacet
  facet normal 0.128395 0.360255 0.923976
    outer loop
      vertex 170.201 -0.654631 13.5536
      vertex 170.244 -0.515813 13.4935
      vertex 170.194 -0.497993 13.4935
    endloop
  endfacet
  facet normal 0.0416712 0.0888331 0.995174
    outer loop
      vertex 170.31 -0.216898 13.4173
      vertex 170.363 -0.0692377 13.4019
      vertex 170.289 -0.207047 13.4173
    endloop
  endfacet
  facet normal 0.0482605 0.0852961 0.995186
    outer loop
      vertex 170.363 -0.0692377 13.4019
      vertex 170.356 -0.0652771 13.4019
      vertex 170.289 -0.207047 13.4173
    endloop
  endfacet
  facet normal 0.0417833 0.0887927 0.995173
    outer loop
      vertex 170.37 -0.0725317 13.4019
      vertex 170.363 -0.0692377 13.4019
      vertex 170.31 -0.216898 13.4173
    endloop
  endfacet
  facet normal 0.0811364 -0.55078 -0.830698
    outer loop
      vertex 170.307 80.5485 16.2851
      vertex 170.319 80.4186 16.3724
      vertex 170.214 80.5348 16.2851
    endloop
  endfacet
  facet normal 0.192668 -0.0338014 -0.980682
    outer loop
      vertex 170.17 79.6458 16.5827
      vertex 170.166 79.623 16.5827
      vertex 170.019 79.6758 16.552
    endloop
  endfacet
  facet normal 0.00511634 -0.0980632 0.995167
    outer loop
      vertex 170.392 79.6781 13.4019
      vertex 170.4 79.8348 13.4173
      vertex 170.377 79.8336 13.4173
    endloop
  endfacet
  facet normal -0.622505 -0.683314 -0.381536
    outer loop
      vertex 171.356 80.7645 15.539
      vertex 171.465 80.6652 15.539
      vertex 171.318 80.7181 15.6841
    endloop
  endfacet
  facet normal 0.14607 -0.984385 -0.0982293
    outer loop
      vertex 170.243 81.1904 15.0785
      vertex 170.245 81.1751 15.2348
      vertex 170.088 81.1674 15.0785
    endloop
  endfacet
  facet normal 0.855605 -0.50891 0.0946066
    outer loop
      vertex 169.004 80.3461 14.7652
      vertex 169.071 80.4878 14.9215
      vertex 168.991 80.3533 14.9215
    endloop
  endfacet
  facet normal -0.749232 -0.183635 -0.63634
    outer loop
      vertex 171.63 79.9731 15.9531
      vertex 171.66 79.8507 15.9531
      vertex 171.534 79.9441 16.0745
    endloop
  endfacet
  facet normal -0.936834 -0.336169 0.0966032
    outer loop
      vertex 171.929 80.0639 14.9215
      vertex 171.876 80.2116 14.9215
      vertex 171.862 80.2057 14.7652
    endloop
  endfacet
  facet normal -0.0699634 -0.466423 -0.881791
    outer loop
      vertex 170.481 80.4186 16.3724
      vertex 170.533 80.2709 16.4464
      vertex 170.467 80.2808 16.4464
    endloop
  endfacet
  facet normal -0.8371 -0.391473 0.382116
    outer loop
      vertex 171.736 80.1535 14.3159
      vertex 171.729 80.3101 14.461
      vertex 171.676 80.2818 14.3159
    endloop
  endfacet
  facet normal 0.513093 -0.858333 0
    outer loop
      vertex 169.512 80.9287 14.9215
      vertex 169.647 81.0094 15.0785
      vertex 169.512 80.9287 15.0785
    endloop
  endfacet
  facet normal 0.513093 -0.858333 0
    outer loop
      vertex 169.647 81.0094 15.0785
      vertex 169.512 80.9287 14.9215
      vertex 169.647 81.0094 14.9215
    endloop
  endfacet
  facet normal -0.13585 -0.914015 -0.382258
    outer loop
      vertex 170.694 81.0775 15.539
      vertex 170.682 81.0186 15.6841
      vertex 170.548 81.0992 15.539
    endloop
  endfacet
  facet normal 0.00974105 -0.194821 0.98079
    outer loop
      vertex 170.377 79.8336 13.4173
      vertex 170.4 79.9888 13.4479
      vertex 170.362 79.9869 13.4479
    endloop
  endfacet
  facet normal 0.408141 -0.865183 0.291341
    outer loop
      vertex 169.69 80.9286 14.461
      vertex 169.806 81.0339 14.6112
      vertex 169.668 80.9688 14.6112
    endloop
  endfacet
  facet normal -0.422397 -0.566853 0.70729
    outer loop
      vertex 171.152 80.5164 13.9255
      vertex 171.059 80.5857 13.9255
      vertex 170.997 80.4934 13.8145
    endloop
  endfacet
  facet normal 0.801524 -0.597962 0
    outer loop
      vertex 169.071 80.4878 15.0785
      vertex 169.165 80.6138 14.9215
      vertex 169.165 80.6138 15.0785
    endloop
  endfacet
  facet normal 0.801524 -0.597962 0
    outer loop
      vertex 169.165 80.6138 14.9215
      vertex 169.071 80.4878 15.0785
      vertex 169.071 80.4878 14.9215
    endloop
  endfacet
  facet normal 0.85432 -0.215704 -0.472874
    outer loop
      vertex 169.087 79.9984 15.8226
      vertex 169.054 79.8677 15.8226
      vertex 168.981 79.8822 15.6841
    endloop
  endfacet
  facet normal 0.33139 -0.446216 -0.831308
    outer loop
      vertex 169.87 80.3925 16.2851
      vertex 169.878 80.2358 16.3724
      vertex 169.795 80.3368 16.2851
    endloop
  endfacet
  facet normal 0.272506 -0.572263 0.773469
    outer loop
      vertex 169.951 80.4406 13.7149
      vertex 170.035 80.4806 13.7149
      vertex 169.893 80.5476 13.8145
    endloop
  endfacet
  facet normal 0.868692 -0.31203 0.384724
    outer loop
      vertex 169.064 80.1535 14.3159
      vertex 169.008 80.1765 14.461
      vertex 168.958 80.0373 14.461
    endloop
  endfacet
  facet normal -0.661325 -0.724032 -0.196028
    outer loop
      vertex 171.519 80.7191 15.2348
      vertex 171.497 80.6975 15.3888
      vertex 171.385 80.7998 15.3888
    endloop
  endfacet
  facet normal -0.135795 -0.914004 0.382303
    outer loop
      vertex 170.682 81.0186 14.3159
      vertex 170.548 81.0992 14.461
      vertex 170.542 81.0394 14.3159
    endloop
  endfacet
  facet normal -0.886965 -0.418684 0.194928
    outer loop
      vertex 171.834 80.1939 14.6112
      vertex 171.796 80.3461 14.7652
      vertex 171.769 80.3316 14.6112
    endloop
  endfacet
  facet normal -0.147197 -0.129121 -0.980643
    outer loop
      vertex 170.675 79.8749 16.552
      vertex 170.581 79.7489 16.5827
      vertex 170.566 79.766 16.5827
    endloop
  endfacet
  facet normal -0.569329 -0.769014 -0.290657
    outer loop
      vertex 171.385 80.7998 15.3888
      vertex 171.356 80.7645 15.539
      vertex 171.237 80.8526 15.539
    endloop
  endfacet
  facet normal -0.900859 -0.323584 0.28939
    outer loop
      vertex 171.842 80.0373 14.461
      vertex 171.834 80.1939 14.6112
      vertex 171.792 80.1765 14.461
    endloop
  endfacet
  facet normal -0.333586 -0.937613 0.0979886
    outer loop
      vertex 171.006 81.0622 14.7652
      vertex 171.012 81.0764 14.9215
      vertex 170.859 81.1145 14.7652
    endloop
  endfacet
  facet normal 0.280595 -0.379182 -0.881752
    outer loop
      vertex 169.943 80.2839 16.3724
      vertex 170.02 80.1688 16.4464
      vertex 169.878 80.2358 16.3724
    endloop
  endfacet
  facet normal 0.0347185 -0.706552 -0.706809
    outer loop
      vertex 170.4 80.7855 16.0745
      vertex 170.295 80.6693 16.1855
      vertex 170.284 80.7798 16.0745
    endloop
  endfacet
  facet normal 0.984638 -0.145919 0.0958954
    outer loop
      vertex 168.825 79.7551 14.7652
      vertex 168.833 79.9118 14.9215
      vertex 168.81 79.7566 14.9215
    endloop
  endfacet
  facet normal -0.150237 -0.248553 -0.956896
    outer loop
      vertex 170.654 80.0754 16.5065
      vertex 170.699 80.0482 16.5065
      vertex 170.616 79.9232 16.552
    endloop
  endfacet
  facet normal 0.557284 -0.0276568 -0.829861
    outer loop
      vertex 169.581 79.6806 16.3724
      vertex 169.577 79.6 16.3724
      vertex 169.447 79.6 16.2851
    endloop
  endfacet
  facet normal 0.966512 -0.237456 0.0973131
    outer loop
      vertex 168.848 79.9088 14.7652
      vertex 168.885 80.0594 14.7652
      vertex 168.833 79.9118 14.9215
    endloop
  endfacet
  facet normal 0.998698 -0.051019 0
    outer loop
      vertex 168.802 79.6 15.0785
      vertex 168.81 79.7566 14.9215
      vertex 168.81 79.7566 15.0785
    endloop
  endfacet
  facet normal 0.998698 -0.051019 0
    outer loop
      vertex 168.81 79.7566 14.9215
      vertex 168.802 79.6 15.0785
      vertex 168.802 79.6 14.9215
    endloop
  endfacet
  facet normal 0.929357 -0.232811 0.286521
    outer loop
      vertex 168.958 80.0373 14.461
      vertex 168.915 80.0505 14.6112
      vertex 168.878 79.9028 14.6112
    endloop
  endfacet
  facet normal -0.668918 -0.235772 0.704954
    outer loop
      vertex 171.428 79.9119 13.8145
      vertex 171.495 80.0537 13.9255
      vertex 171.393 80.0112 13.8145
    endloop
  endfacet
  facet normal 0.326925 -0.542864 0.773575
    outer loop
      vertex 169.951 80.4406 13.7149
      vertex 169.893 80.5476 13.8145
      vertex 169.803 80.4934 13.8145
    endloop
  endfacet
  facet normal 0.628555 -0.0903962 -0.772494
    outer loop
      vertex 169.346 79.8096 16.1855
      vertex 169.465 79.7859 16.2851
      vertex 169.331 79.7053 16.1855
    endloop
  endfacet
  facet normal -0.376296 -0.797015 0.472407
    outer loop
      vertex 171.047 80.8103 14.1774
      vertex 170.954 80.9363 14.3159
      vertex 170.925 80.8679 14.1774
    endloop
  endfacet
  facet normal -0.922597 -0.043725 -0.383279
    outer loop
      vertex 171.899 79.7477 15.539
      vertex 171.906 79.6 15.539
      vertex 171.839 79.7418 15.6841
    endloop
  endfacet
  facet normal -0.630141 -0.0953727 -0.770601
    outer loop
      vertex 171.469 79.7053 16.1855
      vertex 171.349 79.6934 16.2851
      vertex 171.335 79.7859 16.2851
    endloop
  endfacet
  facet normal -0.365298 -0.606583 -0.706126
    outer loop
      vertex 170.959 80.6455 16.0745
      vertex 170.997 80.4934 16.1855
      vertex 170.907 80.5476 16.1855
    endloop
  endfacet
  facet normal -0.280868 -0.0711751 -0.957104
    outer loop
      vertex 170.916 79.7565 16.5065
      vertex 170.929 79.7052 16.5065
      vertex 170.772 79.7129 16.552
    endloop
  endfacet
  facet normal -0.239659 -0.951027 -0.19522
    outer loop
      vertex 170.709 81.1523 15.2348
      vertex 170.859 81.1145 15.2348
      vertex 170.703 81.1222 15.3888
    endloop
  endfacet
  facet normal -0.474668 -0.79328 -0.38131
    outer loop
      vertex 171.237 80.8526 15.539
      vertex 171.204 80.8026 15.6841
      vertex 171.082 80.8756 15.6841
    endloop
  endfacet
  facet normal -0.524985 -0.477259 -0.704709
    outer loop
      vertex 171.316 80.3521 16.0745
      vertex 171.231 80.2817 16.1855
      vertex 171.16 80.3598 16.1855
    endloop
  endfacet
  facet normal -0.506046 -0.840178 0.194983
    outer loop
      vertex 171.262 80.8905 14.6112
      vertex 171.279 80.916 14.7652
      vertex 171.132 80.9688 14.6112
    endloop
  endfacet
  facet normal -0.929368 -0.233314 0.286076
    outer loop
      vertex 171.878 79.8939 14.461
      vertex 171.922 79.9028 14.6112
      vertex 171.842 80.0373 14.461
    endloop
  endfacet
  facet normal -0.896138 -0.224972 0.382524
    outer loop
      vertex 171.878 79.8939 14.461
      vertex 171.842 80.0373 14.461
      vertex 171.819 79.8822 14.3159
    endloop
  endfacet
  facet normal 0.0487503 -0.993999 0.0979251
    outer loop
      vertex 170.245 81.1751 14.7652
      vertex 170.4 81.1981 14.9215
      vertex 170.243 81.1904 14.9215
    endloop
  endfacet
  facet normal -0.519227 -0.571748 0.635223
    outer loop
      vertex 171.238 80.4383 13.9255
      vertex 171.309 80.5087 14.0469
      vertex 171.152 80.5164 13.9255
    endloop
  endfacet
  facet normal -0.707531 -0.527545 -0.470209
    outer loop
      vertex 171.518 80.5176 15.6841
      vertex 171.603 80.4036 15.6841
      vertex 171.461 80.4706 15.8226
    endloop
  endfacet
  facet normal -0.855605 -0.50891 0.0946066
    outer loop
      vertex 171.796 80.3461 14.7652
      vertex 171.809 80.3533 14.9215
      vertex 171.729 80.4878 14.9215
    endloop
  endfacet
  facet normal -0.083805 -0.0510487 -0.995174
    outer loop
      vertex 170.595 79.7304 16.5827
      vertex 170.607 79.7107 16.5827
      vertex 170.465 79.6436 16.5981
    endloop
  endfacet
  facet normal 0.378964 -0.281235 -0.881642
    outer loop
      vertex 169.871 80.034 16.4464
      vertex 169.831 79.9801 16.4464
      vertex 169.764 80.1218 16.3724
    endloop
  endfacet
  facet normal 0.241938 -0.965214 -0.0991354
    outer loop
      vertex 170.088 81.1674 15.0785
      vertex 169.941 81.1145 15.2348
      vertex 169.936 81.1293 15.0785
    endloop
  endfacet
  facet normal 0.929357 -0.232811 -0.286521
    outer loop
      vertex 168.915 80.0505 15.3888
      vertex 168.958 80.0373 15.539
      vertex 168.878 79.9028 15.3888
    endloop
  endfacet
  facet normal 0.950635 -0.238141 -0.198951
    outer loop
      vertex 168.885 80.0594 15.2348
      vertex 168.915 80.0505 15.3888
      vertex 168.878 79.9028 15.3888
    endloop
  endfacet
  facet normal 0.965933 -0.241324 0.0934678
    outer loop
      vertex 168.885 80.0594 14.7652
      vertex 168.871 80.0639 14.9215
      vertex 168.833 79.9118 14.9215
    endloop
  endfacet
  facet normal 0.886965 -0.418684 -0.194928
    outer loop
      vertex 169.004 80.3461 15.2348
      vertex 169.031 80.3316 15.3888
      vertex 168.966 80.1939 15.3888
    endloop
  endfacet
  facet normal 0.994096 -0.0507839 0.09589
    outer loop
      vertex 168.825 79.7551 14.7652
      vertex 168.81 79.7566 14.9215
      vertex 168.802 79.6 14.9215
    endloop
  endfacet
  facet normal 0.854541 -0.217204 0.471786
    outer loop
      vertex 169.087 79.9984 14.1774
      vertex 169.016 80.0199 14.3159
      vertex 168.981 79.8822 14.3159
    endloop
  endfacet
  facet normal 0.615537 -0.155918 0.772531
    outer loop
      vertex 169.465 79.7859 13.7149
      vertex 169.488 79.8767 13.7149
      vertex 169.346 79.8096 13.8145
    endloop
  endfacet
  facet normal 0.228125 -0.307969 0.923642
    outer loop
      vertex 170.058 80.0167 13.4935
      vertex 170.02 80.1688 13.5536
      vertex 169.966 80.1288 13.5536
    endloop
  endfacet
  facet normal -0.121695 -0.822266 0.55594
    outer loop
      vertex 170.651 80.8604 14.0469
      vertex 170.535 80.9658 14.1774
      vertex 170.526 80.8789 14.0469
    endloop
  endfacet
  facet normal -0.517987 -0.574861 0.633423
    outer loop
      vertex 171.309 80.5087 14.0469
      vertex 171.215 80.5934 14.0469
      vertex 171.152 80.5164 13.9255
    endloop
  endfacet
  facet normal -0.0740593 -0.0649643 0.995136
    outer loop
      vertex 170.581 79.7489 13.4173
      vertex 170.566 79.766 13.4173
      vertex 170.461 79.6498 13.4019
    endloop
  endfacet
  facet normal 0.143568 -0.1319 0.980811
    outer loop
      vertex 170.234 79.766 13.4173
      vertex 170.125 79.8749 13.4479
      vertex 170.099 79.8466 13.4479
    endloop
  endfacet
  facet normal 0.428644 -0.713306 0.55449
    outer loop
      vertex 169.686 80.6685 14.0469
      vertex 169.794 80.7334 14.0469
      vertex 169.638 80.7411 14.1774
    endloop
  endfacet
  facet normal 0.256668 -0.284555 0.923661
    outer loop
      vertex 170.058 80.0167 13.4935
      vertex 169.966 80.1288 13.5536
      vertex 169.916 80.0837 13.5536
    endloop
  endfacet
  facet normal 0.569634 -0.769427 -0.288962
    outer loop
      vertex 169.538 80.8905 15.3888
      vertex 169.563 80.8526 15.539
      vertex 169.444 80.7645 15.539
    endloop
  endfacet
  facet normal 0.396073 -0.835213 0.381505
    outer loop
      vertex 169.718 80.8756 14.3159
      vertex 169.846 80.9363 14.3159
      vertex 169.69 80.9286 14.461
    endloop
  endfacet
  facet normal -0.549902 -0.0832284 -0.831072
    outer loop
      vertex 171.335 79.7859 16.2851
      vertex 171.349 79.6934 16.2851
      vertex 171.219 79.6806 16.3724
    endloop
  endfacet
  facet normal -0.273252 -0.573828 -0.772046
    outer loop
      vertex 170.811 80.5927 16.1855
      vertex 170.849 80.4406 16.2851
      vertex 170.765 80.4806 16.2851
    endloop
  endfacet
  facet normal 0.195497 -0.00849986 -0.980668
    outer loop
      vertex 170.166 79.623 16.5827
      vertex 170.165 79.6 16.5827
      vertex 170.011 79.6 16.552
    endloop
  endfacet
  facet normal -0.113198 -0.764851 -0.634184
    outer loop
      vertex 170.651 80.8604 15.9531
      vertex 170.631 80.7627 16.0745
      vertex 170.526 80.8789 15.9531
    endloop
  endfacet
  facet normal -0.171657 -0.234325 -0.956883
    outer loop
      vertex 170.699 80.0482 16.5065
      vertex 170.742 80.0167 16.5065
      vertex 170.616 79.9232 16.552
    endloop
  endfacet
  facet normal -0.740026 -0.551773 -0.384588
    outer loop
      vertex 171.565 80.5557 15.539
      vertex 171.603 80.4036 15.6841
      vertex 171.518 80.5176 15.6841
    endloop
  endfacet
  facet normal -0.379009 -0.510335 -0.771952
    outer loop
      vertex 170.997 80.4934 16.1855
      vertex 171.005 80.3368 16.2851
      vertex 170.93 80.3925 16.2851
    endloop
  endfacet
  facet normal -0.512035 -0.374493 -0.77303
    outer loop
      vertex 171.293 80.197 16.1855
      vertex 171.192 80.1295 16.2851
      vertex 171.137 80.2047 16.2851
    endloop
  endfacet
  facet normal -0.448128 -0.331946 -0.830056
    outer loop
      vertex 171.192 80.1295 16.2851
      vertex 171.084 80.057 16.3724
      vertex 171.036 80.1218 16.3724
    endloop
  endfacet
  facet normal -0.513093 -0.858333 0
    outer loop
      vertex 171.153 81.0094 14.9215
      vertex 171.288 80.9287 15.0785
      vertex 171.153 81.0094 15.0785
    endloop
  endfacet
  facet normal -0.513093 -0.858333 -0
    outer loop
      vertex 171.288 80.9287 15.0785
      vertex 171.153 81.0094 14.9215
      vertex 171.288 80.9287 14.9215
    endloop
  endfacet
  facet normal -0.645299 -0.706486 -0.29063
    outer loop
      vertex 171.385 80.7998 15.3888
      vertex 171.497 80.6975 15.3888
      vertex 171.356 80.7645 15.539
    endloop
  endfacet
  facet normal -0.980109 -0.0505536 0.191915
    outer loop
      vertex 171.983 79.6 14.7652
      vertex 171.975 79.7551 14.7652
      vertex 171.945 79.7521 14.6112
    endloop
  endfacet
  facet normal -0.94617 -0.135907 -0.293754
    outer loop
      vertex 171.945 79.7521 15.3888
      vertex 171.899 79.7477 15.539
      vertex 171.878 79.8939 15.539
    endloop
  endfacet
  facet normal -0.715223 -0.427276 -0.553074
    outer loop
      vertex 171.541 80.3624 15.8226
      vertex 171.61 80.2469 15.8226
      vertex 171.469 80.314 15.9531
    endloop
  endfacet
  facet normal -0.396624 -0.834667 0.382125
    outer loop
      vertex 171.11 80.9286 14.461
      vertex 170.977 80.9918 14.461
      vertex 170.954 80.9363 14.3159
    endloop
  endfacet
  facet normal -0.899994 -0.425544 0.0944584
    outer loop
      vertex 171.876 80.2116 14.9215
      vertex 171.809 80.3533 14.9215
      vertex 171.796 80.3461 14.7652
    endloop
  endfacet
  facet normal -0.641099 -0.298611 0.706982
    outer loop
      vertex 171.495 80.0537 13.9255
      vertex 171.446 80.1589 13.9255
      vertex 171.348 80.1065 13.8145
    endloop
  endfacet
  facet normal -0.8349 -0.393703 0.384629
    outer loop
      vertex 171.736 80.1535 14.3159
      vertex 171.792 80.1765 14.461
      vertex 171.729 80.3101 14.461
    endloop
  endfacet
  facet normal -0.797583 -0.372993 -0.474065
    outer loop
      vertex 171.676 80.2818 15.6841
      vertex 171.736 80.1535 15.6841
      vertex 171.61 80.2469 15.8226
    endloop
  endfacet
  facet normal -0.14607 -0.984385 -0.0982293
    outer loop
      vertex 170.557 81.1904 15.0785
      vertex 170.712 81.1674 15.0785
      vertex 170.555 81.1751 15.2348
    endloop
  endfacet
  facet normal -0.103357 -0.700159 0.706467
    outer loop
      vertex 170.61 80.6538 13.8145
      vertex 170.631 80.7627 13.9255
      vertex 170.505 80.6693 13.8145
    endloop
  endfacet
  facet normal 0.232036 -0.928143 0.291049
    outer loop
      vertex 169.963 81.0416 14.461
      vertex 170.097 81.1222 14.6112
      vertex 169.949 81.0852 14.6112
    endloop
  endfacet
  facet normal -0.740026 -0.551773 0.384588
    outer loop
      vertex 171.603 80.4036 14.3159
      vertex 171.565 80.5557 14.461
      vertex 171.518 80.5176 14.3159
    endloop
  endfacet
  facet normal -0.14678 -0.989169 0
    outer loop
      vertex 170.557 81.1904 14.9215
      vertex 170.712 81.1674 15.0785
      vertex 170.557 81.1904 15.0785
    endloop
  endfacet
  facet normal -0.14678 -0.989169 -0
    outer loop
      vertex 170.712 81.1674 15.0785
      vertex 170.557 81.1904 14.9215
      vertex 170.712 81.1674 14.9215
    endloop
  endfacet
  facet normal 0.707242 -0.645225 -0.288951
    outer loop
      vertex 169.303 80.6975 15.3888
      vertex 169.235 80.5557 15.539
      vertex 169.2 80.5846 15.3888
    endloop
  endfacet
  facet normal 0.935807 -0.339014 0.0966185
    outer loop
      vertex 168.938 80.2057 14.7652
      vertex 168.924 80.2116 14.9215
      vertex 168.885 80.0594 14.7652
    endloop
  endfacet
  facet normal 0.805178 -0.203297 -0.557099
    outer loop
      vertex 169.087 79.9984 15.8226
      vertex 169.14 79.8507 15.9531
      vertex 169.054 79.8677 15.8226
    endloop
  endfacet
  facet normal 0.871322 -0.130829 -0.47295
    outer loop
      vertex 169.054 79.8677 15.8226
      vertex 169.034 79.7345 15.8226
      vertex 168.981 79.8822 15.6841
    endloop
  endfacet
  facet normal 0.900756 -0.423432 -0.0966656
    outer loop
      vertex 169.004 80.3461 15.2348
      vertex 168.938 80.2057 15.2348
      vertex 168.924 80.2116 15.0785
    endloop
  endfacet
  facet normal 0.935807 -0.339014 -0.0966185
    outer loop
      vertex 168.924 80.2116 15.0785
      vertex 168.938 80.2057 15.2348
      vertex 168.885 80.0594 15.2348
    endloop
  endfacet
  facet normal 0.2375 -0.666455 0.706704
    outer loop
      vertex 170.088 80.6282 13.8145
      vertex 170.056 80.7345 13.9255
      vertex 169.946 80.6953 13.9255
    endloop
  endfacet
  facet normal 0.310581 -0.870668 0.381415
    outer loop
      vertex 169.98 80.9841 14.3159
      vertex 169.963 81.0416 14.461
      vertex 169.846 80.9363 14.3159
    endloop
  endfacet
  facet normal 0.549902 -0.0832284 0.831072
    outer loop
      vertex 169.581 79.6806 13.6276
      vertex 169.465 79.7859 13.7149
      vertex 169.451 79.6934 13.7149
    endloop
  endfacet
  facet normal 0.829834 -0.298144 0.471684
    outer loop
      vertex 169.087 79.9984 14.1774
      vertex 169.064 80.1535 14.3159
      vertex 169.016 80.0199 14.3159
    endloop
  endfacet
  facet normal 0.0740593 -0.0649643 -0.995136
    outer loop
      vertex 170.344 79.6555 16.5981
      vertex 170.339 79.6498 16.5981
      vertex 170.234 79.766 16.5827
    endloop
  endfacet
  facet normal 0.0942503 -0.0261806 -0.995204
    outer loop
      vertex 170.327 79.63 16.5981
      vertex 170.325 79.6228 16.5981
      vertex 170.175 79.6682 16.5827
    endloop
  endfacet
  facet normal -0.615654 -0.156471 0.772326
    outer loop
      vertex 171.454 79.8096 13.8145
      vertex 171.428 79.9119 13.8145
      vertex 171.312 79.8767 13.7149
    endloop
  endfacet
  facet normal -0.469443 -0.426766 0.772978
    outer loop
      vertex 171.231 80.2817 13.8145
      vertex 171.16 80.3598 13.8145
      vertex 171.137 80.2047 13.7149
    endloop
  endfacet
  facet normal -0.043445 -0.881313 0.470532
    outer loop
      vertex 170.535 80.9658 14.1774
      vertex 170.542 81.0394 14.3159
      vertex 170.4 81.0464 14.3159
    endloop
  endfacet
  facet normal 0.840363 -0.504723 0.197596
    outer loop
      vertex 169.11 80.4623 14.6112
      vertex 169.084 80.4793 14.7652
      vertex 169.004 80.3461 14.7652
    endloop
  endfacet
  facet normal 0.113164 -0.458209 0.881611
    outer loop
      vertex 170.201 80.2546 13.5536
      vertex 170.267 80.2709 13.5536
      vertex 170.161 80.3871 13.6276
    endloop
  endfacet
  facet normal 0.214466 -0.598089 0.772201
    outer loop
      vertex 170.035 80.4806 13.7149
      vertex 170.088 80.6282 13.8145
      vertex 169.989 80.5927 13.8145
    endloop
  endfacet
  facet normal 0.382805 -0.0217503 0.923573
    outer loop
      vertex 169.861 79.6 13.4935
      vertex 169.864 79.6528 13.4935
      vertex 169.716 79.6 13.5536
    endloop
  endfacet
  facet normal 0.557625 -0.618851 0.553243
    outer loop
      vertex 169.491 80.5087 14.0469
      vertex 169.585 80.5934 14.0469
      vertex 169.43 80.5704 14.1774
    endloop
  endfacet
  facet normal -0.302841 -0.63852 0.707516
    outer loop
      vertex 170.959 80.6455 13.9255
      vertex 170.854 80.6953 13.9255
      vertex 170.811 80.5927 13.8145
    endloop
  endfacet
  facet normal 0.193106 -0.0307331 0.980696
    outer loop
      vertex 170.166 79.623 13.4173
      vertex 170.019 79.6758 13.4479
      vertex 170.013 79.6381 13.4479
    endloop
  endfacet
  facet normal 0.36285 -0.606773 -0.707224
    outer loop
      vertex 169.841 80.6455 16.0745
      vertex 169.803 80.4934 16.1855
      vertex 169.741 80.5857 16.0745
    endloop
  endfacet
  facet normal 0.143638 -0.970184 0.195223
    outer loop
      vertex 170.097 81.1222 14.6112
      vertex 170.245 81.1751 14.7652
      vertex 170.091 81.1523 14.7652
    endloop
  endfacet
  facet normal 0.328737 -0.923984 -0.195413
    outer loop
      vertex 169.941 81.1145 15.2348
      vertex 169.806 81.0339 15.3888
      vertex 169.794 81.0622 15.2348
    endloop
  endfacet
  facet normal 0.333586 -0.937613 -0.0979886
    outer loop
      vertex 169.941 81.1145 15.2348
      vertex 169.794 81.0622 15.2348
      vertex 169.788 81.0764 15.0785
    endloop
  endfacet
  facet normal 0.0465428 -0.956014 -0.289605
    outer loop
      vertex 170.4 81.152 15.3888
      vertex 170.4 81.1065 15.539
      vertex 170.248 81.1446 15.3888
    endloop
  endfacet
  facet normal -0.984505 -0.1459 0.0972826
    outer loop
      vertex 171.99 79.7566 14.9215
      vertex 171.967 79.9118 14.9215
      vertex 171.952 79.9088 14.7652
    endloop
  endfacet
  facet normal -0.868691 -0.312105 -0.384664
    outer loop
      vertex 171.842 80.0373 15.539
      vertex 171.784 80.0199 15.6841
      vertex 171.736 80.1535 15.6841
    endloop
  endfacet
  facet normal -0.874118 -0.131249 -0.467644
    outer loop
      vertex 171.839 79.7418 15.6841
      vertex 171.766 79.7345 15.8226
      vertex 171.746 79.8677 15.8226
    endloop
  endfacet
  facet normal -0.466069 -0.070191 -0.88196
    outer loop
      vertex 171.219 79.6806 16.3724
      vertex 171.081 79.6671 16.4464
      vertex 171.071 79.7335 16.4464
    endloop
  endfacet
  facet normal -0.412627 -0.372606 -0.831206
    outer loop
      vertex 171.137 80.2047 16.2851
      vertex 171.036 80.1218 16.3724
      vertex 170.982 80.1816 16.3724
    endloop
  endfacet
  facet normal -0.575028 -0.517156 -0.633949
    outer loop
      vertex 171.393 80.4153 15.9531
      vertex 171.316 80.3521 16.0745
      vertex 171.309 80.5087 15.9531
    endloop
  endfacet
  facet normal -0.756368 -0.451856 -0.473005
    outer loop
      vertex 171.603 80.4036 15.6841
      vertex 171.61 80.2469 15.8226
      vertex 171.541 80.3624 15.8226
    endloop
  endfacet
  facet normal 0.270203 -0.575155 -0.772131
    outer loop
      vertex 169.989 80.5927 16.1855
      vertex 170.035 80.4806 16.2851
      vertex 169.893 80.5476 16.1855
    endloop
  endfacet
  facet normal 0.512035 -0.374493 -0.77303
    outer loop
      vertex 169.663 80.2047 16.2851
      vertex 169.608 80.1295 16.2851
      vertex 169.507 80.197 16.1855
    endloop
  endfacet
  facet normal -0.738371 -0.667164 -0.0984912
    outer loop
      vertex 171.53 80.73 15.0785
      vertex 171.623 80.604 15.2348
      vertex 171.519 80.7191 15.2348
    endloop
  endfacet
  facet normal -0.323008 -0.900394 -0.291473
    outer loop
      vertex 170.851 81.0852 15.3888
      vertex 170.994 81.0339 15.3888
      vertex 170.837 81.0416 15.539
    endloop
  endfacet
  facet normal -0.0380154 -0.772571 -0.633789
    outer loop
      vertex 170.526 80.8789 15.9531
      vertex 170.516 80.7798 16.0745
      vertex 170.4 80.8851 15.9531
    endloop
  endfacet
  facet normal 0.187166 -0.749993 -0.634412
    outer loop
      vertex 170.149 80.8604 15.9531
      vertex 170.169 80.7627 16.0745
      vertex 170.056 80.7345 16.0745
    endloop
  endfacet
  facet normal -0.145752 -0.984465 -0.0979058
    outer loop
      vertex 170.712 81.1674 15.0785
      vertex 170.709 81.1523 15.2348
      vertex 170.555 81.1751 15.2348
    endloop
  endfacet
  facet normal -0.123558 -0.262425 -0.957009
    outer loop
      vertex 170.606 80.098 16.5065
      vertex 170.654 80.0754 16.5065
      vertex 170.583 79.9429 16.552
    endloop
  endfacet
  facet normal -0.797251 -0.379955 -0.469067
    outer loop
      vertex 171.736 80.1535 15.6841
      vertex 171.668 80.1252 15.8226
      vertex 171.61 80.2469 15.8226
    endloop
  endfacet
  facet normal -0.226067 -0.3086 -0.923937
    outer loop
      vertex 170.78 80.1688 16.4464
      vertex 170.742 80.0167 16.5065
      vertex 170.699 80.0482 16.5065
    endloop
  endfacet
  facet normal -0.6653 -0.393523 -0.634441
    outer loop
      vertex 171.469 80.314 15.9531
      vertex 171.533 80.2058 15.9531
      vertex 171.386 80.2586 16.0745
    endloop
  endfacet
  facet normal -0.557625 -0.618851 -0.553243
    outer loop
      vertex 171.37 80.5704 15.8226
      vertex 171.309 80.5087 15.9531
      vertex 171.215 80.5934 15.9531
    endloop
  endfacet
  facet normal -0.621884 -0.684463 -0.380488
    outer loop
      vertex 171.465 80.6652 15.539
      vertex 171.423 80.6227 15.6841
      vertex 171.318 80.7181 15.6841
    endloop
  endfacet
  facet normal -0.965577 -0.241236 0.097296
    outer loop
      vertex 171.952 79.9088 14.7652
      vertex 171.967 79.9118 14.9215
      vertex 171.929 80.0639 14.9215
    endloop
  endfacet
  facet normal -0.644611 -0.707579 -0.289496
    outer loop
      vertex 171.497 80.6975 15.3888
      vertex 171.465 80.6652 15.539
      vertex 171.356 80.7645 15.539
    endloop
  endfacet
  facet normal -0.772998 -0.0368094 0.63334
    outer loop
      vertex 171.685 79.6 14.0469
      vertex 171.679 79.726 14.0469
      vertex 171.58 79.7162 13.9255
    endloop
  endfacet
  facet normal -0.77436 -0.0399842 0.63148
    outer loop
      vertex 171.586 79.6 13.9255
      vertex 171.685 79.6 14.0469
      vertex 171.58 79.7162 13.9255
    endloop
  endfacet
  facet normal -0.936077 -0.339112 -0.093609
    outer loop
      vertex 171.929 80.0639 15.0785
      vertex 171.915 80.0594 15.2348
      vertex 171.862 80.2057 15.2348
    endloop
  endfacet
  facet normal -0.900756 -0.423432 0.0966656
    outer loop
      vertex 171.862 80.2057 14.7652
      vertex 171.876 80.2116 14.9215
      vertex 171.796 80.3461 14.7652
    endloop
  endfacet
  facet normal -0.280079 -0.78348 -0.554721
    outer loop
      vertex 170.925 80.8679 15.8226
      vertex 170.892 80.7873 15.9531
      vertex 170.798 80.9133 15.8226
    endloop
  endfacet
  facet normal -0.510582 -0.854134 -0.0988019
    outer loop
      vertex 171.288 80.9287 15.0785
      vertex 171.279 80.916 15.2348
      vertex 171.153 81.0094 15.0785
    endloop
  endfacet
  facet normal -0.557625 -0.618851 0.553243
    outer loop
      vertex 171.309 80.5087 14.0469
      vertex 171.37 80.5704 14.1774
      vertex 171.215 80.5934 14.0469
    endloop
  endfacet
  facet normal -0.707531 -0.527545 0.470209
    outer loop
      vertex 171.603 80.4036 14.3159
      vertex 171.518 80.5176 14.3159
      vertex 171.461 80.4706 14.1774
    endloop
  endfacet
  facet normal -0.715223 -0.427276 0.553074
    outer loop
      vertex 171.61 80.2469 14.1774
      vertex 171.541 80.3624 14.1774
      vertex 171.469 80.314 14.0469
    endloop
  endfacet
  facet normal -0.613727 -0.559611 0.556934
    outer loop
      vertex 171.393 80.4153 14.0469
      vertex 171.461 80.4706 14.1774
      vertex 171.37 80.5704 14.1774
    endloop
  endfacet
  facet normal -0.902654 -0.321028 0.286629
    outer loop
      vertex 171.842 80.0373 14.461
      vertex 171.885 80.0505 14.6112
      vertex 171.834 80.1939 14.6112
    endloop
  endfacet
  facet normal -0.951715 -0.233821 0.198912
    outer loop
      vertex 171.952 79.9088 14.7652
      vertex 171.915 80.0594 14.7652
      vertex 171.885 80.0505 14.6112
    endloop
  endfacet
  facet normal -0.749232 -0.183635 0.63634
    outer loop
      vertex 171.66 79.8507 14.0469
      vertex 171.63 79.9731 14.0469
      vertex 171.534 79.9441 13.9255
    endloop
  endfacet
  facet normal -0.797251 -0.379955 0.469067
    outer loop
      vertex 171.668 80.1252 14.1774
      vertex 171.736 80.1535 14.3159
      vertex 171.61 80.2469 14.1774
    endloop
  endfacet
  facet normal -0.664195 -0.49831 0.557255
    outer loop
      vertex 171.469 80.314 14.0469
      vertex 171.461 80.4706 14.1774
      vertex 171.393 80.4153 14.0469
    endloop
  endfacet
  facet normal -0.750602 -0.357723 0.555546
    outer loop
      vertex 171.668 80.1252 14.1774
      vertex 171.61 80.2469 14.1774
      vertex 171.533 80.2058 14.0469
    endloop
  endfacet
  facet normal 0.0408584 -0.830347 0.555746
    outer loop
      vertex 170.274 80.8789 14.0469
      vertex 170.4 80.8851 14.0469
      vertex 170.265 80.9658 14.1774
    endloop
  endfacet
  facet normal 0.143923 -0.970196 -0.194953
    outer loop
      vertex 170.245 81.1751 15.2348
      vertex 170.248 81.1446 15.3888
      vertex 170.097 81.1222 15.3888
    endloop
  endfacet
  facet normal -0.461933 -0.621241 0.632991
    outer loop
      vertex 171.215 80.5934 14.0469
      vertex 171.114 80.6685 14.0469
      vertex 171.059 80.5857 13.9255
    endloop
  endfacet
  facet normal -0.263395 -0.122154 0.956923
    outer loop
      vertex 170.759 79.7488 13.4479
      vertex 170.898 79.8063 13.4935
      vertex 170.743 79.7833 13.4479
    endloop
  endfacet
  facet normal 0.122445 -0.822485 0.555451
    outer loop
      vertex 170.149 80.8604 14.0469
      vertex 170.265 80.9658 14.1774
      vertex 170.132 80.946 14.1774
    endloop
  endfacet
  facet normal 0.280079 -0.78348 0.554721
    outer loop
      vertex 169.908 80.7873 14.0469
      vertex 170.002 80.9133 14.1774
      vertex 169.875 80.8679 14.1774
    endloop
  endfacet
  facet normal -0.493913 -0.820034 0.289128
    outer loop
      vertex 171.237 80.8526 14.461
      vertex 171.262 80.8905 14.6112
      vertex 171.132 80.9688 14.6112
    endloop
  endfacet
  facet normal -0.786793 -0.586782 -0.191427
    outer loop
      vertex 171.623 80.604 15.2348
      vertex 171.716 80.4793 15.2348
      vertex 171.6 80.5846 15.3888
    endloop
  endfacet
  facet normal -0.510582 -0.854134 0.0988019
    outer loop
      vertex 171.279 80.916 14.7652
      vertex 171.288 80.9287 14.9215
      vertex 171.153 81.0094 14.9215
    endloop
  endfacet
  facet normal -0.33491 -0.936989 -0.0994369
    outer loop
      vertex 170.864 81.1293 15.0785
      vertex 171.012 81.0764 15.0785
      vertex 170.859 81.1145 15.2348
    endloop
  endfacet
  facet normal -0.85307 -0.512354 0.0988159
    outer loop
      vertex 171.796 80.3461 14.7652
      vertex 171.729 80.4878 14.9215
      vertex 171.716 80.4793 14.7652
    endloop
  endfacet
  facet normal -0.840363 -0.504723 0.197596
    outer loop
      vertex 171.796 80.3461 14.7652
      vertex 171.716 80.4793 14.7652
      vertex 171.69 80.4623 14.6112
    endloop
  endfacet
  facet normal 0.955239 -0.0439624 -0.29255
    outer loop
      vertex 168.855 79.7521 15.3888
      vertex 168.894 79.6 15.539
      vertex 168.848 79.6 15.3888
    endloop
  endfacet
  facet normal 0.92337 -0.328395 -0.198856
    outer loop
      vertex 168.966 80.1939 15.3888
      vertex 168.915 80.0505 15.3888
      vertex 168.885 80.0594 15.2348
    endloop
  endfacet
  facet normal 0.865779 -0.408264 -0.289391
    outer loop
      vertex 169.071 80.3101 15.539
      vertex 169.008 80.1765 15.539
      vertex 168.966 80.1939 15.3888
    endloop
  endfacet
  facet normal 0.797623 -0.595052 -0.0985475
    outer loop
      vertex 169.165 80.6138 15.0785
      vertex 169.177 80.604 15.2348
      vertex 169.071 80.4878 15.0785
    endloop
  endfacet
  facet normal 0.882851 -0.0435822 -0.467627
    outer loop
      vertex 168.961 79.7418 15.6841
      vertex 169.034 79.7345 15.8226
      vertex 168.954 79.6 15.6841
    endloop
  endfacet
  facet normal 0.821165 -0.123298 -0.557213
    outer loop
      vertex 169.054 79.8677 15.8226
      vertex 169.14 79.8507 15.9531
      vertex 169.034 79.7345 15.8226
    endloop
  endfacet
  facet normal 0.875017 -0.124646 -0.46777
    outer loop
      vertex 168.981 79.8822 15.6841
      vertex 169.034 79.7345 15.8226
      vertex 168.961 79.7418 15.6841
    endloop
  endfacet
  facet normal 0.979339 -0.0450715 -0.19714
    outer loop
      vertex 168.855 79.7521 15.3888
      vertex 168.848 79.6 15.3888
      vertex 168.817 79.6 15.2348
    endloop
  endfacet
  facet normal 0.994117 -0.0512762 -0.0954047
    outer loop
      vertex 168.825 79.7551 15.2348
      vertex 168.817 79.6 15.2348
      vertex 168.802 79.6 15.0785
    endloop
  endfacet
  facet normal 0.944976 -0.144223 0.293632
    outer loop
      vertex 168.901 79.7477 14.461
      vertex 168.878 79.9028 14.6112
      vertex 168.855 79.7521 14.6112
    endloop
  endfacet
  facet normal 0.741545 -0.549756 0.384551
    outer loop
      vertex 169.282 80.5176 14.3159
      vertex 169.235 80.5557 14.461
      vertex 169.147 80.437 14.461
    endloop
  endfacet
  facet normal 0.750623 -0.355558 0.556905
    outer loop
      vertex 169.213 80.0918 14.0469
      vertex 169.267 80.2058 14.0469
      vertex 169.132 80.1252 14.1774
    endloop
  endfacet
  facet normal 0.900756 -0.423432 0.0966656
    outer loop
      vertex 168.938 80.2057 14.7652
      vertex 169.004 80.3461 14.7652
      vertex 168.924 80.2116 14.9215
    endloop
  endfacet
  facet normal 0.727245 -0.26345 0.633805
    outer loop
      vertex 169.305 80.0537 13.9255
      vertex 169.213 80.0918 14.0469
      vertex 169.17 79.9731 14.0469
    endloop
  endfacet
  facet normal 0.937102 -0.336266 0.0936189
    outer loop
      vertex 168.885 80.0594 14.7652
      vertex 168.924 80.2116 14.9215
      vertex 168.871 80.0639 14.9215
    endloop
  endfacet
  facet normal 0.97018 -0.242386 0
    outer loop
      vertex 168.833 79.9118 15.0785
      vertex 168.871 80.0639 14.9215
      vertex 168.871 80.0639 15.0785
    endloop
  endfacet
  facet normal 0.97018 -0.242386 0
    outer loop
      vertex 168.871 80.0639 14.9215
      vertex 168.833 79.9118 15.0785
      vertex 168.833 79.9118 14.9215
    endloop
  endfacet
  facet normal 0.243187 -0.965027 0.097898
    outer loop
      vertex 170.091 81.1523 14.7652
      vertex 170.088 81.1674 14.9215
      vertex 169.941 81.1145 14.7652
    endloop
  endfacet
  facet normal 0.408063 -0.865196 0.291411
    outer loop
      vertex 169.824 80.9918 14.461
      vertex 169.806 81.0339 14.6112
      vertex 169.69 80.9286 14.461
    endloop
  endfacet
  facet normal 0.765521 -0.113066 0.633399
    outer loop
      vertex 169.22 79.7162 13.9255
      vertex 169.237 79.8313 13.9255
      vertex 169.121 79.726 14.0469
    endloop
  endfacet
  facet normal 0.524458 -0.184752 0.83115
    outer loop
      vertex 169.613 79.8388 13.6276
      vertex 169.519 79.9647 13.7149
      vertex 169.488 79.8767 13.7149
    endloop
  endfacet
  facet normal -0.158278 -0.113794 -0.980815
    outer loop
      vertex 170.701 79.8466 16.552
      vertex 170.723 79.816 16.552
      vertex 170.581 79.7489 16.5827
    endloop
  endfacet
  facet normal 0.466018 -0.0699902 0.882003
    outer loop
      vertex 169.729 79.7335 13.5536
      vertex 169.593 79.7605 13.6276
      vertex 169.581 79.6806 13.6276
    endloop
  endfacet
  facet normal 0.370983 -0.0940113 0.923869
    outer loop
      vertex 169.871 79.7052 13.4935
      vertex 169.884 79.7565 13.4935
      vertex 169.745 79.7986 13.5536
    endloop
  endfacet
  facet normal 0.645299 -0.706486 0.29063
    outer loop
      vertex 169.444 80.7645 14.461
      vertex 169.415 80.7998 14.6112
      vertex 169.303 80.6975 14.6112
    endloop
  endfacet
  facet normal 0.658778 -0.726361 0.19599
    outer loop
      vertex 169.303 80.6975 14.6112
      vertex 169.396 80.8234 14.7652
      vertex 169.281 80.7191 14.7652
    endloop
  endfacet
  facet normal 0.330702 -0.699445 0.633572
    outer loop
      vertex 169.946 80.6953 13.9255
      vertex 169.908 80.7873 14.0469
      vertex 169.794 80.7334 14.0469
    endloop
  endfacet
  facet normal 0.622505 -0.683314 0.381536
    outer loop
      vertex 169.482 80.7181 14.3159
      vertex 169.444 80.7645 14.461
      vertex 169.335 80.6652 14.461
    endloop
  endfacet
  facet normal 0.365298 -0.606583 0.706126
    outer loop
      vertex 169.893 80.5476 13.8145
      vertex 169.841 80.6455 13.9255
      vertex 169.803 80.4934 13.8145
    endloop
  endfacet
  facet normal 0.420934 -0.569736 0.705844
    outer loop
      vertex 169.718 80.4306 13.8145
      vertex 169.803 80.4934 13.8145
      vertex 169.648 80.5164 13.9255
    endloop
  endfacet
  facet normal 0.308883 -0.225303 0.924029
    outer loop
      vertex 169.952 79.8995 13.4935
      vertex 169.983 79.942 13.4935
      vertex 169.831 79.9801 13.5536
    endloop
  endfacet
  facet normal 0.427058 -0.46922 0.772952
    outer loop
      vertex 169.726 80.274 13.7149
      vertex 169.795 80.3368 13.7149
      vertex 169.64 80.3598 13.8145
    endloop
  endfacet
  facet normal 0.172336 -0.686651 0.706265
    outer loop
      vertex 170.19 80.6538 13.8145
      vertex 170.169 80.7627 13.9255
      vertex 170.088 80.6282 13.8145
    endloop
  endfacet
  facet normal -0.113756 -0.765028 0.63387
    outer loop
      vertex 170.631 80.7627 13.9255
      vertex 170.526 80.8789 14.0469
      vertex 170.516 80.7798 13.9255
    endloop
  endfacet
  facet normal 0.479959 -0.284369 0.829924
    outer loop
      vertex 169.675 79.9878 13.6276
      vertex 169.716 80.057 13.6276
      vertex 169.608 80.1295 13.7149
    endloop
  endfacet
  facet normal 0.284215 -0.257338 0.92358
    outer loop
      vertex 169.983 79.942 13.4935
      vertex 169.916 80.0837 13.5536
      vertex 169.871 80.034 13.5536
    endloop
  endfacet
  facet normal 0.604639 -0.363875 0.708524
    outer loop
      vertex 169.507 80.197 13.8145
      vertex 169.414 80.2586 13.9255
      vertex 169.354 80.1589 13.9255
    endloop
  endfacet
  facet normal 0.667205 -0.237418 0.706024
    outer loop
      vertex 169.372 79.9119 13.8145
      vertex 169.305 80.0537 13.9255
      vertex 169.266 79.9441 13.9255
    endloop
  endfacet
  facet normal 0.290817 -0.0165237 0.956636
    outer loop
      vertex 170.011 79.6 13.4479
      vertex 169.864 79.6528 13.4935
      vertex 169.861 79.6 13.4935
    endloop
  endfacet
  facet normal 0.153614 -0.615811 0.772774
    outer loop
      vertex 170.214 80.5348 13.7149
      vertex 170.19 80.6538 13.8145
      vertex 170.123 80.5121 13.7149
    endloop
  endfacet
  facet normal 0.131339 -0.144049 0.980816
    outer loop
      vertex 170.234 79.766 13.4173
      vertex 170.251 79.7815 13.4173
      vertex 170.153 79.9005 13.4479
    endloop
  endfacet
  facet normal -0.194881 -0.01023 0.980774
    outer loop
      vertex 170.789 79.6 13.4479
      vertex 170.787 79.6381 13.4479
      vertex 170.635 79.6 13.4173
    endloop
  endfacet
  facet normal -0.377282 -0.510652 0.772589
    outer loop
      vertex 171.005 80.3368 13.7149
      vertex 171.082 80.4306 13.8145
      vertex 170.997 80.4934 13.8145
    endloop
  endfacet
  facet normal 0.14678 -0.989169 0
    outer loop
      vertex 170.088 81.1674 14.9215
      vertex 170.243 81.1904 15.0785
      vertex 170.088 81.1674 15.0785
    endloop
  endfacet
  facet normal 0.14678 -0.989169 0
    outer loop
      vertex 170.243 81.1904 15.0785
      vertex 170.088 81.1674 14.9215
      vertex 170.243 81.1904 14.9215
    endloop
  endfacet
  facet normal 0.452411 -0.756084 -0.472928
    outer loop
      vertex 169.718 80.8756 15.6841
      vertex 169.638 80.7411 15.8226
      vertex 169.596 80.8026 15.6841
    endloop
  endfacet
  facet normal 0.755906 -0.45158 -0.474007
    outer loop
      vertex 169.259 80.3624 15.8226
      vertex 169.19 80.2469 15.8226
      vertex 169.124 80.2818 15.6841
    endloop
  endfacet
  facet normal 0.237954 -0.951816 -0.193454
    outer loop
      vertex 170.097 81.1222 15.3888
      vertex 169.949 81.0852 15.3888
      vertex 169.941 81.1145 15.2348
    endloop
  endfacet
  facet normal -0.135795 -0.914004 -0.382303
    outer loop
      vertex 170.548 81.0992 15.539
      vertex 170.682 81.0186 15.6841
      vertex 170.542 81.0394 15.6841
    endloop
  endfacet
  facet normal -0.840363 -0.504723 -0.197596
    outer loop
      vertex 171.716 80.4793 15.2348
      vertex 171.796 80.3461 15.2348
      vertex 171.69 80.4623 15.3888
    endloop
  endfacet
  facet normal -0.984505 -0.1459 -0.0972826
    outer loop
      vertex 171.967 79.9118 15.0785
      vertex 171.99 79.7566 15.0785
      vertex 171.952 79.9088 15.2348
    endloop
  endfacet
  facet normal -0.715647 -0.423303 -0.555575
    outer loop
      vertex 171.61 80.2469 15.8226
      vertex 171.533 80.2058 15.9531
      vertex 171.469 80.314 15.9531
    endloop
  endfacet
  facet normal -0.92337 -0.328395 -0.198856
    outer loop
      vertex 171.915 80.0594 15.2348
      vertex 171.885 80.0505 15.3888
      vertex 171.834 80.1939 15.3888
    endloop
  endfacet
  facet normal -0.92315 -0.0455716 -0.38173
    outer loop
      vertex 171.906 79.6 15.539
      vertex 171.846 79.6 15.6841
      vertex 171.839 79.7418 15.6841
    endloop
  endfacet
  facet normal -0.979339 -0.0450715 -0.19714
    outer loop
      vertex 171.983 79.6 15.2348
      vertex 171.952 79.6 15.3888
      vertex 171.945 79.7521 15.3888
    endloop
  endfacet
  facet normal -0.372596 -0.091575 -0.923464
    outer loop
      vertex 171.055 79.7986 16.4464
      vertex 171.071 79.7335 16.4464
      vertex 170.929 79.7052 16.5065
    endloop
  endfacet
  facet normal -0.0967818 -0.0169793 -0.995161
    outer loop
      vertex 170.63 79.6458 16.5827
      vertex 170.634 79.623 16.5827
      vertex 170.477 79.6153 16.5981
    endloop
  endfacet
  facet normal -0.0982395 -0.00427128 -0.995154
    outer loop
      vertex 170.634 79.623 16.5827
      vertex 170.635 79.6 16.5827
      vertex 170.479 79.6 16.5981
    endloop
  endfacet
  facet normal -0.381404 -0.0170524 -0.924251
    outer loop
      vertex 171.081 79.6671 16.4464
      vertex 171.084 79.6 16.4464
      vertex 170.936 79.6528 16.5065
    endloop
  endfacet
  facet normal -0.290234 -0.0164905 -0.956814
    outer loop
      vertex 170.936 79.6528 16.5065
      vertex 170.939 79.6 16.5065
      vertex 170.789 79.6 16.552
    endloop
  endfacet
  facet normal -0.13459 -0.539545 -0.831129
    outer loop
      vertex 170.677 80.5121 16.2851
      vertex 170.639 80.3871 16.3724
      vertex 170.586 80.5348 16.2851
    endloop
  endfacet
  facet normal 0.549991 -0.742894 -0.381599
    outer loop
      vertex 169.563 80.8526 15.539
      vertex 169.482 80.7181 15.6841
      vertex 169.444 80.7645 15.539
    endloop
  endfacet
  facet normal 0.466018 -0.0699902 -0.882003
    outer loop
      vertex 169.593 79.7605 16.3724
      vertex 169.729 79.7335 16.4464
      vertex 169.581 79.6806 16.3724
    endloop
  endfacet
  facet normal 0.750623 -0.355558 -0.556905
    outer loop
      vertex 169.267 80.2058 15.9531
      vertex 169.213 80.0918 15.9531
      vertex 169.132 80.1252 15.8226
    endloop
  endfacet
  facet normal 0.213602 -0.196667 -0.95692
    outer loop
      vertex 170.019 79.9811 16.5065
      vertex 170.099 79.8466 16.552
      vertex 169.983 79.942 16.5065
    endloop
  endfacet
  facet normal -0.148641 -0.248992 -0.957031
    outer loop
      vertex 170.654 80.0754 16.5065
      vertex 170.616 79.9232 16.552
      vertex 170.583 79.9429 16.552
    endloop
  endfacet
  facet normal 0.635239 -0.0301633 -0.771726
    outer loop
      vertex 169.331 79.7053 16.1855
      vertex 169.447 79.6 16.2851
      vertex 169.326 79.6 16.1855
    endloop
  endfacet
  facet normal 0.832332 -0.295386 -0.469011
    outer loop
      vertex 169.132 80.1252 15.8226
      vertex 169.087 79.9984 15.8226
      vertex 169.064 80.1535 15.6841
    endloop
  endfacet
  facet normal -0.30971 -0.870669 -0.382119
    outer loop
      vertex 170.977 80.9918 15.539
      vertex 170.954 80.9363 15.6841
      vertex 170.837 81.0416 15.539
    endloop
  endfacet
  facet normal -0.408141 -0.865183 -0.291341
    outer loop
      vertex 171.132 80.9688 15.3888
      vertex 171.11 80.9286 15.539
      vertex 170.994 81.0339 15.3888
    endloop
  endfacet
  facet normal 0.224181 -0.896723 -0.381617
    outer loop
      vertex 170.118 81.0186 15.6841
      vertex 169.98 80.9841 15.6841
      vertex 169.963 81.0416 15.539
    endloop
  endfacet
  facet normal 0.202372 -0.806842 -0.555024
    outer loop
      vertex 170.149 80.8604 15.9531
      vertex 170.027 80.8298 15.9531
      vertex 170.002 80.9133 15.8226
    endloop
  endfacet
  facet normal -0.129684 -0.87287 -0.470404
    outer loop
      vertex 170.542 81.0394 15.6841
      vertex 170.682 81.0186 15.6841
      vertex 170.535 80.9658 15.8226
    endloop
  endfacet
  facet normal -0.302841 -0.63852 -0.707516
    outer loop
      vertex 170.854 80.6953 16.0745
      vertex 170.959 80.6455 16.0745
      vertex 170.811 80.5927 16.1855
    endloop
  endfacet
  facet normal -0.46234 -0.620456 -0.633464
    outer loop
      vertex 171.215 80.5934 15.9531
      vertex 171.152 80.5164 16.0745
      vertex 171.059 80.5857 16.0745
    endloop
  endfacet
  facet normal -0.239088 -0.502085 -0.831112
    outer loop
      vertex 170.765 80.4806 16.2851
      vertex 170.849 80.4406 16.2851
      vertex 170.715 80.3599 16.3724
    endloop
  endfacet
  facet normal -0.33139 -0.446216 -0.831308
    outer loop
      vertex 170.93 80.3925 16.2851
      vertex 171.005 80.3368 16.2851
      vertex 170.922 80.2358 16.3724
    endloop
  endfacet
  facet normal -0.750602 -0.357723 -0.555546
    outer loop
      vertex 171.61 80.2469 15.8226
      vertex 171.668 80.1252 15.8226
      vertex 171.533 80.2058 15.9531
    endloop
  endfacet
  facet normal -0.61877 -0.46325 -0.634447
    outer loop
      vertex 171.469 80.314 15.9531
      vertex 171.386 80.2586 16.0745
      vertex 171.316 80.3521 16.0745
    endloop
  endfacet
  facet normal -0.469443 -0.426766 -0.772978
    outer loop
      vertex 171.16 80.3598 16.1855
      vertex 171.231 80.2817 16.1855
      vertex 171.137 80.2047 16.2851
    endloop
  endfacet
  facet normal -0.370983 -0.0940113 -0.923869
    outer loop
      vertex 171.055 79.7986 16.4464
      vertex 170.929 79.7052 16.5065
      vertex 170.916 79.7565 16.5065
    endloop
  endfacet
  facet normal -0.6195 -0.557152 -0.552994
    outer loop
      vertex 171.37 80.5704 15.8226
      vertex 171.393 80.4153 15.9531
      vertex 171.309 80.5087 15.9531
    endloop
  endfacet
  facet normal -0.549991 -0.742894 -0.381599
    outer loop
      vertex 171.356 80.7645 15.539
      vertex 171.318 80.7181 15.6841
      vertex 171.237 80.8526 15.539
    endloop
  endfacet
  facet normal -0.769818 -0.570716 -0.285768
    outer loop
      vertex 171.69 80.4623 15.3888
      vertex 171.653 80.437 15.539
      vertex 171.565 80.5557 15.539
    endloop
  endfacet
  facet normal -0.396844 -0.663619 -0.634133
    outer loop
      vertex 171.006 80.7334 15.9531
      vertex 171.059 80.5857 16.0745
      vertex 170.959 80.6455 16.0745
    endloop
  endfacet
  facet normal -0.560193 -0.612808 -0.557359
    outer loop
      vertex 171.271 80.6609 15.8226
      vertex 171.37 80.5704 15.8226
      vertex 171.215 80.5934 15.9531
    endloop
  endfacet
  facet normal -0.85946 -0.511203 0
    outer loop
      vertex 171.809 80.3533 14.9215
      vertex 171.729 80.4878 15.0785
      vertex 171.729 80.4878 14.9215
    endloop
  endfacet
  facet normal -0.85946 -0.511203 0
    outer loop
      vertex 171.729 80.4878 15.0785
      vertex 171.809 80.3533 14.9215
      vertex 171.809 80.3533 15.0785
    endloop
  endfacet
  facet normal -0.592347 -0.799605 -0.0987765
    outer loop
      vertex 171.414 80.8353 15.0785
      vertex 171.404 80.8234 15.2348
      vertex 171.279 80.916 15.2348
    endloop
  endfacet
  facet normal -0.839395 -0.507362 -0.194938
    outer loop
      vertex 171.796 80.3461 15.2348
      vertex 171.769 80.3316 15.3888
      vertex 171.69 80.4623 15.3888
    endloop
  endfacet
  facet normal -0.771086 -0.567438 -0.288861
    outer loop
      vertex 171.6 80.5846 15.3888
      vertex 171.69 80.4623 15.3888
      vertex 171.565 80.5557 15.539
    endloop
  endfacet
  facet normal -0.99407 -0.0512738 0.0958923
    outer loop
      vertex 171.983 79.6 14.7652
      vertex 171.99 79.7566 14.9215
      vertex 171.975 79.7551 14.7652
    endloop
  endfacet
  facet normal -0.941236 -0.337749 0
    outer loop
      vertex 171.929 80.0639 14.9215
      vertex 171.876 80.2116 15.0785
      vertex 171.876 80.2116 14.9215
    endloop
  endfacet
  facet normal -0.941236 -0.337749 0
    outer loop
      vertex 171.876 80.2116 15.0785
      vertex 171.929 80.0639 14.9215
      vertex 171.929 80.0639 15.0785
    endloop
  endfacet
  facet normal -0.420254 -0.886079 0.195578
    outer loop
      vertex 171.146 80.9958 14.7652
      vertex 171.006 81.0622 14.7652
      vertex 170.994 81.0339 14.6112
    endloop
  endfacet
  facet normal -0.355686 -0.752286 0.554574
    outer loop
      vertex 171.006 80.7334 14.0469
      vertex 170.925 80.8679 14.1774
      vertex 170.892 80.7873 14.0469
    endloop
  endfacet
  facet normal -0.644611 -0.707579 0.289496
    outer loop
      vertex 171.465 80.6652 14.461
      vertex 171.497 80.6975 14.6112
      vertex 171.356 80.7645 14.461
    endloop
  endfacet
  facet normal -0.560193 -0.612808 0.557359
    outer loop
      vertex 171.37 80.5704 14.1774
      vertex 171.271 80.6609 14.1774
      vertex 171.215 80.5934 14.0469
    endloop
  endfacet
  facet normal -0.669822 -0.495247 0.553235
    outer loop
      vertex 171.469 80.314 14.0469
      vertex 171.541 80.3624 14.1774
      vertex 171.461 80.4706 14.1774
    endloop
  endfacet
  facet normal -0.6195 -0.557152 0.552994
    outer loop
      vertex 171.393 80.4153 14.0469
      vertex 171.37 80.5704 14.1774
      vertex 171.309 80.5087 14.0469
    endloop
  endfacet
  facet normal -0.865779 -0.408264 0.289391
    outer loop
      vertex 171.792 80.1765 14.461
      vertex 171.834 80.1939 14.6112
      vertex 171.729 80.3101 14.461
    endloop
  endfacet
  facet normal -0.769818 -0.570716 0.285768
    outer loop
      vertex 171.653 80.437 14.461
      vertex 171.69 80.4623 14.6112
      vertex 171.565 80.5557 14.461
    endloop
  endfacet
  facet normal -0.653551 -0.590745 0.473171
    outer loop
      vertex 171.518 80.5176 14.3159
      vertex 171.423 80.6227 14.3159
      vertex 171.37 80.5704 14.1774
    endloop
  endfacet
  facet normal -0.868692 -0.31203 0.384724
    outer loop
      vertex 171.842 80.0373 14.461
      vertex 171.792 80.1765 14.461
      vertex 171.736 80.1535 14.3159
    endloop
  endfacet
  facet normal -0.621884 -0.684463 0.380488
    outer loop
      vertex 171.423 80.6227 14.3159
      vertex 171.465 80.6652 14.461
      vertex 171.318 80.7181 14.3159
    endloop
  endfacet
  facet normal -0.652157 -0.594652 0.470192
    outer loop
      vertex 171.461 80.4706 14.1774
      vertex 171.518 80.5176 14.3159
      vertex 171.37 80.5704 14.1774
    endloop
  endfacet
  facet normal -0.797703 -0.594919 0.0987009
    outer loop
      vertex 171.716 80.4793 14.7652
      vertex 171.729 80.4878 14.9215
      vertex 171.623 80.604 14.7652
    endloop
  endfacet
  facet normal -0.868691 -0.312105 0.384664
    outer loop
      vertex 171.784 80.0199 14.3159
      vertex 171.842 80.0373 14.461
      vertex 171.736 80.1535 14.3159
    endloop
  endfacet
  facet normal -0.6653 -0.393523 0.634441
    outer loop
      vertex 171.533 80.2058 14.0469
      vertex 171.469 80.314 14.0469
      vertex 171.386 80.2586 13.9255
    endloop
  endfacet
  facet normal -0.797583 -0.372993 0.474065
    outer loop
      vertex 171.736 80.1535 14.3159
      vertex 171.676 80.2818 14.3159
      vertex 171.61 80.2469 14.1774
    endloop
  endfacet
  facet normal -0.630141 -0.0953727 0.770601
    outer loop
      vertex 171.349 79.6934 13.7149
      vertex 171.469 79.7053 13.8145
      vertex 171.335 79.7859 13.7149
    endloop
  endfacet
  facet normal -0.425332 -0.203926 0.881764
    outer loop
      vertex 171.16 79.9148 13.6276
      vertex 171.125 79.9878 13.6276
      vertex 171.032 79.8618 13.5536
    endloop
  endfacet
  facet normal -0.499555 -0.239513 0.832513
    outer loop
      vertex 171.16 79.9148 13.6276
      vertex 171.241 80.0493 13.7149
      vertex 171.125 79.9878 13.6276
    endloop
  endfacet
  facet normal -0.641192 -0.302766 0.705128
    outer loop
      vertex 171.393 80.0112 13.8145
      vertex 171.495 80.0537 13.9255
      vertex 171.348 80.1065 13.8145
    endloop
  endfacet
  facet normal -0.512035 -0.374493 0.77303
    outer loop
      vertex 171.192 80.1295 13.7149
      vertex 171.293 80.197 13.8145
      vertex 171.137 80.2047 13.7149
    endloop
  endfacet
  facet normal -0.042382 -0.287592 0.956815
    outer loop
      vertex 170.476 79.9813 13.4479
      vertex 170.453 80.1364 13.4935
      vertex 170.438 79.9869 13.4479
    endloop
  endfacet
  facet normal -0.61877 -0.46325 0.634447
    outer loop
      vertex 171.386 80.2586 13.9255
      vertex 171.469 80.314 14.0469
      vertex 171.316 80.3521 13.9255
    endloop
  endfacet
  facet normal -0.572714 -0.419224 0.704451
    outer loop
      vertex 171.293 80.197 13.8145
      vertex 171.316 80.3521 13.9255
      vertex 171.231 80.2817 13.8145
    endloop
  endfacet
  facet normal 0.0380154 -0.772571 0.633789
    outer loop
      vertex 170.284 80.7798 13.9255
      vertex 170.4 80.8851 14.0469
      vertex 170.274 80.8789 14.0469
    endloop
  endfacet
  facet normal -0.0487503 -0.993999 0.0979251
    outer loop
      vertex 170.555 81.1751 14.7652
      vertex 170.557 81.1904 14.9215
      vertex 170.4 81.1981 14.9215
    endloop
  endfacet
  facet normal -0.51206 -0.853433 -0.097192
    outer loop
      vertex 171.153 81.0094 15.0785
      vertex 171.279 80.916 15.2348
      vertex 171.146 80.9958 15.2348
    endloop
  endfacet
  facet normal -0.224987 -0.896189 0.382394
    outer loop
      vertex 170.837 81.0416 14.461
      vertex 170.694 81.0775 14.461
      vertex 170.682 81.0186 14.3159
    endloop
  endfacet
  facet normal -0.36285 -0.606773 0.707224
    outer loop
      vertex 170.997 80.4934 13.8145
      vertex 171.059 80.5857 13.9255
      vertex 170.959 80.6455 13.9255
    endloop
  endfacet
  facet normal -0.122445 -0.822485 0.555451
    outer loop
      vertex 170.651 80.8604 14.0469
      vertex 170.668 80.946 14.1774
      vertex 170.535 80.9658 14.1774
    endloop
  endfacet
  facet normal 0.10404 -0.699681 0.70684
    outer loop
      vertex 170.295 80.6693 13.8145
      vertex 170.284 80.7798 13.9255
      vertex 170.169 80.7627 13.9255
    endloop
  endfacet
  facet normal -0.396073 -0.835213 0.381505
    outer loop
      vertex 171.082 80.8756 14.3159
      vertex 171.11 80.9286 14.461
      vertex 170.954 80.9363 14.3159
    endloop
  endfacet
  facet normal -0.21527 -0.855812 0.470366
    outer loop
      vertex 170.798 80.9133 14.1774
      vertex 170.682 81.0186 14.3159
      vertex 170.668 80.946 14.1774
    endloop
  endfacet
  facet normal 0.328737 -0.923984 0.195413
    outer loop
      vertex 169.806 81.0339 14.6112
      vertex 169.941 81.1145 14.7652
      vertex 169.794 81.0622 14.7652
    endloop
  endfacet
  facet normal -0.35518 -0.752291 0.554893
    outer loop
      vertex 171.006 80.7334 14.0469
      vertex 171.047 80.8103 14.1774
      vertex 170.925 80.8679 14.1774
    endloop
  endfacet
  facet normal -0.491182 -0.82079 0.291623
    outer loop
      vertex 171.237 80.8526 14.461
      vertex 171.132 80.9688 14.6112
      vertex 171.11 80.9286 14.461
    endloop
  endfacet
  facet normal -0.32083 -0.901931 -0.289117
    outer loop
      vertex 170.994 81.0339 15.3888
      vertex 170.977 80.9918 15.539
      vertex 170.837 81.0416 15.539
    endloop
  endfacet
  facet normal -0.568166 -0.770501 -0.288989
    outer loop
      vertex 171.262 80.8905 15.3888
      vertex 171.385 80.7998 15.3888
      vertex 171.237 80.8526 15.539
    endloop
  endfacet
  facet normal -0.73835 -0.667183 0.0985195
    outer loop
      vertex 171.623 80.604 14.7652
      vertex 171.635 80.6138 14.9215
      vertex 171.53 80.73 14.9215
    endloop
  endfacet
  facet normal -0.724399 -0.660878 0.19618
    outer loop
      vertex 171.6 80.5846 14.6112
      vertex 171.519 80.7191 14.7652
      vertex 171.497 80.6975 14.6112
    endloop
  endfacet
  facet normal -0.797703 -0.594919 -0.0987009
    outer loop
      vertex 171.729 80.4878 15.0785
      vertex 171.716 80.4793 15.2348
      vertex 171.623 80.604 15.2348
    endloop
  endfacet
  facet normal 0.868692 -0.31203 -0.384724
    outer loop
      vertex 169.008 80.1765 15.539
      vertex 169.064 80.1535 15.6841
      vertex 168.958 80.0373 15.539
    endloop
  endfacet
  facet normal 0.854541 -0.217204 -0.471786
    outer loop
      vertex 169.016 80.0199 15.6841
      vertex 169.087 79.9984 15.8226
      vertex 168.981 79.8822 15.6841
    endloop
  endfacet
  facet normal 0.970184 -0.148071 -0.191881
    outer loop
      vertex 168.878 79.9028 15.3888
      vertex 168.855 79.7521 15.3888
      vertex 168.825 79.7551 15.2348
    endloop
  endfacet
  facet normal 0.980109 -0.0505536 -0.191915
    outer loop
      vertex 168.825 79.7551 15.2348
      vertex 168.855 79.7521 15.3888
      vertex 168.817 79.6 15.2348
    endloop
  endfacet
  facet normal 0.661773 -0.724522 -0.192678
    outer loop
      vertex 169.396 80.8234 15.2348
      vertex 169.415 80.7998 15.3888
      vertex 169.303 80.6975 15.3888
    endloop
  endfacet
  facet normal 0.510663 -0.854269 -0.0972021
    outer loop
      vertex 169.647 81.0094 15.0785
      vertex 169.654 80.9958 15.2348
      vertex 169.512 80.9287 15.0785
    endloop
  endfacet
  facet normal 0.937102 -0.336266 -0.0936189
    outer loop
      vertex 168.924 80.2116 15.0785
      vertex 168.885 80.0594 15.2348
      vertex 168.871 80.0639 15.0785
    endloop
  endfacet
  facet normal 0.865712 -0.408651 -0.289045
    outer loop
      vertex 169.031 80.3316 15.3888
      vertex 169.071 80.3101 15.539
      vertex 168.966 80.1939 15.3888
    endloop
  endfacet
  facet normal 0.830209 -0.0395338 -0.556048
    outer loop
      vertex 169.121 79.726 15.9531
      vertex 169.115 79.6 15.9531
      vertex 169.034 79.7345 15.8226
    endloop
  endfacet
  facet normal 0.829834 -0.298144 -0.471684
    outer loop
      vertex 169.064 80.1535 15.6841
      vertex 169.087 79.9984 15.8226
      vertex 169.016 80.0199 15.6841
    endloop
  endfacet
  facet normal 0.914356 -0.13025 -0.38339
    outer loop
      vertex 168.981 79.8822 15.6841
      vertex 168.961 79.7418 15.6841
      vertex 168.901 79.7477 15.539
    endloop
  endfacet
  facet normal 0.881318 -0.0393153 -0.470885
    outer loop
      vertex 169.034 79.7345 15.8226
      vertex 169.028 79.6 15.8226
      vertex 168.954 79.6 15.6841
    endloop
  endfacet
  facet normal 0.77436 -0.0399842 -0.63148
    outer loop
      vertex 169.22 79.7162 16.0745
      vertex 169.214 79.6 16.0745
      vertex 169.115 79.6 15.9531
    endloop
  endfacet
  facet normal 0.994096 -0.0507839 -0.09589
    outer loop
      vertex 168.81 79.7566 15.0785
      vertex 168.825 79.7551 15.2348
      vertex 168.802 79.6 15.0785
    endloop
  endfacet
  facet normal 0.668543 -0.737128 0.0984559
    outer loop
      vertex 169.281 80.7191 14.7652
      vertex 169.396 80.8234 14.7652
      vertex 169.27 80.73 14.9215
    endloop
  endfacet
  facet normal 0.727566 -0.657401 0.196145
    outer loop
      vertex 169.303 80.6975 14.6112
      vertex 169.281 80.7191 14.7652
      vertex 169.177 80.604 14.7652
    endloop
  endfacet
  facet normal 0.797623 -0.595052 0.0985475
    outer loop
      vertex 169.177 80.604 14.7652
      vertex 169.165 80.6138 14.9215
      vertex 169.071 80.4878 14.9215
    endloop
  endfacet
  facet normal 0.59259 -0.799425 0.0987783
    outer loop
      vertex 169.396 80.8234 14.7652
      vertex 169.512 80.9287 14.9215
      vertex 169.386 80.8353 14.9215
    endloop
  endfacet
  facet normal 0.394605 -0.836661 0.379848
    outer loop
      vertex 169.846 80.9363 14.3159
      vertex 169.824 80.9918 14.461
      vertex 169.69 80.9286 14.461
    endloop
  endfacet
  facet normal 0.6195 -0.557152 0.552994
    outer loop
      vertex 169.491 80.5087 14.0469
      vertex 169.43 80.5704 14.1774
      vertex 169.407 80.4153 14.0469
    endloop
  endfacet
  facet normal 0.900859 -0.323584 0.28939
    outer loop
      vertex 169.008 80.1765 14.461
      vertex 168.966 80.1939 14.6112
      vertex 168.958 80.0373 14.461
    endloop
  endfacet
  facet normal 0.681712 -0.622568 0.384289
    outer loop
      vertex 169.282 80.5176 14.3159
      vertex 169.335 80.6652 14.461
      vertex 169.235 80.5557 14.461
    endloop
  endfacet
  facet normal 0.771086 -0.567438 0.288861
    outer loop
      vertex 169.235 80.5557 14.461
      vertex 169.2 80.5846 14.6112
      vertex 169.11 80.4623 14.6112
    endloop
  endfacet
  facet normal 0.59259 -0.799425 -0.0987783
    outer loop
      vertex 169.512 80.9287 15.0785
      vertex 169.396 80.8234 15.2348
      vertex 169.386 80.8353 15.0785
    endloop
  endfacet
  facet normal 0.122445 -0.822485 -0.555451
    outer loop
      vertex 170.265 80.9658 15.8226
      vertex 170.149 80.8604 15.9531
      vertex 170.132 80.946 15.8226
    endloop
  endfacet
  facet normal 0.239659 -0.951027 0.19522
    outer loop
      vertex 170.097 81.1222 14.6112
      vertex 170.091 81.1523 14.7652
      vertex 169.941 81.1145 14.7652
    endloop
  endfacet
  facet normal 0.557284 -0.0276568 0.829861
    outer loop
      vertex 169.577 79.6 13.6276
      vertex 169.581 79.6806 13.6276
      vertex 169.447 79.6 13.7149
    endloop
  endfacet
  facet normal 0.214307 -0.19689 0.956717
    outer loop
      vertex 170.099 79.8466 13.4479
      vertex 170.125 79.8749 13.4479
      vertex 170.019 79.9811 13.4935
    endloop
  endfacet
  facet normal 0.315928 -0.350253 0.881767
    outer loop
      vertex 169.916 80.0837 13.5536
      vertex 169.966 80.1288 13.5536
      vertex 169.818 80.1816 13.6276
    endloop
  endfacet
  facet normal 0.470871 -0.0210523 0.881951
    outer loop
      vertex 169.716 79.6 13.5536
      vertex 169.719 79.6671 13.5536
      vertex 169.581 79.6806 13.6276
    endloop
  endfacet
  facet normal 0.191757 -0.042803 -0.980509
    outer loop
      vertex 170.175 79.6682 16.5827
      vertex 170.17 79.6458 16.5827
      vertex 170.028 79.7129 16.552
    endloop
  endfacet
  facet normal 0.0884538 -0.0423224 -0.995181
    outer loop
      vertex 170.193 79.7107 16.5827
      vertex 170.331 79.637 16.5981
      vertex 170.183 79.6898 16.5827
    endloop
  endfacet
  facet normal 0.113198 -0.764851 0.634184
    outer loop
      vertex 170.169 80.7627 13.9255
      vertex 170.274 80.8789 14.0469
      vertex 170.149 80.8604 14.0469
    endloop
  endfacet
  facet normal 0.452411 -0.756084 0.472928
    outer loop
      vertex 169.638 80.7411 14.1774
      vertex 169.718 80.8756 14.3159
      vertex 169.596 80.8026 14.3159
    endloop
  endfacet
  facet normal 0.121695 -0.822266 0.55594
    outer loop
      vertex 170.274 80.8789 14.0469
      vertex 170.265 80.9658 14.1774
      vertex 170.149 80.8604 14.0469
    endloop
  endfacet
  facet normal 0.129925 -0.872726 0.470605
    outer loop
      vertex 170.132 80.946 14.1774
      vertex 170.265 80.9658 14.1774
      vertex 170.118 81.0186 14.3159
    endloop
  endfacet
  facet normal 0.296746 -0.830103 0.472092
    outer loop
      vertex 169.875 80.8679 14.1774
      vertex 170.002 80.9133 14.1774
      vertex 169.846 80.9363 14.3159
    endloop
  endfacet
  facet normal 0.519227 -0.571748 0.635223
    outer loop
      vertex 169.562 80.4383 13.9255
      vertex 169.648 80.5164 13.9255
      vertex 169.491 80.5087 14.0469
    endloop
  endfacet
  facet normal 0.461711 -0.620942 0.633446
    outer loop
      vertex 169.648 80.5164 13.9255
      vertex 169.686 80.6685 14.0469
      vertex 169.585 80.5934 14.0469
    endloop
  endfacet
  facet normal 0.525482 -0.475494 0.705531
    outer loop
      vertex 169.64 80.3598 13.8145
      vertex 169.562 80.4383 13.9255
      vertex 169.484 80.3521 13.9255
    endloop
  endfacet
  facet normal 0.61877 -0.46325 0.634447
    outer loop
      vertex 169.414 80.2586 13.9255
      vertex 169.484 80.3521 13.9255
      vertex 169.331 80.314 14.0469
    endloop
  endfacet
  facet normal 0.517987 -0.574861 0.633423
    outer loop
      vertex 169.648 80.5164 13.9255
      vertex 169.585 80.5934 14.0469
      vertex 169.491 80.5087 14.0469
    endloop
  endfacet
  facet normal -0.10404 -0.699681 0.70684
    outer loop
      vertex 170.631 80.7627 13.9255
      vertex 170.516 80.7798 13.9255
      vertex 170.505 80.6693 13.8145
    endloop
  endfacet
  facet normal 0.237593 -0.502732 0.83115
    outer loop
      vertex 170.085 80.3599 13.6276
      vertex 170.035 80.4806 13.7149
      vertex 170.012 80.3254 13.6276
    endloop
  endfacet
  facet normal 0.260211 -0.728592 0.633596
    outer loop
      vertex 169.946 80.6953 13.9255
      vertex 170.027 80.8298 14.0469
      vertex 169.908 80.7873 14.0469
    endloop
  endfacet
  facet normal 0.188166 -0.750205 0.633866
    outer loop
      vertex 170.056 80.7345 13.9255
      vertex 170.149 80.8604 14.0469
      vertex 170.027 80.8298 14.0469
    endloop
  endfacet
  facet normal -0.153614 -0.615811 0.772774
    outer loop
      vertex 170.677 80.5121 13.7149
      vertex 170.61 80.6538 13.8145
      vertex 170.586 80.5348 13.7149
    endloop
  endfacet
  facet normal 0.0313584 -0.633986 0.772709
    outer loop
      vertex 170.307 80.5485 13.7149
      vertex 170.4 80.5531 13.7149
      vertex 170.295 80.6693 13.8145
    endloop
  endfacet
  facet normal 0.555723 -0.0237997 0.831027
    outer loop
      vertex 169.581 79.6806 13.6276
      vertex 169.451 79.6934 13.7149
      vertex 169.447 79.6 13.7149
    endloop
  endfacet
  facet normal 0.574309 -0.271185 0.772417
    outer loop
      vertex 169.519 79.9647 13.7149
      vertex 169.452 80.1065 13.8145
      vertex 169.407 80.0112 13.8145
    endloop
  endfacet
  facet normal 0.456714 -0.116658 0.881931
    outer loop
      vertex 169.729 79.7335 13.5536
      vertex 169.613 79.8388 13.6276
      vertex 169.593 79.7605 13.6276
    endloop
  endfacet
  facet normal 0.281355 -0.0682531 0.957174
    outer loop
      vertex 170.019 79.6758 13.4479
      vertex 170.028 79.7129 13.4479
      vertex 169.871 79.7052 13.4935
    endloop
  endfacet
  facet normal 0.512035 -0.374493 0.77303
    outer loop
      vertex 169.608 80.1295 13.7149
      vertex 169.663 80.2047 13.7149
      vertex 169.507 80.197 13.8145
    endloop
  endfacet
  facet normal 0.565117 -0.423082 0.708268
    outer loop
      vertex 169.507 80.197 13.8145
      vertex 169.484 80.3521 13.9255
      vertex 169.414 80.2586 13.9255
    endloop
  endfacet
  facet normal 0.412627 -0.372606 0.831206
    outer loop
      vertex 169.764 80.1218 13.6276
      vertex 169.818 80.1816 13.6276
      vertex 169.663 80.2047 13.7149
    endloop
  endfacet
  facet normal 0.668918 -0.235772 0.704954
    outer loop
      vertex 169.372 79.9119 13.8145
      vertex 169.407 80.0112 13.8145
      vertex 169.305 80.0537 13.9255
    endloop
  endfacet
  facet normal 0.717134 -0.424183 0.552981
    outer loop
      vertex 169.267 80.2058 14.0469
      vertex 169.331 80.314 14.0469
      vertex 169.259 80.3624 14.1774
    endloop
  endfacet
  facet normal 0.699097 -0.331151 0.633721
    outer loop
      vertex 169.305 80.0537 13.9255
      vertex 169.267 80.2058 14.0469
      vertex 169.213 80.0918 14.0469
    endloop
  endfacet
  facet normal 0.500894 -0.240155 0.831523
    outer loop
      vertex 169.64 79.9148 13.6276
      vertex 169.675 79.9878 13.6276
      vertex 169.519 79.9647 13.7149
    endloop
  endfacet
  facet normal -0.273128 -0.0987208 0.956899
    outer loop
      vertex 170.916 79.7565 13.4935
      vertex 170.898 79.8063 13.4935
      vertex 170.772 79.7129 13.4479
    endloop
  endfacet
  facet normal 0.150539 -0.249053 0.956719
    outer loop
      vertex 170.184 79.9232 13.4479
      vertex 170.146 80.0754 13.4935
      vertex 170.101 80.0482 13.4935
    endloop
  endfacet
  facet normal 0.243131 -0.404241 0.881746
    outer loop
      vertex 170.02 80.1688 13.5536
      vertex 170.012 80.3254 13.6276
      vertex 169.943 80.2839 13.6276
    endloop
  endfacet
  facet normal 0.0938342 -0.370972 0.923891
    outer loop
      vertex 170.244 80.1158 13.4935
      vertex 170.295 80.1287 13.4935
      vertex 170.201 80.2546 13.5536
    endloop
  endfacet
  facet normal 0.16302 -0.346237 0.923875
    outer loop
      vertex 170.146 80.0754 13.4935
      vertex 170.194 80.098 13.4935
      vertex 170.138 80.232 13.5536
    endloop
  endfacet
  facet normal -0.360336 -0.130242 0.923685
    outer loop
      vertex 170.916 79.7565 13.4935
      vertex 171.032 79.8618 13.5536
      vertex 170.898 79.8063 13.4935
    endloop
  endfacet
  facet normal -0.0561633 -0.379284 0.923574
    outer loop
      vertex 170.505 80.1287 13.4935
      vertex 170.533 80.2709 13.5536
      vertex 170.453 80.1364 13.4935
    endloop
  endfacet
  facet normal -0.166602 -0.101484 0.980788
    outer loop
      vertex 170.607 79.7107 13.4173
      vertex 170.723 79.816 13.4479
      vertex 170.595 79.7304 13.4173
    endloop
  endfacet
  facet normal -0.0487503 -0.993999 -0.0979251
    outer loop
      vertex 170.557 81.1904 15.0785
      vertex 170.555 81.1751 15.2348
      vertex 170.4 81.1981 15.0785
    endloop
  endfacet
  facet normal -0.0274927 -0.555831 -0.83084
    outer loop
      vertex 170.493 80.5485 16.2851
      vertex 170.481 80.4186 16.3724
      vertex 170.4 80.5531 16.2851
    endloop
  endfacet
  facet normal 0.420934 -0.569736 -0.705844
    outer loop
      vertex 169.803 80.4934 16.1855
      vertex 169.718 80.4306 16.1855
      vertex 169.648 80.5164 16.0745
    endloop
  endfacet
  facet normal 0.474668 -0.79328 -0.38131
    outer loop
      vertex 169.718 80.8756 15.6841
      vertex 169.596 80.8026 15.6841
      vertex 169.563 80.8526 15.539
    endloop
  endfacet
  facet normal 0.706815 -0.645493 -0.289398
    outer loop
      vertex 169.303 80.6975 15.3888
      vertex 169.335 80.6652 15.539
      vertex 169.235 80.5557 15.539
    endloop
  endfacet
  facet normal -0.143638 -0.970184 -0.195223
    outer loop
      vertex 170.709 81.1523 15.2348
      vertex 170.703 81.1222 15.3888
      vertex 170.555 81.1751 15.2348
    endloop
  endfacet
  facet normal -0.04308 -0.881181 -0.470812
    outer loop
      vertex 170.4 81.0464 15.6841
      vertex 170.535 80.9658 15.8226
      vertex 170.4 80.9724 15.8226
    endloop
  endfacet
  facet normal -0.043445 -0.881313 -0.470532
    outer loop
      vertex 170.542 81.0394 15.6841
      vertex 170.535 80.9658 15.8226
      vertex 170.4 81.0464 15.6841
    endloop
  endfacet
  facet normal 0.135795 -0.914004 -0.382303
    outer loop
      vertex 170.252 81.0992 15.539
      vertex 170.258 81.0394 15.6841
      vertex 170.118 81.0186 15.6841
    endloop
  endfacet
  facet normal -0.904036 -0.427455 0
    outer loop
      vertex 171.876 80.2116 14.9215
      vertex 171.809 80.3533 15.0785
      vertex 171.809 80.3533 14.9215
    endloop
  endfacet
  facet normal -0.904036 -0.427455 0
    outer loop
      vertex 171.809 80.3533 15.0785
      vertex 171.876 80.2116 14.9215
      vertex 171.876 80.2116 15.0785
    endloop
  endfacet
  facet normal -0.886965 -0.418684 -0.194928
    outer loop
      vertex 171.796 80.3461 15.2348
      vertex 171.834 80.1939 15.3888
      vertex 171.769 80.3316 15.3888
    endloop
  endfacet
  facet normal -0.865779 -0.408264 -0.289391
    outer loop
      vertex 171.834 80.1939 15.3888
      vertex 171.792 80.1765 15.539
      vertex 171.729 80.3101 15.539
    endloop
  endfacet
  facet normal -0.980109 -0.0505536 -0.191915
    outer loop
      vertex 171.975 79.7551 15.2348
      vertex 171.983 79.6 15.2348
      vertex 171.945 79.7521 15.3888
    endloop
  endfacet
  facet normal -0.865712 -0.408651 -0.289045
    outer loop
      vertex 171.769 80.3316 15.3888
      vertex 171.834 80.1939 15.3888
      vertex 171.729 80.3101 15.539
    endloop
  endfacet
  facet normal -0.805178 -0.203297 -0.557099
    outer loop
      vertex 171.713 79.9984 15.8226
      vertex 171.746 79.8677 15.8226
      vertex 171.66 79.8507 15.9531
    endloop
  endfacet
  facet normal -0.766709 -0.11682 -0.631277
    outer loop
      vertex 171.66 79.8507 15.9531
      vertex 171.679 79.726 15.9531
      vertex 171.563 79.8313 16.0745
    endloop
  endfacet
  facet normal -0.894541 -0.227371 -0.384836
    outer loop
      vertex 171.842 80.0373 15.539
      vertex 171.819 79.8822 15.6841
      vertex 171.784 80.0199 15.6841
    endloop
  endfacet
  facet normal -0.85432 -0.215704 -0.472874
    outer loop
      vertex 171.819 79.8822 15.6841
      vertex 171.746 79.8677 15.8226
      vertex 171.713 79.9984 15.8226
    endloop
  endfacet
  facet normal -0.699097 -0.331151 -0.633721
    outer loop
      vertex 171.533 80.2058 15.9531
      vertex 171.587 80.0918 15.9531
      vertex 171.495 80.0537 16.0745
    endloop
  endfacet
  facet normal -0.832332 -0.295386 -0.469011
    outer loop
      vertex 171.736 80.1535 15.6841
      vertex 171.713 79.9984 15.8226
      vertex 171.668 80.1252 15.8226
    endloop
  endfacet
  facet normal -0.820871 -0.125073 -0.55725
    outer loop
      vertex 171.746 79.8677 15.8226
      vertex 171.679 79.726 15.9531
      vertex 171.66 79.8507 15.9531
    endloop
  endfacet
  facet normal -0.667205 -0.237418 -0.706024
    outer loop
      vertex 171.495 80.0537 16.0745
      vertex 171.534 79.9441 16.0745
      vertex 171.428 79.9119 16.1855
    endloop
  endfacet
  facet normal -0.99407 -0.0512738 -0.0958923
    outer loop
      vertex 171.99 79.7566 15.0785
      vertex 171.983 79.6 15.2348
      vertex 171.975 79.7551 15.2348
    endloop
  endfacet
  facet normal -0.636601 -0.030228 -0.770601
    outer loop
      vertex 171.469 79.7053 16.1855
      vertex 171.474 79.6 16.1855
      vertex 171.349 79.6934 16.2851
    endloop
  endfacet
  facet normal -0.830364 -0.0370423 -0.555989
    outer loop
      vertex 171.766 79.7345 15.8226
      vertex 171.772 79.6 15.8226
      vertex 171.679 79.726 15.9531
    endloop
  endfacet
  facet normal -0.240671 -0.404607 -0.882253
    outer loop
      vertex 170.788 80.3254 16.3724
      vertex 170.78 80.1688 16.4464
      vertex 170.722 80.2033 16.4464
    endloop
  endfacet
  facet normal -0.668918 -0.235772 -0.704954
    outer loop
      vertex 171.495 80.0537 16.0745
      vertex 171.428 79.9119 16.1855
      vertex 171.393 80.0112 16.1855
    endloop
  endfacet
  facet normal -0.470871 -0.0210523 -0.881951
    outer loop
      vertex 171.219 79.6806 16.3724
      vertex 171.084 79.6 16.4464
      vertex 171.081 79.6671 16.4464
    endloop
  endfacet
  facet normal -0.555413 -0.0275639 -0.831117
    outer loop
      vertex 171.349 79.6934 16.2851
      vertex 171.223 79.6 16.3724
      vertex 171.219 79.6806 16.3724
    endloop
  endfacet
  facet normal -0.307116 -0.227915 -0.923977
    outer loop
      vertex 170.929 80.034 16.4464
      vertex 170.969 79.9801 16.4464
      vertex 170.848 79.8995 16.5065
    endloop
  endfacet
  facet normal -0.177754 -0.0824369 -0.980616
    outer loop
      vertex 170.743 79.7833 16.552
      vertex 170.759 79.7488 16.552
      vertex 170.617 79.6898 16.5827
    endloop
  endfacet
  facet normal -0.0517964 -0.0834011 -0.995169
    outer loop
      vertex 170.511 79.807 16.5827
      vertex 170.53 79.7952 16.5827
      vertex 170.437 79.6692 16.5981
    endloop
  endfacet
  facet normal -0.379116 -0.281348 -0.881541
    outer loop
      vertex 171.084 80.057 16.3724
      vertex 170.969 79.9801 16.4464
      vertex 170.929 80.034 16.4464
    endloop
  endfacet
  facet normal -0.171621 -0.234372 -0.956878
    outer loop
      vertex 170.742 80.0167 16.5065
      vertex 170.647 79.9005 16.552
      vertex 170.616 79.9232 16.552
    endloop
  endfacet
  facet normal -0.326925 -0.542864 -0.773575
    outer loop
      vertex 170.907 80.5476 16.1855
      vertex 170.997 80.4934 16.1855
      vertex 170.849 80.4406 16.2851
    endloop
  endfacet
  facet normal -0.238825 -0.666019 -0.706669
    outer loop
      vertex 170.744 80.7345 16.0745
      vertex 170.811 80.5927 16.1855
      vertex 170.712 80.6282 16.1855
    endloop
  endfacet
  facet normal -0.0313584 -0.633986 -0.772709
    outer loop
      vertex 170.505 80.6693 16.1855
      vertex 170.493 80.5485 16.2851
      vertex 170.4 80.5531 16.2851
    endloop
  endfacet
  facet normal 0.238578 -0.665329 -0.707402
    outer loop
      vertex 170.088 80.6282 16.1855
      vertex 169.989 80.5927 16.1855
      vertex 169.946 80.6953 16.0745
    endloop
  endfacet
  facet normal 0.0982324 -0.0127575 -0.995082
    outer loop
      vertex 170.322 79.6077 16.5981
      vertex 170.321 79.6 16.5981
      vertex 170.165 79.6 16.5827
    endloop
  endfacet
  facet normal 0.717134 -0.424183 -0.552981
    outer loop
      vertex 169.331 80.314 15.9531
      vertex 169.267 80.2058 15.9531
      vertex 169.259 80.3624 15.8226
    endloop
  endfacet
  facet normal 0.380651 -0.0508503 -0.92332
    outer loop
      vertex 169.871 79.7052 16.5065
      vertex 169.864 79.6528 16.5065
      vertex 169.729 79.7335 16.4464
    endloop
  endfacet
  facet normal 0.113164 -0.458209 -0.881611
    outer loop
      vertex 170.267 80.2709 16.4464
      vertex 170.201 80.2546 16.4464
      vertex 170.161 80.3871 16.3724
    endloop
  endfacet
  facet normal -0.0712003 -0.28149 -0.956919
    outer loop
      vertex 170.556 80.1158 16.5065
      vertex 170.513 79.972 16.552
      vertex 170.505 80.1287 16.5065
    endloop
  endfacet
  facet normal 0.148641 -0.248992 -0.957031
    outer loop
      vertex 170.217 79.9429 16.552
      vertex 170.184 79.9232 16.552
      vertex 170.146 80.0754 16.5065
    endloop
  endfacet
  facet normal 0.574029 -0.271408 -0.772547
    outer loop
      vertex 169.559 80.0493 16.2851
      vertex 169.519 79.9647 16.2851
      vertex 169.452 80.1065 16.1855
    endloop
  endfacet
  facet normal 0.0965804 -0.0169439 -0.995181
    outer loop
      vertex 170.17 79.6458 16.5827
      vertex 170.322 79.6077 16.5981
      vertex 170.166 79.623 16.5827
    endloop
  endfacet
  facet normal 0.698255 -0.103131 -0.708382
    outer loop
      vertex 169.237 79.8313 16.0745
      vertex 169.331 79.7053 16.1855
      vertex 169.22 79.7162 16.0745
    endloop
  endfacet
  facet normal 0.765521 -0.113066 -0.633399
    outer loop
      vertex 169.237 79.8313 16.0745
      vertex 169.22 79.7162 16.0745
      vertex 169.121 79.726 15.9531
    endloop
  endfacet
  facet normal 0.82172 -0.125202 -0.555968
    outer loop
      vertex 169.14 79.8507 15.9531
      vertex 169.121 79.726 15.9531
      vertex 169.034 79.7345 15.8226
    endloop
  endfacet
  facet normal 0.766709 -0.11682 -0.631277
    outer loop
      vertex 169.14 79.8507 15.9531
      vertex 169.237 79.8313 16.0745
      vertex 169.121 79.726 15.9531
    endloop
  endfacet
  facet normal -0.377922 -0.796935 -0.471243
    outer loop
      vertex 171.082 80.8756 15.6841
      vertex 171.047 80.8103 15.8226
      vertex 170.954 80.9363 15.6841
    endloop
  endfacet
  facet normal -0.188166 -0.750205 -0.633866
    outer loop
      vertex 170.773 80.8298 15.9531
      vertex 170.744 80.7345 16.0745
      vertex 170.651 80.8604 15.9531
    endloop
  endfacet
  facet normal -0.243187 -0.965027 -0.097898
    outer loop
      vertex 170.712 81.1674 15.0785
      vertex 170.859 81.1145 15.2348
      vertex 170.709 81.1523 15.2348
    endloop
  endfacet
  facet normal -0.0465428 -0.956014 -0.289605
    outer loop
      vertex 170.4 81.152 15.3888
      vertex 170.552 81.1446 15.3888
      vertex 170.4 81.1065 15.539
    endloop
  endfacet
  facet normal 0.129925 -0.872726 -0.470605
    outer loop
      vertex 170.265 80.9658 15.8226
      vertex 170.132 80.946 15.8226
      vertex 170.118 81.0186 15.6841
    endloop
  endfacet
  facet normal 0.686126 -0.62019 -0.380257
    outer loop
      vertex 169.335 80.6652 15.539
      vertex 169.377 80.6227 15.6841
      vertex 169.282 80.5176 15.6841
    endloop
  endfacet
  facet normal 0.0349972 -0.706674 -0.706674
    outer loop
      vertex 170.4 80.7855 16.0745
      vertex 170.4 80.6745 16.1855
      vertex 170.295 80.6693 16.1855
    endloop
  endfacet
  facet normal 0.187393 -0.523511 -0.831156
    outer loop
      vertex 170.123 80.5121 16.2851
      vertex 170.161 80.3871 16.3724
      vertex 170.035 80.4806 16.2851
    endloop
  endfacet
  facet normal 0.140691 -0.946587 -0.290137
    outer loop
      vertex 170.252 81.0992 15.539
      vertex 170.106 81.0775 15.539
      vertex 170.097 81.1222 15.3888
    endloop
  endfacet
  facet normal 0.377922 -0.796935 -0.471243
    outer loop
      vertex 169.846 80.9363 15.6841
      vertex 169.753 80.8103 15.8226
      vertex 169.718 80.8756 15.6841
    endloop
  endfacet
  facet normal -0.0927056 -0.628006 -0.772667
    outer loop
      vertex 170.61 80.6538 16.1855
      vertex 170.586 80.5348 16.2851
      vertex 170.505 80.6693 16.1855
    endloop
  endfacet
  facet normal -0.172215 -0.686169 -0.706763
    outer loop
      vertex 170.744 80.7345 16.0745
      vertex 170.712 80.6282 16.1855
      vertex 170.61 80.6538 16.1855
    endloop
  endfacet
  facet normal -0.618609 -0.46411 -0.633976
    outer loop
      vertex 171.393 80.4153 15.9531
      vertex 171.469 80.314 15.9531
      vertex 171.316 80.3521 16.0745
    endloop
  endfacet
  facet normal -0.524009 -0.186161 -0.831119
    outer loop
      vertex 171.312 79.8767 16.2851
      vertex 171.187 79.8388 16.3724
      vertex 171.16 79.9148 16.3724
    endloop
  endfacet
  facet normal -0.372549 -0.412416 -0.831336
    outer loop
      vertex 171.005 80.3368 16.2851
      vertex 170.982 80.1816 16.3724
      vertex 170.922 80.2358 16.3724
    endloop
  endfacet
  facet normal -0.541307 -0.330724 -0.773051
    outer loop
      vertex 171.293 80.197 16.1855
      vertex 171.241 80.0493 16.2851
      vertex 171.192 80.1295 16.2851
    endloop
  endfacet
  facet normal -0.284353 -0.478848 -0.830571
    outer loop
      vertex 170.849 80.4406 16.2851
      vertex 170.93 80.3925 16.2851
      vertex 170.788 80.3254 16.3724
    endloop
  endfacet
  facet normal -0.237936 -0.503458 -0.830612
    outer loop
      vertex 170.849 80.4406 16.2851
      vertex 170.788 80.3254 16.3724
      vertex 170.715 80.3599 16.3724
    endloop
  endfacet
  facet normal -0.195853 -0.214558 -0.956873
    outer loop
      vertex 170.742 80.0167 16.5065
      vertex 170.781 79.9811 16.5065
      vertex 170.647 79.9005 16.552
    endloop
  endfacet
  facet normal -0.473093 -0.289047 -0.832247
    outer loop
      vertex 171.192 80.1295 16.2851
      vertex 171.241 80.0493 16.2851
      vertex 171.125 79.9878 16.3724
    endloop
  endfacet
  facet normal -0.237954 -0.951816 -0.193454
    outer loop
      vertex 170.859 81.1145 15.2348
      vertex 170.851 81.0852 15.3888
      vertex 170.703 81.1222 15.3888
    endloop
  endfacet
  facet normal -0.5821 -0.789396 -0.19497
    outer loop
      vertex 171.279 80.916 15.2348
      vertex 171.385 80.7998 15.3888
      vertex 171.262 80.8905 15.3888
    endloop
  endfacet
  facet normal -0.49665 -0.667932 -0.554261
    outer loop
      vertex 171.162 80.7411 15.8226
      vertex 171.215 80.5934 15.9531
      vertex 171.114 80.6685 15.9531
    endloop
  endfacet
  facet normal -0.452411 -0.756084 -0.472928
    outer loop
      vertex 171.204 80.8026 15.6841
      vertex 171.162 80.7411 15.8226
      vertex 171.082 80.8756 15.6841
    endloop
  endfacet
  facet normal -0.592489 -0.652111 -0.472977
    outer loop
      vertex 171.423 80.6227 15.6841
      vertex 171.37 80.5704 15.8226
      vertex 171.318 80.7181 15.6841
    endloop
  endfacet
  facet normal -0.595221 -0.651126 -0.470901
    outer loop
      vertex 171.318 80.7181 15.6841
      vertex 171.37 80.5704 15.8226
      vertex 171.271 80.6609 15.8226
    endloop
  endfacet
  facet normal -0.789565 -0.581037 -0.197444
    outer loop
      vertex 171.716 80.4793 15.2348
      vertex 171.69 80.4623 15.3888
      vertex 171.6 80.5846 15.3888
    endloop
  endfacet
  facet normal -0.728225 -0.657996 -0.191651
    outer loop
      vertex 171.623 80.604 15.2348
      vertex 171.6 80.5846 15.3888
      vertex 171.519 80.7191 15.2348
    endloop
  endfacet
  facet normal -0.792537 -0.475001 -0.382439
    outer loop
      vertex 171.653 80.437 15.539
      vertex 171.676 80.2818 15.6841
      vertex 171.603 80.4036 15.6841
    endloop
  endfacet
  facet normal -0.755272 -0.452667 -0.473979
    outer loop
      vertex 171.676 80.2818 15.6841
      vertex 171.61 80.2469 15.8226
      vertex 171.603 80.4036 15.6841
    endloop
  endfacet
  facet normal -0.947245 -0.14457 0.286055
    outer loop
      vertex 171.945 79.7521 14.6112
      vertex 171.922 79.9028 14.6112
      vertex 171.878 79.8939 14.461
    endloop
  endfacet
  facet normal -0.94617 -0.135907 0.293754
    outer loop
      vertex 171.899 79.7477 14.461
      vertex 171.945 79.7521 14.6112
      vertex 171.878 79.8939 14.461
    endloop
  endfacet
  facet normal -0.984431 -0.147312 0.0958889
    outer loop
      vertex 171.975 79.7551 14.7652
      vertex 171.99 79.7566 14.9215
      vertex 171.952 79.9088 14.7652
    endloop
  endfacet
  facet normal -0.525482 -0.475494 0.705531
    outer loop
      vertex 171.316 80.3521 13.9255
      vertex 171.238 80.4383 13.9255
      vertex 171.16 80.3598 13.8145
    endloop
  endfacet
  facet normal -0.476341 -0.524524 0.705673
    outer loop
      vertex 171.16 80.3598 13.8145
      vertex 171.238 80.4383 13.9255
      vertex 171.152 80.5164 13.9255
    endloop
  endfacet
  facet normal -0.887904 -0.417391 0.193419
    outer loop
      vertex 171.834 80.1939 14.6112
      vertex 171.862 80.2057 14.7652
      vertex 171.796 80.3461 14.7652
    endloop
  endfacet
  facet normal -0.839395 -0.507362 0.194938
    outer loop
      vertex 171.769 80.3316 14.6112
      vertex 171.796 80.3461 14.7652
      vertex 171.69 80.4623 14.6112
    endloop
  endfacet
  facet normal -0.792784 -0.474796 0.38218
    outer loop
      vertex 171.676 80.2818 14.3159
      vertex 171.729 80.3101 14.461
      vertex 171.653 80.437 14.461
    endloop
  endfacet
  facet normal -0.822207 -0.492417 0.285485
    outer loop
      vertex 171.729 80.3101 14.461
      vertex 171.69 80.4623 14.6112
      vertex 171.653 80.437 14.461
    endloop
  endfacet
  facet normal -0.771086 -0.567438 0.288861
    outer loop
      vertex 171.69 80.4623 14.6112
      vertex 171.6 80.5846 14.6112
      vertex 171.565 80.5557 14.461
    endloop
  endfacet
  facet normal -0.706815 -0.645493 0.289398
    outer loop
      vertex 171.565 80.5557 14.461
      vertex 171.497 80.6975 14.6112
      vertex 171.465 80.6652 14.461
    endloop
  endfacet
  facet normal -0.727245 -0.26345 0.633805
    outer loop
      vertex 171.63 79.9731 14.0469
      vertex 171.587 80.0918 14.0469
      vertex 171.495 80.0537 13.9255
    endloop
  endfacet
  facet normal -0.699097 -0.331151 0.633721
    outer loop
      vertex 171.587 80.0918 14.0469
      vertex 171.533 80.2058 14.0469
      vertex 171.495 80.0537 13.9255
    endloop
  endfacet
  facet normal -0.74225 -0.550278 0.382438
    outer loop
      vertex 171.603 80.4036 14.3159
      vertex 171.653 80.437 14.461
      vertex 171.565 80.5557 14.461
    endloop
  endfacet
  facet normal -0.792537 -0.475001 0.382439
    outer loop
      vertex 171.676 80.2818 14.3159
      vertex 171.653 80.437 14.461
      vertex 171.603 80.4036 14.3159
    endloop
  endfacet
  facet normal -0.708462 -0.523817 0.472967
    outer loop
      vertex 171.541 80.3624 14.1774
      vertex 171.603 80.4036 14.3159
      vertex 171.461 80.4706 14.1774
    endloop
  endfacet
  facet normal -0.829834 -0.298144 0.471684
    outer loop
      vertex 171.784 80.0199 14.3159
      vertex 171.736 80.1535 14.3159
      vertex 171.713 79.9984 14.1774
    endloop
  endfacet
  facet normal -0.92337 -0.328395 0.198856
    outer loop
      vertex 171.885 80.0505 14.6112
      vertex 171.915 80.0594 14.7652
      vertex 171.834 80.1939 14.6112
    endloop
  endfacet
  facet normal -0.922468 -0.334182 0.193328
    outer loop
      vertex 171.915 80.0594 14.7652
      vertex 171.862 80.2057 14.7652
      vertex 171.834 80.1939 14.6112
    endloop
  endfacet
  facet normal -0.766709 -0.11682 0.631277
    outer loop
      vertex 171.679 79.726 14.0469
      vertex 171.66 79.8507 14.0469
      vertex 171.563 79.8313 13.9255
    endloop
  endfacet
  facet normal -0.698255 -0.103131 0.708382
    outer loop
      vertex 171.58 79.7162 13.9255
      vertex 171.563 79.8313 13.9255
      vertex 171.469 79.7053 13.8145
    endloop
  endfacet
  facet normal -0.704849 -0.036395 0.708423
    outer loop
      vertex 171.586 79.6 13.9255
      vertex 171.58 79.7162 13.9255
      vertex 171.469 79.7053 13.8145
    endloop
  endfacet
  facet normal -0.703536 -0.0334063 0.709874
    outer loop
      vertex 171.474 79.6 13.8145
      vertex 171.586 79.6 13.9255
      vertex 171.469 79.7053 13.8145
    endloop
  endfacet
  facet normal -0.618609 -0.46411 0.633976
    outer loop
      vertex 171.469 80.314 14.0469
      vertex 171.393 80.4153 14.0469
      vertex 171.316 80.3521 13.9255
    endloop
  endfacet
  facet normal -0.574175 -0.271121 0.772539
    outer loop
      vertex 171.393 80.0112 13.8145
      vertex 171.348 80.1065 13.8145
      vertex 171.241 80.0493 13.7149
    endloop
  endfacet
  facet normal -0.542711 -0.329825 0.772451
    outer loop
      vertex 171.348 80.1065 13.8145
      vertex 171.293 80.197 13.8145
      vertex 171.241 80.0493 13.7149
    endloop
  endfacet
  facet normal -0.541307 -0.330724 0.773051
    outer loop
      vertex 171.241 80.0493 13.7149
      vertex 171.293 80.197 13.8145
      vertex 171.192 80.1295 13.7149
    endloop
  endfacet
  facet normal -0.750623 -0.355558 0.556905
    outer loop
      vertex 171.587 80.0918 14.0469
      vertex 171.668 80.1252 14.1774
      vertex 171.533 80.2058 14.0469
    endloop
  endfacet
  facet normal -0.524985 -0.477259 0.704709
    outer loop
      vertex 171.231 80.2817 13.8145
      vertex 171.316 80.3521 13.9255
      vertex 171.16 80.3598 13.8145
    endloop
  endfacet
  facet normal -0.0471449 -0.955815 -0.290164
    outer loop
      vertex 170.552 81.1446 15.3888
      vertex 170.548 81.0992 15.539
      vertex 170.4 81.1065 15.539
    endloop
  endfacet
  facet normal -0.330702 -0.699445 0.633572
    outer loop
      vertex 171.006 80.7334 14.0469
      vertex 170.892 80.7873 14.0469
      vertex 170.854 80.6953 13.9255
    endloop
  endfacet
  facet normal -0.46234 -0.620456 0.633464
    outer loop
      vertex 171.152 80.5164 13.9255
      vertex 171.215 80.5934 14.0469
      vertex 171.059 80.5857 13.9255
    endloop
  endfacet
  facet normal -0.426707 -0.470101 0.77261
    outer loop
      vertex 171.16 80.3598 13.8145
      vertex 171.082 80.4306 13.8145
      vertex 171.005 80.3368 13.7149
    endloop
  endfacet
  facet normal -0.420934 -0.569736 0.705844
    outer loop
      vertex 171.082 80.4306 13.8145
      vertex 171.152 80.5164 13.9255
      vertex 170.997 80.4934 13.8145
    endloop
  endfacet
  facet normal -0.49665 -0.667932 0.554261
    outer loop
      vertex 171.215 80.5934 14.0469
      vertex 171.162 80.7411 14.1774
      vertex 171.114 80.6685 14.0469
    endloop
  endfacet
  facet normal -0.214135 -0.598218 0.772193
    outer loop
      vertex 170.765 80.4806 13.7149
      vertex 170.811 80.5927 13.8145
      vertex 170.677 80.5121 13.7149
    endloop
  endfacet
  facet normal 0.25962 -0.728525 0.633916
    outer loop
      vertex 170.056 80.7345 13.9255
      vertex 170.027 80.8298 14.0469
      vertex 169.946 80.6953 13.9255
    endloop
  endfacet
  facet normal -0.260127 -0.728355 0.633903
    outer loop
      vertex 170.892 80.7873 14.0469
      vertex 170.773 80.8298 14.0469
      vertex 170.744 80.7345 13.9255
    endloop
  endfacet
  facet normal -0.04308 -0.881181 0.470812
    outer loop
      vertex 170.535 80.9658 14.1774
      vertex 170.4 81.0464 14.3159
      vertex 170.4 80.9724 14.1774
    endloop
  endfacet
  facet normal -0.30971 -0.870669 0.382119
    outer loop
      vertex 170.954 80.9363 14.3159
      vertex 170.977 80.9918 14.461
      vertex 170.837 81.0416 14.461
    endloop
  endfacet
  facet normal 0.224987 -0.896189 0.382394
    outer loop
      vertex 170.118 81.0186 14.3159
      vertex 170.106 81.0775 14.461
      vertex 169.963 81.0416 14.461
    endloop
  endfacet
  facet normal -0.14607 -0.984385 0.0982293
    outer loop
      vertex 170.712 81.1674 14.9215
      vertex 170.557 81.1904 14.9215
      vertex 170.555 81.1751 14.7652
    endloop
  endfacet
  facet normal 0.237954 -0.951816 0.193454
    outer loop
      vertex 169.949 81.0852 14.6112
      vertex 170.097 81.1222 14.6112
      vertex 169.941 81.1145 14.7652
    endloop
  endfacet
  facet normal 0.0471449 -0.955815 0.290164
    outer loop
      vertex 170.252 81.0992 14.461
      vertex 170.4 81.1065 14.461
      vertex 170.248 81.1446 14.6112
    endloop
  endfacet
  facet normal -0.659213 -0.726841 0.192718
    outer loop
      vertex 171.519 80.7191 14.7652
      vertex 171.404 80.8234 14.7652
      vertex 171.385 80.7998 14.6112
    endloop
  endfacet
  facet normal -0.418576 -0.887303 0.193618
    outer loop
      vertex 171.132 80.9688 14.6112
      vertex 171.146 80.9958 14.7652
      vertex 170.994 81.0339 14.6112
    endloop
  endfacet
  facet normal -0.592489 -0.652111 0.472977
    outer loop
      vertex 171.37 80.5704 14.1774
      vertex 171.423 80.6227 14.3159
      vertex 171.318 80.7181 14.3159
    endloop
  endfacet
  facet normal -0.595221 -0.651126 0.470901
    outer loop
      vertex 171.37 80.5704 14.1774
      vertex 171.318 80.7181 14.3159
      vertex 171.271 80.6609 14.1774
    endloop
  endfacet
  facet normal -0.241938 -0.965214 -0.0991354
    outer loop
      vertex 170.864 81.1293 15.0785
      vertex 170.859 81.1145 15.2348
      vertex 170.712 81.1674 15.0785
    endloop
  endfacet
  facet normal -0.429187 -0.903215 0
    outer loop
      vertex 171.012 81.0764 14.9215
      vertex 171.153 81.0094 15.0785
      vertex 171.012 81.0764 15.0785
    endloop
  endfacet
  facet normal -0.429187 -0.903215 -0
    outer loop
      vertex 171.153 81.0094 15.0785
      vertex 171.012 81.0764 14.9215
      vertex 171.153 81.0094 14.9215
    endloop
  endfacet
  facet normal -0.396073 -0.835213 -0.381505
    outer loop
      vertex 171.11 80.9286 15.539
      vertex 171.082 80.8756 15.6841
      vertex 170.954 80.9363 15.6841
    endloop
  endfacet
  facet normal -0.474697 -0.793244 -0.381347
    outer loop
      vertex 171.11 80.9286 15.539
      vertex 171.237 80.8526 15.539
      vertex 171.082 80.8756 15.6841
    endloop
  endfacet
  facet normal -0.333586 -0.937613 -0.0979886
    outer loop
      vertex 171.012 81.0764 15.0785
      vertex 171.006 81.0622 15.2348
      vertex 170.859 81.1145 15.2348
    endloop
  endfacet
  facet normal -0.592572 -0.799401 -0.0990758
    outer loop
      vertex 171.288 80.9287 15.0785
      vertex 171.414 80.8353 15.0785
      vertex 171.279 80.916 15.2348
    endloop
  endfacet
  facet normal -0.645299 -0.706486 0.29063
    outer loop
      vertex 171.497 80.6975 14.6112
      vertex 171.385 80.7998 14.6112
      vertex 171.356 80.7645 14.461
    endloop
  endfacet
  facet normal -0.569329 -0.769014 0.290657
    outer loop
      vertex 171.356 80.7645 14.461
      vertex 171.385 80.7998 14.6112
      vertex 171.237 80.8526 14.461
    endloop
  endfacet
  facet normal -0.58408 -0.788445 0.192888
    outer loop
      vertex 171.385 80.7998 14.6112
      vertex 171.404 80.8234 14.7652
      vertex 171.279 80.916 14.7652
    endloop
  endfacet
  facet normal -0.592572 -0.799401 0.0990758
    outer loop
      vertex 171.414 80.8353 14.9215
      vertex 171.288 80.9287 14.9215
      vertex 171.279 80.916 14.7652
    endloop
  endfacet
  facet normal -0.73835 -0.667183 -0.0985195
    outer loop
      vertex 171.635 80.6138 15.0785
      vertex 171.623 80.604 15.2348
      vertex 171.53 80.73 15.0785
    endloop
  endfacet
  facet normal -0.801524 -0.597962 0
    outer loop
      vertex 171.729 80.4878 14.9215
      vertex 171.635 80.6138 15.0785
      vertex 171.635 80.6138 14.9215
    endloop
  endfacet
  facet normal -0.801524 -0.597962 0
    outer loop
      vertex 171.635 80.6138 15.0785
      vertex 171.729 80.4878 14.9215
      vertex 171.729 80.4878 15.0785
    endloop
  endfacet
  facet normal 0.550531 -0.742728 -0.381144
    outer loop
      vertex 169.563 80.8526 15.539
      vertex 169.596 80.8026 15.6841
      vertex 169.482 80.7181 15.6841
    endloop
  endfacet
  facet normal 0.8349 -0.393703 -0.384629
    outer loop
      vertex 169.071 80.3101 15.539
      vertex 169.064 80.1535 15.6841
      vertex 169.008 80.1765 15.539
    endloop
  endfacet
  facet normal 0.965933 -0.241324 -0.0934678
    outer loop
      vertex 168.871 80.0639 15.0785
      vertex 168.885 80.0594 15.2348
      vertex 168.833 79.9118 15.0785
    endloop
  endfacet
  facet normal 0.966512 -0.237456 -0.0973131
    outer loop
      vertex 168.885 80.0594 15.2348
      vertex 168.848 79.9088 15.2348
      vertex 168.833 79.9118 15.0785
    endloop
  endfacet
  facet normal 0.944976 -0.144223 -0.293632
    outer loop
      vertex 168.878 79.9028 15.3888
      vertex 168.901 79.7477 15.539
      vertex 168.855 79.7521 15.3888
    endloop
  endfacet
  facet normal 0.954812 -0.0452518 -0.293745
    outer loop
      vertex 168.901 79.7477 15.539
      vertex 168.894 79.6 15.539
      vertex 168.855 79.7521 15.3888
    endloop
  endfacet
  facet normal 0.58408 -0.788445 -0.192888
    outer loop
      vertex 169.521 80.916 15.2348
      vertex 169.415 80.7998 15.3888
      vertex 169.396 80.8234 15.2348
    endloop
  endfacet
  facet normal 0.426465 -0.899173 -0.0980617
    outer loop
      vertex 169.788 81.0764 15.0785
      vertex 169.794 81.0622 15.2348
      vertex 169.654 80.9958 15.2348
    endloop
  endfacet
  facet normal 0.474668 -0.79328 0.38131
    outer loop
      vertex 169.596 80.8026 14.3159
      vertex 169.718 80.8756 14.3159
      vertex 169.563 80.8526 14.461
    endloop
  endfacet
  facet normal 0.738371 -0.667164 0.0984912
    outer loop
      vertex 169.281 80.7191 14.7652
      vertex 169.27 80.73 14.9215
      vertex 169.177 80.604 14.7652
    endloop
  endfacet
  facet normal 0.902654 -0.321028 -0.286629
    outer loop
      vertex 168.966 80.1939 15.3888
      vertex 168.958 80.0373 15.539
      vertex 168.915 80.0505 15.3888
    endloop
  endfacet
  facet normal 0.900859 -0.323584 -0.28939
    outer loop
      vertex 168.966 80.1939 15.3888
      vertex 169.008 80.1765 15.539
      vertex 168.958 80.0373 15.539
    endloop
  endfacet
  facet normal 0.822207 -0.492417 -0.285485
    outer loop
      vertex 169.11 80.4623 15.3888
      vertex 169.147 80.437 15.539
      vertex 169.071 80.3101 15.539
    endloop
  endfacet
  facet normal 0.772998 -0.0368094 -0.63334
    outer loop
      vertex 169.121 79.726 15.9531
      vertex 169.22 79.7162 16.0745
      vertex 169.115 79.6 15.9531
    endloop
  endfacet
  facet normal 0.989197 -0.146595 0
    outer loop
      vertex 168.81 79.7566 15.0785
      vertex 168.833 79.9118 14.9215
      vertex 168.833 79.9118 15.0785
    endloop
  endfacet
  facet normal 0.989197 -0.146595 0
    outer loop
      vertex 168.833 79.9118 14.9215
      vertex 168.81 79.7566 15.0785
      vertex 168.81 79.7566 14.9215
    endloop
  endfacet
  facet normal 0.68536 -0.174187 0.707064
    outer loop
      vertex 169.346 79.8096 13.8145
      vertex 169.372 79.9119 13.8145
      vertex 169.237 79.8313 13.9255
    endloop
  endfacet
  facet normal 0.970184 -0.148071 0.191881
    outer loop
      vertex 168.855 79.7521 14.6112
      vertex 168.878 79.9028 14.6112
      vertex 168.825 79.7551 14.7652
    endloop
  endfacet
  facet normal 0.970075 -0.145164 0.194631
    outer loop
      vertex 168.878 79.9028 14.6112
      vertex 168.848 79.9088 14.7652
      vertex 168.825 79.7551 14.7652
    endloop
  endfacet
  facet normal 0.894541 -0.227371 0.384836
    outer loop
      vertex 168.981 79.8822 14.3159
      vertex 169.016 80.0199 14.3159
      vertex 168.958 80.0373 14.461
    endloop
  endfacet
  facet normal 0.948515 -0.136244 0.285933
    outer loop
      vertex 168.901 79.7477 14.461
      vertex 168.922 79.8939 14.461
      vertex 168.878 79.9028 14.6112
    endloop
  endfacet
  facet normal 0.952541 -0.234024 0.194678
    outer loop
      vertex 168.878 79.9028 14.6112
      vertex 168.885 80.0594 14.7652
      vertex 168.848 79.9088 14.7652
    endloop
  endfacet
  facet normal 0.922468 -0.334182 0.193328
    outer loop
      vertex 168.966 80.1939 14.6112
      vertex 168.938 80.2057 14.7652
      vertex 168.885 80.0594 14.7652
    endloop
  endfacet
  facet normal 0.789565 -0.581037 -0.197444
    outer loop
      vertex 169.2 80.5846 15.3888
      vertex 169.11 80.4623 15.3888
      vertex 169.084 80.4793 15.2348
    endloop
  endfacet
  facet normal 0.771086 -0.567438 -0.288861
    outer loop
      vertex 169.2 80.5846 15.3888
      vertex 169.235 80.5557 15.539
      vertex 169.11 80.4623 15.3888
    endloop
  endfacet
  facet normal 0.886965 -0.418684 0.194928
    outer loop
      vertex 169.031 80.3316 14.6112
      vertex 169.004 80.3461 14.7652
      vertex 168.966 80.1939 14.6112
    endloop
  endfacet
  facet normal 0.840363 -0.504723 -0.197596
    outer loop
      vertex 169.084 80.4793 15.2348
      vertex 169.11 80.4623 15.3888
      vertex 169.004 80.3461 15.2348
    endloop
  endfacet
  facet normal 0.713837 -0.426448 0.555498
    outer loop
      vertex 169.267 80.2058 14.0469
      vertex 169.259 80.3624 14.1774
      vertex 169.19 80.2469 14.1774
    endloop
  endfacet
  facet normal 0.550531 -0.742728 0.381144
    outer loop
      vertex 169.596 80.8026 14.3159
      vertex 169.563 80.8526 14.461
      vertex 169.482 80.7181 14.3159
    endloop
  endfacet
  facet normal 0.786793 -0.586782 0.191427
    outer loop
      vertex 169.2 80.5846 14.6112
      vertex 169.177 80.604 14.7652
      vertex 169.084 80.4793 14.7652
    endloop
  endfacet
  facet normal 0.899994 -0.425544 0.0944584
    outer loop
      vertex 169.004 80.3461 14.7652
      vertex 168.991 80.3533 14.9215
      vertex 168.924 80.2116 14.9215
    endloop
  endfacet
  facet normal 0.549991 -0.742894 0.381599
    outer loop
      vertex 169.482 80.7181 14.3159
      vertex 169.563 80.8526 14.461
      vertex 169.444 80.7645 14.461
    endloop
  endfacet
  facet normal 0.495455 -0.666324 0.557259
    outer loop
      vertex 169.585 80.5934 14.0469
      vertex 169.686 80.6685 14.0469
      vertex 169.529 80.6609 14.1774
    endloop
  endfacet
  facet normal 0.941236 -0.337749 0
    outer loop
      vertex 168.871 80.0639 15.0785
      vertex 168.924 80.2116 14.9215
      vertex 168.924 80.2116 15.0785
    endloop
  endfacet
  facet normal 0.941236 -0.337749 0
    outer loop
      vertex 168.924 80.2116 14.9215
      vertex 168.871 80.0639 15.0785
      vertex 168.871 80.0639 14.9215
    endloop
  endfacet
  facet normal 0.296267 -0.830539 -0.471625
    outer loop
      vertex 169.98 80.9841 15.6841
      vertex 170.002 80.9133 15.8226
      vertex 169.846 80.9363 15.6841
    endloop
  endfacet
  facet normal 0.5821 -0.789396 -0.19497
    outer loop
      vertex 169.521 80.916 15.2348
      vertex 169.538 80.8905 15.3888
      vertex 169.415 80.7998 15.3888
    endloop
  endfacet
  facet normal 0.418576 -0.887303 -0.193618
    outer loop
      vertex 169.806 81.0339 15.3888
      vertex 169.668 80.9688 15.3888
      vertex 169.654 80.9958 15.2348
    endloop
  endfacet
  facet normal 0.33491 -0.936989 -0.0994369
    outer loop
      vertex 169.936 81.1293 15.0785
      vertex 169.941 81.1145 15.2348
      vertex 169.788 81.0764 15.0785
    endloop
  endfacet
  facet normal 0.243136 -0.969992 0
    outer loop
      vertex 169.936 81.1293 14.9215
      vertex 170.088 81.1674 15.0785
      vertex 169.936 81.1293 15.0785
    endloop
  endfacet
  facet normal 0.243136 -0.969992 0
    outer loop
      vertex 170.088 81.1674 15.0785
      vertex 169.936 81.1293 14.9215
      vertex 170.088 81.1674 14.9215
    endloop
  endfacet
  facet normal 0.322672 -0.900632 0.29111
    outer loop
      vertex 169.824 80.9918 14.461
      vertex 169.963 81.0416 14.461
      vertex 169.806 81.0339 14.6112
    endloop
  endfacet
  facet normal 0.50621 -0.840451 0.193371
    outer loop
      vertex 169.668 80.9688 14.6112
      vertex 169.654 80.9958 14.7652
      vertex 169.538 80.8905 14.6112
    endloop
  endfacet
  facet normal 0.374735 -0.411731 0.830693
    outer loop
      vertex 169.818 80.1816 13.6276
      vertex 169.795 80.3368 13.7149
      vertex 169.726 80.274 13.7149
    endloop
  endfacet
  facet normal 0.316088 -0.349913 0.881844
    outer loop
      vertex 169.966 80.1288 13.5536
      vertex 169.878 80.2358 13.6276
      vertex 169.818 80.1816 13.6276
    endloop
  endfacet
  facet normal -0.0740593 -0.0649643 0.995136
    outer loop
      vertex 170.461 79.6498 13.4019
      vertex 170.566 79.766 13.4173
      vertex 170.456 79.6555 13.4019
    endloop
  endfacet
  facet normal 0.372596 -0.091575 -0.923464
    outer loop
      vertex 169.745 79.7986 16.4464
      vertex 169.871 79.7052 16.5065
      vertex 169.729 79.7335 16.4464
    endloop
  endfacet
  facet normal -0.115569 -0.157825 -0.980681
    outer loop
      vertex 170.616 79.9232 16.552
      vertex 170.647 79.9005 16.552
      vertex 170.549 79.7815 16.5827
    endloop
  endfacet
  facet normal 0.0152261 -0.0968933 -0.995178
    outer loop
      vertex 170.392 79.6781 16.5981
      vertex 170.385 79.677 16.5981
      vertex 170.354 79.8303 16.5827
    endloop
  endfacet
  facet normal 0.156166 -0.11818 -0.980635
    outer loop
      vertex 170.219 79.7489 16.5827
      vertex 170.205 79.7304 16.5827
      vertex 170.077 79.816 16.552
    endloop
  endfacet
  facet normal -0.345527 -0.165079 0.923775
    outer loop
      vertex 171.032 79.8618 13.5536
      vertex 171.003 79.9225 13.5536
      vertex 170.875 79.8541 13.4935
    endloop
  endfacet
  facet normal 0.0232653 -0.471122 0.881761
    outer loop
      vertex 170.4 80.2841 13.5536
      vertex 170.4 80.4226 13.6276
      vertex 170.319 80.4186 13.6276
    endloop
  endfacet
  facet normal 0.355686 -0.752286 0.554574
    outer loop
      vertex 169.908 80.7873 14.0469
      vertex 169.875 80.8679 14.1774
      vertex 169.794 80.7334 14.0469
    endloop
  endfacet
  facet normal 0.35518 -0.752291 0.554893
    outer loop
      vertex 169.794 80.7334 14.0469
      vertex 169.875 80.8679 14.1774
      vertex 169.753 80.8103 14.1774
    endloop
  endfacet
  facet normal 0.224181 -0.896723 0.381617
    outer loop
      vertex 169.98 80.9841 14.3159
      vertex 170.118 81.0186 14.3159
      vertex 169.963 81.0416 14.461
    endloop
  endfacet
  facet normal 0.13585 -0.914015 0.382258
    outer loop
      vertex 170.118 81.0186 14.3159
      vertex 170.252 81.0992 14.461
      vertex 170.106 81.0775 14.461
    endloop
  endfacet
  facet normal 0.296267 -0.830539 0.471625
    outer loop
      vertex 170.002 80.9133 14.1774
      vertex 169.98 80.9841 14.3159
      vertex 169.846 80.9363 14.3159
    endloop
  endfacet
  facet normal 0.279805 -0.783455 0.554894
    outer loop
      vertex 170.027 80.8298 14.0469
      vertex 170.002 80.9133 14.1774
      vertex 169.908 80.7873 14.0469
    endloop
  endfacet
  facet normal 0.398692 -0.663463 0.633137
    outer loop
      vertex 169.741 80.5857 13.9255
      vertex 169.794 80.7334 14.0469
      vertex 169.686 80.6685 14.0469
    endloop
  endfacet
  facet normal 0.303373 -0.639642 0.706274
    outer loop
      vertex 169.893 80.5476 13.8145
      vertex 169.946 80.6953 13.9255
      vertex 169.841 80.6455 13.9255
    endloop
  endfacet
  facet normal 0.476154 -0.524576 0.70576
    outer loop
      vertex 169.718 80.4306 13.8145
      vertex 169.648 80.5164 13.9255
      vertex 169.64 80.3598 13.8145
    endloop
  endfacet
  facet normal 0.476341 -0.524524 0.705673
    outer loop
      vertex 169.64 80.3598 13.8145
      vertex 169.648 80.5164 13.9255
      vertex 169.562 80.4383 13.9255
    endloop
  endfacet
  facet normal 0.239388 -0.502714 0.830645
    outer loop
      vertex 170.012 80.3254 13.6276
      vertex 170.035 80.4806 13.7149
      vertex 169.951 80.4406 13.7149
    endloop
  endfacet
  facet normal 0.324548 -0.546536 0.771989
    outer loop
      vertex 169.87 80.3925 13.7149
      vertex 169.951 80.4406 13.7149
      vertex 169.803 80.4934 13.8145
    endloop
  endfacet
  facet normal 0.331351 -0.698632 0.634129
    outer loop
      vertex 169.841 80.6455 13.9255
      vertex 169.946 80.6953 13.9255
      vertex 169.794 80.7334 14.0469
    endloop
  endfacet
  facet normal 0.270203 -0.575155 0.772131
    outer loop
      vertex 170.035 80.4806 13.7149
      vertex 169.989 80.5927 13.8145
      vertex 169.893 80.5476 13.8145
    endloop
  endfacet
  facet normal 0.187393 -0.523511 0.831156
    outer loop
      vertex 170.161 80.3871 13.6276
      vertex 170.123 80.5121 13.7149
      vertex 170.035 80.4806 13.7149
    endloop
  endfacet
  facet normal 0.214073 -0.598044 0.772344
    outer loop
      vertex 170.123 80.5121 13.7149
      vertex 170.088 80.6282 13.8145
      vertex 170.035 80.4806 13.7149
    endloop
  endfacet
  facet normal -0.0274475 -0.555813 0.830854
    outer loop
      vertex 170.481 80.4186 13.6276
      vertex 170.4 80.5531 13.7149
      vertex 170.4 80.4226 13.6276
    endloop
  endfacet
  facet normal 0.103357 -0.700159 0.706467
    outer loop
      vertex 170.19 80.6538 13.8145
      vertex 170.295 80.6693 13.8145
      vertex 170.169 80.7627 13.9255
    endloop
  endfacet
  facet normal 0.630141 -0.0953727 0.770601
    outer loop
      vertex 169.451 79.6934 13.7149
      vertex 169.465 79.7859 13.7149
      vertex 169.331 79.7053 13.8145
    endloop
  endfacet
  facet normal 0.523322 -0.185917 0.831606
    outer loop
      vertex 169.613 79.8388 13.6276
      vertex 169.64 79.9148 13.6276
      vertex 169.519 79.9647 13.7149
    endloop
  endfacet
  facet normal 0.541307 -0.330724 0.773051
    outer loop
      vertex 169.559 80.0493 13.7149
      vertex 169.608 80.1295 13.7149
      vertex 169.507 80.197 13.8145
    endloop
  endfacet
  facet normal 0.604373 -0.367299 0.706983
    outer loop
      vertex 169.452 80.1065 13.8145
      vertex 169.507 80.197 13.8145
      vertex 169.354 80.1589 13.9255
    endloop
  endfacet
  facet normal 0.574029 -0.271408 0.772547
    outer loop
      vertex 169.519 79.9647 13.7149
      vertex 169.559 80.0493 13.7149
      vertex 169.452 80.1065 13.8145
    endloop
  endfacet
  facet normal 0.7267 -0.258588 0.636427
    outer loop
      vertex 169.266 79.9441 13.9255
      vertex 169.305 80.0537 13.9255
      vertex 169.17 79.9731 14.0469
    endloop
  endfacet
  facet normal 0.703457 -0.327656 0.630706
    outer loop
      vertex 169.305 80.0537 13.9255
      vertex 169.354 80.1589 13.9255
      vertex 169.267 80.2058 14.0469
    endloop
  endfacet
  facet normal 0.542711 -0.329825 0.772451
    outer loop
      vertex 169.559 80.0493 13.7149
      vertex 169.507 80.197 13.8145
      vertex 169.452 80.1065 13.8145
    endloop
  endfacet
  facet normal 0.36002 -0.13102 0.923699
    outer loop
      vertex 169.902 79.8063 13.4935
      vertex 169.768 79.8618 13.5536
      vertex 169.745 79.7986 13.5536
    endloop
  endfacet
  facet normal 0.782731 -0.277783 0.556928
    outer loop
      vertex 169.213 80.0918 14.0469
      vertex 169.132 80.1252 14.1774
      vertex 169.087 79.9984 14.1774
    endloop
  endfacet
  facet normal 0.832332 -0.295386 0.469011
    outer loop
      vertex 169.087 79.9984 14.1774
      vertex 169.132 80.1252 14.1774
      vertex 169.064 80.1535 14.3159
    endloop
  endfacet
  facet normal 0.783257 -0.283741 0.553172
    outer loop
      vertex 169.17 79.9731 14.0469
      vertex 169.213 80.0918 14.0469
      vertex 169.087 79.9984 14.1774
    endloop
  endfacet
  facet normal 0.792784 -0.474796 0.38218
    outer loop
      vertex 169.124 80.2818 14.3159
      vertex 169.147 80.437 14.461
      vertex 169.071 80.3101 14.461
    endloop
  endfacet
  facet normal 0.8371 -0.391473 0.382116
    outer loop
      vertex 169.124 80.2818 14.3159
      vertex 169.071 80.3101 14.461
      vertex 169.064 80.1535 14.3159
    endloop
  endfacet
  facet normal 0.201605 -0.426584 0.881692
    outer loop
      vertex 170.138 80.232 13.5536
      vertex 170.085 80.3599 13.6276
      vertex 170.012 80.3254 13.6276
    endloop
  endfacet
  facet normal 0.234707 -0.171198 0.956872
    outer loop
      vertex 170.077 79.816 13.4479
      vertex 169.983 79.942 13.4935
      vertex 169.952 79.8995 13.4935
    endloop
  endfacet
  facet normal 0.24981 -0.148565 0.95683
    outer loop
      vertex 170.077 79.816 13.4479
      vertex 169.952 79.8995 13.4935
      vertex 169.925 79.8541 13.4935
    endloop
  endfacet
  facet normal 0.425854 -0.203456 0.88162
    outer loop
      vertex 169.768 79.8618 13.5536
      vertex 169.797 79.9225 13.5536
      vertex 169.675 79.9878 13.6276
    endloop
  endfacet
  facet normal 0.18737 -0.523534 0.831146
    outer loop
      vertex 170.085 80.3599 13.6276
      vertex 170.161 80.3871 13.6276
      vertex 170.035 80.4806 13.7149
    endloop
  endfacet
  facet normal 0.203203 -0.424815 0.88218
    outer loop
      vertex 170.078 80.2033 13.5536
      vertex 170.138 80.232 13.5536
      vertex 170.012 80.3254 13.6276
    endloop
  endfacet
  facet normal 0.0653546 -0.18381 0.980787
    outer loop
      vertex 170.31 79.8169 13.4173
      vertex 170.287 79.972 13.4479
      vertex 170.251 79.9592 13.4479
    endloop
  endfacet
  facet normal 0.240671 -0.404607 0.882253
    outer loop
      vertex 170.02 80.1688 13.5536
      vertex 170.078 80.2033 13.5536
      vertex 170.012 80.3254 13.6276
    endloop
  endfacet
  facet normal -0.448887 -0.328308 0.831092
    outer loop
      vertex 171.192 80.1295 13.7149
      vertex 171.137 80.2047 13.7149
      vertex 171.036 80.1218 13.6276
    endloop
  endfacet
  facet normal -0.0927056 -0.628006 0.772667
    outer loop
      vertex 170.586 80.5348 13.7149
      vertex 170.61 80.6538 13.8145
      vertex 170.505 80.6693 13.8145
    endloop
  endfacet
  facet normal -0.370983 -0.0940113 0.923869
    outer loop
      vertex 170.929 79.7052 13.4935
      vertex 171.055 79.7986 13.5536
      vertex 170.916 79.7565 13.4935
    endloop
  endfacet
  facet normal -0.443066 -0.161242 0.881869
    outer loop
      vertex 171.055 79.7986 13.5536
      vertex 171.16 79.9148 13.6276
      vertex 171.032 79.8618 13.5536
    endloop
  endfacet
  facet normal -0.685827 -0.176321 0.706083
    outer loop
      vertex 171.563 79.8313 13.9255
      vertex 171.534 79.9441 13.9255
      vertex 171.428 79.9119 13.8145
    endloop
  endfacet
  facet normal -0.469801 -0.0233152 0.882464
    outer loop
      vertex 171.223 79.6 13.6276
      vertex 171.219 79.6806 13.6276
      vertex 171.084 79.6 13.5536
    endloop
  endfacet
  facet normal -0.281433 -0.0713184 0.956927
    outer loop
      vertex 170.929 79.7052 13.4935
      vertex 170.916 79.7565 13.4935
      vertex 170.772 79.7129 13.4479
    endloop
  endfacet
  facet normal -0.445707 -0.158343 0.881063
    outer loop
      vertex 171.187 79.8388 13.6276
      vertex 171.16 79.9148 13.6276
      vertex 171.055 79.7986 13.5536
    endloop
  endfacet
  facet normal -0.1431 -0.13147 0.980937
    outer loop
      vertex 170.701 79.8466 13.4479
      vertex 170.675 79.8749 13.4479
      vertex 170.581 79.7489 13.4173
    endloop
  endfacet
  facet normal -0.083805 -0.0510487 0.995174
    outer loop
      vertex 170.607 79.7107 13.4173
      vertex 170.595 79.7304 13.4173
      vertex 170.465 79.6436 13.4019
    endloop
  endfacet
  facet normal -0.192663 -0.0306626 0.980786
    outer loop
      vertex 170.787 79.6381 13.4479
      vertex 170.781 79.6758 13.4479
      vertex 170.63 79.6458 13.4173
    endloop
  endfacet
  facet normal 0.024222 -0.0951577 0.995167
    outer loop
      vertex 170.377 79.6751 13.4019
      vertex 170.354 79.8303 13.4173
      vertex 170.332 79.8247 13.4173
    endloop
  endfacet
  facet normal 0.474697 -0.793244 -0.381347
    outer loop
      vertex 169.69 80.9286 15.539
      vertex 169.718 80.8756 15.6841
      vertex 169.563 80.8526 15.539
    endloop
  endfacet
  facet normal 0.427149 -0.898926 -0.0973476
    outer loop
      vertex 169.788 81.0764 15.0785
      vertex 169.654 80.9958 15.2348
      vertex 169.647 81.0094 15.0785
    endloop
  endfacet
  facet normal 0.782731 -0.277783 -0.556928
    outer loop
      vertex 169.132 80.1252 15.8226
      vertex 169.213 80.0918 15.9531
      vertex 169.087 79.9984 15.8226
    endloop
  endfacet
  facet normal 0.783257 -0.283741 -0.553172
    outer loop
      vertex 169.213 80.0918 15.9531
      vertex 169.17 79.9731 15.9531
      vertex 169.087 79.9984 15.8226
    endloop
  endfacet
  facet normal 0.565117 -0.423082 -0.708268
    outer loop
      vertex 169.484 80.3521 16.0745
      vertex 169.507 80.197 16.1855
      vertex 169.414 80.2586 16.0745
    endloop
  endfacet
  facet normal 0.377282 -0.510652 -0.772589
    outer loop
      vertex 169.803 80.4934 16.1855
      vertex 169.795 80.3368 16.2851
      vertex 169.718 80.4306 16.1855
    endloop
  endfacet
  facet normal 0.213902 -0.85561 -0.471358
    outer loop
      vertex 170.118 81.0186 15.6841
      vertex 170.002 80.9133 15.8226
      vertex 169.98 80.9841 15.6841
    endloop
  endfacet
  facet normal -0.202372 -0.806842 -0.555024
    outer loop
      vertex 170.798 80.9133 15.8226
      vertex 170.773 80.8298 15.9531
      vertex 170.651 80.8604 15.9531
    endloop
  endfacet
  facet normal 0.323008 -0.900394 -0.291473
    outer loop
      vertex 169.949 81.0852 15.3888
      vertex 169.963 81.0416 15.539
      vertex 169.806 81.0339 15.3888
    endloop
  endfacet
  facet normal 0.331326 -0.92358 -0.192932
    outer loop
      vertex 169.941 81.1145 15.2348
      vertex 169.949 81.0852 15.3888
      vertex 169.806 81.0339 15.3888
    endloop
  endfacet
  facet normal 0.0487503 -0.993999 -0.0979251
    outer loop
      vertex 170.4 81.1981 15.0785
      vertex 170.245 81.1751 15.2348
      vertex 170.243 81.1904 15.0785
    endloop
  endfacet
  facet normal -0.965577 -0.241236 -0.097296
    outer loop
      vertex 171.967 79.9118 15.0785
      vertex 171.952 79.9088 15.2348
      vertex 171.929 80.0639 15.0785
    endloop
  endfacet
  facet normal -0.966872 -0.237545 -0.0934431
    outer loop
      vertex 171.929 80.0639 15.0785
      vertex 171.952 79.9088 15.2348
      vertex 171.915 80.0594 15.2348
    endloop
  endfacet
  facet normal -0.85307 -0.512354 -0.0988159
    outer loop
      vertex 171.729 80.4878 15.0785
      vertex 171.796 80.3461 15.2348
      vertex 171.716 80.4793 15.2348
    endloop
  endfacet
  facet normal -0.936834 -0.336169 -0.0966032
    outer loop
      vertex 171.876 80.2116 15.0785
      vertex 171.929 80.0639 15.0785
      vertex 171.862 80.2057 15.2348
    endloop
  endfacet
  facet normal -0.900756 -0.423432 -0.0966656
    outer loop
      vertex 171.876 80.2116 15.0785
      vertex 171.862 80.2057 15.2348
      vertex 171.796 80.3461 15.2348
    endloop
  endfacet
  facet normal -0.8349 -0.393703 -0.384629
    outer loop
      vertex 171.792 80.1765 15.539
      vertex 171.736 80.1535 15.6841
      vertex 171.729 80.3101 15.539
    endloop
  endfacet
  facet normal -0.896138 -0.224972 -0.382524
    outer loop
      vertex 171.842 80.0373 15.539
      vertex 171.878 79.8939 15.539
      vertex 171.819 79.8822 15.6841
    endloop
  endfacet
  facet normal -0.929368 -0.233314 -0.286076
    outer loop
      vertex 171.922 79.9028 15.3888
      vertex 171.878 79.8939 15.539
      vertex 171.842 80.0373 15.539
    endloop
  endfacet
  facet normal -0.704849 -0.036395 -0.708423
    outer loop
      vertex 171.58 79.7162 16.0745
      vertex 171.586 79.6 16.0745
      vertex 171.469 79.7053 16.1855
    endloop
  endfacet
  facet normal -0.77436 -0.0399842 -0.63148
    outer loop
      vertex 171.685 79.6 15.9531
      vertex 171.586 79.6 16.0745
      vertex 171.58 79.7162 16.0745
    endloop
  endfacet
  facet normal -0.902654 -0.321028 -0.286629
    outer loop
      vertex 171.885 80.0505 15.3888
      vertex 171.842 80.0373 15.539
      vertex 171.834 80.1939 15.3888
    endloop
  endfacet
  facet normal -0.914211 -0.131316 -0.383373
    outer loop
      vertex 171.878 79.8939 15.539
      vertex 171.899 79.7477 15.539
      vertex 171.839 79.7418 15.6841
    endloop
  endfacet
  facet normal -0.969643 -0.147988 -0.194657
    outer loop
      vertex 171.952 79.9088 15.2348
      vertex 171.945 79.7521 15.3888
      vertex 171.922 79.9028 15.3888
    endloop
  endfacet
  facet normal -0.783257 -0.283741 -0.553172
    outer loop
      vertex 171.713 79.9984 15.8226
      vertex 171.63 79.9731 15.9531
      vertex 171.587 80.0918 15.9531
    endloop
  endfacet
  facet normal -0.772998 -0.0368094 -0.63334
    outer loop
      vertex 171.679 79.726 15.9531
      vertex 171.685 79.6 15.9531
      vertex 171.58 79.7162 16.0745
    endloop
  endfacet
  facet normal -0.782731 -0.277783 -0.556928
    outer loop
      vertex 171.668 80.1252 15.8226
      vertex 171.713 79.9984 15.8226
      vertex 171.587 80.0918 15.9531
    endloop
  endfacet
  facet normal -0.750623 -0.355558 -0.556905
    outer loop
      vertex 171.668 80.1252 15.8226
      vertex 171.587 80.0918 15.9531
      vertex 171.533 80.2058 15.9531
    endloop
  endfacet
  facet normal -0.615537 -0.155918 -0.772531
    outer loop
      vertex 171.454 79.8096 16.1855
      vertex 171.335 79.7859 16.2851
      vertex 171.312 79.8767 16.2851
    endloop
  endfacet
  facet normal -0.698255 -0.103131 -0.708382
    outer loop
      vertex 171.563 79.8313 16.0745
      vertex 171.58 79.7162 16.0745
      vertex 171.469 79.7053 16.1855
    endloop
  endfacet
  facet normal -0.970606 -0.145244 -0.191908
    outer loop
      vertex 171.952 79.9088 15.2348
      vertex 171.975 79.7551 15.2348
      vertex 171.945 79.7521 15.3888
    endloop
  endfacet
  facet normal -0.929357 -0.232811 -0.286521
    outer loop
      vertex 171.885 80.0505 15.3888
      vertex 171.922 79.9028 15.3888
      vertex 171.842 80.0373 15.539
    endloop
  endfacet
  facet normal -0.994142 -0.0507863 -0.0954071
    outer loop
      vertex 171.99 79.7566 15.0785
      vertex 171.998 79.6 15.0785
      vertex 171.983 79.6 15.2348
    endloop
  endfacet
  facet normal -0.635293 -0.0272074 -0.771792
    outer loop
      vertex 171.474 79.6 16.1855
      vertex 171.353 79.6 16.2851
      vertex 171.349 79.6934 16.2851
    endloop
  endfacet
  facet normal -0.557338 -0.0238689 -0.829942
    outer loop
      vertex 171.349 79.6934 16.2851
      vertex 171.353 79.6 16.2851
      vertex 171.223 79.6 16.3724
    endloop
  endfacet
  facet normal -0.703536 -0.0334063 -0.709874
    outer loop
      vertex 171.586 79.6 16.0745
      vertex 171.474 79.6 16.1855
      vertex 171.469 79.7053 16.1855
    endloop
  endfacet
  facet normal -0.994142 -0.0507863 0.0954071
    outer loop
      vertex 171.998 79.6 14.9215
      vertex 171.99 79.7566 14.9215
      vertex 171.983 79.6 14.7652
    endloop
  endfacet
  facet normal -0.998698 -0.051019 0
    outer loop
      vertex 171.998 79.6 14.9215
      vertex 171.99 79.7566 15.0785
      vertex 171.99 79.7566 14.9215
    endloop
  endfacet
  facet normal -0.998698 -0.051019 0
    outer loop
      vertex 171.99 79.7566 15.0785
      vertex 171.998 79.6 14.9215
      vertex 171.998 79.6 15.0785
    endloop
  endfacet
  facet normal -0.92315 -0.0455716 0.38173
    outer loop
      vertex 171.846 79.6 14.3159
      vertex 171.906 79.6 14.461
      vertex 171.839 79.7418 14.3159
    endloop
  endfacet
  facet normal -0.599078 -0.211155 -0.772346
    outer loop
      vertex 171.393 80.0112 16.1855
      vertex 171.428 79.9119 16.1855
      vertex 171.312 79.8767 16.2851
    endloop
  endfacet
  facet normal -0.565117 -0.423082 -0.708268
    outer loop
      vertex 171.316 80.3521 16.0745
      vertex 171.386 80.2586 16.0745
      vertex 171.293 80.197 16.1855
    endloop
  endfacet
  facet normal -0.466018 -0.0699902 -0.882003
    outer loop
      vertex 171.207 79.7605 16.3724
      vertex 171.219 79.6806 16.3724
      vertex 171.071 79.7335 16.4464
    endloop
  endfacet
  facet normal -0.550284 -0.0826459 -0.830877
    outer loop
      vertex 171.335 79.7859 16.2851
      vertex 171.219 79.6806 16.3724
      vertex 171.207 79.7605 16.3724
    endloop
  endfacet
  facet normal -0.382805 -0.0217503 -0.923573
    outer loop
      vertex 171.084 79.6 16.4464
      vertex 170.939 79.6 16.5065
      vertex 170.936 79.6528 16.5065
    endloop
  endfacet
  facet normal -0.377487 -0.0568504 -0.924268
    outer loop
      vertex 171.071 79.7335 16.4464
      vertex 171.081 79.6671 16.4464
      vertex 170.936 79.6528 16.5065
    endloop
  endfacet
  facet normal -0.287616 -0.0457744 -0.956651
    outer loop
      vertex 170.936 79.6528 16.5065
      vertex 170.787 79.6381 16.552
      vertex 170.781 79.6758 16.552
    endloop
  endfacet
  facet normal -0.193269 -0.030759 -0.980664
    outer loop
      vertex 170.781 79.6758 16.552
      vertex 170.787 79.6381 16.552
      vertex 170.63 79.6458 16.5827
    endloop
  endfacet
  facet normal -0.286685 -0.0382976 -0.957259
    outer loop
      vertex 170.929 79.7052 16.5065
      vertex 170.936 79.6528 16.5065
      vertex 170.781 79.6758 16.552
    endloop
  endfacet
  facet normal -0.166886 -0.102071 -0.980679
    outer loop
      vertex 170.723 79.816 16.552
      vertex 170.743 79.7833 16.552
      vertex 170.607 79.7107 16.5827
    endloop
  endfacet
  facet normal -0.191757 -0.042803 -0.980509
    outer loop
      vertex 170.772 79.7129 16.552
      vertex 170.63 79.6458 16.5827
      vertex 170.625 79.6682 16.5827
    endloop
  endfacet
  facet normal -0.0951089 -0.0253624 -0.995144
    outer loop
      vertex 170.63 79.6458 16.5827
      vertex 170.477 79.6153 16.5981
      vertex 170.475 79.6228 16.5981
    endloop
  endfacet
  facet normal -0.014221 -0.28989 -0.956954
    outer loop
      vertex 170.4 80.139 16.5065
      vertex 170.453 80.1364 16.5065
      vertex 170.4 79.9888 16.552
    endloop
  endfacet
  facet normal 0.28072 -0.378972 -0.881803
    outer loop
      vertex 170.02 80.1688 16.4464
      vertex 169.966 80.1288 16.4464
      vertex 169.878 80.2358 16.3724
    endloop
  endfacet
  facet normal 0.10404 -0.699681 -0.70684
    outer loop
      vertex 170.284 80.7798 16.0745
      vertex 170.295 80.6693 16.1855
      vertex 170.169 80.7627 16.0745
    endloop
  endfacet
  facet normal 0.0379614 -0.772548 -0.63382
    outer loop
      vertex 170.4 80.8851 15.9531
      vertex 170.4 80.7855 16.0745
      vertex 170.284 80.7798 16.0745
    endloop
  endfacet
  facet normal 0.159369 -0.444259 -0.881609
    outer loop
      vertex 170.161 80.3871 16.3724
      vertex 170.201 80.2546 16.4464
      vertex 170.138 80.232 16.4464
    endloop
  endfacet
  facet normal -0.0313964 -0.633965 -0.772724
    outer loop
      vertex 170.4 80.6745 16.1855
      vertex 170.505 80.6693 16.1855
      vertex 170.4 80.5531 16.2851
    endloop
  endfacet
  facet normal 0.641192 -0.302766 -0.705128
    outer loop
      vertex 169.452 80.1065 16.1855
      vertex 169.407 80.0112 16.1855
      vertex 169.305 80.0537 16.0745
    endloop
  endfacet
  facet normal 0.699972 -0.100667 -0.70704
    outer loop
      vertex 169.346 79.8096 16.1855
      vertex 169.331 79.7053 16.1855
      vertex 169.237 79.8313 16.0745
    endloop
  endfacet
  facet normal 0.190211 -0.0461429 -0.980658
    outer loop
      vertex 170.028 79.7129 16.552
      vertex 170.17 79.6458 16.5827
      vertex 170.019 79.6758 16.552
    endloop
  endfacet
  facet normal 0.248312 -0.151873 -0.9567
    outer loop
      vertex 170.077 79.816 16.552
      vertex 170.057 79.7833 16.552
      vertex 169.925 79.8541 16.5065
    endloop
  endfacet
  facet normal -0.129162 -0.360053 -0.923948
    outer loop
      vertex 170.599 80.2546 16.4464
      vertex 170.662 80.232 16.4464
      vertex 170.556 80.1158 16.5065
    endloop
  endfacet
  facet normal 0.0187692 -0.382603 -0.923722
    outer loop
      vertex 170.4 80.2841 16.4464
      vertex 170.4 80.139 16.5065
      vertex 170.347 80.1364 16.5065
    endloop
  endfacet
  facet normal 0.428644 -0.713306 -0.55449
    outer loop
      vertex 169.794 80.7334 15.9531
      vertex 169.686 80.6685 15.9531
      vertex 169.638 80.7411 15.8226
    endloop
  endfacet
  facet normal 0.461711 -0.620942 -0.633446
    outer loop
      vertex 169.686 80.6685 15.9531
      vertex 169.648 80.5164 16.0745
      vertex 169.585 80.5934 15.9531
    endloop
  endfacet
  facet normal 0.425854 -0.203456 -0.88162
    outer loop
      vertex 169.797 79.9225 16.4464
      vertex 169.768 79.8618 16.4464
      vertex 169.675 79.9878 16.3724
    endloop
  endfacet
  facet normal 0.158278 -0.113794 -0.980815
    outer loop
      vertex 170.099 79.8466 16.552
      vertex 170.219 79.7489 16.5827
      vertex 170.077 79.816 16.552
    endloop
  endfacet
  facet normal -0.078592 -0.059475 -0.995131
    outer loop
      vertex 170.581 79.7489 16.5827
      vertex 170.595 79.7304 16.5827
      vertex 170.461 79.6498 16.5981
    endloop
  endfacet
  facet normal 0.014221 -0.28989 -0.956954
    outer loop
      vertex 170.4 80.139 16.5065
      vertex 170.4 79.9888 16.552
      vertex 170.347 80.1364 16.5065
    endloop
  endfacet
  facet normal 0.523322 -0.185917 -0.831606
    outer loop
      vertex 169.64 79.9148 16.3724
      vertex 169.613 79.8388 16.3724
      vertex 169.519 79.9647 16.2851
    endloop
  endfacet
  facet normal 0.599126 -0.211172 -0.772305
    outer loop
      vertex 169.407 80.0112 16.1855
      vertex 169.519 79.9647 16.2851
      vertex 169.372 79.9119 16.1855
    endloop
  endfacet
  facet normal 0.831478 -0.0370919 -0.554318
    outer loop
      vertex 169.034 79.7345 15.8226
      vertex 169.115 79.6 15.9531
      vertex 169.028 79.6 15.8226
    endloop
  endfacet
  facet normal -0.396624 -0.834667 -0.382125
    outer loop
      vertex 170.977 80.9918 15.539
      vertex 171.11 80.9286 15.539
      vertex 170.954 80.9363 15.6841
    endloop
  endfacet
  facet normal -0.296267 -0.830539 -0.471625
    outer loop
      vertex 170.82 80.9841 15.6841
      vertex 170.954 80.9363 15.6841
      vertex 170.798 80.9133 15.8226
    endloop
  endfacet
  facet normal 0.171302 -0.686421 -0.70674
    outer loop
      vertex 170.169 80.7627 16.0745
      vertex 170.088 80.6282 16.1855
      vertex 170.056 80.7345 16.0745
    endloop
  endfacet
  facet normal 0.103357 -0.700159 -0.706467
    outer loop
      vertex 170.295 80.6693 16.1855
      vertex 170.19 80.6538 16.1855
      vertex 170.169 80.7627 16.0745
    endloop
  endfacet
  facet normal 0.296746 -0.830103 -0.472092
    outer loop
      vertex 170.002 80.9133 15.8226
      vertex 169.875 80.8679 15.8226
      vertex 169.846 80.9363 15.6841
    endloop
  endfacet
  facet normal 0.260211 -0.728592 -0.633596
    outer loop
      vertex 170.027 80.8298 15.9531
      vertex 169.946 80.6953 16.0745
      vertex 169.908 80.7873 15.9531
    endloop
  endfacet
  facet normal -0.0347185 -0.706552 -0.706809
    outer loop
      vertex 170.516 80.7798 16.0745
      vertex 170.505 80.6693 16.1855
      vertex 170.4 80.7855 16.0745
    endloop
  endfacet
  facet normal -0.0454965 -0.922928 -0.382274
    outer loop
      vertex 170.4 81.1065 15.539
      vertex 170.542 81.0394 15.6841
      vertex 170.4 81.0464 15.6841
    endloop
  endfacet
  facet normal 0.04308 -0.881181 -0.470812
    outer loop
      vertex 170.4 81.0464 15.6841
      vertex 170.4 80.9724 15.8226
      vertex 170.265 80.9658 15.8226
    endloop
  endfacet
  facet normal 0.13585 -0.914015 -0.382258
    outer loop
      vertex 170.252 81.0992 15.539
      vertex 170.118 81.0186 15.6841
      vertex 170.106 81.0775 15.539
    endloop
  endfacet
  facet normal -0.214135 -0.598218 -0.772193
    outer loop
      vertex 170.811 80.5927 16.1855
      vertex 170.765 80.4806 16.2851
      vertex 170.677 80.5121 16.2851
    endloop
  endfacet
  facet normal -0.17141 -0.686856 -0.706291
    outer loop
      vertex 170.631 80.7627 16.0745
      vertex 170.744 80.7345 16.0745
      vertex 170.61 80.6538 16.1855
    endloop
  endfacet
  facet normal -0.324548 -0.546536 -0.771989
    outer loop
      vertex 170.997 80.4934 16.1855
      vertex 170.93 80.3925 16.2851
      vertex 170.849 80.4406 16.2851
    endloop
  endfacet
  facet normal -0.476154 -0.524576 -0.70576
    outer loop
      vertex 171.152 80.5164 16.0745
      vertex 171.16 80.3598 16.1855
      vertex 171.082 80.4306 16.1855
    endloop
  endfacet
  facet normal -0.355686 -0.752286 -0.554574
    outer loop
      vertex 170.925 80.8679 15.8226
      vertex 171.006 80.7334 15.9531
      vertex 170.892 80.7873 15.9531
    endloop
  endfacet
  facet normal -0.0379614 -0.772548 -0.63382
    outer loop
      vertex 170.4 80.8851 15.9531
      vertex 170.516 80.7798 16.0745
      vertex 170.4 80.7855 16.0745
    endloop
  endfacet
  facet normal -0.0349972 -0.706674 -0.706674
    outer loop
      vertex 170.4 80.7855 16.0745
      vertex 170.505 80.6693 16.1855
      vertex 170.4 80.6745 16.1855
    endloop
  endfacet
  facet normal 0.0313584 -0.633986 -0.772709
    outer loop
      vertex 170.4 80.5531 16.2851
      vertex 170.307 80.5485 16.2851
      vertex 170.295 80.6693 16.1855
    endloop
  endfacet
  facet normal -0.422397 -0.566853 -0.70729
    outer loop
      vertex 171.059 80.5857 16.0745
      vertex 171.152 80.5164 16.0745
      vertex 170.997 80.4934 16.1855
    endloop
  endfacet
  facet normal -0.525482 -0.475494 -0.705531
    outer loop
      vertex 171.238 80.4383 16.0745
      vertex 171.316 80.3521 16.0745
      vertex 171.16 80.3598 16.1855
    endloop
  endfacet
  facet normal -0.469443 -0.426766 -0.772978
    outer loop
      vertex 171.16 80.3598 16.1855
      vertex 171.137 80.2047 16.2851
      vertex 171.074 80.274 16.2851
    endloop
  endfacet
  facet normal -0.427058 -0.46922 -0.772952
    outer loop
      vertex 171.16 80.3598 16.1855
      vertex 171.074 80.274 16.2851
      vertex 171.005 80.3368 16.2851
    endloop
  endfacet
  facet normal -0.476341 -0.524524 -0.705673
    outer loop
      vertex 171.238 80.4383 16.0745
      vertex 171.16 80.3598 16.1855
      vertex 171.152 80.5164 16.0745
    endloop
  endfacet
  facet normal -0.36285 -0.606773 -0.707224
    outer loop
      vertex 171.059 80.5857 16.0745
      vertex 170.997 80.4934 16.1855
      vertex 170.959 80.6455 16.0745
    endloop
  endfacet
  facet normal -0.243131 -0.404241 -0.881746
    outer loop
      vertex 170.788 80.3254 16.3724
      vertex 170.857 80.2839 16.3724
      vertex 170.78 80.1688 16.4464
    endloop
  endfacet
  facet normal -0.286292 -0.476004 -0.831539
    outer loop
      vertex 170.93 80.3925 16.2851
      vertex 170.857 80.2839 16.3724
      vertex 170.788 80.3254 16.3724
    endloop
  endfacet
  facet normal -0.234235 -0.170854 -0.957049
    outer loop
      vertex 170.817 79.942 16.5065
      vertex 170.848 79.8995 16.5065
      vertex 170.723 79.816 16.552
    endloop
  endfacet
  facet normal -0.345527 -0.165079 -0.923775
    outer loop
      vertex 171.003 79.9225 16.4464
      vertex 171.032 79.8618 16.4464
      vertex 170.875 79.8541 16.5065
    endloop
  endfacet
  facet normal -0.668514 -0.737096 -0.0988904
    outer loop
      vertex 171.414 80.8353 15.0785
      vertex 171.519 80.7191 15.2348
      vertex 171.404 80.8234 15.2348
    endloop
  endfacet
  facet normal -0.504783 -0.841305 -0.193391
    outer loop
      vertex 171.146 80.9958 15.2348
      vertex 171.279 80.916 15.2348
      vertex 171.132 80.9688 15.3888
    endloop
  endfacet
  facet normal -0.595502 -0.803354 0
    outer loop
      vertex 171.288 80.9287 14.9215
      vertex 171.414 80.8353 15.0785
      vertex 171.288 80.9287 15.0785
    endloop
  endfacet
  facet normal -0.595502 -0.803354 -0
    outer loop
      vertex 171.414 80.8353 15.0785
      vertex 171.288 80.9287 14.9215
      vertex 171.414 80.8353 14.9215
    endloop
  endfacet
  facet normal -0.427149 -0.898926 -0.0973476
    outer loop
      vertex 171.153 81.0094 15.0785
      vertex 171.146 80.9958 15.2348
      vertex 171.012 81.0764 15.0785
    endloop
  endfacet
  facet normal -0.426465 -0.899173 -0.0980617
    outer loop
      vertex 171.012 81.0764 15.0785
      vertex 171.146 80.9958 15.2348
      vertex 171.006 81.0622 15.2348
    endloop
  endfacet
  facet normal -0.224987 -0.896189 -0.382394
    outer loop
      vertex 170.694 81.0775 15.539
      vertex 170.837 81.0416 15.539
      vertex 170.682 81.0186 15.6841
    endloop
  endfacet
  facet normal -0.310581 -0.870668 -0.381415
    outer loop
      vertex 170.837 81.0416 15.539
      vertex 170.954 80.9363 15.6841
      vertex 170.82 80.9841 15.6841
    endloop
  endfacet
  facet normal -0.376296 -0.797015 -0.472407
    outer loop
      vertex 170.954 80.9363 15.6841
      vertex 171.047 80.8103 15.8226
      vertex 170.925 80.8679 15.8226
    endloop
  endfacet
  facet normal -0.428644 -0.713306 -0.55449
    outer loop
      vertex 171.162 80.7411 15.8226
      vertex 171.114 80.6685 15.9531
      vertex 171.006 80.7334 15.9531
    endloop
  endfacet
  facet normal -0.652157 -0.594652 -0.470192
    outer loop
      vertex 171.518 80.5176 15.6841
      vertex 171.461 80.4706 15.8226
      vertex 171.37 80.5704 15.8226
    endloop
  endfacet
  facet normal -0.74225 -0.550278 -0.382438
    outer loop
      vertex 171.653 80.437 15.539
      vertex 171.603 80.4036 15.6841
      vertex 171.565 80.5557 15.539
    endloop
  endfacet
  facet normal -0.797623 -0.595052 -0.0985475
    outer loop
      vertex 171.635 80.6138 15.0785
      vertex 171.729 80.4878 15.0785
      vertex 171.623 80.604 15.2348
    endloop
  endfacet
  facet normal -0.668867 -0.736833 0.0984582
    outer loop
      vertex 171.519 80.7191 14.7652
      vertex 171.53 80.73 14.9215
      vertex 171.414 80.8353 14.9215
    endloop
  endfacet
  facet normal -0.613727 -0.559611 -0.556934
    outer loop
      vertex 171.461 80.4706 15.8226
      vertex 171.393 80.4153 15.9531
      vertex 171.37 80.5704 15.8226
    endloop
  endfacet
  facet normal -0.664195 -0.49831 -0.557255
    outer loop
      vertex 171.461 80.4706 15.8226
      vertex 171.469 80.314 15.9531
      vertex 171.393 80.4153 15.9531
    endloop
  endfacet
  facet normal -0.792784 -0.474796 -0.38218
    outer loop
      vertex 171.729 80.3101 15.539
      vertex 171.676 80.2818 15.6841
      vertex 171.653 80.437 15.539
    endloop
  endfacet
  facet normal -0.8371 -0.391473 -0.382116
    outer loop
      vertex 171.729 80.3101 15.539
      vertex 171.736 80.1535 15.6841
      vertex 171.676 80.2818 15.6841
    endloop
  endfacet
  facet normal -0.881165 -0.043499 0.470803
    outer loop
      vertex 171.846 79.6 14.3159
      vertex 171.839 79.7418 14.3159
      vertex 171.772 79.6 14.1774
    endloop
  endfacet
  facet normal -0.922597 -0.043725 0.383279
    outer loop
      vertex 171.906 79.6 14.461
      vertex 171.899 79.7477 14.461
      vertex 171.839 79.7418 14.3159
    endloop
  endfacet
  facet normal -0.865712 -0.408651 0.289045
    outer loop
      vertex 171.834 80.1939 14.6112
      vertex 171.769 80.3316 14.6112
      vertex 171.729 80.3101 14.461
    endloop
  endfacet
  facet normal -0.819277 -0.495202 0.289067
    outer loop
      vertex 171.729 80.3101 14.461
      vertex 171.769 80.3316 14.6112
      vertex 171.69 80.4623 14.6112
    endloop
  endfacet
  facet normal -0.661325 -0.724032 0.196028
    outer loop
      vertex 171.497 80.6975 14.6112
      vertex 171.519 80.7191 14.7652
      vertex 171.385 80.7998 14.6112
    endloop
  endfacet
  facet normal -0.707242 -0.645225 0.288951
    outer loop
      vertex 171.565 80.5557 14.461
      vertex 171.6 80.5846 14.6112
      vertex 171.497 80.6975 14.6112
    endloop
  endfacet
  facet normal -0.805178 -0.203297 0.557099
    outer loop
      vertex 171.746 79.8677 14.1774
      vertex 171.713 79.9984 14.1774
      vertex 171.66 79.8507 14.0469
    endloop
  endfacet
  facet normal -0.809169 -0.198326 0.553093
    outer loop
      vertex 171.66 79.8507 14.0469
      vertex 171.713 79.9984 14.1774
      vertex 171.63 79.9731 14.0469
    endloop
  endfacet
  facet normal -0.951475 -0.238352 0.194639
    outer loop
      vertex 171.922 79.9028 14.6112
      vertex 171.952 79.9088 14.7652
      vertex 171.885 80.0505 14.6112
    endloop
  endfacet
  facet normal -0.929357 -0.232811 0.286521
    outer loop
      vertex 171.922 79.9028 14.6112
      vertex 171.885 80.0505 14.6112
      vertex 171.842 80.0373 14.461
    endloop
  endfacet
  facet normal -0.667205 -0.237418 0.706024
    outer loop
      vertex 171.534 79.9441 13.9255
      vertex 171.495 80.0537 13.9255
      vertex 171.428 79.9119 13.8145
    endloop
  endfacet
  facet normal -0.751252 -0.193141 0.631123
    outer loop
      vertex 171.563 79.8313 13.9255
      vertex 171.66 79.8507 14.0469
      vertex 171.534 79.9441 13.9255
    endloop
  endfacet
  facet normal -0.872358 -0.124268 0.472809
    outer loop
      vertex 171.839 79.7418 14.3159
      vertex 171.819 79.8822 14.3159
      vertex 171.746 79.8677 14.1774
    endloop
  endfacet
  facet normal -0.85432 -0.215704 0.472874
    outer loop
      vertex 171.746 79.8677 14.1774
      vertex 171.819 79.8822 14.3159
      vertex 171.713 79.9984 14.1774
    endloop
  endfacet
  facet normal -0.473093 -0.289047 0.832247
    outer loop
      vertex 171.241 80.0493 13.7149
      vertex 171.192 80.1295 13.7149
      vertex 171.125 79.9878 13.6276
    endloop
  endfacet
  facet normal -0.448128 -0.331946 0.830056
    outer loop
      vertex 171.084 80.057 13.6276
      vertex 171.192 80.1295 13.7149
      vertex 171.036 80.1218 13.6276
    endloop
  endfacet
  facet normal -0.565117 -0.423082 0.708268
    outer loop
      vertex 171.386 80.2586 13.9255
      vertex 171.316 80.3521 13.9255
      vertex 171.293 80.197 13.8145
    endloop
  endfacet
  facet normal -0.511984 -0.37477 0.772929
    outer loop
      vertex 171.293 80.197 13.8145
      vertex 171.231 80.2817 13.8145
      vertex 171.137 80.2047 13.7149
    endloop
  endfacet
  facet normal -0.604373 -0.367299 0.706983
    outer loop
      vertex 171.348 80.1065 13.8145
      vertex 171.446 80.1589 13.9255
      vertex 171.293 80.197 13.8145
    endloop
  endfacet
  facet normal -0.604639 -0.363875 0.708524
    outer loop
      vertex 171.446 80.1589 13.9255
      vertex 171.386 80.2586 13.9255
      vertex 171.293 80.197 13.8145
    endloop
  endfacet
  facet normal -0.0489857 -0.998799 0
    outer loop
      vertex 170.4 81.1981 14.9215
      vertex 170.557 81.1904 15.0785
      vertex 170.4 81.1981 15.0785
    endloop
  endfacet
  facet normal -0.0489857 -0.998799 -0
    outer loop
      vertex 170.557 81.1904 15.0785
      vertex 170.4 81.1981 14.9215
      vertex 170.557 81.1904 14.9215
    endloop
  endfacet
  facet normal 0.0489857 -0.998799 0
    outer loop
      vertex 170.243 81.1904 14.9215
      vertex 170.4 81.1981 15.0785
      vertex 170.243 81.1904 15.0785
    endloop
  endfacet
  facet normal 0.0489857 -0.998799 0
    outer loop
      vertex 170.4 81.1981 15.0785
      vertex 170.243 81.1904 14.9215
      vertex 170.4 81.1981 14.9215
    endloop
  endfacet
  facet normal -0.427149 -0.898926 0.0973476
    outer loop
      vertex 171.146 80.9958 14.7652
      vertex 171.153 81.0094 14.9215
      vertex 171.012 81.0764 14.9215
    endloop
  endfacet
  facet normal -0.476154 -0.524576 0.70576
    outer loop
      vertex 171.16 80.3598 13.8145
      vertex 171.152 80.5164 13.9255
      vertex 171.082 80.4306 13.8145
    endloop
  endfacet
  facet normal -0.324548 -0.546536 0.771989
    outer loop
      vertex 170.93 80.3925 13.7149
      vertex 170.997 80.4934 13.8145
      vertex 170.849 80.4406 13.7149
    endloop
  endfacet
  facet normal -0.474668 -0.79328 0.38131
    outer loop
      vertex 171.204 80.8026 14.3159
      vertex 171.237 80.8526 14.461
      vertex 171.082 80.8756 14.3159
    endloop
  endfacet
  facet normal -0.398692 -0.663463 0.633137
    outer loop
      vertex 171.059 80.5857 13.9255
      vertex 171.114 80.6685 14.0469
      vertex 171.006 80.7334 14.0469
    endloop
  endfacet
  facet normal -0.259711 -0.728782 0.633583
    outer loop
      vertex 170.854 80.6953 13.9255
      vertex 170.892 80.7873 14.0469
      vertex 170.744 80.7345 13.9255
    endloop
  endfacet
  facet normal 0.0347185 -0.706552 0.706809
    outer loop
      vertex 170.295 80.6693 13.8145
      vertex 170.4 80.7855 13.9255
      vertex 170.284 80.7798 13.9255
    endloop
  endfacet
  facet normal -0.202854 -0.806455 0.55541
    outer loop
      vertex 170.798 80.9133 14.1774
      vertex 170.668 80.946 14.1774
      vertex 170.651 80.8604 14.0469
    endloop
  endfacet
  facet normal -0.33491 -0.936989 0.0994369
    outer loop
      vertex 171.012 81.0764 14.9215
      vertex 170.864 81.1293 14.9215
      vertex 170.859 81.1145 14.7652
    endloop
  endfacet
  facet normal 0.04308 -0.881181 0.470812
    outer loop
      vertex 170.4 80.9724 14.1774
      vertex 170.4 81.0464 14.3159
      vertex 170.265 80.9658 14.1774
    endloop
  endfacet
  facet normal -0.143638 -0.970184 0.195223
    outer loop
      vertex 170.703 81.1222 14.6112
      vertex 170.709 81.1523 14.7652
      vertex 170.555 81.1751 14.7652
    endloop
  endfacet
  facet normal -0.129684 -0.87287 0.470404
    outer loop
      vertex 170.682 81.0186 14.3159
      vertex 170.542 81.0394 14.3159
      vertex 170.535 80.9658 14.1774
    endloop
  endfacet
  facet normal 0.0406013 -0.830482 0.555564
    outer loop
      vertex 170.4 80.8851 14.0469
      vertex 170.4 80.9724 14.1774
      vertex 170.265 80.9658 14.1774
    endloop
  endfacet
  facet normal 0.311935 -0.870663 0.380319
    outer loop
      vertex 169.846 80.9363 14.3159
      vertex 169.963 81.0416 14.461
      vertex 169.824 80.9918 14.461
    endloop
  endfacet
  facet normal 0.493527 -0.819393 0.291593
    outer loop
      vertex 169.69 80.9286 14.461
      vertex 169.668 80.9688 14.6112
      vertex 169.538 80.8905 14.6112
    endloop
  endfacet
  facet normal 0.143923 -0.970196 0.194953
    outer loop
      vertex 170.248 81.1446 14.6112
      vertex 170.245 81.1751 14.7652
      vertex 170.097 81.1222 14.6112
    endloop
  endfacet
  facet normal 0.140438 -0.946699 0.289893
    outer loop
      vertex 170.252 81.0992 14.461
      vertex 170.248 81.1446 14.6112
      vertex 170.097 81.1222 14.6112
    endloop
  endfacet
  facet normal 0.145752 -0.984465 0.0979058
    outer loop
      vertex 170.091 81.1523 14.7652
      vertex 170.245 81.1751 14.7652
      vertex 170.088 81.1674 14.9215
    endloop
  endfacet
  facet normal 0.14607 -0.984385 0.0982293
    outer loop
      vertex 170.245 81.1751 14.7652
      vertex 170.243 81.1904 14.9215
      vertex 170.088 81.1674 14.9215
    endloop
  endfacet
  facet normal -0.51206 -0.853433 0.097192
    outer loop
      vertex 171.279 80.916 14.7652
      vertex 171.153 81.0094 14.9215
      vertex 171.146 80.9958 14.7652
    endloop
  endfacet
  facet normal -0.504783 -0.841305 0.193391
    outer loop
      vertex 171.279 80.916 14.7652
      vertex 171.146 80.9958 14.7652
      vertex 171.132 80.9688 14.6112
    endloop
  endfacet
  facet normal -0.474697 -0.793244 0.381347
    outer loop
      vertex 171.237 80.8526 14.461
      vertex 171.11 80.9286 14.461
      vertex 171.082 80.8756 14.3159
    endloop
  endfacet
  facet normal -0.428644 -0.713306 0.55449
    outer loop
      vertex 171.114 80.6685 14.0469
      vertex 171.162 80.7411 14.1774
      vertex 171.006 80.7334 14.0469
    endloop
  endfacet
  facet normal -0.550531 -0.742728 0.381144
    outer loop
      vertex 171.318 80.7181 14.3159
      vertex 171.237 80.8526 14.461
      vertex 171.204 80.8026 14.3159
    endloop
  endfacet
  facet normal -0.524555 -0.707684 0.473313
    outer loop
      vertex 171.318 80.7181 14.3159
      vertex 171.204 80.8026 14.3159
      vertex 171.162 80.7411 14.1774
    endloop
  endfacet
  facet normal -0.682916 -0.623668 0.380347
    outer loop
      vertex 171.565 80.5557 14.461
      vertex 171.465 80.6652 14.461
      vertex 171.423 80.6227 14.3159
    endloop
  endfacet
  facet normal -0.684859 -0.619045 0.384383
    outer loop
      vertex 171.518 80.5176 14.3159
      vertex 171.565 80.5557 14.461
      vertex 171.423 80.6227 14.3159
    endloop
  endfacet
  facet normal -0.410897 -0.864704 -0.288877
    outer loop
      vertex 170.994 81.0339 15.3888
      vertex 171.11 80.9286 15.539
      vertex 170.977 80.9918 15.539
    endloop
  endfacet
  facet normal -0.491182 -0.82079 -0.291623
    outer loop
      vertex 171.132 80.9688 15.3888
      vertex 171.237 80.8526 15.539
      vertex 171.11 80.9286 15.539
    endloop
  endfacet
  facet normal -0.426465 -0.899173 0.0980617
    outer loop
      vertex 171.146 80.9958 14.7652
      vertex 171.012 81.0764 14.9215
      vertex 171.006 81.0622 14.7652
    endloop
  endfacet
  facet normal -0.336578 -0.941656 0
    outer loop
      vertex 170.864 81.1293 14.9215
      vertex 171.012 81.0764 15.0785
      vertex 170.864 81.1293 15.0785
    endloop
  endfacet
  facet normal -0.336578 -0.941656 -0
    outer loop
      vertex 171.012 81.0764 15.0785
      vertex 170.864 81.1293 14.9215
      vertex 171.012 81.0764 14.9215
    endloop
  endfacet
  facet normal -0.5821 -0.789396 0.19497
    outer loop
      vertex 171.385 80.7998 14.6112
      vertex 171.279 80.916 14.7652
      vertex 171.262 80.8905 14.6112
    endloop
  endfacet
  facet normal -0.568166 -0.770501 0.288989
    outer loop
      vertex 171.385 80.7998 14.6112
      vertex 171.262 80.8905 14.6112
      vertex 171.237 80.8526 14.461
    endloop
  endfacet
  facet normal -0.592347 -0.799605 0.0987765
    outer loop
      vertex 171.404 80.8234 14.7652
      vertex 171.414 80.8353 14.9215
      vertex 171.279 80.916 14.7652
    endloop
  endfacet
  facet normal -0.668514 -0.737096 0.0988904
    outer loop
      vertex 171.519 80.7191 14.7652
      vertex 171.414 80.8353 14.9215
      vertex 171.404 80.8234 14.7652
    endloop
  endfacet
  facet normal -0.622505 -0.683314 0.381536
    outer loop
      vertex 171.465 80.6652 14.461
      vertex 171.356 80.7645 14.461
      vertex 171.318 80.7181 14.3159
    endloop
  endfacet
  facet normal -0.549991 -0.742894 0.381599
    outer loop
      vertex 171.318 80.7181 14.3159
      vertex 171.356 80.7645 14.461
      vertex 171.237 80.8526 14.461
    endloop
  endfacet
  facet normal -0.672133 -0.740431 0
    outer loop
      vertex 171.414 80.8353 14.9215
      vertex 171.53 80.73 15.0785
      vertex 171.414 80.8353 15.0785
    endloop
  endfacet
  facet normal -0.672133 -0.740431 -0
    outer loop
      vertex 171.53 80.73 15.0785
      vertex 171.414 80.8353 14.9215
      vertex 171.53 80.73 14.9215
    endloop
  endfacet
  facet normal -0.668867 -0.736833 -0.0984582
    outer loop
      vertex 171.53 80.73 15.0785
      vertex 171.519 80.7191 15.2348
      vertex 171.414 80.8353 15.0785
    endloop
  endfacet
  facet normal 0.868691 -0.312105 -0.384664
    outer loop
      vertex 169.064 80.1535 15.6841
      vertex 169.016 80.0199 15.6841
      vertex 168.958 80.0373 15.539
    endloop
  endfacet
  facet normal 0.894541 -0.227371 -0.384836
    outer loop
      vertex 169.016 80.0199 15.6841
      vertex 168.981 79.8822 15.6841
      vertex 168.958 80.0373 15.539
    endloop
  endfacet
  facet normal 0.797251 -0.379955 -0.469067
    outer loop
      vertex 169.19 80.2469 15.8226
      vertex 169.132 80.1252 15.8226
      vertex 169.064 80.1535 15.6841
    endloop
  endfacet
  facet normal 0.792537 -0.475001 -0.382439
    outer loop
      vertex 169.147 80.437 15.539
      vertex 169.197 80.4036 15.6841
      vertex 169.124 80.2818 15.6841
    endloop
  endfacet
  facet normal 0.984638 -0.145919 -0.0958954
    outer loop
      vertex 168.833 79.9118 15.0785
      vertex 168.825 79.7551 15.2348
      vertex 168.81 79.7566 15.0785
    endloop
  endfacet
  facet normal 0.952541 -0.234024 -0.194678
    outer loop
      vertex 168.885 80.0594 15.2348
      vertex 168.878 79.9028 15.3888
      vertex 168.848 79.9088 15.2348
    endloop
  endfacet
  facet normal 0.92315 -0.0455716 -0.38173
    outer loop
      vertex 168.961 79.7418 15.6841
      vertex 168.954 79.6 15.6841
      vertex 168.894 79.6 15.539
    endloop
  endfacet
  facet normal 0.922597 -0.043725 -0.383279
    outer loop
      vertex 168.901 79.7477 15.539
      vertex 168.961 79.7418 15.6841
      vertex 168.894 79.6 15.539
    endloop
  endfacet
  facet normal 0.896138 -0.224972 -0.382524
    outer loop
      vertex 168.958 80.0373 15.539
      vertex 168.981 79.8822 15.6841
      vertex 168.922 79.8939 15.539
    endloop
  endfacet
  facet normal 0.929368 -0.233314 -0.286076
    outer loop
      vertex 168.958 80.0373 15.539
      vertex 168.922 79.8939 15.539
      vertex 168.878 79.9028 15.3888
    endloop
  endfacet
  facet normal 0.420254 -0.886079 -0.195578
    outer loop
      vertex 169.794 81.0622 15.2348
      vertex 169.806 81.0339 15.3888
      vertex 169.654 80.9958 15.2348
    endloop
  endfacet
  facet normal 0.59233 -0.799581 -0.0990764
    outer loop
      vertex 169.512 80.9287 15.0785
      vertex 169.521 80.916 15.2348
      vertex 169.396 80.8234 15.2348
    endloop
  endfacet
  facet normal 0.510663 -0.854269 0.0972021
    outer loop
      vertex 169.654 80.9958 14.7652
      vertex 169.647 81.0094 14.9215
      vertex 169.512 80.9287 14.9215
    endloop
  endfacet
  facet normal 0.336578 -0.941656 0
    outer loop
      vertex 169.788 81.0764 14.9215
      vertex 169.936 81.1293 15.0785
      vertex 169.788 81.0764 15.0785
    endloop
  endfacet
  facet normal 0.336578 -0.941656 0
    outer loop
      vertex 169.936 81.1293 15.0785
      vertex 169.788 81.0764 14.9215
      vertex 169.936 81.1293 14.9215
    endloop
  endfacet
  facet normal 0.922468 -0.334182 -0.193328
    outer loop
      vertex 168.938 80.2057 15.2348
      vertex 168.966 80.1939 15.3888
      vertex 168.885 80.0594 15.2348
    endloop
  endfacet
  facet normal 0.887904 -0.417391 -0.193419
    outer loop
      vertex 169.004 80.3461 15.2348
      vertex 168.966 80.1939 15.3888
      vertex 168.938 80.2057 15.2348
    endloop
  endfacet
  facet normal 0.819277 -0.495202 -0.289067
    outer loop
      vertex 169.11 80.4623 15.3888
      vertex 169.071 80.3101 15.539
      vertex 169.031 80.3316 15.3888
    endloop
  endfacet
  facet normal 0.839395 -0.507362 -0.194938
    outer loop
      vertex 169.11 80.4623 15.3888
      vertex 169.031 80.3316 15.3888
      vertex 169.004 80.3461 15.2348
    endloop
  endfacet
  facet normal 0.984297 -0.147292 0.0972894
    outer loop
      vertex 168.848 79.9088 14.7652
      vertex 168.833 79.9118 14.9215
      vertex 168.825 79.7551 14.7652
    endloop
  endfacet
  facet normal 0.902654 -0.321028 0.286629
    outer loop
      vertex 168.958 80.0373 14.461
      vertex 168.966 80.1939 14.6112
      vertex 168.915 80.0505 14.6112
    endloop
  endfacet
  facet normal 0.914579 -0.131369 0.382475
    outer loop
      vertex 168.981 79.8822 14.3159
      vertex 168.922 79.8939 14.461
      vertex 168.901 79.7477 14.461
    endloop
  endfacet
  facet normal 0.929368 -0.233314 0.286076
    outer loop
      vertex 168.922 79.8939 14.461
      vertex 168.958 80.0373 14.461
      vertex 168.878 79.9028 14.6112
    endloop
  endfacet
  facet normal 0.914356 -0.13025 0.38339
    outer loop
      vertex 168.961 79.7418 14.3159
      vertex 168.981 79.8822 14.3159
      vertex 168.901 79.7477 14.461
    endloop
  endfacet
  facet normal 0.868691 -0.312105 0.384664
    outer loop
      vertex 169.016 80.0199 14.3159
      vertex 169.064 80.1535 14.3159
      vertex 168.958 80.0373 14.461
    endloop
  endfacet
  facet normal 0.75571 -0.452929 0.47303
    outer loop
      vertex 169.259 80.3624 14.1774
      vertex 169.197 80.4036 14.3159
      vertex 169.124 80.2818 14.3159
    endloop
  endfacet
  facet normal 0.706382 -0.526688 0.47289
    outer loop
      vertex 169.259 80.3624 14.1774
      vertex 169.282 80.5176 14.3159
      vertex 169.197 80.4036 14.3159
    endloop
  endfacet
  facet normal 0.668838 -0.736802 0.0988888
    outer loop
      vertex 169.396 80.8234 14.7652
      vertex 169.386 80.8353 14.9215
      vertex 169.27 80.73 14.9215
    endloop
  endfacet
  facet normal 0.661773 -0.724522 0.192678
    outer loop
      vertex 169.415 80.7998 14.6112
      vertex 169.396 80.8234 14.7652
      vertex 169.303 80.6975 14.6112
    endloop
  endfacet
  facet normal 0.644611 -0.707579 0.289496
    outer loop
      vertex 169.335 80.6652 14.461
      vertex 169.444 80.7645 14.461
      vertex 169.303 80.6975 14.6112
    endloop
  endfacet
  facet normal 0.668543 -0.737128 -0.0984559
    outer loop
      vertex 169.396 80.8234 15.2348
      vertex 169.281 80.7191 15.2348
      vertex 169.27 80.73 15.0785
    endloop
  endfacet
  facet normal 0.672133 -0.740431 0
    outer loop
      vertex 169.27 80.73 14.9215
      vertex 169.386 80.8353 15.0785
      vertex 169.27 80.73 15.0785
    endloop
  endfacet
  facet normal 0.672133 -0.740431 0
    outer loop
      vertex 169.386 80.8353 15.0785
      vertex 169.27 80.73 14.9215
      vertex 169.386 80.8353 14.9215
    endloop
  endfacet
  facet normal 0.904036 -0.427455 0
    outer loop
      vertex 168.924 80.2116 15.0785
      vertex 168.991 80.3533 14.9215
      vertex 168.991 80.3533 15.0785
    endloop
  endfacet
  facet normal 0.904036 -0.427455 0
    outer loop
      vertex 168.991 80.3533 14.9215
      vertex 168.924 80.2116 15.0785
      vertex 168.924 80.2116 14.9215
    endloop
  endfacet
  facet normal 0.899994 -0.425544 -0.0944584
    outer loop
      vertex 168.991 80.3533 15.0785
      vertex 169.004 80.3461 15.2348
      vertex 168.924 80.2116 15.0785
    endloop
  endfacet
  facet normal 0.789565 -0.581037 0.197444
    outer loop
      vertex 169.11 80.4623 14.6112
      vertex 169.2 80.5846 14.6112
      vertex 169.084 80.4793 14.7652
    endloop
  endfacet
  facet normal 0.706815 -0.645493 0.289398
    outer loop
      vertex 169.335 80.6652 14.461
      vertex 169.303 80.6975 14.6112
      vertex 169.235 80.5557 14.461
    endloop
  endfacet
  facet normal 0.572602 -0.518132 0.635348
    outer loop
      vertex 169.562 80.4383 13.9255
      vertex 169.491 80.5087 14.0469
      vertex 169.484 80.3521 13.9255
    endloop
  endfacet
  facet normal 0.652157 -0.594652 0.470192
    outer loop
      vertex 169.339 80.4706 14.1774
      vertex 169.43 80.5704 14.1774
      vertex 169.282 80.5176 14.3159
    endloop
  endfacet
  facet normal 0.769818 -0.570716 0.285768
    outer loop
      vertex 169.147 80.437 14.461
      vertex 169.235 80.5557 14.461
      vertex 169.11 80.4623 14.6112
    endloop
  endfacet
  facet normal 0.887904 -0.417391 0.193419
    outer loop
      vertex 168.966 80.1939 14.6112
      vertex 169.004 80.3461 14.7652
      vertex 168.938 80.2057 14.7652
    endloop
  endfacet
  facet normal 0.524555 -0.707684 0.473313
    outer loop
      vertex 169.638 80.7411 14.1774
      vertex 169.596 80.8026 14.3159
      vertex 169.482 80.7181 14.3159
    endloop
  endfacet
  facet normal 0.569634 -0.769427 0.288962
    outer loop
      vertex 169.563 80.8526 14.461
      vertex 169.538 80.8905 14.6112
      vertex 169.444 80.7645 14.461
    endloop
  endfacet
  facet normal 0.280079 -0.78348 -0.554721
    outer loop
      vertex 170.002 80.9133 15.8226
      vertex 169.908 80.7873 15.9531
      vertex 169.875 80.8679 15.8226
    endloop
  endfacet
  facet normal 0.454755 -0.755735 -0.471234
    outer loop
      vertex 169.718 80.8756 15.6841
      vertex 169.753 80.8103 15.8226
      vertex 169.638 80.7411 15.8226
    endloop
  endfacet
  facet normal 0.524555 -0.707684 -0.473313
    outer loop
      vertex 169.596 80.8026 15.6841
      vertex 169.638 80.7411 15.8226
      vertex 169.482 80.7181 15.6841
    endloop
  endfacet
  facet normal 0.61877 -0.46325 -0.634447
    outer loop
      vertex 169.484 80.3521 16.0745
      vertex 169.414 80.2586 16.0745
      vertex 169.331 80.314 15.9531
    endloop
  endfacet
  facet normal 0.429187 -0.903215 0
    outer loop
      vertex 169.647 81.0094 14.9215
      vertex 169.788 81.0764 15.0785
      vertex 169.647 81.0094 15.0785
    endloop
  endfacet
  facet normal 0.429187 -0.903215 0
    outer loop
      vertex 169.788 81.0764 15.0785
      vertex 169.647 81.0094 14.9215
      vertex 169.788 81.0764 14.9215
    endloop
  endfacet
  facet normal 0.511978 -0.853296 -0.0988142
    outer loop
      vertex 169.654 80.9958 15.2348
      vertex 169.521 80.916 15.2348
      vertex 169.512 80.9287 15.0785
    endloop
  endfacet
  facet normal 0.241938 -0.965214 0.0991354
    outer loop
      vertex 169.941 81.1145 14.7652
      vertex 170.088 81.1674 14.9215
      vertex 169.936 81.1293 14.9215
    endloop
  endfacet
  facet normal 0.58408 -0.788445 0.192888
    outer loop
      vertex 169.415 80.7998 14.6112
      vertex 169.521 80.916 14.7652
      vertex 169.396 80.8234 14.7652
    endloop
  endfacet
  facet normal 0.59233 -0.799581 0.0990764
    outer loop
      vertex 169.521 80.916 14.7652
      vertex 169.512 80.9287 14.9215
      vertex 169.396 80.8234 14.7652
    endloop
  endfacet
  facet normal 0.491575 -0.821448 0.289096
    outer loop
      vertex 169.563 80.8526 14.461
      vertex 169.69 80.9286 14.461
      vertex 169.538 80.8905 14.6112
    endloop
  endfacet
  facet normal 0.474697 -0.793244 0.381347
    outer loop
      vertex 169.718 80.8756 14.3159
      vertex 169.69 80.9286 14.461
      vertex 169.563 80.8526 14.461
    endloop
  endfacet
  facet normal 0.511978 -0.853296 0.0988142
    outer loop
      vertex 169.521 80.916 14.7652
      vertex 169.654 80.9958 14.7652
      vertex 169.512 80.9287 14.9215
    endloop
  endfacet
  facet normal 0.504622 -0.841037 0.194968
    outer loop
      vertex 169.538 80.8905 14.6112
      vertex 169.654 80.9958 14.7652
      vertex 169.521 80.916 14.7652
    endloop
  endfacet
  facet normal 0.426707 -0.470101 0.77261
    outer loop
      vertex 169.795 80.3368 13.7149
      vertex 169.718 80.4306 13.8145
      vertex 169.64 80.3598 13.8145
    endloop
  endfacet
  facet normal 0.377282 -0.510652 0.772589
    outer loop
      vertex 169.795 80.3368 13.7149
      vertex 169.803 80.4934 13.8145
      vertex 169.718 80.4306 13.8145
    endloop
  endfacet
  facet normal 0.307901 -0.228498 0.923572
    outer loop
      vertex 169.983 79.942 13.4935
      vertex 169.871 80.034 13.5536
      vertex 169.831 79.9801 13.5536
    endloop
  endfacet
  facet normal 0.328714 -0.195491 0.923975
    outer loop
      vertex 169.925 79.8541 13.4935
      vertex 169.952 79.8995 13.4935
      vertex 169.831 79.9801 13.5536
    endloop
  endfacet
  facet normal 0.448128 -0.331946 0.830056
    outer loop
      vertex 169.716 80.057 13.6276
      vertex 169.764 80.1218 13.6276
      vertex 169.608 80.1295 13.7149
    endloop
  endfacet
  facet normal 0.448887 -0.328308 0.831092
    outer loop
      vertex 169.764 80.1218 13.6276
      vertex 169.663 80.2047 13.7149
      vertex 169.608 80.1295 13.7149
    endloop
  endfacet
  facet normal 0.469801 -0.0233152 0.882464
    outer loop
      vertex 169.716 79.6 13.5536
      vertex 169.581 79.6806 13.6276
      vertex 169.577 79.6 13.6276
    endloop
  endfacet
  facet normal 0.372596 -0.091575 0.923464
    outer loop
      vertex 169.871 79.7052 13.4935
      vertex 169.745 79.7986 13.5536
      vertex 169.729 79.7335 13.5536
    endloop
  endfacet
  facet normal 0.195134 -0.0102432 0.980723
    outer loop
      vertex 170.166 79.623 13.4173
      vertex 170.013 79.6381 13.4479
      vertex 170.011 79.6 13.4479
    endloop
  endfacet
  facet normal 0.291229 -0.0152876 0.956531
    outer loop
      vertex 170.011 79.6 13.4479
      vertex 170.013 79.6381 13.4479
      vertex 169.864 79.6528 13.4935
    endloop
  endfacet
  facet normal 0.703536 -0.0334063 -0.709874
    outer loop
      vertex 169.331 79.7053 16.1855
      vertex 169.326 79.6 16.1855
      vertex 169.214 79.6 16.0745
    endloop
  endfacet
  facet normal 0.704849 -0.036395 -0.708423
    outer loop
      vertex 169.22 79.7162 16.0745
      vertex 169.331 79.7053 16.1855
      vertex 169.214 79.6 16.0745
    endloop
  endfacet
  facet normal 0.0226554 -0.0953913 -0.995182
    outer loop
      vertex 170.385 79.677 16.5981
      vertex 170.377 79.6751 16.5981
      vertex 170.354 79.8303 16.5827
    endloop
  endfacet
  facet normal -0.0139477 -0.0972112 -0.995166
    outer loop
      vertex 170.423 79.8336 16.5827
      vertex 170.446 79.8303 16.5827
      vertex 170.408 79.6781 16.5981
    endloop
  endfacet
  facet normal 0.0327974 -0.0925056 -0.995172
    outer loop
      vertex 170.332 79.8247 16.5827
      vertex 170.37 79.6725 16.5981
      vertex 170.31 79.8169 16.5827
    endloop
  endfacet
  facet normal 0.0839275 -0.0508651 0.995173
    outer loop
      vertex 170.331 79.637 13.4019
      vertex 170.335 79.6436 13.4019
      vertex 170.205 79.7304 13.4173
    endloop
  endfacet
  facet normal 0.0139477 -0.0972112 0.995166
    outer loop
      vertex 170.392 79.6781 13.4019
      vertex 170.377 79.8336 13.4173
      vertex 170.354 79.8303 13.4173
    endloop
  endfacet
  facet normal 0.226067 -0.3086 0.923937
    outer loop
      vertex 170.058 80.0167 13.4935
      vertex 170.101 80.0482 13.4935
      vertex 170.02 80.1688 13.5536
    endloop
  endfacet
  facet normal 0.636829 -0.0272732 0.770522
    outer loop
      vertex 169.447 79.6 13.7149
      vertex 169.451 79.6934 13.7149
      vertex 169.331 79.7053 13.8145
    endloop
  endfacet
  facet normal 0.213902 -0.85561 0.471358
    outer loop
      vertex 170.002 80.9133 14.1774
      vertex 170.118 81.0186 14.3159
      vertex 169.98 80.9841 14.3159
    endloop
  endfacet
  facet normal 0.21527 -0.855812 0.470366
    outer loop
      vertex 170.132 80.946 14.1774
      vertex 170.118 81.0186 14.3159
      vertex 170.002 80.9133 14.1774
    endloop
  endfacet
  facet normal 0.233015 -0.928167 0.290188
    outer loop
      vertex 170.106 81.0775 14.461
      vertex 170.097 81.1222 14.6112
      vertex 169.963 81.0416 14.461
    endloop
  endfacet
  facet normal 0.140691 -0.946587 0.290137
    outer loop
      vertex 170.106 81.0775 14.461
      vertex 170.252 81.0992 14.461
      vertex 170.097 81.1222 14.6112
    endloop
  endfacet
  facet normal 0.202372 -0.806842 0.555024
    outer loop
      vertex 170.027 80.8298 14.0469
      vertex 170.149 80.8604 14.0469
      vertex 170.002 80.9133 14.1774
    endloop
  endfacet
  facet normal 0.202854 -0.806455 0.55541
    outer loop
      vertex 170.149 80.8604 14.0469
      vertex 170.132 80.946 14.1774
      vertex 170.002 80.9133 14.1774
    endloop
  endfacet
  facet normal 0.187166 -0.749993 0.634412
    outer loop
      vertex 170.169 80.7627 13.9255
      vertex 170.149 80.8604 14.0469
      vertex 170.056 80.7345 13.9255
    endloop
  endfacet
  facet normal 0.171302 -0.686421 0.70674
    outer loop
      vertex 170.088 80.6282 13.8145
      vertex 170.169 80.7627 13.9255
      vertex 170.056 80.7345 13.9255
    endloop
  endfacet
  facet normal 0.428952 -0.712854 0.554832
    outer loop
      vertex 169.794 80.7334 14.0469
      vertex 169.753 80.8103 14.1774
      vertex 169.638 80.7411 14.1774
    endloop
  endfacet
  facet normal 0.454755 -0.755735 0.471234
    outer loop
      vertex 169.753 80.8103 14.1774
      vertex 169.718 80.8756 14.3159
      vertex 169.638 80.7411 14.1774
    endloop
  endfacet
  facet normal 0.33036 -0.446432 0.831601
    outer loop
      vertex 169.878 80.2358 13.6276
      vertex 169.943 80.2839 13.6276
      vertex 169.87 80.3925 13.7149
    endloop
  endfacet
  facet normal 0.372549 -0.412416 0.831336
    outer loop
      vertex 169.818 80.1816 13.6276
      vertex 169.878 80.2358 13.6276
      vertex 169.795 80.3368 13.7149
    endloop
  endfacet
  facet normal 0.300468 -0.639577 0.707574
    outer loop
      vertex 169.989 80.5927 13.8145
      vertex 169.946 80.6953 13.9255
      vertex 169.893 80.5476 13.8145
    endloop
  endfacet
  facet normal 0.238578 -0.665329 0.707402
    outer loop
      vertex 169.989 80.5927 13.8145
      vertex 170.088 80.6282 13.8145
      vertex 169.946 80.6953 13.9255
    endloop
  endfacet
  facet normal 0.36285 -0.606773 0.707224
    outer loop
      vertex 169.803 80.4934 13.8145
      vertex 169.841 80.6455 13.9255
      vertex 169.741 80.5857 13.9255
    endloop
  endfacet
  facet normal 0.396844 -0.663619 0.634133
    outer loop
      vertex 169.841 80.6455 13.9255
      vertex 169.794 80.7334 14.0469
      vertex 169.741 80.5857 13.9255
    endloop
  endfacet
  facet normal 0.0821678 -0.550106 0.831042
    outer loop
      vertex 170.24 80.4068 13.6276
      vertex 170.319 80.4186 13.6276
      vertex 170.214 80.5348 13.7149
    endloop
  endfacet
  facet normal 0.15461 -0.616023 0.772406
    outer loop
      vertex 170.123 80.5121 13.7149
      vertex 170.19 80.6538 13.8145
      vertex 170.088 80.6282 13.8145
    endloop
  endfacet
  facet normal 0.113756 -0.765028 0.63387
    outer loop
      vertex 170.284 80.7798 13.9255
      vertex 170.274 80.8789 14.0469
      vertex 170.169 80.7627 13.9255
    endloop
  endfacet
  facet normal -0.0313964 -0.633965 0.772724
    outer loop
      vertex 170.505 80.6693 13.8145
      vertex 170.4 80.6745 13.8145
      vertex 170.4 80.5531 13.7149
    endloop
  endfacet
  facet normal 0.821165 -0.123298 0.557213
    outer loop
      vertex 169.14 79.8507 14.0469
      vertex 169.054 79.8677 14.1774
      vertex 169.034 79.7345 14.1774
    endloop
  endfacet
  facet normal 0.628555 -0.0903962 0.772494
    outer loop
      vertex 169.465 79.7859 13.7149
      vertex 169.346 79.8096 13.8145
      vertex 169.331 79.7053 13.8145
    endloop
  endfacet
  facet normal 0.550284 -0.0826459 0.830877
    outer loop
      vertex 169.581 79.6806 13.6276
      vertex 169.593 79.7605 13.6276
      vertex 169.465 79.7859 13.7149
    endloop
  endfacet
  facet normal 0.444415 -0.157884 0.881798
    outer loop
      vertex 169.768 79.8618 13.5536
      vertex 169.64 79.9148 13.6276
      vertex 169.613 79.8388 13.6276
    endloop
  endfacet
  facet normal 0.664746 -0.400048 0.630932
    outer loop
      vertex 169.354 80.1589 13.9255
      vertex 169.414 80.2586 13.9255
      vertex 169.267 80.2058 14.0469
    endloop
  endfacet
  facet normal 0.6653 -0.393523 0.634441
    outer loop
      vertex 169.414 80.2586 13.9255
      vertex 169.331 80.314 14.0469
      vertex 169.267 80.2058 14.0469
    endloop
  endfacet
  facet normal 0.572714 -0.419224 0.704451
    outer loop
      vertex 169.507 80.197 13.8145
      vertex 169.569 80.2817 13.8145
      vertex 169.484 80.3521 13.9255
    endloop
  endfacet
  facet normal 0.524985 -0.477259 0.704709
    outer loop
      vertex 169.569 80.2817 13.8145
      vertex 169.64 80.3598 13.8145
      vertex 169.484 80.3521 13.9255
    endloop
  endfacet
  facet normal 0.641192 -0.302766 0.705128
    outer loop
      vertex 169.407 80.0112 13.8145
      vertex 169.452 80.1065 13.8145
      vertex 169.305 80.0537 13.9255
    endloop
  endfacet
  facet normal 0.641099 -0.298611 0.706982
    outer loop
      vertex 169.452 80.1065 13.8145
      vertex 169.354 80.1589 13.9255
      vertex 169.305 80.0537 13.9255
    endloop
  endfacet
  facet normal 0.669822 -0.495247 0.553235
    outer loop
      vertex 169.331 80.314 14.0469
      vertex 169.339 80.4706 14.1774
      vertex 169.259 80.3624 14.1774
    endloop
  endfacet
  facet normal 0.70968 -0.524717 0.470134
    outer loop
      vertex 169.339 80.4706 14.1774
      vertex 169.282 80.5176 14.3159
      vertex 169.259 80.3624 14.1774
    endloop
  endfacet
  facet normal 0.273024 -0.0988668 0.956913
    outer loop
      vertex 170.028 79.7129 13.4479
      vertex 170.041 79.7488 13.4479
      vertex 169.902 79.8063 13.4935
    endloop
  endfacet
  facet normal 0.25781 -0.282433 0.923994
    outer loop
      vertex 170.019 79.9811 13.4935
      vertex 170.058 80.0167 13.4935
      vertex 169.916 80.0837 13.5536
    endloop
  endfacet
  facet normal 0.171966 -0.234843 0.956701
    outer loop
      vertex 170.153 79.9005 13.4479
      vertex 170.184 79.9232 13.4479
      vertex 170.058 80.0167 13.4935
    endloop
  endfacet
  facet normal 0.500925 -0.236844 0.832454
    outer loop
      vertex 169.675 79.9878 13.6276
      vertex 169.559 80.0493 13.7149
      vertex 169.519 79.9647 13.7149
    endloop
  endfacet
  facet normal 0.248812 -0.152179 0.956522
    outer loop
      vertex 170.057 79.7833 13.4479
      vertex 170.077 79.816 13.4479
      vertex 169.925 79.8541 13.4935
    endloop
  endfacet
  facet normal 0.28072 -0.378972 0.881803
    outer loop
      vertex 169.966 80.1288 13.5536
      vertex 170.02 80.1688 13.5536
      vertex 169.878 80.2358 13.6276
    endloop
  endfacet
  facet normal 0.280595 -0.379182 0.881752
    outer loop
      vertex 170.02 80.1688 13.5536
      vertex 169.943 80.2839 13.6276
      vertex 169.878 80.2358 13.6276
    endloop
  endfacet
  facet normal 0.158991 -0.44424 0.881687
    outer loop
      vertex 170.138 80.232 13.5536
      vertex 170.161 80.3871 13.6276
      vertex 170.085 80.3599 13.6276
    endloop
  endfacet
  facet normal 0.159369 -0.444259 0.881609
    outer loop
      vertex 170.201 80.2546 13.5536
      vertex 170.161 80.3871 13.6276
      vertex 170.138 80.232 13.5536
    endloop
  endfacet
  facet normal 0.11409 -0.457517 0.881851
    outer loop
      vertex 170.267 80.2709 13.5536
      vertex 170.24 80.4068 13.6276
      vertex 170.161 80.3871 13.6276
    endloop
  endfacet
  facet normal 0.0696569 -0.466347 0.881855
    outer loop
      vertex 170.267 80.2709 13.5536
      vertex 170.319 80.4186 13.6276
      vertex 170.24 80.4068 13.6276
    endloop
  endfacet
  facet normal -0.13459 -0.539545 0.831129
    outer loop
      vertex 170.639 80.3871 13.6276
      vertex 170.677 80.5121 13.7149
      vertex 170.586 80.5348 13.7149
    endloop
  endfacet
  facet normal -0.00974105 -0.194821 0.98079
    outer loop
      vertex 170.423 79.8336 13.4173
      vertex 170.438 79.9869 13.4479
      vertex 170.4 79.9888 13.4479
    endloop
  endfacet
  facet normal -0.203203 -0.424815 0.88218
    outer loop
      vertex 170.722 80.2033 13.5536
      vertex 170.788 80.3254 13.6276
      vertex 170.662 80.232 13.5536
    endloop
  endfacet
  facet normal -0.102752 -0.165448 0.980851
    outer loop
      vertex 170.53 79.7952 13.4173
      vertex 170.616 79.9232 13.4479
      vertex 170.511 79.807 13.4173
    endloop
  endfacet
  facet normal -0.599078 -0.211155 0.772346
    outer loop
      vertex 171.428 79.9119 13.8145
      vertex 171.393 80.0112 13.8145
      vertex 171.312 79.8767 13.7149
    endloop
  endfacet
  facet normal -0.372596 -0.091575 0.923464
    outer loop
      vertex 171.071 79.7335 13.5536
      vertex 171.055 79.7986 13.5536
      vertex 170.929 79.7052 13.4935
    endloop
  endfacet
  facet normal -0.68536 -0.174187 0.707064
    outer loop
      vertex 171.454 79.8096 13.8145
      vertex 171.563 79.8313 13.9255
      vertex 171.428 79.9119 13.8145
    endloop
  endfacet
  facet normal -0.549902 -0.0832284 0.831072
    outer loop
      vertex 171.349 79.6934 13.7149
      vertex 171.335 79.7859 13.7149
      vertex 171.219 79.6806 13.6276
    endloop
  endfacet
  facet normal -0.288194 -0.0458664 0.956473
    outer loop
      vertex 170.787 79.6381 13.4479
      vertex 170.936 79.6528 13.4935
      vertex 170.781 79.6758 13.4479
    endloop
  endfacet
  facet normal -0.380651 -0.0508503 0.92332
    outer loop
      vertex 170.936 79.6528 13.4935
      vertex 171.071 79.7335 13.5536
      vertex 170.929 79.7052 13.4935
    endloop
  endfacet
  facet normal -0.0838999 -0.0508484 0.995176
    outer loop
      vertex 170.469 79.637 13.4019
      vertex 170.607 79.7107 13.4173
      vertex 170.465 79.6436 13.4019
    endloop
  endfacet
  facet normal -0.228125 -0.307969 0.923642
    outer loop
      vertex 170.834 80.1288 13.5536
      vertex 170.78 80.1688 13.5536
      vertex 170.742 80.0167 13.4935
    endloop
  endfacet
  facet normal -0.191157 -0.0426689 0.980632
    outer loop
      vertex 170.63 79.6458 13.4173
      vertex 170.772 79.7129 13.4479
      vertex 170.625 79.6682 13.4173
    endloop
  endfacet
  facet normal -0.0954125 -0.0265035 0.995085
    outer loop
      vertex 170.475 79.6228 13.4019
      vertex 170.617 79.6898 13.4173
      vertex 170.473 79.63 13.4019
    endloop
  endfacet
  facet normal -0.0226554 -0.0953913 0.995182
    outer loop
      vertex 170.423 79.6751 13.4019
      vertex 170.446 79.8303 13.4173
      vertex 170.415 79.677 13.4019
    endloop
  endfacet
  facet normal -0.382805 -0.0217503 0.923573
    outer loop
      vertex 170.939 79.6 13.4935
      vertex 171.084 79.6 13.5536
      vertex 170.936 79.6528 13.4935
    endloop
  endfacet
  facet normal -0.466018 -0.0699902 0.882003
    outer loop
      vertex 171.219 79.6806 13.6276
      vertex 171.207 79.7605 13.6276
      vertex 171.071 79.7335 13.5536
    endloop
  endfacet
  facet normal 0.243187 -0.965027 -0.097898
    outer loop
      vertex 170.088 81.1674 15.0785
      vertex 170.091 81.1523 15.2348
      vertex 169.941 81.1145 15.2348
    endloop
  endfacet
  facet normal 0.239659 -0.951027 -0.19522
    outer loop
      vertex 170.091 81.1523 15.2348
      vertex 170.097 81.1222 15.3888
      vertex 169.941 81.1145 15.2348
    endloop
  endfacet
  facet normal 0.479959 -0.284369 -0.829924
    outer loop
      vertex 169.716 80.057 16.3724
      vertex 169.675 79.9878 16.3724
      vertex 169.608 80.1295 16.2851
    endloop
  endfacet
  facet normal 0.604639 -0.363875 -0.708524
    outer loop
      vertex 169.414 80.2586 16.0745
      vertex 169.507 80.197 16.1855
      vertex 169.354 80.1589 16.0745
    endloop
  endfacet
  facet normal 0.622505 -0.683314 -0.381536
    outer loop
      vertex 169.444 80.7645 15.539
      vertex 169.482 80.7181 15.6841
      vertex 169.335 80.6652 15.539
    endloop
  endfacet
  facet normal 0.493243 -0.670368 -0.554363
    outer loop
      vertex 169.638 80.7411 15.8226
      vertex 169.686 80.6685 15.9531
      vertex 169.529 80.6609 15.8226
    endloop
  endfacet
  facet normal 0.797583 -0.372993 -0.474065
    outer loop
      vertex 169.124 80.2818 15.6841
      vertex 169.19 80.2469 15.8226
      vertex 169.064 80.1535 15.6841
    endloop
  endfacet
  facet normal 0.681712 -0.622568 -0.384289
    outer loop
      vertex 169.335 80.6652 15.539
      vertex 169.282 80.5176 15.6841
      vertex 169.235 80.5557 15.539
    endloop
  endfacet
  facet normal 0.740756 -0.552318 -0.382393
    outer loop
      vertex 169.282 80.5176 15.6841
      vertex 169.197 80.4036 15.6841
      vertex 169.147 80.437 15.539
    endloop
  endfacet
  facet normal 0.667205 -0.237418 -0.706024
    outer loop
      vertex 169.305 80.0537 16.0745
      vertex 169.372 79.9119 16.1855
      vertex 169.266 79.9441 16.0745
    endloop
  endfacet
  facet normal -0.140438 -0.946699 -0.289893
    outer loop
      vertex 170.552 81.1446 15.3888
      vertex 170.703 81.1222 15.3888
      vertex 170.548 81.0992 15.539
    endloop
  endfacet
  facet normal -0.140691 -0.946587 -0.290137
    outer loop
      vertex 170.703 81.1222 15.3888
      vertex 170.694 81.0775 15.539
      vertex 170.548 81.0992 15.539
    endloop
  endfacet
  facet normal 0.408063 -0.865196 -0.291411
    outer loop
      vertex 169.806 81.0339 15.3888
      vertex 169.824 80.9918 15.539
      vertex 169.69 80.9286 15.539
    endloop
  endfacet
  facet normal 0.310581 -0.870668 -0.381415
    outer loop
      vertex 169.963 81.0416 15.539
      vertex 169.98 80.9841 15.6841
      vertex 169.846 80.9363 15.6841
    endloop
  endfacet
  facet normal 0.232036 -0.928143 -0.291049
    outer loop
      vertex 170.097 81.1222 15.3888
      vertex 169.963 81.0416 15.539
      vertex 169.949 81.0852 15.3888
    endloop
  endfacet
  facet normal 0.408141 -0.865183 -0.291341
    outer loop
      vertex 169.806 81.0339 15.3888
      vertex 169.69 80.9286 15.539
      vertex 169.668 80.9688 15.3888
    endloop
  endfacet
  facet normal -0.97018 -0.242386 0
    outer loop
      vertex 171.967 79.9118 14.9215
      vertex 171.929 80.0639 15.0785
      vertex 171.929 80.0639 14.9215
    endloop
  endfacet
  facet normal -0.97018 -0.242386 0
    outer loop
      vertex 171.929 80.0639 15.0785
      vertex 171.967 79.9118 14.9215
      vertex 171.967 79.9118 15.0785
    endloop
  endfacet
  facet normal -0.989197 -0.146595 0
    outer loop
      vertex 171.99 79.7566 14.9215
      vertex 171.967 79.9118 15.0785
      vertex 171.967 79.9118 14.9215
    endloop
  endfacet
  facet normal -0.989197 -0.146595 0
    outer loop
      vertex 171.967 79.9118 15.0785
      vertex 171.99 79.7566 14.9215
      vertex 171.99 79.7566 15.0785
    endloop
  endfacet
  facet normal -0.947245 -0.14457 -0.286055
    outer loop
      vertex 171.922 79.9028 15.3888
      vertex 171.945 79.7521 15.3888
      vertex 171.878 79.8939 15.539
    endloop
  endfacet
  facet normal -0.984431 -0.147312 -0.0958889
    outer loop
      vertex 171.99 79.7566 15.0785
      vertex 171.975 79.7551 15.2348
      vertex 171.952 79.9088 15.2348
    endloop
  endfacet
  facet normal -0.887904 -0.417391 -0.193419
    outer loop
      vertex 171.862 80.2057 15.2348
      vertex 171.834 80.1939 15.3888
      vertex 171.796 80.3461 15.2348
    endloop
  endfacet
  facet normal -0.922468 -0.334182 -0.193328
    outer loop
      vertex 171.862 80.2057 15.2348
      vertex 171.915 80.0594 15.2348
      vertex 171.834 80.1939 15.3888
    endloop
  endfacet
  facet normal -0.829834 -0.298144 -0.471684
    outer loop
      vertex 171.736 80.1535 15.6841
      vertex 171.784 80.0199 15.6841
      vertex 171.713 79.9984 15.8226
    endloop
  endfacet
  facet normal -0.854541 -0.217204 -0.471786
    outer loop
      vertex 171.784 80.0199 15.6841
      vertex 171.819 79.8822 15.6841
      vertex 171.713 79.9984 15.8226
    endloop
  endfacet
  facet normal -0.809169 -0.198326 -0.553093
    outer loop
      vertex 171.713 79.9984 15.8226
      vertex 171.66 79.8507 15.9531
      vertex 171.63 79.9731 15.9531
    endloop
  endfacet
  facet normal -0.685827 -0.176321 -0.706083
    outer loop
      vertex 171.534 79.9441 16.0745
      vertex 171.563 79.8313 16.0745
      vertex 171.428 79.9119 16.1855
    endloop
  endfacet
  facet normal -0.91474 -0.130305 -0.382455
    outer loop
      vertex 171.878 79.8939 15.539
      vertex 171.839 79.7418 15.6841
      vertex 171.819 79.8822 15.6841
    endloop
  endfacet
  facet normal -0.872358 -0.124268 -0.472809
    outer loop
      vertex 171.819 79.8822 15.6841
      vertex 171.839 79.7418 15.6841
      vertex 171.746 79.8677 15.8226
    endloop
  endfacet
  facet normal -0.727245 -0.26345 -0.633805
    outer loop
      vertex 171.587 80.0918 15.9531
      vertex 171.63 79.9731 15.9531
      vertex 171.495 80.0537 16.0745
    endloop
  endfacet
  facet normal -0.7267 -0.258588 -0.636427
    outer loop
      vertex 171.63 79.9731 15.9531
      vertex 171.534 79.9441 16.0745
      vertex 171.495 80.0537 16.0745
    endloop
  endfacet
  facet normal -0.615654 -0.156471 -0.772326
    outer loop
      vertex 171.428 79.9119 16.1855
      vertex 171.454 79.8096 16.1855
      vertex 171.312 79.8767 16.2851
    endloop
  endfacet
  facet normal -0.628555 -0.0903962 -0.772494
    outer loop
      vertex 171.454 79.8096 16.1855
      vertex 171.469 79.7053 16.1855
      vertex 171.335 79.7859 16.2851
    endloop
  endfacet
  facet normal -0.479959 -0.284369 -0.829924
    outer loop
      vertex 171.192 80.1295 16.2851
      vertex 171.125 79.9878 16.3724
      vertex 171.084 80.057 16.3724
    endloop
  endfacet
  facet normal -0.539519 -0.136662 -0.830809
    outer loop
      vertex 171.312 79.8767 16.2851
      vertex 171.335 79.7859 16.2851
      vertex 171.207 79.7605 16.3724
    endloop
  endfacet
  facet normal -0.951475 -0.238352 -0.194639
    outer loop
      vertex 171.952 79.9088 15.2348
      vertex 171.922 79.9028 15.3888
      vertex 171.885 80.0505 15.3888
    endloop
  endfacet
  facet normal -0.951715 -0.233821 -0.198912
    outer loop
      vertex 171.915 80.0594 15.2348
      vertex 171.952 79.9088 15.2348
      vertex 171.885 80.0505 15.3888
    endloop
  endfacet
  facet normal -0.954812 -0.0452518 -0.293745
    outer loop
      vertex 171.945 79.7521 15.3888
      vertex 171.906 79.6 15.539
      vertex 171.899 79.7477 15.539
    endloop
  endfacet
  facet normal -0.955239 -0.0439624 -0.29255
    outer loop
      vertex 171.945 79.7521 15.3888
      vertex 171.952 79.6 15.3888
      vertex 171.906 79.6 15.539
    endloop
  endfacet
  facet normal -0.469801 -0.0233152 -0.882464
    outer loop
      vertex 171.219 79.6806 16.3724
      vertex 171.223 79.6 16.3724
      vertex 171.084 79.6 16.4464
    endloop
  endfacet
  facet normal -0.831398 -0.0395904 -0.554265
    outer loop
      vertex 171.772 79.6 15.8226
      vertex 171.685 79.6 15.9531
      vertex 171.679 79.726 15.9531
    endloop
  endfacet
  facet normal -0.664746 -0.400048 -0.630932
    outer loop
      vertex 171.533 80.2058 15.9531
      vertex 171.446 80.1589 16.0745
      vertex 171.386 80.2586 16.0745
    endloop
  endfacet
  facet normal -0.604373 -0.367299 -0.706983
    outer loop
      vertex 171.446 80.1589 16.0745
      vertex 171.348 80.1065 16.1855
      vertex 171.293 80.197 16.1855
    endloop
  endfacet
  facet normal -0.511984 -0.37477 -0.772929
    outer loop
      vertex 171.231 80.2817 16.1855
      vertex 171.293 80.197 16.1855
      vertex 171.137 80.2047 16.2851
    endloop
  endfacet
  facet normal -0.572714 -0.419224 -0.704451
    outer loop
      vertex 171.316 80.3521 16.0745
      vertex 171.293 80.197 16.1855
      vertex 171.231 80.2817 16.1855
    endloop
  endfacet
  facet normal -0.448887 -0.328308 -0.831092
    outer loop
      vertex 171.137 80.2047 16.2851
      vertex 171.192 80.1295 16.2851
      vertex 171.036 80.1218 16.3724
    endloop
  endfacet
  facet normal -0.458281 -0.117058 -0.881065
    outer loop
      vertex 171.187 79.8388 16.3724
      vertex 171.207 79.7605 16.3724
      vertex 171.055 79.7986 16.4464
    endloop
  endfacet
  facet normal -0.604639 -0.363875 -0.708524
    outer loop
      vertex 171.386 80.2586 16.0745
      vertex 171.446 80.1589 16.0745
      vertex 171.293 80.197 16.1855
    endloop
  endfacet
  facet normal -0.542711 -0.329825 -0.772451
    outer loop
      vertex 171.293 80.197 16.1855
      vertex 171.348 80.1065 16.1855
      vertex 171.241 80.0493 16.2851
    endloop
  endfacet
  facet normal -0.380651 -0.0508503 -0.92332
    outer loop
      vertex 171.071 79.7335 16.4464
      vertex 170.936 79.6528 16.5065
      vertex 170.929 79.7052 16.5065
    endloop
  endfacet
  facet normal -0.457595 -0.112466 -0.88202
    outer loop
      vertex 171.207 79.7605 16.3724
      vertex 171.071 79.7335 16.4464
      vertex 171.055 79.7986 16.4464
    endloop
  endfacet
  facet normal -0.195917 -0.00851813 -0.980583
    outer loop
      vertex 170.787 79.6381 16.552
      vertex 170.635 79.6 16.5827
      vertex 170.634 79.623 16.5827
    endloop
  endfacet
  facet normal -0.193399 -0.0339296 -0.980533
    outer loop
      vertex 170.787 79.6381 16.552
      vertex 170.634 79.623 16.5827
      vertex 170.63 79.6458 16.5827
    endloop
  endfacet
  facet normal -0.184278 -0.0667303 -0.980606
    outer loop
      vertex 170.759 79.7488 16.552
      vertex 170.772 79.7129 16.552
      vertex 170.617 79.6898 16.5827
    endloop
  endfacet
  facet normal -0.17634 -0.0843731 -0.980707
    outer loop
      vertex 170.743 79.7833 16.552
      vertex 170.617 79.6898 16.5827
      vertex 170.607 79.7107 16.5827
    endloop
  endfacet
  facet normal -0.262865 -0.121909 -0.9571
    outer loop
      vertex 170.898 79.8063 16.5065
      vertex 170.759 79.7488 16.552
      vertex 170.743 79.7833 16.552
    endloop
  endfacet
  facet normal -0.095706 -0.0213629 -0.99518
    outer loop
      vertex 170.625 79.6682 16.5827
      vertex 170.63 79.6458 16.5827
      vertex 170.475 79.6228 16.5981
    endloop
  endfacet
  facet normal -0.103075 -0.165968 -0.980729
    outer loop
      vertex 170.616 79.9232 16.552
      vertex 170.53 79.7952 16.5827
      vertex 170.511 79.807 16.5827
    endloop
  endfacet
  facet normal -0.100466 -0.168293 -0.980604
    outer loop
      vertex 170.583 79.9429 16.552
      vertex 170.616 79.9232 16.552
      vertex 170.511 79.807 16.5827
    endloop
  endfacet
  facet normal -0.329139 -0.195743 -0.923771
    outer loop
      vertex 171.003 79.9225 16.4464
      vertex 170.875 79.8541 16.5065
      vertex 170.848 79.8995 16.5065
    endloop
  endfacet
  facet normal -0.14355 -0.131884 -0.980816
    outer loop
      vertex 170.675 79.8749 16.552
      vertex 170.701 79.8466 16.552
      vertex 170.581 79.7489 16.5827
    endloop
  endfacet
  facet normal -0.197938 -0.327472 -0.923895
    outer loop
      vertex 170.78 80.1688 16.4464
      vertex 170.699 80.0482 16.5065
      vertex 170.654 80.0754 16.5065
    endloop
  endfacet
  facet normal -0.0477299 -0.189893 -0.980644
    outer loop
      vertex 170.476 79.9813 16.552
      vertex 170.513 79.972 16.552
      vertex 170.446 79.8303 16.5827
    endloop
  endfacet
  facet normal 0.0342262 -0.0921473 -0.995157
    outer loop
      vertex 170.377 79.6751 16.5981
      vertex 170.37 79.6725 16.5981
      vertex 170.332 79.8247 16.5827
    endloop
  endfacet
  facet normal 0.0978264 -0.00425332 -0.995194
    outer loop
      vertex 170.166 79.623 16.5827
      vertex 170.322 79.6077 16.5981
      vertex 170.165 79.6 16.5827
    endloop
  endfacet
  facet normal -0.0645266 -0.0744538 -0.995135
    outer loop
      vertex 170.566 79.766 16.5827
      vertex 170.456 79.6555 16.5981
      vertex 170.45 79.6607 16.5981
    endloop
  endfacet
  facet normal -0.131751 -0.144501 -0.980694
    outer loop
      vertex 170.647 79.9005 16.552
      vertex 170.566 79.766 16.5827
      vertex 170.549 79.7815 16.5827
    endloop
  endfacet
  facet normal 0.0406013 -0.830482 -0.555564
    outer loop
      vertex 170.4 80.9724 15.8226
      vertex 170.4 80.8851 15.9531
      vertex 170.265 80.9658 15.8226
    endloop
  endfacet
  facet normal 0.0380154 -0.772571 -0.633789
    outer loop
      vertex 170.4 80.8851 15.9531
      vertex 170.284 80.7798 16.0745
      vertex 170.274 80.8789 15.9531
    endloop
  endfacet
  facet normal 0.0561633 -0.379284 -0.923574
    outer loop
      vertex 170.347 80.1364 16.5065
      vertex 170.295 80.1287 16.5065
      vertex 170.267 80.2709 16.4464
    endloop
  endfacet
  facet normal 0.0313964 -0.633965 -0.772724
    outer loop
      vertex 170.4 80.6745 16.1855
      vertex 170.4 80.5531 16.2851
      vertex 170.295 80.6693 16.1855
    endloop
  endfacet
  facet normal 0.272506 -0.572263 -0.773469
    outer loop
      vertex 170.035 80.4806 16.2851
      vertex 169.951 80.4406 16.2851
      vertex 169.893 80.5476 16.1855
    endloop
  endfacet
  facet normal 0.448128 -0.331946 -0.830056
    outer loop
      vertex 169.764 80.1218 16.3724
      vertex 169.716 80.057 16.3724
      vertex 169.608 80.1295 16.2851
    endloop
  endfacet
  facet normal 0.280789 -0.068116 -0.957349
    outer loop
      vertex 170.028 79.7129 16.552
      vertex 170.019 79.6758 16.552
      vertex 169.871 79.7052 16.5065
    endloop
  endfacet
  facet normal 0.177754 -0.0824369 -0.980616
    outer loop
      vertex 170.057 79.7833 16.552
      vertex 170.183 79.6898 16.5827
      vertex 170.041 79.7488 16.552
    endloop
  endfacet
  facet normal 0.0653835 -0.184415 -0.980671
    outer loop
      vertex 170.332 79.8247 16.5827
      vertex 170.31 79.8169 16.5827
      vertex 170.287 79.972 16.552
    endloop
  endfacet
  facet normal 0.0482724 -0.189641 -0.980666
    outer loop
      vertex 170.354 79.8303 16.5827
      vertex 170.332 79.8247 16.5827
      vertex 170.287 79.972 16.552
    endloop
  endfacet
  facet normal 0.115569 -0.157825 -0.980681
    outer loop
      vertex 170.184 79.9232 16.552
      vertex 170.251 79.7815 16.5827
      vertex 170.153 79.9005 16.552
    endloop
  endfacet
  facet normal -0.214411 -0.597935 -0.772335
    outer loop
      vertex 170.712 80.6282 16.1855
      vertex 170.811 80.5927 16.1855
      vertex 170.677 80.5121 16.2851
    endloop
  endfacet
  facet normal -0.0568393 -0.378929 -0.923679
    outer loop
      vertex 170.467 80.2808 16.4464
      vertex 170.533 80.2709 16.4464
      vertex 170.453 80.1364 16.5065
    endloop
  endfacet
  facet normal 0.2375 -0.666455 -0.706704
    outer loop
      vertex 170.056 80.7345 16.0745
      vertex 170.088 80.6282 16.1855
      vertex 169.946 80.6953 16.0745
    endloop
  endfacet
  facet normal 0.279805 -0.783455 -0.554894
    outer loop
      vertex 170.002 80.9133 15.8226
      vertex 170.027 80.8298 15.9531
      vertex 169.908 80.7873 15.9531
    endloop
  endfacet
  facet normal 0.240671 -0.404607 -0.882253
    outer loop
      vertex 170.078 80.2033 16.4464
      vertex 170.02 80.1688 16.4464
      vertex 170.012 80.3254 16.3724
    endloop
  endfacet
  facet normal 0.284215 -0.257338 -0.92358
    outer loop
      vertex 169.916 80.0837 16.4464
      vertex 169.983 79.942 16.5065
      vertex 169.871 80.034 16.4464
    endloop
  endfacet
  facet normal 0.500925 -0.236844 -0.832454
    outer loop
      vertex 169.559 80.0493 16.2851
      vertex 169.675 79.9878 16.3724
      vertex 169.519 79.9647 16.2851
    endloop
  endfacet
  facet normal 0.444415 -0.157884 -0.881798
    outer loop
      vertex 169.64 79.9148 16.3724
      vertex 169.768 79.8618 16.4464
      vertex 169.613 79.8388 16.3724
    endloop
  endfacet
  facet normal 0.0568393 -0.378929 -0.923679
    outer loop
      vertex 170.333 80.2808 16.4464
      vertex 170.347 80.1364 16.5065
      vertex 170.267 80.2709 16.4464
    endloop
  endfacet
  facet normal 0.0285302 -0.193598 -0.980666
    outer loop
      vertex 170.362 79.9869 16.552
      vertex 170.377 79.8336 16.5827
      vertex 170.324 79.9813 16.552
    endloop
  endfacet
  facet normal 0.239388 -0.502714 -0.830645
    outer loop
      vertex 170.035 80.4806 16.2851
      vertex 170.012 80.3254 16.3724
      vertex 169.951 80.4406 16.2851
    endloop
  endfacet
  facet normal 0.172336 -0.686651 -0.706265
    outer loop
      vertex 170.169 80.7627 16.0745
      vertex 170.19 80.6538 16.1855
      vertex 170.088 80.6282 16.1855
    endloop
  endfacet
  facet normal 0.103075 -0.165968 -0.980729
    outer loop
      vertex 170.289 79.807 16.5827
      vertex 170.27 79.7952 16.5827
      vertex 170.184 79.9232 16.552
    endloop
  endfacet
  facet normal 0.078592 -0.059475 -0.995131
    outer loop
      vertex 170.219 79.7489 16.5827
      vertex 170.339 79.6498 16.5981
      vertex 170.205 79.7304 16.5827
    endloop
  endfacet
  facet normal 0.00977167 -0.195433 -0.980668
    outer loop
      vertex 170.4 79.9888 16.552
      vertex 170.377 79.8336 16.5827
      vertex 170.362 79.9869 16.552
    endloop
  endfacet
  facet normal 0.699097 -0.331151 -0.633721
    outer loop
      vertex 169.267 80.2058 15.9531
      vertex 169.305 80.0537 16.0745
      vertex 169.213 80.0918 15.9531
    endloop
  endfacet
  facet normal 0.615537 -0.155918 -0.772531
    outer loop
      vertex 169.488 79.8767 16.2851
      vertex 169.465 79.7859 16.2851
      vertex 169.346 79.8096 16.1855
    endloop
  endfacet
  facet normal 0.549902 -0.0832284 -0.831072
    outer loop
      vertex 169.465 79.7859 16.2851
      vertex 169.581 79.6806 16.3724
      vertex 169.451 79.6934 16.2851
    endloop
  endfacet
  facet normal 0.630141 -0.0953727 -0.770601
    outer loop
      vertex 169.465 79.7859 16.2851
      vertex 169.451 79.6934 16.2851
      vertex 169.331 79.7053 16.1855
    endloop
  endfacet
  facet normal -0.0406013 -0.830482 -0.555564
    outer loop
      vertex 170.4 80.9724 15.8226
      vertex 170.535 80.9658 15.8226
      vertex 170.4 80.8851 15.9531
    endloop
  endfacet
  facet normal -0.0408584 -0.830347 -0.555746
    outer loop
      vertex 170.535 80.9658 15.8226
      vertex 170.526 80.8789 15.9531
      vertex 170.4 80.8851 15.9531
    endloop
  endfacet
  facet normal 0.25962 -0.728525 -0.633916
    outer loop
      vertex 170.027 80.8298 15.9531
      vertex 170.056 80.7345 16.0745
      vertex 169.946 80.6953 16.0745
    endloop
  endfacet
  facet normal 0.188166 -0.750205 -0.633866
    outer loop
      vertex 170.149 80.8604 15.9531
      vertex 170.056 80.7345 16.0745
      vertex 170.027 80.8298 15.9531
    endloop
  endfacet
  facet normal 0.214073 -0.598044 -0.772344
    outer loop
      vertex 170.088 80.6282 16.1855
      vertex 170.123 80.5121 16.2851
      vertex 170.035 80.4806 16.2851
    endloop
  endfacet
  facet normal 0.0925031 -0.627941 -0.772744
    outer loop
      vertex 170.295 80.6693 16.1855
      vertex 170.307 80.5485 16.2851
      vertex 170.214 80.5348 16.2851
    endloop
  endfacet
  facet normal 0.394605 -0.836661 -0.379848
    outer loop
      vertex 169.824 80.9918 15.539
      vertex 169.846 80.9363 15.6841
      vertex 169.69 80.9286 15.539
    endloop
  endfacet
  facet normal 0.396073 -0.835213 -0.381505
    outer loop
      vertex 169.846 80.9363 15.6841
      vertex 169.718 80.8756 15.6841
      vertex 169.69 80.9286 15.539
    endloop
  endfacet
  facet normal -0.0455232 -0.922936 -0.382252
    outer loop
      vertex 170.548 81.0992 15.539
      vertex 170.542 81.0394 15.6841
      vertex 170.4 81.1065 15.539
    endloop
  endfacet
  facet normal -0.143923 -0.970196 -0.194953
    outer loop
      vertex 170.555 81.1751 15.2348
      vertex 170.703 81.1222 15.3888
      vertex 170.552 81.1446 15.3888
    endloop
  endfacet
  facet normal 0.129684 -0.87287 -0.470404
    outer loop
      vertex 170.258 81.0394 15.6841
      vertex 170.265 80.9658 15.8226
      vertex 170.118 81.0186 15.6841
    endloop
  endfacet
  facet normal 0.0455232 -0.922936 -0.382252
    outer loop
      vertex 170.4 81.1065 15.539
      vertex 170.258 81.0394 15.6841
      vertex 170.252 81.0992 15.539
    endloop
  endfacet
  facet normal -0.187393 -0.523511 -0.831156
    outer loop
      vertex 170.677 80.5121 16.2851
      vertex 170.765 80.4806 16.2851
      vertex 170.639 80.3871 16.3724
    endloop
  endfacet
  facet normal -0.18737 -0.523534 -0.831146
    outer loop
      vertex 170.765 80.4806 16.2851
      vertex 170.715 80.3599 16.3724
      vertex 170.639 80.3871 16.3724
    endloop
  endfacet
  facet normal -0.237279 -0.665833 -0.707365
    outer loop
      vertex 170.854 80.6953 16.0745
      vertex 170.811 80.5927 16.1855
      vertex 170.744 80.7345 16.0745
    endloop
  endfacet
  facet normal -0.21527 -0.855812 -0.470366
    outer loop
      vertex 170.682 81.0186 15.6841
      vertex 170.798 80.9133 15.8226
      vertex 170.668 80.946 15.8226
    endloop
  endfacet
  facet normal -0.269557 -0.573779 -0.77338
    outer loop
      vertex 170.907 80.5476 16.1855
      vertex 170.849 80.4406 16.2851
      vertex 170.811 80.5927 16.1855
    endloop
  endfacet
  facet normal -0.301046 -0.640808 -0.706212
    outer loop
      vertex 170.959 80.6455 16.0745
      vertex 170.907 80.5476 16.1855
      vertex 170.811 80.5927 16.1855
    endloop
  endfacet
  facet normal -0.426707 -0.470101 -0.77261
    outer loop
      vertex 171.082 80.4306 16.1855
      vertex 171.16 80.3598 16.1855
      vertex 171.005 80.3368 16.2851
    endloop
  endfacet
  facet normal -0.572602 -0.518132 -0.635348
    outer loop
      vertex 171.309 80.5087 15.9531
      vertex 171.316 80.3521 16.0745
      vertex 171.238 80.4383 16.0745
    endloop
  endfacet
  facet normal -0.519227 -0.571748 -0.635223
    outer loop
      vertex 171.309 80.5087 15.9531
      vertex 171.238 80.4383 16.0745
      vertex 171.152 80.5164 16.0745
    endloop
  endfacet
  facet normal -0.517987 -0.574861 -0.633423
    outer loop
      vertex 171.215 80.5934 15.9531
      vertex 171.309 80.5087 15.9531
      vertex 171.152 80.5164 16.0745
    endloop
  endfacet
  facet normal -0.316088 -0.349913 -0.881844
    outer loop
      vertex 170.922 80.2358 16.3724
      vertex 170.982 80.1816 16.3724
      vertex 170.834 80.1288 16.4464
    endloop
  endfacet
  facet normal -0.379226 -0.280908 -0.881634
    outer loop
      vertex 171.036 80.1218 16.3724
      vertex 171.084 80.057 16.3724
      vertex 170.929 80.034 16.4464
    endloop
  endfacet
  facet normal -0.350231 -0.316262 -0.881656
    outer loop
      vertex 170.982 80.1816 16.3724
      vertex 171.036 80.1218 16.3724
      vertex 170.929 80.034 16.4464
    endloop
  endfacet
  facet normal -0.425854 -0.203456 -0.88162
    outer loop
      vertex 171.125 79.9878 16.3724
      vertex 171.032 79.8618 16.4464
      vertex 171.003 79.9225 16.4464
    endloop
  endfacet
  facet normal -0.359774 -0.130931 -0.923807
    outer loop
      vertex 171.032 79.8618 16.4464
      vertex 171.055 79.7986 16.4464
      vertex 170.916 79.7565 16.5065
    endloop
  endfacet
  facet normal -0.30989 -0.226037 -0.923513
    outer loop
      vertex 170.929 80.034 16.4464
      vertex 170.848 79.8995 16.5065
      vertex 170.817 79.942 16.5065
    endloop
  endfacet
  facet normal -0.256668 -0.284555 -0.923661
    outer loop
      vertex 170.834 80.1288 16.4464
      vertex 170.884 80.0837 16.4464
      vertex 170.742 80.0167 16.5065
    endloop
  endfacet
  facet normal -0.315928 -0.350253 -0.881767
    outer loop
      vertex 170.982 80.1816 16.3724
      vertex 170.884 80.0837 16.4464
      vertex 170.834 80.1288 16.4464
    endloop
  endfacet
  facet normal -0.262137 -0.126133 -0.956752
    outer loop
      vertex 170.875 79.8541 16.5065
      vertex 170.898 79.8063 16.5065
      vertex 170.743 79.7833 16.552
    endloop
  endfacet
  facet normal -0.425332 -0.203926 -0.881764
    outer loop
      vertex 171.125 79.9878 16.3724
      vertex 171.16 79.9148 16.3724
      vertex 171.032 79.8618 16.4464
    endloop
  endfacet
  facet normal -0.58408 -0.788445 -0.192888
    outer loop
      vertex 171.404 80.8234 15.2348
      vertex 171.385 80.7998 15.3888
      vertex 171.279 80.916 15.2348
    endloop
  endfacet
  facet normal -0.659213 -0.726841 -0.192718
    outer loop
      vertex 171.404 80.8234 15.2348
      vertex 171.519 80.7191 15.2348
      vertex 171.385 80.7998 15.3888
    endloop
  endfacet
  facet normal -0.35518 -0.752291 -0.554893
    outer loop
      vertex 171.047 80.8103 15.8226
      vertex 171.006 80.7334 15.9531
      vertex 170.925 80.8679 15.8226
    endloop
  endfacet
  facet normal -0.296746 -0.830103 -0.472092
    outer loop
      vertex 170.954 80.9363 15.6841
      vertex 170.925 80.8679 15.8226
      vertex 170.798 80.9133 15.8226
    endloop
  endfacet
  facet normal -0.232036 -0.928143 -0.291049
    outer loop
      vertex 170.851 81.0852 15.3888
      vertex 170.837 81.0416 15.539
      vertex 170.703 81.1222 15.3888
    endloop
  endfacet
  facet normal -0.233015 -0.928167 -0.290188
    outer loop
      vertex 170.703 81.1222 15.3888
      vertex 170.837 81.0416 15.539
      vertex 170.694 81.0775 15.539
    endloop
  endfacet
  facet normal -0.330702 -0.699445 -0.633572
    outer loop
      vertex 170.892 80.7873 15.9531
      vertex 171.006 80.7334 15.9531
      vertex 170.854 80.6953 16.0745
    endloop
  endfacet
  facet normal -0.331351 -0.698632 -0.634129
    outer loop
      vertex 171.006 80.7334 15.9531
      vertex 170.959 80.6455 16.0745
      vertex 170.854 80.6953 16.0745
    endloop
  endfacet
  facet normal -0.522827 -0.710576 -0.470887
    outer loop
      vertex 171.318 80.7181 15.6841
      vertex 171.271 80.6609 15.8226
      vertex 171.162 80.7411 15.8226
    endloop
  endfacet
  facet normal -0.492138 -0.668866 -0.557151
    outer loop
      vertex 171.271 80.6609 15.8226
      vertex 171.215 80.5934 15.9531
      vertex 171.162 80.7411 15.8226
    endloop
  endfacet
  facet normal -0.524555 -0.707684 -0.473313
    outer loop
      vertex 171.204 80.8026 15.6841
      vertex 171.318 80.7181 15.6841
      vertex 171.162 80.7411 15.8226
    endloop
  endfacet
  facet normal -0.550531 -0.742728 -0.381144
    outer loop
      vertex 171.237 80.8526 15.539
      vertex 171.318 80.7181 15.6841
      vertex 171.204 80.8026 15.6841
    endloop
  endfacet
  facet normal -0.707242 -0.645225 -0.288951
    outer loop
      vertex 171.6 80.5846 15.3888
      vertex 171.565 80.5557 15.539
      vertex 171.497 80.6975 15.3888
    endloop
  endfacet
  facet normal -0.724399 -0.660878 -0.19618
    outer loop
      vertex 171.519 80.7191 15.2348
      vertex 171.6 80.5846 15.3888
      vertex 171.497 80.6975 15.3888
    endloop
  endfacet
  facet normal -0.684859 -0.619045 -0.384383
    outer loop
      vertex 171.565 80.5557 15.539
      vertex 171.518 80.5176 15.6841
      vertex 171.423 80.6227 15.6841
    endloop
  endfacet
  facet normal -0.653551 -0.590745 -0.473171
    outer loop
      vertex 171.423 80.6227 15.6841
      vertex 171.518 80.5176 15.6841
      vertex 171.37 80.5704 15.8226
    endloop
  endfacet
  facet normal -0.708462 -0.523817 -0.472967
    outer loop
      vertex 171.603 80.4036 15.6841
      vertex 171.541 80.3624 15.8226
      vertex 171.461 80.4706 15.8226
    endloop
  endfacet
  facet normal -0.669822 -0.495247 -0.553235
    outer loop
      vertex 171.541 80.3624 15.8226
      vertex 171.469 80.314 15.9531
      vertex 171.461 80.4706 15.8226
    endloop
  endfacet
  facet normal -0.819277 -0.495202 -0.289067
    outer loop
      vertex 171.769 80.3316 15.3888
      vertex 171.729 80.3101 15.539
      vertex 171.69 80.4623 15.3888
    endloop
  endfacet
  facet normal -0.822207 -0.492417 -0.285485
    outer loop
      vertex 171.69 80.4623 15.3888
      vertex 171.729 80.3101 15.539
      vertex 171.653 80.437 15.539
    endloop
  endfacet
  facet normal -0.883096 -0.0393946 0.467535
    outer loop
      vertex 171.772 79.6 14.1774
      vertex 171.839 79.7418 14.3159
      vertex 171.766 79.7345 14.1774
    endloop
  endfacet
  facet normal -0.874118 -0.131249 0.467644
    outer loop
      vertex 171.766 79.7345 14.1774
      vertex 171.839 79.7418 14.3159
      vertex 171.746 79.8677 14.1774
    endloop
  endfacet
  facet normal -0.969643 -0.147988 0.194657
    outer loop
      vertex 171.945 79.7521 14.6112
      vertex 171.952 79.9088 14.7652
      vertex 171.922 79.9028 14.6112
    endloop
  endfacet
  facet normal -0.970606 -0.145244 0.191908
    outer loop
      vertex 171.975 79.7551 14.7652
      vertex 171.952 79.9088 14.7652
      vertex 171.945 79.7521 14.6112
    endloop
  endfacet
  facet normal -0.738371 -0.667164 0.0984912
    outer loop
      vertex 171.623 80.604 14.7652
      vertex 171.53 80.73 14.9215
      vertex 171.519 80.7191 14.7652
    endloop
  endfacet
  facet normal -0.789565 -0.581037 0.197444
    outer loop
      vertex 171.69 80.4623 14.6112
      vertex 171.716 80.4793 14.7652
      vertex 171.6 80.5846 14.6112
    endloop
  endfacet
  facet normal -0.756368 -0.451856 0.473005
    outer loop
      vertex 171.61 80.2469 14.1774
      vertex 171.603 80.4036 14.3159
      vertex 171.541 80.3624 14.1774
    endloop
  endfacet
  facet normal -0.755272 -0.452667 0.473979
    outer loop
      vertex 171.61 80.2469 14.1774
      vertex 171.676 80.2818 14.3159
      vertex 171.603 80.4036 14.3159
    endloop
  endfacet
  facet normal -0.615537 -0.155918 0.772531
    outer loop
      vertex 171.335 79.7859 13.7149
      vertex 171.454 79.8096 13.8145
      vertex 171.312 79.8767 13.7149
    endloop
  endfacet
  facet normal -0.7267 -0.258588 0.636427
    outer loop
      vertex 171.534 79.9441 13.9255
      vertex 171.63 79.9731 14.0469
      vertex 171.495 80.0537 13.9255
    endloop
  endfacet
  facet normal -0.765521 -0.113066 0.633399
    outer loop
      vertex 171.58 79.7162 13.9255
      vertex 171.679 79.726 14.0469
      vertex 171.563 79.8313 13.9255
    endloop
  endfacet
  facet normal -0.831398 -0.0395904 0.554265
    outer loop
      vertex 171.685 79.6 14.0469
      vertex 171.772 79.6 14.1774
      vertex 171.679 79.726 14.0469
    endloop
  endfacet
  facet normal -0.539519 -0.136662 0.830809
    outer loop
      vertex 171.335 79.7859 13.7149
      vertex 171.312 79.8767 13.7149
      vertex 171.207 79.7605 13.6276
    endloop
  endfacet
  facet normal -0.524009 -0.186161 0.831119
    outer loop
      vertex 171.187 79.8388 13.6276
      vertex 171.312 79.8767 13.7149
      vertex 171.16 79.9148 13.6276
    endloop
  endfacet
  facet normal -0.830364 -0.0370423 0.555989
    outer loop
      vertex 171.772 79.6 14.1774
      vertex 171.766 79.7345 14.1774
      vertex 171.679 79.726 14.0469
    endloop
  endfacet
  facet normal -0.91474 -0.130305 0.382455
    outer loop
      vertex 171.839 79.7418 14.3159
      vertex 171.878 79.8939 14.461
      vertex 171.819 79.8822 14.3159
    endloop
  endfacet
  facet normal -0.82196 -0.123417 0.556012
    outer loop
      vertex 171.766 79.7345 14.1774
      vertex 171.746 79.8677 14.1774
      vertex 171.679 79.726 14.0469
    endloop
  endfacet
  facet normal -0.820871 -0.125073 0.55725
    outer loop
      vertex 171.679 79.726 14.0469
      vertex 171.746 79.8677 14.1774
      vertex 171.66 79.8507 14.0469
    endloop
  endfacet
  facet normal -0.572602 -0.518132 0.635348
    outer loop
      vertex 171.316 80.3521 13.9255
      vertex 171.309 80.5087 14.0469
      vertex 171.238 80.4383 13.9255
    endloop
  endfacet
  facet normal -0.575028 -0.517156 0.633949
    outer loop
      vertex 171.316 80.3521 13.9255
      vertex 171.393 80.4153 14.0469
      vertex 171.309 80.5087 14.0469
    endloop
  endfacet
  facet normal 0.145752 -0.984465 -0.0979058
    outer loop
      vertex 170.245 81.1751 15.2348
      vertex 170.091 81.1523 15.2348
      vertex 170.088 81.1674 15.0785
    endloop
  endfacet
  facet normal 0.143638 -0.970184 -0.195223
    outer loop
      vertex 170.245 81.1751 15.2348
      vertex 170.097 81.1222 15.3888
      vertex 170.091 81.1523 15.2348
    endloop
  endfacet
  facet normal -0.243136 -0.969992 0
    outer loop
      vertex 170.712 81.1674 14.9215
      vertex 170.864 81.1293 15.0785
      vertex 170.712 81.1674 15.0785
    endloop
  endfacet
  facet normal -0.243136 -0.969992 -0
    outer loop
      vertex 170.864 81.1293 15.0785
      vertex 170.712 81.1674 14.9215
      vertex 170.864 81.1293 14.9215
    endloop
  endfacet
  facet normal -0.377922 -0.796935 0.471243
    outer loop
      vertex 171.047 80.8103 14.1774
      vertex 171.082 80.8756 14.3159
      vertex 170.954 80.9363 14.3159
    endloop
  endfacet
  facet normal -0.454755 -0.755735 0.471234
    outer loop
      vertex 171.162 80.7411 14.1774
      vertex 171.082 80.8756 14.3159
      vertex 171.047 80.8103 14.1774
    endloop
  endfacet
  facet normal -0.331351 -0.698632 0.634129
    outer loop
      vertex 170.959 80.6455 13.9255
      vertex 171.006 80.7334 14.0469
      vertex 170.854 80.6953 13.9255
    endloop
  endfacet
  facet normal -0.396844 -0.663619 0.634133
    outer loop
      vertex 171.059 80.5857 13.9255
      vertex 171.006 80.7334 14.0469
      vertex 170.959 80.6455 13.9255
    endloop
  endfacet
  facet normal -0.237279 -0.665833 0.707365
    outer loop
      vertex 170.811 80.5927 13.8145
      vertex 170.854 80.6953 13.9255
      vertex 170.744 80.7345 13.9255
    endloop
  endfacet
  facet normal -0.113198 -0.764851 0.634184
    outer loop
      vertex 170.631 80.7627 13.9255
      vertex 170.651 80.8604 14.0469
      vertex 170.526 80.8789 14.0469
    endloop
  endfacet
  facet normal -0.214411 -0.597935 0.772335
    outer loop
      vertex 170.811 80.5927 13.8145
      vertex 170.712 80.6282 13.8145
      vertex 170.677 80.5121 13.7149
    endloop
  endfacet
  facet normal -0.172215 -0.686169 0.706763
    outer loop
      vertex 170.712 80.6282 13.8145
      vertex 170.744 80.7345 13.9255
      vertex 170.61 80.6538 13.8145
    endloop
  endfacet
  facet normal -0.213902 -0.85561 0.471358
    outer loop
      vertex 170.798 80.9133 14.1774
      vertex 170.82 80.9841 14.3159
      vertex 170.682 81.0186 14.3159
    endloop
  endfacet
  facet normal -0.129925 -0.872726 0.470605
    outer loop
      vertex 170.668 80.946 14.1774
      vertex 170.682 81.0186 14.3159
      vertex 170.535 80.9658 14.1774
    endloop
  endfacet
  facet normal -0.452411 -0.756084 0.472928
    outer loop
      vertex 171.162 80.7411 14.1774
      vertex 171.204 80.8026 14.3159
      vertex 171.082 80.8756 14.3159
    endloop
  endfacet
  facet normal -0.428952 -0.712854 0.554832
    outer loop
      vertex 171.162 80.7411 14.1774
      vertex 171.047 80.8103 14.1774
      vertex 171.006 80.7334 14.0469
    endloop
  endfacet
  facet normal -0.233015 -0.928167 0.290188
    outer loop
      vertex 170.837 81.0416 14.461
      vertex 170.703 81.1222 14.6112
      vertex 170.694 81.0775 14.461
    endloop
  endfacet
  facet normal 0.0476904 -0.979587 0.195281
    outer loop
      vertex 170.4 81.152 14.6112
      vertex 170.4 81.1827 14.7652
      vertex 170.248 81.1446 14.6112
    endloop
  endfacet
  facet normal -0.243187 -0.965027 0.097898
    outer loop
      vertex 170.859 81.1145 14.7652
      vertex 170.712 81.1674 14.9215
      vertex 170.709 81.1523 14.7652
    endloop
  endfacet
  facet normal -0.241938 -0.965214 0.0991354
    outer loop
      vertex 170.859 81.1145 14.7652
      vertex 170.864 81.1293 14.9215
      vertex 170.712 81.1674 14.9215
    endloop
  endfacet
  facet normal 0.129684 -0.87287 0.470404
    outer loop
      vertex 170.265 80.9658 14.1774
      vertex 170.258 81.0394 14.3159
      vertex 170.118 81.0186 14.3159
    endloop
  endfacet
  facet normal 0.135795 -0.914004 0.382303
    outer loop
      vertex 170.258 81.0394 14.3159
      vertex 170.252 81.0992 14.461
      vertex 170.118 81.0186 14.3159
    endloop
  endfacet
  facet normal 0.376296 -0.797015 0.472407
    outer loop
      vertex 169.875 80.8679 14.1774
      vertex 169.846 80.9363 14.3159
      vertex 169.753 80.8103 14.1774
    endloop
  endfacet
  facet normal 0.377922 -0.796935 0.471243
    outer loop
      vertex 169.753 80.8103 14.1774
      vertex 169.846 80.9363 14.3159
      vertex 169.718 80.8756 14.3159
    endloop
  endfacet
  facet normal -0.506046 -0.840178 -0.194983
    outer loop
      vertex 171.279 80.916 15.2348
      vertex 171.262 80.8905 15.3888
      vertex 171.132 80.9688 15.3888
    endloop
  endfacet
  facet normal -0.493913 -0.820034 -0.289128
    outer loop
      vertex 171.262 80.8905 15.3888
      vertex 171.237 80.8526 15.539
      vertex 171.132 80.9688 15.3888
    endloop
  endfacet
  facet normal -0.418576 -0.887303 -0.193618
    outer loop
      vertex 171.146 80.9958 15.2348
      vertex 171.132 80.9688 15.3888
      vertex 170.994 81.0339 15.3888
    endloop
  endfacet
  facet normal -0.420254 -0.886079 -0.195578
    outer loop
      vertex 171.006 81.0622 15.2348
      vertex 171.146 80.9958 15.2348
      vertex 170.994 81.0339 15.3888
    endloop
  endfacet
  facet normal -0.741959 -0.670445 0
    outer loop
      vertex 171.635 80.6138 14.9215
      vertex 171.53 80.73 15.0785
      vertex 171.53 80.73 14.9215
    endloop
  endfacet
  facet normal -0.741959 -0.670445 0
    outer loop
      vertex 171.53 80.73 15.0785
      vertex 171.635 80.6138 14.9215
      vertex 171.635 80.6138 15.0785
    endloop
  endfacet
  facet normal -0.797623 -0.595052 0.0985475
    outer loop
      vertex 171.729 80.4878 14.9215
      vertex 171.635 80.6138 14.9215
      vertex 171.623 80.604 14.7652
    endloop
  endfacet
  facet normal 0.727245 -0.26345 -0.633805
    outer loop
      vertex 169.213 80.0918 15.9531
      vertex 169.305 80.0537 16.0745
      vertex 169.17 79.9731 15.9531
    endloop
  endfacet
  facet normal 0.542711 -0.329825 -0.772451
    outer loop
      vertex 169.507 80.197 16.1855
      vertex 169.559 80.0493 16.2851
      vertex 169.452 80.1065 16.1855
    endloop
  endfacet
  facet normal 0.984297 -0.147292 -0.0972894
    outer loop
      vertex 168.833 79.9118 15.0785
      vertex 168.848 79.9088 15.2348
      vertex 168.825 79.7551 15.2348
    endloop
  endfacet
  facet normal 0.970075 -0.145164 -0.194631
    outer loop
      vertex 168.848 79.9088 15.2348
      vertex 168.878 79.9028 15.3888
      vertex 168.825 79.7551 15.2348
    endloop
  endfacet
  facet normal 0.914579 -0.131369 -0.382475
    outer loop
      vertex 168.922 79.8939 15.539
      vertex 168.981 79.8822 15.6841
      vertex 168.901 79.7477 15.539
    endloop
  endfacet
  facet normal 0.948515 -0.136244 -0.285933
    outer loop
      vertex 168.922 79.8939 15.539
      vertex 168.901 79.7477 15.539
      vertex 168.878 79.9028 15.3888
    endloop
  endfacet
  facet normal 0.595502 -0.803354 0
    outer loop
      vertex 169.386 80.8353 14.9215
      vertex 169.512 80.9287 15.0785
      vertex 169.386 80.8353 15.0785
    endloop
  endfacet
  facet normal 0.595502 -0.803354 0
    outer loop
      vertex 169.512 80.9287 15.0785
      vertex 169.386 80.8353 14.9215
      vertex 169.512 80.9287 14.9215
    endloop
  endfacet
  facet normal 0.491575 -0.821448 -0.289096
    outer loop
      vertex 169.69 80.9286 15.539
      vertex 169.563 80.8526 15.539
      vertex 169.538 80.8905 15.3888
    endloop
  endfacet
  facet normal 0.493527 -0.819393 -0.291593
    outer loop
      vertex 169.668 80.9688 15.3888
      vertex 169.69 80.9286 15.539
      vertex 169.538 80.8905 15.3888
    endloop
  endfacet
  facet normal 0.504622 -0.841037 -0.194968
    outer loop
      vertex 169.654 80.9958 15.2348
      vertex 169.538 80.8905 15.3888
      vertex 169.521 80.916 15.2348
    endloop
  endfacet
  facet normal 0.50621 -0.840451 -0.193371
    outer loop
      vertex 169.654 80.9958 15.2348
      vertex 169.668 80.9688 15.3888
      vertex 169.538 80.8905 15.3888
    endloop
  endfacet
  facet normal 0.871322 -0.130829 0.47295
    outer loop
      vertex 169.034 79.7345 14.1774
      vertex 169.054 79.8677 14.1774
      vertex 168.981 79.8822 14.3159
    endloop
  endfacet
  facet normal 0.881318 -0.0393153 0.470885
    outer loop
      vertex 169.028 79.6 14.1774
      vertex 169.034 79.7345 14.1774
      vertex 168.954 79.6 14.3159
    endloop
  endfacet
  facet normal 0.979339 -0.0450715 0.19714
    outer loop
      vertex 168.848 79.6 14.6112
      vertex 168.855 79.7521 14.6112
      vertex 168.817 79.6 14.7652
    endloop
  endfacet
  facet normal 0.950635 -0.238141 0.198951
    outer loop
      vertex 168.915 80.0505 14.6112
      vertex 168.885 80.0594 14.7652
      vertex 168.878 79.9028 14.6112
    endloop
  endfacet
  facet normal 0.92337 -0.328395 0.198856
    outer loop
      vertex 168.915 80.0505 14.6112
      vertex 168.966 80.1939 14.6112
      vertex 168.885 80.0594 14.7652
    endloop
  endfacet
  facet normal 0.896138 -0.224972 0.382524
    outer loop
      vertex 168.981 79.8822 14.3159
      vertex 168.958 80.0373 14.461
      vertex 168.922 79.8939 14.461
    endloop
  endfacet
  facet normal 0.882851 -0.0435822 0.467627
    outer loop
      vertex 169.034 79.7345 14.1774
      vertex 168.961 79.7418 14.3159
      vertex 168.954 79.6 14.3159
    endloop
  endfacet
  facet normal 0.749232 -0.183635 0.63634
    outer loop
      vertex 169.266 79.9441 13.9255
      vertex 169.17 79.9731 14.0469
      vertex 169.14 79.8507 14.0469
    endloop
  endfacet
  facet normal 0.865779 -0.408264 0.289391
    outer loop
      vertex 169.008 80.1765 14.461
      vertex 169.071 80.3101 14.461
      vertex 168.966 80.1939 14.6112
    endloop
  endfacet
  facet normal 0.8349 -0.393703 0.384629
    outer loop
      vertex 169.064 80.1535 14.3159
      vertex 169.071 80.3101 14.461
      vertex 169.008 80.1765 14.461
    endloop
  endfacet
  facet normal 0.707242 -0.645225 0.288951
    outer loop
      vertex 169.235 80.5557 14.461
      vertex 169.303 80.6975 14.6112
      vertex 169.2 80.5846 14.6112
    endloop
  endfacet
  facet normal 0.725065 -0.661485 0.191619
    outer loop
      vertex 169.2 80.5846 14.6112
      vertex 169.303 80.6975 14.6112
      vertex 169.177 80.604 14.7652
    endloop
  endfacet
  facet normal 0.738371 -0.667164 -0.0984912
    outer loop
      vertex 169.27 80.73 15.0785
      vertex 169.281 80.7191 15.2348
      vertex 169.177 80.604 15.2348
    endloop
  endfacet
  facet normal 0.668838 -0.736802 -0.0988888
    outer loop
      vertex 169.386 80.8353 15.0785
      vertex 169.396 80.8234 15.2348
      vertex 169.27 80.73 15.0785
    endloop
  endfacet
  facet normal 0.741959 -0.670445 0
    outer loop
      vertex 169.165 80.6138 15.0785
      vertex 169.27 80.73 14.9215
      vertex 169.27 80.73 15.0785
    endloop
  endfacet
  facet normal 0.741959 -0.670445 0
    outer loop
      vertex 169.27 80.73 14.9215
      vertex 169.165 80.6138 15.0785
      vertex 169.165 80.6138 14.9215
    endloop
  endfacet
  facet normal 0.73835 -0.667183 0.0985195
    outer loop
      vertex 169.177 80.604 14.7652
      vertex 169.27 80.73 14.9215
      vertex 169.165 80.6138 14.9215
    endloop
  endfacet
  facet normal 0.73835 -0.667183 -0.0985195
    outer loop
      vertex 169.27 80.73 15.0785
      vertex 169.177 80.604 15.2348
      vertex 169.165 80.6138 15.0785
    endloop
  endfacet
  facet normal 0.85946 -0.511203 0
    outer loop
      vertex 168.991 80.3533 15.0785
      vertex 169.071 80.4878 14.9215
      vertex 169.071 80.4878 15.0785
    endloop
  endfacet
  facet normal 0.85946 -0.511203 0
    outer loop
      vertex 169.071 80.4878 14.9215
      vertex 168.991 80.3533 15.0785
      vertex 168.991 80.3533 14.9215
    endloop
  endfacet
  facet normal 0.855605 -0.50891 -0.0946066
    outer loop
      vertex 169.071 80.4878 15.0785
      vertex 169.004 80.3461 15.2348
      vertex 168.991 80.3533 15.0785
    endloop
  endfacet
  facet normal 0.85307 -0.512354 0.0988159
    outer loop
      vertex 169.084 80.4793 14.7652
      vertex 169.071 80.4878 14.9215
      vertex 169.004 80.3461 14.7652
    endloop
  endfacet
  facet normal 0.797703 -0.594919 0.0987009
    outer loop
      vertex 169.084 80.4793 14.7652
      vertex 169.177 80.604 14.7652
      vertex 169.071 80.4878 14.9215
    endloop
  endfacet
  facet normal 0.621884 -0.684463 0.380488
    outer loop
      vertex 169.377 80.6227 14.3159
      vertex 169.482 80.7181 14.3159
      vertex 169.335 80.6652 14.461
    endloop
  endfacet
  facet normal 0.592489 -0.652111 0.472977
    outer loop
      vertex 169.43 80.5704 14.1774
      vertex 169.482 80.7181 14.3159
      vertex 169.377 80.6227 14.3159
    endloop
  endfacet
  facet normal 0.567871 -0.770101 -0.290631
    outer loop
      vertex 169.538 80.8905 15.3888
      vertex 169.444 80.7645 15.539
      vertex 169.415 80.7998 15.3888
    endloop
  endfacet
  facet normal 0.653551 -0.590745 -0.473171
    outer loop
      vertex 169.377 80.6227 15.6841
      vertex 169.43 80.5704 15.8226
      vertex 169.282 80.5176 15.6841
    endloop
  endfacet
  facet normal 0.645299 -0.706486 -0.29063
    outer loop
      vertex 169.415 80.7998 15.3888
      vertex 169.444 80.7645 15.539
      vertex 169.303 80.6975 15.3888
    endloop
  endfacet
  facet normal 0.644611 -0.707579 -0.289496
    outer loop
      vertex 169.444 80.7645 15.539
      vertex 169.335 80.6652 15.539
      vertex 169.303 80.6975 15.3888
    endloop
  endfacet
  facet normal 0.33491 -0.936989 0.0994369
    outer loop
      vertex 169.941 81.1145 14.7652
      vertex 169.936 81.1293 14.9215
      vertex 169.788 81.0764 14.9215
    endloop
  endfacet
  facet normal 0.333586 -0.937613 0.0979886
    outer loop
      vertex 169.794 81.0622 14.7652
      vertex 169.941 81.1145 14.7652
      vertex 169.788 81.0764 14.9215
    endloop
  endfacet
  facet normal 0.323008 -0.900394 0.291473
    outer loop
      vertex 169.963 81.0416 14.461
      vertex 169.949 81.0852 14.6112
      vertex 169.806 81.0339 14.6112
    endloop
  endfacet
  facet normal 0.331326 -0.92358 0.192932
    outer loop
      vertex 169.949 81.0852 14.6112
      vertex 169.941 81.1145 14.7652
      vertex 169.806 81.0339 14.6112
    endloop
  endfacet
  facet normal 0.427149 -0.898926 0.0973476
    outer loop
      vertex 169.654 80.9958 14.7652
      vertex 169.788 81.0764 14.9215
      vertex 169.647 81.0094 14.9215
    endloop
  endfacet
  facet normal 0.426465 -0.899173 0.0980617
    outer loop
      vertex 169.794 81.0622 14.7652
      vertex 169.788 81.0764 14.9215
      vertex 169.654 80.9958 14.7652
    endloop
  endfacet
  facet normal 0.379353 -0.281002 0.881549
    outer loop
      vertex 169.831 79.9801 13.5536
      vertex 169.764 80.1218 13.6276
      vertex 169.716 80.057 13.6276
    endloop
  endfacet
  facet normal 0.469443 -0.426766 0.772978
    outer loop
      vertex 169.663 80.2047 13.7149
      vertex 169.726 80.274 13.7149
      vertex 169.64 80.3598 13.8145
    endloop
  endfacet
  facet normal 0.412013 -0.374557 0.830633
    outer loop
      vertex 169.818 80.1816 13.6276
      vertex 169.726 80.274 13.7149
      vertex 169.663 80.2047 13.7149
    endloop
  endfacet
  facet normal 0.378964 -0.281235 0.881642
    outer loop
      vertex 169.831 79.9801 13.5536
      vertex 169.871 80.034 13.5536
      vertex 169.764 80.1218 13.6276
    endloop
  endfacet
  facet normal 0.273128 -0.0987208 0.956899
    outer loop
      vertex 170.028 79.7129 13.4479
      vertex 169.902 79.8063 13.4935
      vertex 169.884 79.7565 13.4935
    endloop
  endfacet
  facet normal 0.466069 -0.070191 0.88196
    outer loop
      vertex 169.719 79.6671 13.5536
      vertex 169.729 79.7335 13.5536
      vertex 169.581 79.6806 13.6276
    endloop
  endfacet
  facet normal 0.288194 -0.0458664 0.956473
    outer loop
      vertex 170.013 79.6381 13.4479
      vertex 170.019 79.6758 13.4479
      vertex 169.864 79.6528 13.4935
    endloop
  endfacet
  facet normal -0.0838999 -0.0508484 -0.995176
    outer loop
      vertex 170.607 79.7107 16.5827
      vertex 170.469 79.637 16.5981
      vertex 170.465 79.6436 16.5981
    endloop
  endfacet
  facet normal 0.0951089 -0.0253624 -0.995144
    outer loop
      vertex 170.325 79.6228 16.5981
      vertex 170.323 79.6153 16.5981
      vertex 170.17 79.6458 16.5827
    endloop
  endfacet
  facet normal 0.0707497 -0.281477 -0.956956
    outer loop
      vertex 170.295 80.1287 16.5065
      vertex 170.324 79.9813 16.552
      vertex 170.287 79.972 16.552
    endloop
  endfacet
  facet normal 0.470871 -0.0210523 -0.881951
    outer loop
      vertex 169.719 79.6671 16.4464
      vertex 169.716 79.6 16.4464
      vertex 169.581 79.6806 16.3724
    endloop
  endfacet
  facet normal 0.381404 -0.0170524 -0.924251
    outer loop
      vertex 169.719 79.6671 16.4464
      vertex 169.864 79.6528 16.5065
      vertex 169.716 79.6 16.4464
    endloop
  endfacet
  facet normal -0.0342262 -0.0921473 -0.995157
    outer loop
      vertex 170.468 79.8247 16.5827
      vertex 170.43 79.6725 16.5981
      vertex 170.423 79.6751 16.5981
    endloop
  endfacet
  facet normal 0.095706 -0.0213629 -0.99518
    outer loop
      vertex 170.175 79.6682 16.5827
      vertex 170.325 79.6228 16.5981
      vertex 170.17 79.6458 16.5827
    endloop
  endfacet
  facet normal -0.0152261 -0.0968933 -0.995178
    outer loop
      vertex 170.446 79.8303 16.5827
      vertex 170.415 79.677 16.5981
      vertex 170.408 79.6781 16.5981
    endloop
  endfacet
  facet normal -0.0327974 -0.0925056 -0.995172
    outer loop
      vertex 170.468 79.8247 16.5827
      vertex 170.49 79.8169 16.5827
      vertex 170.43 79.6725 16.5981
    endloop
  endfacet
  facet normal -0.00511634 -0.0980632 -0.995167
    outer loop
      vertex 170.423 79.8336 16.5827
      vertex 170.408 79.6781 16.5981
      vertex 170.4 79.8348 16.5827
    endloop
  endfacet
  facet normal 0.0951089 -0.0253624 0.995144
    outer loop
      vertex 170.323 79.6153 13.4019
      vertex 170.325 79.6228 13.4019
      vertex 170.17 79.6458 13.4173
    endloop
  endfacet
  facet normal 0.0832993 -0.176696 0.980734
    outer loop
      vertex 170.289 79.807 13.4173
      vertex 170.31 79.8169 13.4173
      vertex 170.217 79.9429 13.4479
    endloop
  endfacet
  facet normal 0.0226554 -0.0953913 0.995182
    outer loop
      vertex 170.377 79.6751 13.4019
      vertex 170.385 79.677 13.4019
      vertex 170.354 79.8303 13.4173
    endloop
  endfacet
  facet normal 0.0481211 -0.189047 0.980788
    outer loop
      vertex 170.332 79.8247 13.4173
      vertex 170.354 79.8303 13.4173
      vertex 170.287 79.972 13.4479
    endloop
  endfacet
  facet normal -0.159369 -0.444259 0.881609
    outer loop
      vertex 170.662 80.232 13.5536
      vertex 170.639 80.3871 13.6276
      vertex 170.599 80.2546 13.5536
    endloop
  endfacet
  facet normal 0.379009 -0.510335 0.771952
    outer loop
      vertex 169.87 80.3925 13.7149
      vertex 169.803 80.4934 13.8145
      vertex 169.795 80.3368 13.7149
    endloop
  endfacet
  facet normal 0.33139 -0.446216 0.831308
    outer loop
      vertex 169.878 80.2358 13.6276
      vertex 169.87 80.3925 13.7149
      vertex 169.795 80.3368 13.7149
    endloop
  endfacet
  facet normal 0.422397 -0.566853 0.70729
    outer loop
      vertex 169.803 80.4934 13.8145
      vertex 169.741 80.5857 13.9255
      vertex 169.648 80.5164 13.9255
    endloop
  endfacet
  facet normal 0.462581 -0.62078 0.63297
    outer loop
      vertex 169.741 80.5857 13.9255
      vertex 169.686 80.6685 14.0469
      vertex 169.648 80.5164 13.9255
    endloop
  endfacet
  facet normal -0.0380154 -0.772571 0.633789
    outer loop
      vertex 170.516 80.7798 13.9255
      vertex 170.526 80.8789 14.0469
      vertex 170.4 80.8851 14.0469
    endloop
  endfacet
  facet normal -0.0379614 -0.772548 0.63382
    outer loop
      vertex 170.516 80.7798 13.9255
      vertex 170.4 80.8851 14.0469
      vertex 170.4 80.7855 13.9255
    endloop
  endfacet
  facet normal 0.615654 -0.156471 0.772326
    outer loop
      vertex 169.488 79.8767 13.7149
      vertex 169.372 79.9119 13.8145
      vertex 169.346 79.8096 13.8145
    endloop
  endfacet
  facet normal 0.699972 -0.100667 0.70704
    outer loop
      vertex 169.331 79.7053 13.8145
      vertex 169.346 79.8096 13.8145
      vertex 169.237 79.8313 13.9255
    endloop
  endfacet
  facet normal 0.539284 -0.137748 0.830781
    outer loop
      vertex 169.593 79.7605 13.6276
      vertex 169.613 79.8388 13.6276
      vertex 169.465 79.7859 13.7149
    endloop
  endfacet
  facet normal 0.539058 -0.136546 0.831127
    outer loop
      vertex 169.613 79.8388 13.6276
      vertex 169.488 79.8767 13.7149
      vertex 169.465 79.7859 13.7149
    endloop
  endfacet
  facet normal 0.406259 -0.240703 0.881485
    outer loop
      vertex 169.831 79.9801 13.5536
      vertex 169.716 80.057 13.6276
      vertex 169.675 79.9878 13.6276
    endloop
  endfacet
  facet normal 0.473093 -0.289047 0.832247
    outer loop
      vertex 169.675 79.9878 13.6276
      vertex 169.608 80.1295 13.7149
      vertex 169.559 80.0493 13.7149
    endloop
  endfacet
  facet normal 0.750602 -0.357723 0.555546
    outer loop
      vertex 169.267 80.2058 14.0469
      vertex 169.19 80.2469 14.1774
      vertex 169.132 80.1252 14.1774
    endloop
  endfacet
  facet normal 0.797251 -0.379955 0.469067
    outer loop
      vertex 169.132 80.1252 14.1774
      vertex 169.19 80.2469 14.1774
      vertex 169.064 80.1535 14.3159
    endloop
  endfacet
  facet normal 0.613727 -0.559611 0.556934
    outer loop
      vertex 169.407 80.4153 14.0469
      vertex 169.43 80.5704 14.1774
      vertex 169.339 80.4706 14.1774
    endloop
  endfacet
  facet normal 0.664195 -0.49831 0.557255
    outer loop
      vertex 169.407 80.4153 14.0469
      vertex 169.339 80.4706 14.1774
      vertex 169.331 80.314 14.0469
    endloop
  endfacet
  facet normal 0.263395 -0.122154 0.956923
    outer loop
      vertex 170.041 79.7488 13.4479
      vertex 170.057 79.7833 13.4479
      vertex 169.902 79.8063 13.4935
    endloop
  endfacet
  facet normal 0.183476 -0.0679542 0.980673
    outer loop
      vertex 170.175 79.6682 13.4173
      vertex 170.183 79.6898 13.4173
      vertex 170.028 79.7129 13.4479
    endloop
  endfacet
  facet normal 0.0843453 -0.175935 0.980782
    outer loop
      vertex 170.31 79.8169 13.4173
      vertex 170.251 79.9592 13.4479
      vertex 170.217 79.9429 13.4479
    endloop
  endfacet
  facet normal 0.196247 -0.21499 0.956696
    outer loop
      vertex 170.153 79.9005 13.4479
      vertex 170.058 80.0167 13.4935
      vertex 170.019 79.9811 13.4935
    endloop
  endfacet
  facet normal 0.214032 -0.197063 0.956743
    outer loop
      vertex 170.099 79.8466 13.4479
      vertex 170.019 79.9811 13.4935
      vertex 169.983 79.942 13.4935
    endloop
  endfacet
  facet normal 0.281239 -0.258941 0.924042
    outer loop
      vertex 169.983 79.942 13.4935
      vertex 170.019 79.9811 13.4935
      vertex 169.916 80.0837 13.5536
    endloop
  endfacet
  facet normal 0.236339 -0.169917 0.956698
    outer loop
      vertex 170.077 79.816 13.4479
      vertex 170.099 79.8466 13.4479
      vertex 169.983 79.942 13.4935
    endloop
  endfacet
  facet normal 0.262664 -0.126386 0.956574
    outer loop
      vertex 170.057 79.7833 13.4479
      vertex 169.925 79.8541 13.4935
      vertex 169.902 79.8063 13.4935
    endloop
  endfacet
  facet normal 0.345411 -0.166202 0.923617
    outer loop
      vertex 169.902 79.8063 13.4935
      vertex 169.925 79.8541 13.4935
      vertex 169.768 79.8618 13.5536
    endloop
  endfacet
  facet normal 0.165493 -0.345979 0.923532
    outer loop
      vertex 170.146 80.0754 13.4935
      vertex 170.138 80.232 13.5536
      vertex 170.078 80.2033 13.5536
    endloop
  endfacet
  facet normal 0.0713436 -0.282056 0.956742
    outer loop
      vertex 170.287 79.972 13.4479
      vertex 170.295 80.1287 13.4935
      vertex 170.244 80.1158 13.4935
    endloop
  endfacet
  facet normal 0.123807 -0.262953 0.956832
    outer loop
      vertex 170.217 79.9429 13.4479
      vertex 170.194 80.098 13.4935
      vertex 170.146 80.0754 13.4935
    endloop
  endfacet
  facet normal 0.129259 -0.360325 0.923828
    outer loop
      vertex 170.194 80.098 13.4935
      vertex 170.201 80.2546 13.5536
      vertex 170.138 80.232 13.5536
    endloop
  endfacet
  facet normal 0.0927056 -0.628006 0.772667
    outer loop
      vertex 170.214 80.5348 13.7149
      vertex 170.295 80.6693 13.8145
      vertex 170.19 80.6538 13.8145
    endloop
  endfacet
  facet normal -0.134543 -0.539537 0.831143
    outer loop
      vertex 170.639 80.3871 13.6276
      vertex 170.586 80.5348 13.7149
      vertex 170.56 80.4068 13.6276
    endloop
  endfacet
  facet normal 0.0274927 -0.555831 0.83084
    outer loop
      vertex 170.319 80.4186 13.6276
      vertex 170.4 80.5531 13.7149
      vertex 170.307 80.5485 13.7149
    endloop
  endfacet
  facet normal 0.0313964 -0.633965 0.772724
    outer loop
      vertex 170.4 80.5531 13.7149
      vertex 170.4 80.6745 13.8145
      vertex 170.295 80.6693 13.8145
    endloop
  endfacet
  facet normal -0.315928 -0.350253 0.881767
    outer loop
      vertex 170.884 80.0837 13.5536
      vertex 170.982 80.1816 13.6276
      vertex 170.834 80.1288 13.5536
    endloop
  endfacet
  facet normal 0.0145192 -0.290383 0.9568
    outer loop
      vertex 170.362 79.9869 13.4479
      vertex 170.4 79.9888 13.4479
      vertex 170.347 80.1364 13.4935
    endloop
  endfacet
  facet normal -0.301046 -0.640808 0.706212
    outer loop
      vertex 170.907 80.5476 13.8145
      vertex 170.959 80.6455 13.9255
      vertex 170.811 80.5927 13.8145
    endloop
  endfacet
  facet normal -0.365298 -0.606583 0.706126
    outer loop
      vertex 170.997 80.4934 13.8145
      vertex 170.959 80.6455 13.9255
      vertex 170.907 80.5476 13.8145
    endloop
  endfacet
  facet normal -0.158991 -0.44424 0.881687
    outer loop
      vertex 170.662 80.232 13.5536
      vertex 170.715 80.3599 13.6276
      vertex 170.639 80.3871 13.6276
    endloop
  endfacet
  facet normal -0.0976118 -0.274191 0.956709
    outer loop
      vertex 170.606 80.098 13.4935
      vertex 170.556 80.1158 13.4935
      vertex 170.513 79.972 13.4479
    endloop
  endfacet
  facet normal -0.214032 -0.197063 0.956743
    outer loop
      vertex 170.817 79.942 13.4935
      vertex 170.781 79.9811 13.4935
      vertex 170.701 79.8466 13.4479
    endloop
  endfacet
  facet normal 0.00490262 -0.0980525 0.995169
    outer loop
      vertex 170.4 79.6785 13.4019
      vertex 170.4 79.8348 13.4173
      vertex 170.392 79.6781 13.4019
    endloop
  endfacet
  facet normal -0.372549 -0.412416 0.831336
    outer loop
      vertex 170.982 80.1816 13.6276
      vertex 171.005 80.3368 13.7149
      vertex 170.922 80.2358 13.6276
    endloop
  endfacet
  facet normal -0.329139 -0.195743 0.923771
    outer loop
      vertex 170.875 79.8541 13.4935
      vertex 171.003 79.9225 13.5536
      vertex 170.848 79.8995 13.4935
    endloop
  endfacet
  facet normal -0.599165 -0.21107 0.772302
    outer loop
      vertex 171.312 79.8767 13.7149
      vertex 171.393 80.0112 13.8145
      vertex 171.281 79.9647 13.7149
    endloop
  endfacet
  facet normal -0.523864 -0.184543 0.831571
    outer loop
      vertex 171.312 79.8767 13.7149
      vertex 171.281 79.9647 13.7149
      vertex 171.16 79.9148 13.6276
    endloop
  endfacet
  facet normal -0.538751 -0.137612 0.83115
    outer loop
      vertex 171.207 79.7605 13.6276
      vertex 171.312 79.8767 13.7149
      vertex 171.187 79.8388 13.6276
    endloop
  endfacet
  facet normal -0.359774 -0.130931 0.923807
    outer loop
      vertex 171.055 79.7986 13.5536
      vertex 171.032 79.8618 13.5536
      vertex 170.916 79.7565 13.4935
    endloop
  endfacet
  facet normal -0.636601 -0.030228 0.770601
    outer loop
      vertex 171.474 79.6 13.8145
      vertex 171.469 79.7053 13.8145
      vertex 171.349 79.6934 13.7149
    endloop
  endfacet
  facet normal -0.557338 -0.0238689 0.829942
    outer loop
      vertex 171.353 79.6 13.7149
      vertex 171.349 79.6934 13.7149
      vertex 171.223 79.6 13.6276
    endloop
  endfacet
  facet normal -0.024222 -0.0951577 0.995167
    outer loop
      vertex 170.468 79.8247 13.4173
      vertex 170.446 79.8303 13.4173
      vertex 170.423 79.6751 13.4019
    endloop
  endfacet
  facet normal 0.0976045 -0.0128427 0.995142
    outer loop
      vertex 170.322 79.6077 13.4019
      vertex 170.323 79.6153 13.4019
      vertex 170.17 79.6458 13.4173
    endloop
  endfacet
  facet normal -0.183476 -0.0679542 0.980673
    outer loop
      vertex 170.625 79.6682 13.4173
      vertex 170.772 79.7129 13.4479
      vertex 170.617 79.6898 13.4173
    endloop
  endfacet
  facet normal -0.146736 -0.128716 0.980765
    outer loop
      vertex 170.581 79.7489 13.4173
      vertex 170.675 79.8749 13.4479
      vertex 170.566 79.766 13.4173
    endloop
  endfacet
  facet normal -0.196247 -0.21499 0.956696
    outer loop
      vertex 170.781 79.9811 13.4935
      vertex 170.742 80.0167 13.4935
      vertex 170.647 79.9005 13.4479
    endloop
  endfacet
  facet normal -0.155677 -0.11781 0.980758
    outer loop
      vertex 170.595 79.7304 13.4173
      vertex 170.723 79.816 13.4479
      vertex 170.581 79.7489 13.4173
    endloop
  endfacet
  facet normal -0.0967818 -0.0169793 0.995161
    outer loop
      vertex 170.634 79.623 13.4173
      vertex 170.63 79.6458 13.4173
      vertex 170.477 79.6153 13.4019
    endloop
  endfacet
  facet normal -0.287262 -0.0383747 0.957083
    outer loop
      vertex 170.936 79.6528 13.4935
      vertex 170.929 79.7052 13.4935
      vertex 170.781 79.6758 13.4479
    endloop
  endfacet
  facet normal -0.00511634 -0.0980632 0.995167
    outer loop
      vertex 170.408 79.6781 13.4019
      vertex 170.423 79.8336 13.4173
      vertex 170.4 79.8348 13.4173
    endloop
  endfacet
  facet normal -0.550284 -0.0826459 0.830877
    outer loop
      vertex 171.219 79.6806 13.6276
      vertex 171.335 79.7859 13.7149
      vertex 171.207 79.7605 13.6276
    endloop
  endfacet
  facet normal 0.0884538 -0.0423224 0.995181
    outer loop
      vertex 170.331 79.637 13.4019
      vertex 170.193 79.7107 13.4173
      vertex 170.183 79.6898 13.4173
    endloop
  endfacet
  facet normal 0.574309 -0.271185 -0.772417
    outer loop
      vertex 169.452 80.1065 16.1855
      vertex 169.519 79.9647 16.2851
      vertex 169.407 80.0112 16.1855
    endloop
  endfacet
  facet normal 0.703457 -0.327656 -0.630706
    outer loop
      vertex 169.354 80.1589 16.0745
      vertex 169.305 80.0537 16.0745
      vertex 169.267 80.2058 15.9531
    endloop
  endfacet
  facet normal 0.469443 -0.426766 -0.772978
    outer loop
      vertex 169.726 80.274 16.2851
      vertex 169.663 80.2047 16.2851
      vertex 169.64 80.3598 16.1855
    endloop
  endfacet
  facet normal 0.412627 -0.372606 -0.831206
    outer loop
      vertex 169.818 80.1816 16.3724
      vertex 169.764 80.1218 16.3724
      vertex 169.663 80.2047 16.2851
    endloop
  endfacet
  facet normal 0.572714 -0.419224 -0.704451
    outer loop
      vertex 169.569 80.2817 16.1855
      vertex 169.507 80.197 16.1855
      vertex 169.484 80.3521 16.0745
    endloop
  endfacet
  facet normal 0.6195 -0.557152 -0.552994
    outer loop
      vertex 169.43 80.5704 15.8226
      vertex 169.491 80.5087 15.9531
      vertex 169.407 80.4153 15.9531
    endloop
  endfacet
  facet normal 0.331351 -0.698632 -0.634129
    outer loop
      vertex 169.946 80.6953 16.0745
      vertex 169.841 80.6455 16.0745
      vertex 169.794 80.7334 15.9531
    endloop
  endfacet
  facet normal 0.330702 -0.699445 -0.633572
    outer loop
      vertex 169.908 80.7873 15.9531
      vertex 169.946 80.6953 16.0745
      vertex 169.794 80.7334 15.9531
    endloop
  endfacet
  facet normal 0.741545 -0.549756 -0.384551
    outer loop
      vertex 169.235 80.5557 15.539
      vertex 169.282 80.5176 15.6841
      vertex 169.147 80.437 15.539
    endloop
  endfacet
  facet normal 0.769818 -0.570716 -0.285768
    outer loop
      vertex 169.235 80.5557 15.539
      vertex 169.147 80.437 15.539
      vertex 169.11 80.4623 15.3888
    endloop
  endfacet
  facet normal 0.750602 -0.357723 -0.555546
    outer loop
      vertex 169.19 80.2469 15.8226
      vertex 169.267 80.2058 15.9531
      vertex 169.132 80.1252 15.8226
    endloop
  endfacet
  facet normal 0.713837 -0.426448 -0.555498
    outer loop
      vertex 169.259 80.3624 15.8226
      vertex 169.267 80.2058 15.9531
      vertex 169.19 80.2469 15.8226
    endloop
  endfacet
  facet normal 0.048738 -0.993998 -0.0979371
    outer loop
      vertex 170.4 81.1981 15.0785
      vertex 170.4 81.1827 15.2348
      vertex 170.245 81.1751 15.2348
    endloop
  endfacet
  facet normal -0.048738 -0.993998 -0.0979371
    outer loop
      vertex 170.4 81.1981 15.0785
      vertex 170.555 81.1751 15.2348
      vertex 170.4 81.1827 15.2348
    endloop
  endfacet
  facet normal -0.966872 -0.237545 0.0934431
    outer loop
      vertex 171.952 79.9088 14.7652
      vertex 171.929 80.0639 14.9215
      vertex 171.915 80.0594 14.7652
    endloop
  endfacet
  facet normal -0.936077 -0.339112 0.093609
    outer loop
      vertex 171.915 80.0594 14.7652
      vertex 171.929 80.0639 14.9215
      vertex 171.862 80.2057 14.7652
    endloop
  endfacet
  facet normal -0.899994 -0.425544 -0.0944584
    outer loop
      vertex 171.809 80.3533 15.0785
      vertex 171.876 80.2116 15.0785
      vertex 171.796 80.3461 15.2348
    endloop
  endfacet
  facet normal -0.855605 -0.50891 -0.0946066
    outer loop
      vertex 171.809 80.3533 15.0785
      vertex 171.796 80.3461 15.2348
      vertex 171.729 80.4878 15.0785
    endloop
  endfacet
  facet normal -0.765521 -0.113066 -0.633399
    outer loop
      vertex 171.679 79.726 15.9531
      vertex 171.58 79.7162 16.0745
      vertex 171.563 79.8313 16.0745
    endloop
  endfacet
  facet normal -0.751252 -0.193141 -0.631123
    outer loop
      vertex 171.66 79.8507 15.9531
      vertex 171.563 79.8313 16.0745
      vertex 171.534 79.9441 16.0745
    endloop
  endfacet
  facet normal -0.881165 -0.043499 -0.470803
    outer loop
      vertex 171.839 79.7418 15.6841
      vertex 171.846 79.6 15.6841
      vertex 171.772 79.6 15.8226
    endloop
  endfacet
  facet normal -0.883096 -0.0393946 -0.467535
    outer loop
      vertex 171.839 79.7418 15.6841
      vertex 171.772 79.6 15.8226
      vertex 171.766 79.7345 15.8226
    endloop
  endfacet
  facet normal -0.538751 -0.137612 -0.83115
    outer loop
      vertex 171.312 79.8767 16.2851
      vertex 171.207 79.7605 16.3724
      vertex 171.187 79.8388 16.3724
    endloop
  endfacet
  facet normal -0.499555 -0.239513 -0.832513
    outer loop
      vertex 171.241 80.0493 16.2851
      vertex 171.16 79.9148 16.3724
      vertex 171.125 79.9878 16.3724
    endloop
  endfacet
  facet normal -0.641192 -0.302766 -0.705128
    outer loop
      vertex 171.495 80.0537 16.0745
      vertex 171.393 80.0112 16.1855
      vertex 171.348 80.1065 16.1855
    endloop
  endfacet
  facet normal -0.574175 -0.271121 -0.772539
    outer loop
      vertex 171.348 80.1065 16.1855
      vertex 171.393 80.0112 16.1855
      vertex 171.241 80.0493 16.2851
    endloop
  endfacet
  facet normal -0.641099 -0.298611 -0.706982
    outer loop
      vertex 171.446 80.1589 16.0745
      vertex 171.495 80.0537 16.0745
      vertex 171.348 80.1065 16.1855
    endloop
  endfacet
  facet normal -0.703457 -0.327656 -0.630706
    outer loop
      vertex 171.533 80.2058 15.9531
      vertex 171.495 80.0537 16.0745
      vertex 171.446 80.1589 16.0745
    endloop
  endfacet
  facet normal -0.280789 -0.068116 -0.957349
    outer loop
      vertex 170.929 79.7052 16.5065
      vertex 170.781 79.6758 16.552
      vertex 170.772 79.7129 16.552
    endloop
  endfacet
  facet normal -0.190211 -0.0461429 -0.980658
    outer loop
      vertex 170.772 79.7129 16.552
      vertex 170.781 79.6758 16.552
      vertex 170.63 79.6458 16.5827
    endloop
  endfacet
  facet normal -0.290644 -0.0152569 -0.95671
    outer loop
      vertex 170.936 79.6528 16.5065
      vertex 170.789 79.6 16.552
      vertex 170.787 79.6381 16.552
    endloop
  endfacet
  facet normal -0.195493 -0.0102621 -0.980651
    outer loop
      vertex 170.787 79.6381 16.552
      vertex 170.789 79.6 16.552
      vertex 170.635 79.6 16.5827
    endloop
  endfacet
  facet normal -0.0969927 -0.0127622 -0.995203
    outer loop
      vertex 170.634 79.623 16.5827
      vertex 170.478 79.6077 16.5981
      vertex 170.477 79.6153 16.5981
    endloop
  endfacet
  facet normal -0.0970088 -0.0125986 -0.995204
    outer loop
      vertex 170.634 79.623 16.5827
      vertex 170.479 79.6 16.5981
      vertex 170.478 79.6077 16.5981
    endloop
  endfacet
  facet normal 0.0139477 -0.0972112 -0.995166
    outer loop
      vertex 170.377 79.8336 16.5827
      vertex 170.392 79.6781 16.5981
      vertex 170.354 79.8303 16.5827
    endloop
  endfacet
  facet normal -0.0918738 -0.0340273 -0.995189
    outer loop
      vertex 170.617 79.6898 16.5827
      vertex 170.625 79.6682 16.5827
      vertex 170.475 79.6228 16.5981
    endloop
  endfacet
  facet normal -0.184053 -0.0681677 -0.98055
    outer loop
      vertex 170.772 79.7129 16.552
      vertex 170.625 79.6682 16.5827
      vertex 170.617 79.6898 16.5827
    endloop
  endfacet
  facet normal -0.00490262 -0.0980525 -0.995169
    outer loop
      vertex 170.4 79.8348 16.5827
      vertex 170.408 79.6781 16.5981
      vertex 170.4 79.6785 16.5981
    endloop
  endfacet
  facet normal -0.0707497 -0.281477 -0.956956
    outer loop
      vertex 170.505 80.1287 16.5065
      vertex 170.513 79.972 16.552
      vertex 170.476 79.9813 16.552
    endloop
  endfacet
  facet normal -0.131985 -0.144358 -0.980684
    outer loop
      vertex 170.647 79.9005 16.552
      vertex 170.675 79.8749 16.552
      vertex 170.566 79.766 16.5827
    endloop
  endfacet
  facet normal -0.213602 -0.196667 -0.95692
    outer loop
      vertex 170.781 79.9811 16.5065
      vertex 170.817 79.942 16.5065
      vertex 170.701 79.8466 16.552
    endloop
  endfacet
  facet normal -0.329403 -0.194439 -0.923952
    outer loop
      vertex 170.969 79.9801 16.4464
      vertex 171.003 79.9225 16.4464
      vertex 170.848 79.8995 16.5065
    endloop
  endfacet
  facet normal -0.235865 -0.169576 -0.956876
    outer loop
      vertex 170.817 79.942 16.5065
      vertex 170.723 79.816 16.552
      vertex 170.701 79.8466 16.552
    endloop
  endfacet
  facet normal -0.158991 -0.44424 -0.881687
    outer loop
      vertex 170.715 80.3599 16.3724
      vertex 170.662 80.232 16.4464
      vertex 170.639 80.3871 16.3724
    endloop
  endfacet
  facet normal -0.159369 -0.444259 -0.881609
    outer loop
      vertex 170.639 80.3871 16.3724
      vertex 170.662 80.232 16.4464
      vertex 170.599 80.2546 16.4464
    endloop
  endfacet
  facet normal -0.0740593 -0.0649643 -0.995136
    outer loop
      vertex 170.566 79.766 16.5827
      vertex 170.461 79.6498 16.5981
      vertex 170.456 79.6555 16.5981
    endloop
  endfacet
  facet normal 0.0408584 -0.830347 -0.555746
    outer loop
      vertex 170.4 80.8851 15.9531
      vertex 170.274 80.8789 15.9531
      vertex 170.265 80.9658 15.8226
    endloop
  endfacet
  facet normal 0.121695 -0.822266 -0.55594
    outer loop
      vertex 170.265 80.9658 15.8226
      vertex 170.274 80.8789 15.9531
      vertex 170.149 80.8604 15.9531
    endloop
  endfacet
  facet normal -0.0187692 -0.382603 -0.923722
    outer loop
      vertex 170.4 80.2841 16.4464
      vertex 170.453 80.1364 16.5065
      vertex 170.4 80.139 16.5065
    endloop
  endfacet
  facet normal -0.0917722 -0.371593 -0.923849
    outer loop
      vertex 170.599 80.2546 16.4464
      vertex 170.556 80.1158 16.5065
      vertex 170.533 80.2709 16.4464
    endloop
  endfacet
  facet normal 0.15461 -0.616023 -0.772406
    outer loop
      vertex 170.19 80.6538 16.1855
      vertex 170.123 80.5121 16.2851
      vertex 170.088 80.6282 16.1855
    endloop
  endfacet
  facet normal 0.128278 -0.360332 -0.923962
    outer loop
      vertex 170.201 80.2546 16.4464
      vertex 170.244 80.1158 16.5065
      vertex 170.194 80.098 16.5065
    endloop
  endfacet
  facet normal 0.158991 -0.44424 -0.881687
    outer loop
      vertex 170.161 80.3871 16.3724
      vertex 170.138 80.232 16.4464
      vertex 170.085 80.3599 16.3724
    endloop
  endfacet
  facet normal 0.237593 -0.502732 -0.83115
    outer loop
      vertex 170.035 80.4806 16.2851
      vertex 170.085 80.3599 16.3724
      vertex 170.012 80.3254 16.3724
    endloop
  endfacet
  facet normal 0.365298 -0.606583 -0.706126
    outer loop
      vertex 169.841 80.6455 16.0745
      vertex 169.893 80.5476 16.1855
      vertex 169.803 80.4934 16.1855
    endloop
  endfacet
  facet normal 0.495455 -0.666324 -0.557259
    outer loop
      vertex 169.686 80.6685 15.9531
      vertex 169.585 80.5934 15.9531
      vertex 169.529 80.6609 15.8226
    endloop
  endfacet
  facet normal 0.500894 -0.240155 -0.831523
    outer loop
      vertex 169.675 79.9878 16.3724
      vertex 169.64 79.9148 16.3724
      vertex 169.519 79.9647 16.2851
    endloop
  endfacet
  facet normal 0.459488 -0.112931 -0.880975
    outer loop
      vertex 169.745 79.7986 16.4464
      vertex 169.729 79.7335 16.4464
      vertex 169.613 79.8388 16.3724
    endloop
  endfacet
  facet normal 0.195747 -0.0102754 -0.980601
    outer loop
      vertex 170.013 79.6381 16.552
      vertex 170.166 79.623 16.5827
      vertex 170.011 79.6 16.552
    endloop
  endfacet
  facet normal 0.262137 -0.126133 -0.956752
    outer loop
      vertex 169.925 79.8541 16.5065
      vertex 170.057 79.7833 16.552
      vertex 169.902 79.8063 16.5065
    endloop
  endfacet
  facet normal 0.345411 -0.166202 -0.923617
    outer loop
      vertex 169.925 79.8541 16.5065
      vertex 169.902 79.8063 16.5065
      vertex 169.768 79.8618 16.4464
    endloop
  endfacet
  facet normal 0.235865 -0.169576 -0.956876
    outer loop
      vertex 170.099 79.8466 16.552
      vertex 170.077 79.816 16.552
      vertex 169.983 79.942 16.5065
    endloop
  endfacet
  facet normal 0.0477299 -0.189893 -0.980644
    outer loop
      vertex 170.324 79.9813 16.552
      vertex 170.354 79.8303 16.5827
      vertex 170.287 79.972 16.552
    endloop
  endfacet
  facet normal 0.0418388 -0.0887491 -0.995175
    outer loop
      vertex 170.37 79.6725 16.5981
      vertex 170.363 79.6692 16.5981
      vertex 170.31 79.8169 16.5827
    endloop
  endfacet
  facet normal -0.103357 -0.700159 -0.706467
    outer loop
      vertex 170.631 80.7627 16.0745
      vertex 170.61 80.6538 16.1855
      vertex 170.505 80.6693 16.1855
    endloop
  endfacet
  facet normal -0.0925031 -0.627941 -0.772744
    outer loop
      vertex 170.505 80.6693 16.1855
      vertex 170.586 80.5348 16.2851
      vertex 170.493 80.5485 16.2851
    endloop
  endfacet
  facet normal 0.281239 -0.258941 -0.924042
    outer loop
      vertex 170.019 79.9811 16.5065
      vertex 169.983 79.942 16.5065
      vertex 169.916 80.0837 16.4464
    endloop
  endfacet
  facet normal 0.243131 -0.404241 -0.881746
    outer loop
      vertex 170.012 80.3254 16.3724
      vertex 170.02 80.1688 16.4464
      vertex 169.943 80.2839 16.3724
    endloop
  endfacet
  facet normal 0.448887 -0.328308 -0.831092
    outer loop
      vertex 169.663 80.2047 16.2851
      vertex 169.764 80.1218 16.3724
      vertex 169.608 80.1295 16.2851
    endloop
  endfacet
  facet normal 0.379353 -0.281002 -0.881549
    outer loop
      vertex 169.764 80.1218 16.3724
      vertex 169.831 79.9801 16.4464
      vertex 169.716 80.057 16.3724
    endloop
  endfacet
  facet normal 0.599112 -0.211051 -0.772349
    outer loop
      vertex 169.519 79.9647 16.2851
      vertex 169.488 79.8767 16.2851
      vertex 169.372 79.9119 16.1855
    endloop
  endfacet
  facet normal 0.524458 -0.184752 -0.83115
    outer loop
      vertex 169.519 79.9647 16.2851
      vertex 169.613 79.8388 16.3724
      vertex 169.488 79.8767 16.2851
    endloop
  endfacet
  facet normal -0.134543 -0.539537 -0.831143
    outer loop
      vertex 170.586 80.5348 16.2851
      vertex 170.639 80.3871 16.3724
      vertex 170.56 80.4068 16.3724
    endloop
  endfacet
  facet normal 0.0274475 -0.555813 -0.830854
    outer loop
      vertex 170.4 80.5531 16.2851
      vertex 170.4 80.4226 16.3724
      vertex 170.319 80.4186 16.3724
    endloop
  endfacet
  facet normal 0.0846104 -0.176488 -0.98066
    outer loop
      vertex 170.251 79.9592 16.552
      vertex 170.31 79.8169 16.5827
      vertex 170.217 79.9429 16.552
    endloop
  endfacet
  facet normal 0.0974159 -0.27364 -0.956886
    outer loop
      vertex 170.244 80.1158 16.5065
      vertex 170.287 79.972 16.552
      vertex 170.194 80.098 16.5065
    endloop
  endfacet
  facet normal 0.0422969 -0.287015 -0.956992
    outer loop
      vertex 170.347 80.1364 16.5065
      vertex 170.362 79.9869 16.552
      vertex 170.324 79.9813 16.552
    endloop
  endfacet
  facet normal 0.01449 -0.2898 -0.956977
    outer loop
      vertex 170.4 79.9888 16.552
      vertex 170.362 79.9869 16.552
      vertex 170.347 80.1364 16.5065
    endloop
  endfacet
  facet normal 0.0922389 -0.0341626 -0.995151
    outer loop
      vertex 170.183 79.6898 16.5827
      vertex 170.327 79.63 16.5981
      vertex 170.175 79.6682 16.5827
    endloop
  endfacet
  facet normal 0.195982 -0.214355 -0.956892
    outer loop
      vertex 170.153 79.9005 16.552
      vertex 170.125 79.8749 16.552
      vertex 170.019 79.9811 16.5065
    endloop
  endfacet
  facet normal 0.00511634 -0.0980632 -0.995167
    outer loop
      vertex 170.4 79.8348 16.5827
      vertex 170.392 79.6781 16.5981
      vertex 170.377 79.8336 16.5827
    endloop
  endfacet
  facet normal 0.0976045 -0.0128427 -0.995142
    outer loop
      vertex 170.323 79.6153 16.5981
      vertex 170.322 79.6077 16.5981
      vertex 170.17 79.6458 16.5827
    endloop
  endfacet
  facet normal 0.0278131 -0.193849 -0.980637
    outer loop
      vertex 170.377 79.8336 16.5827
      vertex 170.354 79.8303 16.5827
      vertex 170.324 79.9813 16.552
    endloop
  endfacet
  facet normal 0.0712003 -0.28149 -0.956919
    outer loop
      vertex 170.295 80.1287 16.5065
      vertex 170.287 79.972 16.552
      vertex 170.244 80.1158 16.5065
    endloop
  endfacet
  facet normal 0.668918 -0.235772 -0.704954
    outer loop
      vertex 169.407 80.0112 16.1855
      vertex 169.372 79.9119 16.1855
      vertex 169.305 80.0537 16.0745
    endloop
  endfacet
  facet normal 0.685827 -0.176321 -0.706083
    outer loop
      vertex 169.266 79.9441 16.0745
      vertex 169.372 79.9119 16.1855
      vertex 169.237 79.8313 16.0745
    endloop
  endfacet
  facet normal 0.604373 -0.367299 -0.706983
    outer loop
      vertex 169.507 80.197 16.1855
      vertex 169.452 80.1065 16.1855
      vertex 169.354 80.1589 16.0745
    endloop
  endfacet
  facet normal 0.641099 -0.298611 -0.706982
    outer loop
      vertex 169.354 80.1589 16.0745
      vertex 169.452 80.1065 16.1855
      vertex 169.305 80.0537 16.0745
    endloop
  endfacet
  facet normal 0.636829 -0.0272732 -0.770522
    outer loop
      vertex 169.451 79.6934 16.2851
      vertex 169.447 79.6 16.2851
      vertex 169.331 79.7053 16.1855
    endloop
  endfacet
  facet normal 0.555723 -0.0237997 -0.831027
    outer loop
      vertex 169.451 79.6934 16.2851
      vertex 169.581 79.6806 16.3724
      vertex 169.447 79.6 16.2851
    endloop
  endfacet
  facet normal -0.129925 -0.872726 -0.470605
    outer loop
      vertex 170.682 81.0186 15.6841
      vertex 170.668 80.946 15.8226
      vertex 170.535 80.9658 15.8226
    endloop
  endfacet
  facet normal -0.202854 -0.806455 -0.55541
    outer loop
      vertex 170.668 80.946 15.8226
      vertex 170.798 80.9133 15.8226
      vertex 170.651 80.8604 15.9531
    endloop
  endfacet
  facet normal 0.113756 -0.765028 -0.63387
    outer loop
      vertex 170.274 80.8789 15.9531
      vertex 170.284 80.7798 16.0745
      vertex 170.169 80.7627 16.0745
    endloop
  endfacet
  facet normal 0.113198 -0.764851 -0.634184
    outer loop
      vertex 170.274 80.8789 15.9531
      vertex 170.169 80.7627 16.0745
      vertex 170.149 80.8604 15.9531
    endloop
  endfacet
  facet normal 0.376296 -0.797015 -0.472407
    outer loop
      vertex 169.846 80.9363 15.6841
      vertex 169.875 80.8679 15.8226
      vertex 169.753 80.8103 15.8226
    endloop
  endfacet
  facet normal 0.355686 -0.752286 -0.554574
    outer loop
      vertex 169.875 80.8679 15.8226
      vertex 169.908 80.7873 15.9531
      vertex 169.794 80.7334 15.9531
    endloop
  endfacet
  facet normal 0.224987 -0.896189 -0.382394
    outer loop
      vertex 170.106 81.0775 15.539
      vertex 170.118 81.0186 15.6841
      vertex 169.963 81.0416 15.539
    endloop
  endfacet
  facet normal 0.233015 -0.928167 -0.290188
    outer loop
      vertex 170.097 81.1222 15.3888
      vertex 170.106 81.0775 15.539
      vertex 169.963 81.0416 15.539
    endloop
  endfacet
  facet normal 0.0471449 -0.955815 -0.290164
    outer loop
      vertex 170.4 81.1065 15.539
      vertex 170.252 81.0992 15.539
      vertex 170.248 81.1446 15.3888
    endloop
  endfacet
  facet normal 0.140438 -0.946699 -0.289893
    outer loop
      vertex 170.248 81.1446 15.3888
      vertex 170.252 81.0992 15.539
      vertex 170.097 81.1222 15.3888
    endloop
  endfacet
  facet normal 0.0454965 -0.922928 -0.382274
    outer loop
      vertex 170.4 81.1065 15.539
      vertex 170.4 81.0464 15.6841
      vertex 170.258 81.0394 15.6841
    endloop
  endfacet
  facet normal 0.043445 -0.881313 -0.470532
    outer loop
      vertex 170.4 81.0464 15.6841
      vertex 170.265 80.9658 15.8226
      vertex 170.258 81.0394 15.6841
    endloop
  endfacet
  facet normal 0.21527 -0.855812 -0.470366
    outer loop
      vertex 170.118 81.0186 15.6841
      vertex 170.132 80.946 15.8226
      vertex 170.002 80.9133 15.8226
    endloop
  endfacet
  facet normal 0.202854 -0.806455 -0.55541
    outer loop
      vertex 170.132 80.946 15.8226
      vertex 170.149 80.8604 15.9531
      vertex 170.002 80.9133 15.8226
    endloop
  endfacet
  facet normal -0.10404 -0.699681 -0.70684
    outer loop
      vertex 170.516 80.7798 16.0745
      vertex 170.631 80.7627 16.0745
      vertex 170.505 80.6693 16.1855
    endloop
  endfacet
  facet normal -0.113756 -0.765028 -0.63387
    outer loop
      vertex 170.526 80.8789 15.9531
      vertex 170.631 80.7627 16.0745
      vertex 170.516 80.7798 16.0745
    endloop
  endfacet
  facet normal -0.153614 -0.615811 -0.772774
    outer loop
      vertex 170.61 80.6538 16.1855
      vertex 170.677 80.5121 16.2851
      vertex 170.586 80.5348 16.2851
    endloop
  endfacet
  facet normal -0.15461 -0.616023 -0.772406
    outer loop
      vertex 170.712 80.6282 16.1855
      vertex 170.677 80.5121 16.2851
      vertex 170.61 80.6538 16.1855
    endloop
  endfacet
  facet normal -0.259711 -0.728782 -0.633583
    outer loop
      vertex 170.892 80.7873 15.9531
      vertex 170.854 80.6953 16.0745
      vertex 170.744 80.7345 16.0745
    endloop
  endfacet
  facet normal -0.187166 -0.749993 -0.634412
    outer loop
      vertex 170.651 80.8604 15.9531
      vertex 170.744 80.7345 16.0745
      vertex 170.631 80.7627 16.0745
    endloop
  endfacet
  facet normal -0.420934 -0.569736 -0.705844
    outer loop
      vertex 171.152 80.5164 16.0745
      vertex 171.082 80.4306 16.1855
      vertex 170.997 80.4934 16.1855
    endloop
  endfacet
  facet normal -0.377282 -0.510652 -0.772589
    outer loop
      vertex 171.082 80.4306 16.1855
      vertex 171.005 80.3368 16.2851
      vertex 170.997 80.4934 16.1855
    endloop
  endfacet
  facet normal -0.280595 -0.379182 -0.881752
    outer loop
      vertex 170.857 80.2839 16.3724
      vertex 170.922 80.2358 16.3724
      vertex 170.78 80.1688 16.4464
    endloop
  endfacet
  facet normal -0.33036 -0.446432 -0.831601
    outer loop
      vertex 170.93 80.3925 16.2851
      vertex 170.922 80.2358 16.3724
      vertex 170.857 80.2839 16.3724
    endloop
  endfacet
  facet normal -0.445707 -0.158343 -0.881063
    outer loop
      vertex 171.16 79.9148 16.3724
      vertex 171.187 79.8388 16.3724
      vertex 171.055 79.7986 16.4464
    endloop
  endfacet
  facet normal -0.443066 -0.161242 -0.881869
    outer loop
      vertex 171.16 79.9148 16.3724
      vertex 171.055 79.7986 16.4464
      vertex 171.032 79.8618 16.4464
    endloop
  endfacet
  facet normal -0.412013 -0.374557 -0.830633
    outer loop
      vertex 171.074 80.274 16.2851
      vertex 171.137 80.2047 16.2851
      vertex 170.982 80.1816 16.3724
    endloop
  endfacet
  facet normal -0.374735 -0.411731 -0.830693
    outer loop
      vertex 171.005 80.3368 16.2851
      vertex 171.074 80.274 16.2851
      vertex 170.982 80.1816 16.3724
    endloop
  endfacet
  facet normal -0.28072 -0.378972 -0.881803
    outer loop
      vertex 170.922 80.2358 16.3724
      vertex 170.834 80.1288 16.4464
      vertex 170.78 80.1688 16.4464
    endloop
  endfacet
  facet normal -0.228125 -0.307969 -0.923642
    outer loop
      vertex 170.78 80.1688 16.4464
      vertex 170.834 80.1288 16.4464
      vertex 170.742 80.0167 16.5065
    endloop
  endfacet
  facet normal -0.272476 -0.0986682 -0.95709
    outer loop
      vertex 170.898 79.8063 16.5065
      vertex 170.772 79.7129 16.552
      vertex 170.759 79.7488 16.552
    endloop
  endfacet
  facet normal -0.272579 -0.0985225 -0.957076
    outer loop
      vertex 170.898 79.8063 16.5065
      vertex 170.916 79.7565 16.5065
      vertex 170.772 79.7129 16.552
    endloop
  endfacet
  facet normal -0.349615 -0.316553 -0.881795
    outer loop
      vertex 170.982 80.1816 16.3724
      vertex 170.929 80.034 16.4464
      vertex 170.884 80.0837 16.4464
    endloop
  endfacet
  facet normal -0.195982 -0.214355 -0.956892
    outer loop
      vertex 170.781 79.9811 16.5065
      vertex 170.675 79.8749 16.552
      vertex 170.647 79.9005 16.552
    endloop
  endfacet
  facet normal -0.224181 -0.896723 -0.381617
    outer loop
      vertex 170.837 81.0416 15.539
      vertex 170.82 80.9841 15.6841
      vertex 170.682 81.0186 15.6841
    endloop
  endfacet
  facet normal -0.213902 -0.85561 -0.471358
    outer loop
      vertex 170.82 80.9841 15.6841
      vertex 170.798 80.9133 15.8226
      vertex 170.682 81.0186 15.6841
    endloop
  endfacet
  facet normal -0.398692 -0.663463 -0.633137
    outer loop
      vertex 171.114 80.6685 15.9531
      vertex 171.059 80.5857 16.0745
      vertex 171.006 80.7334 15.9531
    endloop
  endfacet
  facet normal -0.461933 -0.621241 -0.632991
    outer loop
      vertex 171.114 80.6685 15.9531
      vertex 171.215 80.5934 15.9531
      vertex 171.059 80.5857 16.0745
    endloop
  endfacet
  facet normal -0.428952 -0.712854 -0.554832
    outer loop
      vertex 171.047 80.8103 15.8226
      vertex 171.162 80.7411 15.8226
      vertex 171.006 80.7334 15.9531
    endloop
  endfacet
  facet normal -0.454755 -0.755735 -0.471234
    outer loop
      vertex 171.082 80.8756 15.6841
      vertex 171.162 80.7411 15.8226
      vertex 171.047 80.8103 15.8226
    endloop
  endfacet
  facet normal -0.682916 -0.623668 -0.380347
    outer loop
      vertex 171.465 80.6652 15.539
      vertex 171.565 80.5557 15.539
      vertex 171.423 80.6227 15.6841
    endloop
  endfacet
  facet normal -0.706815 -0.645493 -0.289398
    outer loop
      vertex 171.497 80.6975 15.3888
      vertex 171.565 80.5557 15.539
      vertex 171.465 80.6652 15.539
    endloop
  endfacet
  facet normal -0.868692 -0.31203 -0.384724
    outer loop
      vertex 171.792 80.1765 15.539
      vertex 171.842 80.0373 15.539
      vertex 171.736 80.1535 15.6841
    endloop
  endfacet
  facet normal -0.900859 -0.323584 -0.28939
    outer loop
      vertex 171.834 80.1939 15.3888
      vertex 171.842 80.0373 15.539
      vertex 171.792 80.1765 15.539
    endloop
  endfacet
  facet normal -0.786793 -0.586782 0.191427
    outer loop
      vertex 171.716 80.4793 14.7652
      vertex 171.623 80.604 14.7652
      vertex 171.6 80.5846 14.6112
    endloop
  endfacet
  facet normal -0.728225 -0.657996 0.191651
    outer loop
      vertex 171.6 80.5846 14.6112
      vertex 171.623 80.604 14.7652
      vertex 171.519 80.7191 14.7652
    endloop
  endfacet
  facet normal -0.832332 -0.295386 0.469011
    outer loop
      vertex 171.713 79.9984 14.1774
      vertex 171.736 80.1535 14.3159
      vertex 171.668 80.1252 14.1774
    endloop
  endfacet
  facet normal -0.715647 -0.423303 0.555575
    outer loop
      vertex 171.533 80.2058 14.0469
      vertex 171.61 80.2469 14.1774
      vertex 171.469 80.314 14.0469
    endloop
  endfacet
  facet normal -0.699972 -0.100667 0.70704
    outer loop
      vertex 171.469 79.7053 13.8145
      vertex 171.563 79.8313 13.9255
      vertex 171.454 79.8096 13.8145
    endloop
  endfacet
  facet normal -0.628555 -0.0903962 0.772494
    outer loop
      vertex 171.469 79.7053 13.8145
      vertex 171.454 79.8096 13.8145
      vertex 171.335 79.7859 13.7149
    endloop
  endfacet
  facet normal -0.854541 -0.217204 0.471786
    outer loop
      vertex 171.819 79.8822 14.3159
      vertex 171.784 80.0199 14.3159
      vertex 171.713 79.9984 14.1774
    endloop
  endfacet
  facet normal -0.894541 -0.227371 0.384836
    outer loop
      vertex 171.819 79.8822 14.3159
      vertex 171.842 80.0373 14.461
      vertex 171.784 80.0199 14.3159
    endloop
  endfacet
  facet normal -0.555413 -0.0275639 0.831117
    outer loop
      vertex 171.223 79.6 13.6276
      vertex 171.349 79.6934 13.7149
      vertex 171.219 79.6806 13.6276
    endloop
  endfacet
  facet normal 0.0480337 -0.979635 -0.194954
    outer loop
      vertex 170.4 81.1827 15.2348
      vertex 170.248 81.1446 15.3888
      vertex 170.245 81.1751 15.2348
    endloop
  endfacet
  facet normal 0.0476904 -0.979587 -0.195281
    outer loop
      vertex 170.4 81.1827 15.2348
      vertex 170.4 81.152 15.3888
      vertex 170.248 81.1446 15.3888
    endloop
  endfacet
  facet normal -0.331326 -0.92358 -0.192932
    outer loop
      vertex 170.859 81.1145 15.2348
      vertex 170.994 81.0339 15.3888
      vertex 170.851 81.0852 15.3888
    endloop
  endfacet
  facet normal -0.328737 -0.923984 -0.195413
    outer loop
      vertex 171.006 81.0622 15.2348
      vertex 170.994 81.0339 15.3888
      vertex 170.859 81.1145 15.2348
    endloop
  endfacet
  facet normal -0.328737 -0.923984 0.195413
    outer loop
      vertex 170.994 81.0339 14.6112
      vertex 171.006 81.0622 14.7652
      vertex 170.859 81.1145 14.7652
    endloop
  endfacet
  facet normal -0.048738 -0.993998 0.0979371
    outer loop
      vertex 170.555 81.1751 14.7652
      vertex 170.4 81.1981 14.9215
      vertex 170.4 81.1827 14.7652
    endloop
  endfacet
  facet normal -0.238825 -0.666019 0.706669
    outer loop
      vertex 170.811 80.5927 13.8145
      vertex 170.744 80.7345 13.9255
      vertex 170.712 80.6282 13.8145
    endloop
  endfacet
  facet normal -0.17141 -0.686856 0.706291
    outer loop
      vertex 170.744 80.7345 13.9255
      vertex 170.631 80.7627 13.9255
      vertex 170.61 80.6538 13.8145
    endloop
  endfacet
  facet normal -0.296746 -0.830103 0.472092
    outer loop
      vertex 170.925 80.8679 14.1774
      vertex 170.954 80.9363 14.3159
      vertex 170.798 80.9133 14.1774
    endloop
  endfacet
  facet normal -0.280079 -0.78348 0.554721
    outer loop
      vertex 170.892 80.7873 14.0469
      vertex 170.925 80.8679 14.1774
      vertex 170.798 80.9133 14.1774
    endloop
  endfacet
  facet normal -0.15461 -0.616023 0.772406
    outer loop
      vertex 170.677 80.5121 13.7149
      vertex 170.712 80.6282 13.8145
      vertex 170.61 80.6538 13.8145
    endloop
  endfacet
  facet normal -0.18737 -0.523534 0.831146
    outer loop
      vertex 170.715 80.3599 13.6276
      vertex 170.765 80.4806 13.7149
      vertex 170.639 80.3871 13.6276
    endloop
  endfacet
  facet normal -0.522827 -0.710576 0.470887
    outer loop
      vertex 171.271 80.6609 14.1774
      vertex 171.318 80.7181 14.3159
      vertex 171.162 80.7411 14.1774
    endloop
  endfacet
  facet normal -0.492138 -0.668866 0.557151
    outer loop
      vertex 171.215 80.5934 14.0469
      vertex 171.271 80.6609 14.1774
      vertex 171.162 80.7411 14.1774
    endloop
  endfacet
  facet normal 0.043445 -0.881313 0.470532
    outer loop
      vertex 170.265 80.9658 14.1774
      vertex 170.4 81.0464 14.3159
      vertex 170.258 81.0394 14.3159
    endloop
  endfacet
  facet normal -0.0454965 -0.922928 0.382274
    outer loop
      vertex 170.542 81.0394 14.3159
      vertex 170.4 81.1065 14.461
      vertex 170.4 81.0464 14.3159
    endloop
  endfacet
  facet normal -0.0480337 -0.979635 0.194954
    outer loop
      vertex 170.552 81.1446 14.6112
      vertex 170.555 81.1751 14.7652
      vertex 170.4 81.1827 14.7652
    endloop
  endfacet
  facet normal -0.0476904 -0.979587 0.195281
    outer loop
      vertex 170.552 81.1446 14.6112
      vertex 170.4 81.1827 14.7652
      vertex 170.4 81.152 14.6112
    endloop
  endfacet
  facet normal -0.408141 -0.865183 0.291341
    outer loop
      vertex 171.11 80.9286 14.461
      vertex 171.132 80.9688 14.6112
      vertex 170.994 81.0339 14.6112
    endloop
  endfacet
  facet normal -0.410897 -0.864704 0.288877
    outer loop
      vertex 171.11 80.9286 14.461
      vertex 170.994 81.0339 14.6112
      vertex 170.977 80.9918 14.461
    endloop
  endfacet
  facet normal -0.0455232 -0.922936 0.382252
    outer loop
      vertex 170.542 81.0394 14.3159
      vertex 170.548 81.0992 14.461
      vertex 170.4 81.1065 14.461
    endloop
  endfacet
  facet normal -0.0471449 -0.955815 0.290164
    outer loop
      vertex 170.548 81.0992 14.461
      vertex 170.552 81.1446 14.6112
      vertex 170.4 81.1065 14.461
    endloop
  endfacet
  facet normal 0.809169 -0.198326 -0.553093
    outer loop
      vertex 169.17 79.9731 15.9531
      vertex 169.14 79.8507 15.9531
      vertex 169.087 79.9984 15.8226
    endloop
  endfacet
  facet normal 0.7267 -0.258588 -0.636427
    outer loop
      vertex 169.305 80.0537 16.0745
      vertex 169.266 79.9441 16.0745
      vertex 169.17 79.9731 15.9531
    endloop
  endfacet
  facet normal 0.469801 -0.0233152 -0.882464
    outer loop
      vertex 169.581 79.6806 16.3724
      vertex 169.716 79.6 16.4464
      vertex 169.577 79.6 16.3724
    endloop
  endfacet
  facet normal 0.955239 -0.0439624 0.29255
    outer loop
      vertex 168.894 79.6 14.461
      vertex 168.855 79.7521 14.6112
      vertex 168.848 79.6 14.6112
    endloop
  endfacet
  facet normal 0.85432 -0.215704 0.472874
    outer loop
      vertex 169.054 79.8677 14.1774
      vertex 169.087 79.9984 14.1774
      vertex 168.981 79.8822 14.3159
    endloop
  endfacet
  facet normal 0.875017 -0.124646 0.46777
    outer loop
      vertex 169.034 79.7345 14.1774
      vertex 168.981 79.8822 14.3159
      vertex 168.961 79.7418 14.3159
    endloop
  endfacet
  facet normal 0.704849 -0.036395 0.708423
    outer loop
      vertex 169.331 79.7053 13.8145
      vertex 169.22 79.7162 13.9255
      vertex 169.214 79.6 13.9255
    endloop
  endfacet
  facet normal 0.685827 -0.176321 0.706083
    outer loop
      vertex 169.372 79.9119 13.8145
      vertex 169.266 79.9441 13.9255
      vertex 169.237 79.8313 13.9255
    endloop
  endfacet
  facet normal 0.5821 -0.789396 0.19497
    outer loop
      vertex 169.538 80.8905 14.6112
      vertex 169.521 80.916 14.7652
      vertex 169.415 80.7998 14.6112
    endloop
  endfacet
  facet normal 0.567871 -0.770101 0.290631
    outer loop
      vertex 169.444 80.7645 14.461
      vertex 169.538 80.8905 14.6112
      vertex 169.415 80.7998 14.6112
    endloop
  endfacet
  facet normal 0.725065 -0.661485 -0.191619
    outer loop
      vertex 169.303 80.6975 15.3888
      vertex 169.2 80.5846 15.3888
      vertex 169.177 80.604 15.2348
    endloop
  endfacet
  facet normal 0.786793 -0.586782 -0.191427
    outer loop
      vertex 169.177 80.604 15.2348
      vertex 169.2 80.5846 15.3888
      vertex 169.084 80.4793 15.2348
    endloop
  endfacet
  facet normal 0.727566 -0.657401 -0.196145
    outer loop
      vertex 169.281 80.7191 15.2348
      vertex 169.303 80.6975 15.3888
      vertex 169.177 80.604 15.2348
    endloop
  endfacet
  facet normal 0.658778 -0.726361 -0.19599
    outer loop
      vertex 169.396 80.8234 15.2348
      vertex 169.303 80.6975 15.3888
      vertex 169.281 80.7191 15.2348
    endloop
  endfacet
  facet normal 0.797703 -0.594919 -0.0987009
    outer loop
      vertex 169.177 80.604 15.2348
      vertex 169.084 80.4793 15.2348
      vertex 169.071 80.4878 15.0785
    endloop
  endfacet
  facet normal 0.85307 -0.512354 -0.0988159
    outer loop
      vertex 169.071 80.4878 15.0785
      vertex 169.084 80.4793 15.2348
      vertex 169.004 80.3461 15.2348
    endloop
  endfacet
  facet normal 0.822207 -0.492417 0.285485
    outer loop
      vertex 169.147 80.437 14.461
      vertex 169.11 80.4623 14.6112
      vertex 169.071 80.3101 14.461
    endloop
  endfacet
  facet normal 0.839395 -0.507362 0.194938
    outer loop
      vertex 169.031 80.3316 14.6112
      vertex 169.11 80.4623 14.6112
      vertex 169.004 80.3461 14.7652
    endloop
  endfacet
  facet normal 0.522827 -0.710576 0.470887
    outer loop
      vertex 169.529 80.6609 14.1774
      vertex 169.638 80.7411 14.1774
      vertex 169.482 80.7181 14.3159
    endloop
  endfacet
  facet normal 0.493243 -0.670368 0.554363
    outer loop
      vertex 169.686 80.6685 14.0469
      vertex 169.638 80.7411 14.1774
      vertex 169.529 80.6609 14.1774
    endloop
  endfacet
  facet normal 0.418576 -0.887303 0.193618
    outer loop
      vertex 169.668 80.9688 14.6112
      vertex 169.806 81.0339 14.6112
      vertex 169.654 80.9958 14.7652
    endloop
  endfacet
  facet normal 0.420254 -0.886079 0.195578
    outer loop
      vertex 169.806 81.0339 14.6112
      vertex 169.794 81.0622 14.7652
      vertex 169.654 80.9958 14.7652
    endloop
  endfacet
  facet normal 0.350231 -0.316262 0.881656
    outer loop
      vertex 169.871 80.034 13.5536
      vertex 169.818 80.1816 13.6276
      vertex 169.764 80.1218 13.6276
    endloop
  endfacet
  facet normal 0.349615 -0.316553 0.881795
    outer loop
      vertex 169.871 80.034 13.5536
      vertex 169.916 80.0837 13.5536
      vertex 169.818 80.1816 13.6276
    endloop
  endfacet
  facet normal 0.40638 -0.239877 0.881654
    outer loop
      vertex 169.797 79.9225 13.5536
      vertex 169.831 79.9801 13.5536
      vertex 169.675 79.9878 13.6276
    endloop
  endfacet
  facet normal 0.425332 -0.203926 0.881764
    outer loop
      vertex 169.768 79.8618 13.5536
      vertex 169.675 79.9878 13.6276
      vertex 169.64 79.9148 13.6276
    endloop
  endfacet
  facet normal 0.511984 -0.37477 0.772929
    outer loop
      vertex 169.663 80.2047 13.7149
      vertex 169.569 80.2817 13.8145
      vertex 169.507 80.197 13.8145
    endloop
  endfacet
  facet normal 0.469443 -0.426766 0.772978
    outer loop
      vertex 169.663 80.2047 13.7149
      vertex 169.64 80.3598 13.8145
      vertex 169.569 80.2817 13.8145
    endloop
  endfacet
  facet normal 0.377487 -0.0568504 0.924268
    outer loop
      vertex 169.864 79.6528 13.4935
      vertex 169.729 79.7335 13.5536
      vertex 169.719 79.6671 13.5536
    endloop
  endfacet
  facet normal 0.381404 -0.0170524 0.924251
    outer loop
      vertex 169.864 79.6528 13.4935
      vertex 169.719 79.6671 13.5536
      vertex 169.716 79.6 13.5536
    endloop
  endfacet
  facet normal 0.281433 -0.0713184 0.956927
    outer loop
      vertex 170.028 79.7129 13.4479
      vertex 169.884 79.7565 13.4935
      vertex 169.871 79.7052 13.4935
    endloop
  endfacet
  facet normal 0.360024 -0.130129 0.923823
    outer loop
      vertex 169.884 79.7565 13.4935
      vertex 169.902 79.8063 13.4935
      vertex 169.745 79.7986 13.5536
    endloop
  endfacet
  facet normal 0.290644 -0.0152569 -0.95671
    outer loop
      vertex 170.013 79.6381 16.552
      vertex 170.011 79.6 16.552
      vertex 169.864 79.6528 16.5065
    endloop
  endfacet
  facet normal 0.286685 -0.0382976 -0.957259
    outer loop
      vertex 169.871 79.7052 16.5065
      vertex 170.019 79.6758 16.552
      vertex 169.864 79.6528 16.5065
    endloop
  endfacet
  facet normal 0.0418388 -0.0887491 -0.995175
    outer loop
      vertex 170.31 79.8169 16.5827
      vertex 170.363 79.6692 16.5981
      vertex 170.289 79.807 16.5827
    endloop
  endfacet
  facet normal -0.0823967 -0.0531592 -0.995181
    outer loop
      vertex 170.595 79.7304 16.5827
      vertex 170.465 79.6436 16.5981
      vertex 170.461 79.6498 16.5981
    endloop
  endfacet
  facet normal 0.0645266 -0.0744538 -0.995135
    outer loop
      vertex 170.35 79.6607 16.5981
      vertex 170.344 79.6555 16.5981
      vertex 170.234 79.766 16.5827
    endloop
  endfacet
  facet normal -0.0226554 -0.0953913 -0.995182
    outer loop
      vertex 170.446 79.8303 16.5827
      vertex 170.423 79.6751 16.5981
      vertex 170.415 79.677 16.5981
    endloop
  endfacet
  facet normal -0.0418388 -0.0887491 -0.995175
    outer loop
      vertex 170.49 79.8169 16.5827
      vertex 170.437 79.6692 16.5981
      vertex 170.43 79.6725 16.5981
    endloop
  endfacet
  facet normal 0.175787 -0.0841087 0.980829
    outer loop
      vertex 170.183 79.6898 13.4173
      vertex 170.193 79.7107 13.4173
      vertex 170.057 79.7833 13.4479
    endloop
  endfacet
  facet normal 0.189615 -0.0459984 0.98078
    outer loop
      vertex 170.17 79.6458 13.4173
      vertex 170.028 79.7129 13.4479
      vertex 170.019 79.6758 13.4479
    endloop
  endfacet
  facet normal 0.0480172 -0.0861847 0.995121
    outer loop
      vertex 170.356 79.6653 13.4019
      vertex 170.363 79.6692 13.4019
      vertex 170.27 79.7952 13.4173
    endloop
  endfacet
  facet normal 0.0651787 -0.183837 0.980793
    outer loop
      vertex 170.31 79.8169 13.4173
      vertex 170.332 79.8247 13.4173
      vertex 170.287 79.972 13.4479
    endloop
  endfacet
  facet normal 0.0327974 -0.0925056 0.995172
    outer loop
      vertex 170.37 79.6725 13.4019
      vertex 170.332 79.8247 13.4173
      vertex 170.31 79.8169 13.4173
    endloop
  endfacet
  facet normal -0.0142496 -0.290473 0.956777
    outer loop
      vertex 170.453 80.1364 13.4935
      vertex 170.4 80.139 13.4935
      vertex 170.4 79.9888 13.4479
    endloop
  endfacet
  facet normal -0.078592 -0.059475 0.995131
    outer loop
      vertex 170.595 79.7304 13.4173
      vertex 170.581 79.7489 13.4173
      vertex 170.461 79.6498 13.4019
    endloop
  endfacet
  facet normal 0.635239 -0.0301633 0.771726
    outer loop
      vertex 169.447 79.6 13.7149
      vertex 169.331 79.7053 13.8145
      vertex 169.326 79.6 13.8145
    endloop
  endfacet
  facet normal 0.284353 -0.478848 0.830571
    outer loop
      vertex 170.012 80.3254 13.6276
      vertex 169.951 80.4406 13.7149
      vertex 169.87 80.3925 13.7149
    endloop
  endfacet
  facet normal 0.286292 -0.476004 0.831539
    outer loop
      vertex 169.943 80.2839 13.6276
      vertex 170.012 80.3254 13.6276
      vertex 169.87 80.3925 13.7149
    endloop
  endfacet
  facet normal -0.0347185 -0.706552 0.706809
    outer loop
      vertex 170.505 80.6693 13.8145
      vertex 170.516 80.7798 13.9255
      vertex 170.4 80.7855 13.9255
    endloop
  endfacet
  facet normal 0.0379614 -0.772548 0.63382
    outer loop
      vertex 170.4 80.7855 13.9255
      vertex 170.4 80.8851 14.0469
      vertex 170.284 80.7798 13.9255
    endloop
  endfacet
  facet normal 0.0349972 -0.706674 0.706674
    outer loop
      vertex 170.4 80.6745 13.8145
      vertex 170.4 80.7855 13.9255
      vertex 170.295 80.6693 13.8145
    endloop
  endfacet
  facet normal -0.0349972 -0.706674 0.706674
    outer loop
      vertex 170.505 80.6693 13.8145
      vertex 170.4 80.7855 13.9255
      vertex 170.4 80.6745 13.8145
    endloop
  endfacet
  facet normal -0.0406013 -0.830482 0.555564
    outer loop
      vertex 170.535 80.9658 14.1774
      vertex 170.4 80.9724 14.1774
      vertex 170.4 80.8851 14.0469
    endloop
  endfacet
  facet normal -0.0408584 -0.830347 0.555746
    outer loop
      vertex 170.526 80.8789 14.0469
      vertex 170.535 80.9658 14.1774
      vertex 170.4 80.8851 14.0469
    endloop
  endfacet
  facet normal 0.599126 -0.211172 0.772305
    outer loop
      vertex 169.519 79.9647 13.7149
      vertex 169.407 80.0112 13.8145
      vertex 169.372 79.9119 13.8145
    endloop
  endfacet
  facet normal 0.599112 -0.211051 0.772349
    outer loop
      vertex 169.488 79.8767 13.7149
      vertex 169.519 79.9647 13.7149
      vertex 169.372 79.9119 13.8145
    endloop
  endfacet
  facet normal 0.459488 -0.112931 0.880975
    outer loop
      vertex 169.729 79.7335 13.5536
      vertex 169.745 79.7986 13.5536
      vertex 169.613 79.8388 13.6276
    endloop
  endfacet
  facet normal 0.444611 -0.161805 0.880988
    outer loop
      vertex 169.745 79.7986 13.5536
      vertex 169.768 79.8618 13.5536
      vertex 169.613 79.8388 13.6276
    endloop
  endfacet
  facet normal 0.755906 -0.45158 0.474007
    outer loop
      vertex 169.19 80.2469 14.1774
      vertex 169.259 80.3624 14.1774
      vertex 169.124 80.2818 14.3159
    endloop
  endfacet
  facet normal 0.797583 -0.372993 0.474065
    outer loop
      vertex 169.19 80.2469 14.1774
      vertex 169.124 80.2818 14.3159
      vertex 169.064 80.1535 14.3159
    endloop
  endfacet
  facet normal 0.575028 -0.517156 0.633949
    outer loop
      vertex 169.484 80.3521 13.9255
      vertex 169.491 80.5087 14.0469
      vertex 169.407 80.4153 14.0469
    endloop
  endfacet
  facet normal 0.618609 -0.46411 0.633976
    outer loop
      vertex 169.484 80.3521 13.9255
      vertex 169.407 80.4153 14.0469
      vertex 169.331 80.314 14.0469
    endloop
  endfacet
  facet normal 0.172002 -0.234797 0.956706
    outer loop
      vertex 170.184 79.9232 13.4479
      vertex 170.101 80.0482 13.4935
      vertex 170.058 80.0167 13.4935
    endloop
  endfacet
  facet normal 0.14894 -0.249493 0.956854
    outer loop
      vertex 170.184 79.9232 13.4479
      vertex 170.217 79.9429 13.4479
      vertex 170.146 80.0754 13.4935
    endloop
  endfacet
  facet normal 0.329739 -0.194638 0.92379
    outer loop
      vertex 169.925 79.8541 13.4935
      vertex 169.831 79.9801 13.5536
      vertex 169.797 79.9225 13.5536
    endloop
  endfacet
  facet normal 0.345527 -0.165079 0.923775
    outer loop
      vertex 169.925 79.8541 13.4935
      vertex 169.797 79.9225 13.5536
      vertex 169.768 79.8618 13.5536
    endloop
  endfacet
  facet normal 0.0976118 -0.274191 0.956709
    outer loop
      vertex 170.287 79.972 13.4479
      vertex 170.244 80.1158 13.4935
      vertex 170.194 80.098 13.4935
    endloop
  endfacet
  facet normal 0.128278 -0.360332 0.923962
    outer loop
      vertex 170.244 80.1158 13.4935
      vertex 170.201 80.2546 13.5536
      vertex 170.194 80.098 13.4935
    endloop
  endfacet
  facet normal 0.12589 -0.262593 0.956659
    outer loop
      vertex 170.217 79.9429 13.4479
      vertex 170.251 79.9592 13.4479
      vertex 170.194 80.098 13.4935
    endloop
  endfacet
  facet normal 0.0975143 -0.274259 0.956699
    outer loop
      vertex 170.251 79.9592 13.4479
      vertex 170.287 79.972 13.4479
      vertex 170.194 80.098 13.4935
    endloop
  endfacet
  facet normal 0.197938 -0.327472 0.923895
    outer loop
      vertex 170.101 80.0482 13.4935
      vertex 170.146 80.0754 13.4935
      vertex 170.02 80.1688 13.5536
    endloop
  endfacet
  facet normal 0.196107 -0.329687 0.923498
    outer loop
      vertex 170.146 80.0754 13.4935
      vertex 170.078 80.2033 13.5536
      vertex 170.02 80.1688 13.5536
    endloop
  endfacet
  facet normal 0.0699634 -0.466423 0.881791
    outer loop
      vertex 170.333 80.2808 13.5536
      vertex 170.319 80.4186 13.6276
      vertex 170.267 80.2709 13.5536
    endloop
  endfacet
  facet normal 0.0919321 -0.37224 0.923572
    outer loop
      vertex 170.295 80.1287 13.4935
      vertex 170.267 80.2709 13.5536
      vertex 170.201 80.2546 13.5536
    endloop
  endfacet
  facet normal 0.134543 -0.539537 0.831143
    outer loop
      vertex 170.24 80.4068 13.6276
      vertex 170.214 80.5348 13.7149
      vertex 170.161 80.3871 13.6276
    endloop
  endfacet
  facet normal 0.13459 -0.539545 0.831129
    outer loop
      vertex 170.161 80.3871 13.6276
      vertex 170.214 80.5348 13.7149
      vertex 170.123 80.5121 13.7149
    endloop
  endfacet
  facet normal -0.0925031 -0.627941 0.772744
    outer loop
      vertex 170.586 80.5348 13.7149
      vertex 170.505 80.6693 13.8145
      vertex 170.493 80.5485 13.7149
    endloop
  endfacet
  facet normal -0.0696569 -0.466347 0.881855
    outer loop
      vertex 170.533 80.2709 13.5536
      vertex 170.56 80.4068 13.6276
      vertex 170.481 80.4186 13.6276
    endloop
  endfacet
  facet normal 0.0274475 -0.555813 0.830854
    outer loop
      vertex 170.4 80.4226 13.6276
      vertex 170.4 80.5531 13.7149
      vertex 170.319 80.4186 13.6276
    endloop
  endfacet
  facet normal -0.0699634 -0.466423 0.881791
    outer loop
      vertex 170.533 80.2709 13.5536
      vertex 170.481 80.4186 13.6276
      vertex 170.467 80.2808 13.5536
    endloop
  endfacet
  facet normal 0.0561633 -0.379284 0.923574
    outer loop
      vertex 170.295 80.1287 13.4935
      vertex 170.347 80.1364 13.4935
      vertex 170.267 80.2709 13.5536
    endloop
  endfacet
  facet normal -0.0274927 -0.555831 0.83084
    outer loop
      vertex 170.481 80.4186 13.6276
      vertex 170.493 80.5485 13.7149
      vertex 170.4 80.5531 13.7149
    endloop
  endfacet
  facet normal -0.256668 -0.284555 0.923661
    outer loop
      vertex 170.884 80.0837 13.5536
      vertex 170.834 80.1288 13.5536
      vertex 170.742 80.0167 13.4935
    endloop
  endfacet
  facet normal -0.177198 -0.0821786 0.980738
    outer loop
      vertex 170.759 79.7488 13.4479
      vertex 170.743 79.7833 13.4479
      vertex 170.617 79.6898 13.4173
    endloop
  endfacet
  facet normal -0.237936 -0.503458 0.830612
    outer loop
      vertex 170.788 80.3254 13.6276
      vertex 170.849 80.4406 13.7149
      vertex 170.715 80.3599 13.6276
    endloop
  endfacet
  facet normal -0.0145192 -0.290383 0.9568
    outer loop
      vertex 170.438 79.9869 13.4479
      vertex 170.453 80.1364 13.4935
      vertex 170.4 79.9888 13.4479
    endloop
  endfacet
  facet normal -0.412013 -0.374557 0.830633
    outer loop
      vertex 171.137 80.2047 13.7149
      vertex 171.074 80.274 13.7149
      vertex 170.982 80.1816 13.6276
    endloop
  endfacet
  facet normal -0.243131 -0.404241 0.881746
    outer loop
      vertex 170.857 80.2839 13.6276
      vertex 170.788 80.3254 13.6276
      vertex 170.78 80.1688 13.5536
    endloop
  endfacet
  facet normal -0.273252 -0.573828 0.772046
    outer loop
      vertex 170.849 80.4406 13.7149
      vertex 170.811 80.5927 13.8145
      vertex 170.765 80.4806 13.7149
    endloop
  endfacet
  facet normal -0.280595 -0.379182 0.881752
    outer loop
      vertex 170.922 80.2358 13.6276
      vertex 170.857 80.2839 13.6276
      vertex 170.78 80.1688 13.5536
    endloop
  endfacet
  facet normal -0.502087 -0.237393 0.831597
    outer loop
      vertex 171.281 79.9647 13.7149
      vertex 171.241 80.0493 13.7149
      vertex 171.16 79.9148 13.6276
    endloop
  endfacet
  facet normal -0.57418 -0.27148 0.772409
    outer loop
      vertex 171.281 79.9647 13.7149
      vertex 171.393 80.0112 13.8145
      vertex 171.241 80.0493 13.7149
    endloop
  endfacet
  facet normal -0.458281 -0.117058 0.881065
    outer loop
      vertex 171.207 79.7605 13.6276
      vertex 171.187 79.8388 13.6276
      vertex 171.055 79.7986 13.5536
    endloop
  endfacet
  facet normal -0.457595 -0.112466 0.88202
    outer loop
      vertex 171.071 79.7335 13.5536
      vertex 171.207 79.7605 13.6276
      vertex 171.055 79.7986 13.5536
    endloop
  endfacet
  facet normal -0.0860085 -0.0491477 0.995081
    outer loop
      vertex 170.473 79.63 13.4019
      vertex 170.617 79.6898 13.4173
      vertex 170.469 79.637 13.4019
    endloop
  endfacet
  facet normal 0.0574991 -0.0797433 0.995156
    outer loop
      vertex 170.35 79.6607 13.4019
      vertex 170.27 79.7952 13.4173
      vertex 170.251 79.7815 13.4173
    endloop
  endfacet
  facet normal -0.0481211 -0.189047 0.980788
    outer loop
      vertex 170.468 79.8247 13.4173
      vertex 170.513 79.972 13.4479
      vertex 170.446 79.8303 13.4173
    endloop
  endfacet
  facet normal -0.0599955 -0.0782551 0.995126
    outer loop
      vertex 170.45 79.6607 13.4019
      vertex 170.53 79.7952 13.4173
      vertex 170.444 79.6653 13.4019
    endloop
  endfacet
  facet normal -0.0884538 -0.0423224 0.995181
    outer loop
      vertex 170.617 79.6898 13.4173
      vertex 170.607 79.7107 13.4173
      vertex 170.469 79.637 13.4019
    endloop
  endfacet
  facet normal -0.157782 -0.113438 0.980937
    outer loop
      vertex 170.723 79.816 13.4479
      vertex 170.701 79.8466 13.4479
      vertex 170.581 79.7489 13.4173
    endloop
  endfacet
  facet normal -0.0662035 -0.0726103 0.995161
    outer loop
      vertex 170.566 79.766 13.4173
      vertex 170.549 79.7815 13.4173
      vertex 170.45 79.6607 13.4019
    endloop
  endfacet
  facet normal -0.192793 -0.0338234 0.980656
    outer loop
      vertex 170.634 79.623 13.4173
      vertex 170.787 79.6381 13.4479
      vertex 170.63 79.6458 13.4173
    endloop
  endfacet
  facet normal -0.214307 -0.19689 0.956717
    outer loop
      vertex 170.701 79.8466 13.4479
      vertex 170.781 79.9811 13.4935
      vertex 170.675 79.8749 13.4479
    endloop
  endfacet
  facet normal -0.236339 -0.169917 0.956698
    outer loop
      vertex 170.723 79.816 13.4479
      vertex 170.817 79.942 13.4935
      vertex 170.701 79.8466 13.4479
    endloop
  endfacet
  facet normal 0.0740593 -0.0649643 0.995136
    outer loop
      vertex 170.339 79.6498 13.4019
      vertex 170.234 79.766 13.4173
      vertex 170.219 79.7489 13.4173
    endloop
  endfacet
  facet normal -0.195303 -0.00849144 0.980706
    outer loop
      vertex 170.635 79.6 13.4173
      vertex 170.787 79.6381 13.4479
      vertex 170.634 79.623 13.4173
    endloop
  endfacet
  facet normal -0.0982395 -0.00427128 0.995154
    outer loop
      vertex 170.635 79.6 13.4173
      vertex 170.634 79.623 13.4173
      vertex 170.479 79.6 13.4019
    endloop
  endfacet
  facet normal -0.0651927 -0.183877 0.980785
    outer loop
      vertex 170.49 79.8169 13.4173
      vertex 170.549 79.9592 13.4479
      vertex 170.468 79.8247 13.4173
    endloop
  endfacet
  facet normal -0.183701 -0.0665213 0.980729
    outer loop
      vertex 170.772 79.7129 13.4479
      vertex 170.759 79.7488 13.4479
      vertex 170.617 79.6898 13.4173
    endloop
  endfacet
  facet normal -0.273024 -0.0988668 0.956913
    outer loop
      vertex 170.772 79.7129 13.4479
      vertex 170.898 79.8063 13.4935
      vertex 170.759 79.7488 13.4479
    endloop
  endfacet
  facet normal -0.291229 -0.0152876 0.956531
    outer loop
      vertex 170.789 79.6 13.4479
      vertex 170.936 79.6528 13.4935
      vertex 170.787 79.6381 13.4479
    endloop
  endfacet
  facet normal -0.290817 -0.0165237 0.956636
    outer loop
      vertex 170.939 79.6 13.4935
      vertex 170.936 79.6528 13.4935
      vertex 170.789 79.6 13.4479
    endloop
  endfacet
  facet normal -0.0918738 -0.0340273 0.995189
    outer loop
      vertex 170.625 79.6682 13.4173
      vertex 170.617 79.6898 13.4173
      vertex 170.475 79.6228 13.4019
    endloop
  endfacet
  facet normal 0.0418388 -0.0887491 0.995175
    outer loop
      vertex 170.363 79.6692 13.4019
      vertex 170.31 79.8169 13.4173
      vertex 170.289 79.807 13.4173
    endloop
  endfacet
  facet normal -0.0152261 -0.0968933 0.995178
    outer loop
      vertex 170.415 79.677 13.4019
      vertex 170.446 79.8303 13.4173
      vertex 170.408 79.6781 13.4019
    endloop
  endfacet
  facet normal -0.381404 -0.0170524 0.924251
    outer loop
      vertex 171.084 79.6 13.5536
      vertex 171.081 79.6671 13.5536
      vertex 170.936 79.6528 13.4935
    endloop
  endfacet
  facet normal -0.377487 -0.0568504 0.924268
    outer loop
      vertex 171.081 79.6671 13.5536
      vertex 171.071 79.7335 13.5536
      vertex 170.936 79.6528 13.4935
    endloop
  endfacet
  facet normal 0.469443 -0.426766 -0.772978
    outer loop
      vertex 169.64 80.3598 16.1855
      vertex 169.663 80.2047 16.2851
      vertex 169.569 80.2817 16.1855
    endloop
  endfacet
  facet normal 0.572602 -0.518132 -0.635348
    outer loop
      vertex 169.491 80.5087 15.9531
      vertex 169.562 80.4383 16.0745
      vertex 169.484 80.3521 16.0745
    endloop
  endfacet
  facet normal 0.519227 -0.571748 -0.635223
    outer loop
      vertex 169.648 80.5164 16.0745
      vertex 169.562 80.4383 16.0745
      vertex 169.491 80.5087 15.9531
    endloop
  endfacet
  facet normal 0.427058 -0.46922 -0.772952
    outer loop
      vertex 169.795 80.3368 16.2851
      vertex 169.726 80.274 16.2851
      vertex 169.64 80.3598 16.1855
    endloop
  endfacet
  facet normal 0.541307 -0.330724 -0.773051
    outer loop
      vertex 169.608 80.1295 16.2851
      vertex 169.559 80.0493 16.2851
      vertex 169.507 80.197 16.1855
    endloop
  endfacet
  facet normal 0.473093 -0.289047 -0.832247
    outer loop
      vertex 169.608 80.1295 16.2851
      vertex 169.675 79.9878 16.3724
      vertex 169.559 80.0493 16.2851
    endloop
  endfacet
  facet normal 0.316088 -0.349913 -0.881844
    outer loop
      vertex 169.878 80.2358 16.3724
      vertex 169.966 80.1288 16.4464
      vertex 169.818 80.1816 16.3724
    endloop
  endfacet
  facet normal 0.372549 -0.412416 -0.831336
    outer loop
      vertex 169.878 80.2358 16.3724
      vertex 169.818 80.1816 16.3724
      vertex 169.795 80.3368 16.2851
    endloop
  endfacet
  facet normal 0.560193 -0.612808 -0.557359
    outer loop
      vertex 169.529 80.6609 15.8226
      vertex 169.585 80.5934 15.9531
      vertex 169.43 80.5704 15.8226
    endloop
  endfacet
  facet normal 0.652157 -0.594652 -0.470192
    outer loop
      vertex 169.43 80.5704 15.8226
      vertex 169.339 80.4706 15.8226
      vertex 169.282 80.5176 15.6841
    endloop
  endfacet
  facet normal 0.595221 -0.651126 -0.470901
    outer loop
      vertex 169.482 80.7181 15.6841
      vertex 169.529 80.6609 15.8226
      vertex 169.43 80.5704 15.8226
    endloop
  endfacet
  facet normal 0.522827 -0.710576 -0.470887
    outer loop
      vertex 169.638 80.7411 15.8226
      vertex 169.529 80.6609 15.8226
      vertex 169.482 80.7181 15.6841
    endloop
  endfacet
  facet normal 0.70968 -0.524717 -0.470134
    outer loop
      vertex 169.282 80.5176 15.6841
      vertex 169.339 80.4706 15.8226
      vertex 169.259 80.3624 15.8226
    endloop
  endfacet
  facet normal 0.669822 -0.495247 -0.553235
    outer loop
      vertex 169.339 80.4706 15.8226
      vertex 169.331 80.314 15.9531
      vertex 169.259 80.3624 15.8226
    endloop
  endfacet
  facet normal 0.792784 -0.474796 -0.38218
    outer loop
      vertex 169.147 80.437 15.539
      vertex 169.124 80.2818 15.6841
      vertex 169.071 80.3101 15.539
    endloop
  endfacet
  facet normal 0.8371 -0.391473 -0.382116
    outer loop
      vertex 169.071 80.3101 15.539
      vertex 169.124 80.2818 15.6841
      vertex 169.064 80.1535 15.6841
    endloop
  endfacet
  facet normal 0.664746 -0.400048 -0.630932
    outer loop
      vertex 169.414 80.2586 16.0745
      vertex 169.354 80.1589 16.0745
      vertex 169.267 80.2058 15.9531
    endloop
  endfacet
  facet normal 0.6653 -0.393523 -0.634441
    outer loop
      vertex 169.331 80.314 15.9531
      vertex 169.414 80.2586 16.0745
      vertex 169.267 80.2058 15.9531
    endloop
  endfacet
  facet normal -0.0480337 -0.979635 -0.194954
    outer loop
      vertex 170.555 81.1751 15.2348
      vertex 170.552 81.1446 15.3888
      vertex 170.4 81.1827 15.2348
    endloop
  endfacet
  facet normal -0.0476904 -0.979587 -0.195281
    outer loop
      vertex 170.4 81.1827 15.2348
      vertex 170.552 81.1446 15.3888
      vertex 170.4 81.152 15.3888
    endloop
  endfacet
  facet normal -0.82196 -0.123417 -0.556012
    outer loop
      vertex 171.746 79.8677 15.8226
      vertex 171.766 79.7345 15.8226
      vertex 171.679 79.726 15.9531
    endloop
  endfacet
  facet normal -0.68536 -0.174187 -0.707064
    outer loop
      vertex 171.563 79.8313 16.0745
      vertex 171.454 79.8096 16.1855
      vertex 171.428 79.9119 16.1855
    endloop
  endfacet
  facet normal -0.699972 -0.100667 -0.70704
    outer loop
      vertex 171.563 79.8313 16.0745
      vertex 171.469 79.7053 16.1855
      vertex 171.454 79.8096 16.1855
    endloop
  endfacet
  facet normal -0.599165 -0.21107 -0.772302
    outer loop
      vertex 171.393 80.0112 16.1855
      vertex 171.312 79.8767 16.2851
      vertex 171.281 79.9647 16.2851
    endloop
  endfacet
  facet normal -0.57418 -0.27148 -0.772409
    outer loop
      vertex 171.393 80.0112 16.1855
      vertex 171.281 79.9647 16.2851
      vertex 171.241 80.0493 16.2851
    endloop
  endfacet
  facet normal 0.0480172 -0.0861847 -0.995121
    outer loop
      vertex 170.363 79.6692 16.5981
      vertex 170.356 79.6653 16.5981
      vertex 170.27 79.7952 16.5827
    endloop
  endfacet
  facet normal 0.0599955 -0.0782551 -0.995126
    outer loop
      vertex 170.356 79.6653 16.5981
      vertex 170.35 79.6607 16.5981
      vertex 170.27 79.7952 16.5827
    endloop
  endfacet
  facet normal 0 0 -1
    outer loop
      vertex 170.479 79.6 16.5981
      vertex 170.477 79.6153 16.5981
      vertex 170.478 79.6077 16.5981
    endloop
  endfacet
  facet normal 0 0 -1
    outer loop
      vertex 170.479 79.6 16.5981
      vertex 170.475 79.6228 16.5981
      vertex 170.477 79.6153 16.5981
    endloop
  endfacet
  facet normal 0 0 -1
    outer loop
      vertex 170.479 79.6 16.5981
      vertex 170.473 79.63 16.5981
      vertex 170.475 79.6228 16.5981
    endloop
  endfacet
  facet normal 0 0 -1
    outer loop
      vertex 170.479 79.6 16.5981
      vertex 170.469 79.637 16.5981
      vertex 170.473 79.63 16.5981
    endloop
  endfacet
  facet normal 0 0 -1
    outer loop
      vertex 170.479 79.6 16.5981
      vertex 170.465 79.6436 16.5981
      vertex 170.469 79.637 16.5981
    endloop
  endfacet
  facet normal 0 0 -1
    outer loop
      vertex 170.479 79.6 16.5981
      vertex 170.461 79.6498 16.5981
      vertex 170.465 79.6436 16.5981
    endloop
  endfacet
  facet normal 0 0 -1
    outer loop
      vertex 170.479 79.6 16.5981
      vertex 170.456 79.6555 16.5981
      vertex 170.461 79.6498 16.5981
    endloop
  endfacet
  facet normal 0 0 -1
    outer loop
      vertex 170.479 79.6 16.5981
      vertex 170.45 79.6607 16.5981
      vertex 170.456 79.6555 16.5981
    endloop
  endfacet
  facet normal 0 0 -1
    outer loop
      vertex 170.479 79.6 16.5981
      vertex 170.444 79.6653 16.5981
      vertex 170.45 79.6607 16.5981
    endloop
  endfacet
  facet normal 0 0 -1
    outer loop
      vertex 170.479 79.6 16.5981
      vertex 170.437 79.6692 16.5981
      vertex 170.444 79.6653 16.5981
    endloop
  endfacet
  facet normal 0 0 -1
    outer loop
      vertex 170.479 79.6 16.5981
      vertex 170.43 79.6725 16.5981
      vertex 170.437 79.6692 16.5981
    endloop
  endfacet
  facet normal 0 0 -1
    outer loop
      vertex 170.479 79.6 16.5981
      vertex 170.423 79.6751 16.5981
      vertex 170.43 79.6725 16.5981
    endloop
  endfacet
  facet normal 0 0 -1
    outer loop
      vertex 170.479 79.6 16.5981
      vertex 170.415 79.677 16.5981
      vertex 170.423 79.6751 16.5981
    endloop
  endfacet
  facet normal 0 0 -1
    outer loop
      vertex 170.479 79.6 16.5981
      vertex 170.408 79.6781 16.5981
      vertex 170.415 79.677 16.5981
    endloop
  endfacet
  facet normal 0 0 -1
    outer loop
      vertex 170.479 79.6 16.5981
      vertex 170.4 79.6785 16.5981
      vertex 170.408 79.6781 16.5981
    endloop
  endfacet
  facet normal 0 0 -1
    outer loop
      vertex 170.479 79.6 16.5981
      vertex 170.392 79.6781 16.5981
      vertex 170.4 79.6785 16.5981
    endloop
  endfacet
  facet normal 0 0 -1
    outer loop
      vertex 170.479 79.6 16.5981
      vertex 170.385 79.677 16.5981
      vertex 170.392 79.6781 16.5981
    endloop
  endfacet
  facet normal 0 0 -1
    outer loop
      vertex 170.479 79.6 16.5981
      vertex 170.377 79.6751 16.5981
      vertex 170.385 79.677 16.5981
    endloop
  endfacet
  facet normal 0 0 -1
    outer loop
      vertex 170.479 79.6 16.5981
      vertex 170.37 79.6725 16.5981
      vertex 170.377 79.6751 16.5981
    endloop
  endfacet
  facet normal 0 0 -1
    outer loop
      vertex 170.479 79.6 16.5981
      vertex 170.363 79.6692 16.5981
      vertex 170.37 79.6725 16.5981
    endloop
  endfacet
  facet normal 0 0 -1
    outer loop
      vertex 170.479 79.6 16.5981
      vertex 170.356 79.6653 16.5981
      vertex 170.363 79.6692 16.5981
    endloop
  endfacet
  facet normal 0 0 -1
    outer loop
      vertex 170.479 79.6 16.5981
      vertex 170.35 79.6607 16.5981
      vertex 170.356 79.6653 16.5981
    endloop
  endfacet
  facet normal 0 0 -1
    outer loop
      vertex 170.479 79.6 16.5981
      vertex 170.344 79.6555 16.5981
      vertex 170.35 79.6607 16.5981
    endloop
  endfacet
  facet normal 0 0 -1
    outer loop
      vertex 170.479 79.6 16.5981
      vertex 170.339 79.6498 16.5981
      vertex 170.344 79.6555 16.5981
    endloop
  endfacet
  facet normal 0 0 -1
    outer loop
      vertex 170.479 79.6 16.5981
      vertex 170.335 79.6436 16.5981
      vertex 170.339 79.6498 16.5981
    endloop
  endfacet
  facet normal 0 0 -1
    outer loop
      vertex 170.479 79.6 16.5981
      vertex 170.331 79.637 16.5981
      vertex 170.335 79.6436 16.5981
    endloop
  endfacet
  facet normal 0 0 -1
    outer loop
      vertex 170.479 79.6 16.5981
      vertex 170.327 79.63 16.5981
      vertex 170.331 79.637 16.5981
    endloop
  endfacet
  facet normal 0 0 -1
    outer loop
      vertex 170.479 79.6 16.5981
      vertex 170.325 79.6228 16.5981
      vertex 170.327 79.63 16.5981
    endloop
  endfacet
  facet normal 0 0 -1
    outer loop
      vertex 170.479 79.6 16.5981
      vertex 170.323 79.6153 16.5981
      vertex 170.325 79.6228 16.5981
    endloop
  endfacet
  facet normal 0 0 -1
    outer loop
      vertex 170.479 79.6 16.5981
      vertex 170.322 79.6077 16.5981
      vertex 170.323 79.6153 16.5981
    endloop
  endfacet
  facet normal 0 -0 -1
    outer loop
      vertex 170.322 79.6077 16.5981
      vertex 170.479 79.6 16.5981
      vertex 170.321 79.6 16.5981
    endloop
  endfacet
  facet normal -0.0480172 -0.0861847 -0.995121
    outer loop
      vertex 170.53 79.7952 16.5827
      vertex 170.444 79.6653 16.5981
      vertex 170.437 79.6692 16.5981
    endloop
  endfacet
  facet normal -0.114256 -0.158457 -0.980733
    outer loop
      vertex 170.616 79.9232 16.552
      vertex 170.549 79.7815 16.5827
      vertex 170.53 79.7952 16.5827
    endloop
  endfacet
  facet normal -0.0418388 -0.0887491 -0.995175
    outer loop
      vertex 170.49 79.8169 16.5827
      vertex 170.511 79.807 16.5827
      vertex 170.437 79.6692 16.5981
    endloop
  endfacet
  facet normal -0.0285302 -0.193598 -0.980666
    outer loop
      vertex 170.438 79.9869 16.552
      vertex 170.476 79.9813 16.552
      vertex 170.423 79.8336 16.5827
    endloop
  endfacet
  facet normal -0.0422969 -0.287015 -0.956992
    outer loop
      vertex 170.453 80.1364 16.5065
      vertex 170.476 79.9813 16.552
      vertex 170.438 79.9869 16.552
    endloop
  endfacet
  facet normal -0.203203 -0.424815 -0.88218
    outer loop
      vertex 170.788 80.3254 16.3724
      vertex 170.722 80.2033 16.4464
      vertex 170.662 80.232 16.4464
    endloop
  endfacet
  facet normal -0.201605 -0.426584 -0.881692
    outer loop
      vertex 170.715 80.3599 16.3724
      vertex 170.788 80.3254 16.3724
      vertex 170.662 80.232 16.4464
    endloop
  endfacet
  facet normal -0.0846104 -0.176488 -0.98066
    outer loop
      vertex 170.549 79.9592 16.552
      vertex 170.583 79.9429 16.552
      vertex 170.49 79.8169 16.5827
    endloop
  endfacet
  facet normal -0.0278131 -0.193849 -0.980637
    outer loop
      vertex 170.476 79.9813 16.552
      vertex 170.446 79.8303 16.5827
      vertex 170.423 79.8336 16.5827
    endloop
  endfacet
  facet normal -0.024222 -0.0951577 -0.995167
    outer loop
      vertex 170.446 79.8303 16.5827
      vertex 170.468 79.8247 16.5827
      vertex 170.423 79.6751 16.5981
    endloop
  endfacet
  facet normal 0.13459 -0.539545 -0.831129
    outer loop
      vertex 170.214 80.5348 16.2851
      vertex 170.161 80.3871 16.3724
      vertex 170.123 80.5121 16.2851
    endloop
  endfacet
  facet normal 0.0425041 -0.28704 -0.956975
    outer loop
      vertex 170.347 80.1364 16.5065
      vertex 170.324 79.9813 16.552
      vertex 170.295 80.1287 16.5065
    endloop
  endfacet
  facet normal 0.214466 -0.598089 -0.772201
    outer loop
      vertex 170.088 80.6282 16.1855
      vertex 170.035 80.4806 16.2851
      vertex 169.989 80.5927 16.1855
    endloop
  endfacet
  facet normal 0.300468 -0.639577 -0.707574
    outer loop
      vertex 169.946 80.6953 16.0745
      vertex 169.989 80.5927 16.1855
      vertex 169.893 80.5476 16.1855
    endloop
  endfacet
  facet normal 0.284353 -0.478848 -0.830571
    outer loop
      vertex 169.951 80.4406 16.2851
      vertex 170.012 80.3254 16.3724
      vertex 169.87 80.3925 16.2851
    endloop
  endfacet
  facet normal 0.171621 -0.234372 -0.956878
    outer loop
      vertex 170.184 79.9232 16.552
      vertex 170.153 79.9005 16.552
      vertex 170.058 80.0167 16.5065
    endloop
  endfacet
  facet normal 0.324548 -0.546536 -0.771989
    outer loop
      vertex 169.951 80.4406 16.2851
      vertex 169.87 80.3925 16.2851
      vertex 169.803 80.4934 16.1855
    endloop
  endfacet
  facet normal 0.379009 -0.510335 -0.771952
    outer loop
      vertex 169.803 80.4934 16.1855
      vertex 169.87 80.3925 16.2851
      vertex 169.795 80.3368 16.2851
    endloop
  endfacet
  facet normal 0.422397 -0.566853 -0.70729
    outer loop
      vertex 169.741 80.5857 16.0745
      vertex 169.803 80.4934 16.1855
      vertex 169.648 80.5164 16.0745
    endloop
  endfacet
  facet normal 0.326925 -0.542864 -0.773575
    outer loop
      vertex 169.893 80.5476 16.1855
      vertex 169.951 80.4406 16.2851
      vertex 169.803 80.4934 16.1855
    endloop
  endfacet
  facet normal 0.539058 -0.136546 -0.831127
    outer loop
      vertex 169.488 79.8767 16.2851
      vertex 169.613 79.8388 16.3724
      vertex 169.465 79.7859 16.2851
    endloop
  endfacet
  facet normal 0.456714 -0.116658 -0.881931
    outer loop
      vertex 169.613 79.8388 16.3724
      vertex 169.729 79.7335 16.4464
      vertex 169.593 79.7605 16.3724
    endloop
  endfacet
  facet normal 0.345527 -0.165079 -0.923775
    outer loop
      vertex 169.797 79.9225 16.4464
      vertex 169.925 79.8541 16.5065
      vertex 169.768 79.8618 16.4464
    endloop
  endfacet
  facet normal 0.307901 -0.228498 -0.923572
    outer loop
      vertex 169.871 80.034 16.4464
      vertex 169.983 79.942 16.5065
      vertex 169.831 79.9801 16.4464
    endloop
  endfacet
  facet normal 0.444611 -0.161805 -0.880988
    outer loop
      vertex 169.768 79.8618 16.4464
      vertex 169.745 79.7986 16.4464
      vertex 169.613 79.8388 16.3724
    endloop
  endfacet
  facet normal 0.425332 -0.203926 -0.881764
    outer loop
      vertex 169.675 79.9878 16.3724
      vertex 169.768 79.8618 16.4464
      vertex 169.64 79.9148 16.3724
    endloop
  endfacet
  facet normal 0.287616 -0.0457744 -0.956651
    outer loop
      vertex 170.019 79.6758 16.552
      vertex 170.013 79.6381 16.552
      vertex 169.864 79.6528 16.5065
    endloop
  endfacet
  facet normal 0.193713 -0.0308297 -0.980574
    outer loop
      vertex 170.019 79.6758 16.552
      vertex 170.166 79.623 16.5827
      vertex 170.013 79.6381 16.552
    endloop
  endfacet
  facet normal 0.125637 -0.262066 -0.956837
    outer loop
      vertex 170.251 79.9592 16.552
      vertex 170.217 79.9429 16.552
      vertex 170.194 80.098 16.5065
    endloop
  endfacet
  facet normal 0.123558 -0.262425 -0.957009
    outer loop
      vertex 170.194 80.098 16.5065
      vertex 170.217 79.9429 16.552
      vertex 170.146 80.0754 16.5065
    endloop
  endfacet
  facet normal 0.0662035 -0.0726103 -0.995161
    outer loop
      vertex 170.251 79.7815 16.5827
      vertex 170.35 79.6607 16.5981
      vertex 170.234 79.766 16.5827
    endloop
  endfacet
  facet normal 0.131985 -0.144358 -0.980684
    outer loop
      vertex 170.153 79.9005 16.552
      vertex 170.234 79.766 16.5827
      vertex 170.125 79.8749 16.552
    endloop
  endfacet
  facet normal 0.00490262 -0.0980525 -0.995169
    outer loop
      vertex 170.4 79.8348 16.5827
      vertex 170.4 79.6785 16.5981
      vertex 170.392 79.6781 16.5981
    endloop
  endfacet
  facet normal 0.196107 -0.329687 -0.923498
    outer loop
      vertex 170.078 80.2033 16.4464
      vertex 170.146 80.0754 16.5065
      vertex 170.02 80.1688 16.4464
    endloop
  endfacet
  facet normal 0.195853 -0.214558 -0.956873
    outer loop
      vertex 170.058 80.0167 16.5065
      vertex 170.153 79.9005 16.552
      vertex 170.019 79.9811 16.5065
    endloop
  endfacet
  facet normal 0.406259 -0.240703 -0.881485
    outer loop
      vertex 169.716 80.057 16.3724
      vertex 169.831 79.9801 16.4464
      vertex 169.675 79.9878 16.3724
    endloop
  endfacet
  facet normal 0.40638 -0.239877 -0.881654
    outer loop
      vertex 169.831 79.9801 16.4464
      vertex 169.797 79.9225 16.4464
      vertex 169.675 79.9878 16.3724
    endloop
  endfacet
  facet normal 0.131751 -0.144501 -0.980694
    outer loop
      vertex 170.251 79.7815 16.5827
      vertex 170.234 79.766 16.5827
      vertex 170.153 79.9005 16.552
    endloop
  endfacet
  facet normal 0.146388 -0.128411 -0.980857
    outer loop
      vertex 170.234 79.766 16.5827
      vertex 170.219 79.7489 16.5827
      vertex 170.099 79.8466 16.552
    endloop
  endfacet
  facet normal 0.262865 -0.121909 -0.9571
    outer loop
      vertex 170.057 79.7833 16.552
      vertex 170.041 79.7488 16.552
      vertex 169.902 79.8063 16.5065
    endloop
  endfacet
  facet normal 0.167126 -0.101803 -0.980666
    outer loop
      vertex 170.205 79.7304 16.5827
      vertex 170.193 79.7107 16.5827
      vertex 170.077 79.816 16.552
    endloop
  endfacet
  facet normal 0.0823967 -0.0531592 -0.995181
    outer loop
      vertex 170.339 79.6498 16.5981
      vertex 170.335 79.6436 16.5981
      vertex 170.205 79.7304 16.5827
    endloop
  endfacet
  facet normal 0.024222 -0.0951577 -0.995167
    outer loop
      vertex 170.354 79.8303 16.5827
      vertex 170.377 79.6751 16.5981
      vertex 170.332 79.8247 16.5827
    endloop
  endfacet
  facet normal 0.615654 -0.156471 -0.772326
    outer loop
      vertex 169.372 79.9119 16.1855
      vertex 169.488 79.8767 16.2851
      vertex 169.346 79.8096 16.1855
    endloop
  endfacet
  facet normal 0.68536 -0.174187 -0.707064
    outer loop
      vertex 169.372 79.9119 16.1855
      vertex 169.346 79.8096 16.1855
      vertex 169.237 79.8313 16.0745
    endloop
  endfacet
  facet normal 0.749232 -0.183635 -0.63634
    outer loop
      vertex 169.17 79.9731 15.9531
      vertex 169.266 79.9441 16.0745
      vertex 169.14 79.8507 15.9531
    endloop
  endfacet
  facet normal 0.751252 -0.193141 -0.631123
    outer loop
      vertex 169.266 79.9441 16.0745
      vertex 169.237 79.8313 16.0745
      vertex 169.14 79.8507 15.9531
    endloop
  endfacet
  facet normal 0.153614 -0.615811 -0.772774
    outer loop
      vertex 170.19 80.6538 16.1855
      vertex 170.214 80.5348 16.2851
      vertex 170.123 80.5121 16.2851
    endloop
  endfacet
  facet normal 0.0927056 -0.628006 -0.772667
    outer loop
      vertex 170.295 80.6693 16.1855
      vertex 170.214 80.5348 16.2851
      vertex 170.19 80.6538 16.1855
    endloop
  endfacet
  facet normal 0.311935 -0.870663 -0.380319
    outer loop
      vertex 169.963 81.0416 15.539
      vertex 169.846 80.9363 15.6841
      vertex 169.824 80.9918 15.539
    endloop
  endfacet
  facet normal 0.322672 -0.900632 -0.29111
    outer loop
      vertex 169.963 81.0416 15.539
      vertex 169.824 80.9918 15.539
      vertex 169.806 81.0339 15.3888
    endloop
  endfacet
  facet normal -0.122445 -0.822485 -0.555451
    outer loop
      vertex 170.668 80.946 15.8226
      vertex 170.651 80.8604 15.9531
      vertex 170.535 80.9658 15.8226
    endloop
  endfacet
  facet normal -0.121695 -0.822266 -0.55594
    outer loop
      vertex 170.535 80.9658 15.8226
      vertex 170.651 80.8604 15.9531
      vertex 170.526 80.8789 15.9531
    endloop
  endfacet
  facet normal -0.523864 -0.184543 -0.831571
    outer loop
      vertex 171.281 79.9647 16.2851
      vertex 171.312 79.8767 16.2851
      vertex 171.16 79.9148 16.3724
    endloop
  endfacet
  facet normal -0.502087 -0.237393 -0.831597
    outer loop
      vertex 171.241 80.0493 16.2851
      vertex 171.281 79.9647 16.2851
      vertex 171.16 79.9148 16.3724
    endloop
  endfacet
  facet normal -0.284215 -0.257338 -0.92358
    outer loop
      vertex 170.884 80.0837 16.4464
      vertex 170.929 80.034 16.4464
      vertex 170.817 79.942 16.5065
    endloop
  endfacet
  facet normal -0.213877 -0.196495 -0.956894
    outer loop
      vertex 170.781 79.9811 16.5065
      vertex 170.701 79.8466 16.552
      vertex 170.675 79.8749 16.552
    endloop
  endfacet
  facet normal -0.40638 -0.239877 -0.881654
    outer loop
      vertex 171.125 79.9878 16.3724
      vertex 171.003 79.9225 16.4464
      vertex 170.969 79.9801 16.4464
    endloop
  endfacet
  facet normal -0.406259 -0.240703 -0.881485
    outer loop
      vertex 171.084 80.057 16.3724
      vertex 171.125 79.9878 16.3724
      vertex 170.969 79.9801 16.4464
    endloop
  endfacet
  facet normal -0.954812 -0.0452518 0.293745
    outer loop
      vertex 171.906 79.6 14.461
      vertex 171.945 79.7521 14.6112
      vertex 171.899 79.7477 14.461
    endloop
  endfacet
  facet normal -0.782731 -0.277783 0.556928
    outer loop
      vertex 171.713 79.9984 14.1774
      vertex 171.668 80.1252 14.1774
      vertex 171.587 80.0918 14.0469
    endloop
  endfacet
  facet normal -0.783257 -0.283741 0.553172
    outer loop
      vertex 171.63 79.9731 14.0469
      vertex 171.713 79.9984 14.1774
      vertex 171.587 80.0918 14.0469
    endloop
  endfacet
  facet normal -0.914211 -0.131316 0.383373
    outer loop
      vertex 171.899 79.7477 14.461
      vertex 171.878 79.8939 14.461
      vertex 171.839 79.7418 14.3159
    endloop
  endfacet
  facet normal -0.979339 -0.0450715 0.19714
    outer loop
      vertex 171.952 79.6 14.6112
      vertex 171.983 79.6 14.7652
      vertex 171.945 79.7521 14.6112
    endloop
  endfacet
  facet normal -0.635293 -0.0272074 0.771792
    outer loop
      vertex 171.353 79.6 13.7149
      vertex 171.474 79.6 13.8145
      vertex 171.349 79.6934 13.7149
    endloop
  endfacet
  facet normal -0.187166 -0.749993 0.634412
    outer loop
      vertex 170.744 80.7345 13.9255
      vertex 170.651 80.8604 14.0469
      vertex 170.631 80.7627 13.9255
    endloop
  endfacet
  facet normal -0.188166 -0.750205 0.633866
    outer loop
      vertex 170.744 80.7345 13.9255
      vertex 170.773 80.8298 14.0469
      vertex 170.651 80.8604 14.0469
    endloop
  endfacet
  facet normal -0.202372 -0.806842 0.555024
    outer loop
      vertex 170.773 80.8298 14.0469
      vertex 170.798 80.9133 14.1774
      vertex 170.651 80.8604 14.0469
    endloop
  endfacet
  facet normal -0.279805 -0.783455 0.554894
    outer loop
      vertex 170.892 80.7873 14.0469
      vertex 170.798 80.9133 14.1774
      vertex 170.773 80.8298 14.0469
    endloop
  endfacet
  facet normal -0.13585 -0.914015 0.382258
    outer loop
      vertex 170.682 81.0186 14.3159
      vertex 170.694 81.0775 14.461
      vertex 170.548 81.0992 14.461
    endloop
  endfacet
  facet normal -0.296267 -0.830539 0.471625
    outer loop
      vertex 170.954 80.9363 14.3159
      vertex 170.82 80.9841 14.3159
      vertex 170.798 80.9133 14.1774
    endloop
  endfacet
  facet normal -0.143923 -0.970196 0.194953
    outer loop
      vertex 170.703 81.1222 14.6112
      vertex 170.555 81.1751 14.7652
      vertex 170.552 81.1446 14.6112
    endloop
  endfacet
  facet normal -0.323008 -0.900394 0.291473
    outer loop
      vertex 170.994 81.0339 14.6112
      vertex 170.851 81.0852 14.6112
      vertex 170.837 81.0416 14.461
    endloop
  endfacet
  facet normal 0.0480337 -0.979635 0.194954
    outer loop
      vertex 170.248 81.1446 14.6112
      vertex 170.4 81.1827 14.7652
      vertex 170.245 81.1751 14.7652
    endloop
  endfacet
  facet normal 0.048738 -0.993998 0.0979371
    outer loop
      vertex 170.4 81.1827 14.7652
      vertex 170.4 81.1981 14.9215
      vertex 170.245 81.1751 14.7652
    endloop
  endfacet
  facet normal -0.0465428 -0.956014 0.289605
    outer loop
      vertex 170.552 81.1446 14.6112
      vertex 170.4 81.152 14.6112
      vertex 170.4 81.1065 14.461
    endloop
  endfacet
  facet normal 0.0465428 -0.956014 0.289605
    outer loop
      vertex 170.4 81.1065 14.461
      vertex 170.4 81.152 14.6112
      vertex 170.248 81.1446 14.6112
    endloop
  endfacet
  facet normal 0.922597 -0.043725 0.383279
    outer loop
      vertex 168.961 79.7418 14.3159
      vertex 168.901 79.7477 14.461
      vertex 168.894 79.6 14.461
    endloop
  endfacet
  facet normal 0.954812 -0.0452518 0.293745
    outer loop
      vertex 168.894 79.6 14.461
      vertex 168.901 79.7477 14.461
      vertex 168.855 79.7521 14.6112
    endloop
  endfacet
  facet normal 0.92315 -0.0455716 0.38173
    outer loop
      vertex 168.954 79.6 14.3159
      vertex 168.961 79.7418 14.3159
      vertex 168.894 79.6 14.461
    endloop
  endfacet
  facet normal 0.831478 -0.0370919 0.554318
    outer loop
      vertex 169.115 79.6 14.0469
      vertex 169.034 79.7345 14.1774
      vertex 169.028 79.6 14.1774
    endloop
  endfacet
  facet normal 0.805178 -0.203297 0.557099
    outer loop
      vertex 169.14 79.8507 14.0469
      vertex 169.087 79.9984 14.1774
      vertex 169.054 79.8677 14.1774
    endloop
  endfacet
  facet normal 0.809169 -0.198326 0.553093
    outer loop
      vertex 169.14 79.8507 14.0469
      vertex 169.17 79.9731 14.0469
      vertex 169.087 79.9984 14.1774
    endloop
  endfacet
  facet normal 0.819277 -0.495202 0.289067
    outer loop
      vertex 169.071 80.3101 14.461
      vertex 169.11 80.4623 14.6112
      vertex 169.031 80.3316 14.6112
    endloop
  endfacet
  facet normal 0.865712 -0.408651 0.289045
    outer loop
      vertex 169.071 80.3101 14.461
      vertex 169.031 80.3316 14.6112
      vertex 168.966 80.1939 14.6112
    endloop
  endfacet
  facet normal 0.595221 -0.651126 0.470901
    outer loop
      vertex 169.529 80.6609 14.1774
      vertex 169.482 80.7181 14.3159
      vertex 169.43 80.5704 14.1774
    endloop
  endfacet
  facet normal 0.560193 -0.612808 0.557359
    outer loop
      vertex 169.585 80.5934 14.0469
      vertex 169.529 80.6609 14.1774
      vertex 169.43 80.5704 14.1774
    endloop
  endfacet
  facet normal 0.287262 -0.0383747 0.957083
    outer loop
      vertex 170.019 79.6758 13.4479
      vertex 169.871 79.7052 13.4935
      vertex 169.864 79.6528 13.4935
    endloop
  endfacet
  facet normal 0.380651 -0.0508503 0.92332
    outer loop
      vertex 169.864 79.6528 13.4935
      vertex 169.871 79.7052 13.4935
      vertex 169.729 79.7335 13.5536
    endloop
  endfacet
  facet normal 0.377487 -0.0568504 -0.924268
    outer loop
      vertex 169.729 79.7335 16.4464
      vertex 169.864 79.6528 16.5065
      vertex 169.719 79.6671 16.4464
    endloop
  endfacet
  facet normal 0.466069 -0.070191 -0.88196
    outer loop
      vertex 169.729 79.7335 16.4464
      vertex 169.719 79.6671 16.4464
      vertex 169.581 79.6806 16.3724
    endloop
  endfacet
  facet normal 0.290234 -0.0164905 -0.956814
    outer loop
      vertex 169.864 79.6528 16.5065
      vertex 170.011 79.6 16.552
      vertex 169.861 79.6 16.5065
    endloop
  endfacet
  facet normal 0.382805 -0.0217503 -0.923573
    outer loop
      vertex 169.864 79.6528 16.5065
      vertex 169.861 79.6 16.5065
      vertex 169.716 79.6 16.4464
    endloop
  endfacet
  facet normal -0.0884538 -0.0423224 -0.995181
    outer loop
      vertex 170.607 79.7107 16.5827
      vertex 170.617 79.6898 16.5827
      vertex 170.469 79.637 16.5981
    endloop
  endfacet
  facet normal -0.0860085 -0.0491477 -0.995081
    outer loop
      vertex 170.617 79.6898 16.5827
      vertex 170.473 79.63 16.5981
      vertex 170.469 79.637 16.5981
    endloop
  endfacet
  facet normal 0.0342262 -0.0921473 0.995157
    outer loop
      vertex 170.37 79.6725 13.4019
      vertex 170.377 79.6751 13.4019
      vertex 170.332 79.8247 13.4173
    endloop
  endfacet
  facet normal 0.194884 -0.00847323 0.98079
    outer loop
      vertex 170.165 79.6 13.4173
      vertex 170.166 79.623 13.4173
      vertex 170.011 79.6 13.4479
    endloop
  endfacet
  facet normal 0.0978264 -0.00425332 0.995194
    outer loop
      vertex 170.322 79.6077 13.4019
      vertex 170.166 79.623 13.4173
      vertex 170.165 79.6 13.4173
    endloop
  endfacet
  facet normal 0.792537 -0.475001 0.382439
    outer loop
      vertex 169.197 80.4036 14.3159
      vertex 169.147 80.437 14.461
      vertex 169.124 80.2818 14.3159
    endloop
  endfacet
  facet normal 0.740756 -0.552318 0.382393
    outer loop
      vertex 169.197 80.4036 14.3159
      vertex 169.282 80.5176 14.3159
      vertex 169.147 80.437 14.461
    endloop
  endfacet
  facet normal 0.196376 -0.214786 0.956715
    outer loop
      vertex 170.125 79.8749 13.4479
      vertex 170.153 79.9005 13.4479
      vertex 170.019 79.9811 13.4935
    endloop
  endfacet
  facet normal 0.131571 -0.143906 0.980806
    outer loop
      vertex 170.234 79.766 13.4173
      vertex 170.153 79.9005 13.4479
      vertex 170.125 79.8749 13.4479
    endloop
  endfacet
  facet normal 0.100151 -0.167766 0.980726
    outer loop
      vertex 170.289 79.807 13.4173
      vertex 170.217 79.9429 13.4479
      vertex 170.184 79.9232 13.4479
    endloop
  endfacet
  facet normal 0.115207 -0.157331 0.980803
    outer loop
      vertex 170.251 79.7815 13.4173
      vertex 170.184 79.9232 13.4479
      vertex 170.153 79.9005 13.4479
    endloop
  endfacet
  facet normal 0.0232059 -0.47115 0.881748
    outer loop
      vertex 170.333 80.2808 13.5536
      vertex 170.4 80.2841 13.5536
      vertex 170.319 80.4186 13.6276
    endloop
  endfacet
  facet normal 0.0188458 -0.382626 0.923711
    outer loop
      vertex 170.347 80.1364 13.4935
      vertex 170.4 80.2841 13.5536
      vertex 170.333 80.2808 13.5536
    endloop
  endfacet
  facet normal 0.0811364 -0.55078 0.830698
    outer loop
      vertex 170.319 80.4186 13.6276
      vertex 170.307 80.5485 13.7149
      vertex 170.214 80.5348 13.7149
    endloop
  endfacet
  facet normal 0.0925031 -0.627941 0.772744
    outer loop
      vertex 170.307 80.5485 13.7149
      vertex 170.295 80.6693 13.8145
      vertex 170.214 80.5348 13.7149
    endloop
  endfacet
  facet normal -0.0232653 -0.471122 0.881761
    outer loop
      vertex 170.481 80.4186 13.6276
      vertex 170.4 80.4226 13.6276
      vertex 170.4 80.2841 13.5536
    endloop
  endfacet
  facet normal -0.0313584 -0.633986 0.772709
    outer loop
      vertex 170.493 80.5485 13.7149
      vertex 170.505 80.6693 13.8145
      vertex 170.4 80.5531 13.7149
    endloop
  endfacet
  facet normal -0.0917722 -0.371593 0.923849
    outer loop
      vertex 170.556 80.1158 13.4935
      vertex 170.599 80.2546 13.5536
      vertex 170.533 80.2709 13.5536
    endloop
  endfacet
  facet normal -0.187393 -0.523511 0.831156
    outer loop
      vertex 170.765 80.4806 13.7149
      vertex 170.677 80.5121 13.7149
      vertex 170.639 80.3871 13.6276
    endloop
  endfacet
  facet normal -0.33036 -0.446432 0.831601
    outer loop
      vertex 170.922 80.2358 13.6276
      vertex 170.93 80.3925 13.7149
      vertex 170.857 80.2839 13.6276
    endloop
  endfacet
  facet normal -0.316088 -0.349913 0.881844
    outer loop
      vertex 170.982 80.1816 13.6276
      vertex 170.922 80.2358 13.6276
      vertex 170.834 80.1288 13.5536
    endloop
  endfacet
  facet normal -0.0284408 -0.192991 0.980788
    outer loop
      vertex 170.476 79.9813 13.4479
      vertex 170.438 79.9869 13.4479
      vertex 170.423 79.8336 13.4173
    endloop
  endfacet
  facet normal -0.0232059 -0.47115 0.881748
    outer loop
      vertex 170.467 80.2808 13.5536
      vertex 170.481 80.4186 13.6276
      vertex 170.4 80.2841 13.5536
    endloop
  endfacet
  facet normal -0.25781 -0.282433 0.923994
    outer loop
      vertex 170.781 79.9811 13.4935
      vertex 170.884 80.0837 13.5536
      vertex 170.742 80.0167 13.4935
    endloop
  endfacet
  facet normal -0.345411 -0.166202 0.923617
    outer loop
      vertex 170.898 79.8063 13.4935
      vertex 171.032 79.8618 13.5536
      vertex 170.875 79.8541 13.4935
    endloop
  endfacet
  facet normal 0.0284408 -0.192991 0.980788
    outer loop
      vertex 170.377 79.8336 13.4173
      vertex 170.362 79.9869 13.4479
      vertex 170.324 79.9813 13.4479
    endloop
  endfacet
  facet normal 0.0277259 -0.193241 0.980759
    outer loop
      vertex 170.354 79.8303 13.4173
      vertex 170.377 79.8336 13.4173
      vertex 170.324 79.9813 13.4479
    endloop
  endfacet
  facet normal -0.350231 -0.316262 0.881656
    outer loop
      vertex 171.036 80.1218 13.6276
      vertex 170.982 80.1816 13.6276
      vertex 170.929 80.034 13.5536
    endloop
  endfacet
  facet normal -0.412627 -0.372606 0.831206
    outer loop
      vertex 171.036 80.1218 13.6276
      vertex 171.137 80.2047 13.7149
      vertex 170.982 80.1816 13.6276
    endloop
  endfacet
  facet normal -0.374735 -0.411731 0.830693
    outer loop
      vertex 171.074 80.274 13.7149
      vertex 171.005 80.3368 13.7149
      vertex 170.982 80.1816 13.6276
    endloop
  endfacet
  facet normal -0.469443 -0.426766 0.772978
    outer loop
      vertex 171.137 80.2047 13.7149
      vertex 171.16 80.3598 13.8145
      vertex 171.074 80.274 13.7149
    endloop
  endfacet
  facet normal -0.240671 -0.404607 0.882253
    outer loop
      vertex 170.78 80.1688 13.5536
      vertex 170.788 80.3254 13.6276
      vertex 170.722 80.2033 13.5536
    endloop
  endfacet
  facet normal -0.239088 -0.502085 0.831112
    outer loop
      vertex 170.849 80.4406 13.7149
      vertex 170.765 80.4806 13.7149
      vertex 170.715 80.3599 13.6276
    endloop
  endfacet
  facet normal -0.095706 -0.0213629 0.99518
    outer loop
      vertex 170.63 79.6458 13.4173
      vertex 170.625 79.6682 13.4173
      vertex 170.475 79.6228 13.4019
    endloop
  endfacet
  facet normal -0.0823967 -0.0531592 0.995181
    outer loop
      vertex 170.465 79.6436 13.4019
      vertex 170.595 79.7304 13.4173
      vertex 170.461 79.6498 13.4019
    endloop
  endfacet
  facet normal 0.0101677 -0.194881 0.980774
    outer loop
      vertex 170.4 79.8348 13.4173
      vertex 170.4 79.9888 13.4479
      vertex 170.377 79.8336 13.4173
    endloop
  endfacet
  facet normal -0.0101677 -0.194881 0.980774
    outer loop
      vertex 170.423 79.8336 13.4173
      vertex 170.4 79.9888 13.4479
      vertex 170.4 79.8348 13.4173
    endloop
  endfacet
  facet normal -0.0139477 -0.0972112 0.995166
    outer loop
      vertex 170.446 79.8303 13.4173
      vertex 170.423 79.8336 13.4173
      vertex 170.408 79.6781 13.4019
    endloop
  endfacet
  facet normal -0.226067 -0.3086 0.923937
    outer loop
      vertex 170.742 80.0167 13.4935
      vertex 170.78 80.1688 13.5536
      vertex 170.699 80.0482 13.4935
    endloop
  endfacet
  facet normal -0.0832993 -0.176696 0.980734
    outer loop
      vertex 170.511 79.807 13.4173
      vertex 170.583 79.9429 13.4479
      vertex 170.49 79.8169 13.4173
    endloop
  endfacet
  facet normal -0.0574991 -0.0797433 0.995156
    outer loop
      vertex 170.549 79.7815 13.4173
      vertex 170.53 79.7952 13.4173
      vertex 170.45 79.6607 13.4019
    endloop
  endfacet
  facet normal -0.0951089 -0.0253624 0.995144
    outer loop
      vertex 170.477 79.6153 13.4019
      vertex 170.63 79.6458 13.4173
      vertex 170.475 79.6228 13.4019
    endloop
  endfacet
  facet normal -0.0645266 -0.0744538 0.995135
    outer loop
      vertex 170.456 79.6555 13.4019
      vertex 170.566 79.766 13.4173
      vertex 170.45 79.6607 13.4019
    endloop
  endfacet
  facet normal -0.234707 -0.171198 0.956872
    outer loop
      vertex 170.848 79.8995 13.4935
      vertex 170.817 79.942 13.4935
      vertex 170.723 79.816 13.4479
    endloop
  endfacet
  facet normal -0.175787 -0.0841087 0.980829
    outer loop
      vertex 170.617 79.6898 13.4173
      vertex 170.743 79.7833 13.4479
      vertex 170.607 79.7107 13.4173
    endloop
  endfacet
  facet normal -0.427058 -0.46922 0.772952
    outer loop
      vertex 171.074 80.274 13.7149
      vertex 171.16 80.3598 13.8145
      vertex 171.005 80.3368 13.7149
    endloop
  endfacet
  facet normal -0.131339 -0.144049 0.980816
    outer loop
      vertex 170.566 79.766 13.4173
      vertex 170.647 79.9005 13.4479
      vertex 170.549 79.7815 13.4173
    endloop
  endfacet
  facet normal -0.171966 -0.234843 0.956701
    outer loop
      vertex 170.647 79.9005 13.4479
      vertex 170.742 80.0167 13.4935
      vertex 170.616 79.9232 13.4479
    endloop
  endfacet
  facet normal -0.113898 -0.15796 0.980855
    outer loop
      vertex 170.549 79.7815 13.4173
      vertex 170.616 79.9232 13.4479
      vertex 170.53 79.7952 13.4173
    endloop
  endfacet
  facet normal -0.0969927 -0.0127622 0.995203
    outer loop
      vertex 170.478 79.6077 13.4019
      vertex 170.634 79.623 13.4173
      vertex 170.477 79.6153 13.4019
    endloop
  endfacet
  facet normal -0.0970088 -0.0125986 0.995204
    outer loop
      vertex 170.479 79.6 13.4019
      vertex 170.634 79.623 13.4173
      vertex 170.478 79.6077 13.4019
    endloop
  endfacet
  facet normal -0.189615 -0.0459984 0.98078
    outer loop
      vertex 170.781 79.6758 13.4479
      vertex 170.772 79.7129 13.4479
      vertex 170.63 79.6458 13.4173
    endloop
  endfacet
  facet normal -0.281355 -0.0682531 0.957174
    outer loop
      vertex 170.781 79.6758 13.4479
      vertex 170.929 79.7052 13.4935
      vertex 170.772 79.7129 13.4479
    endloop
  endfacet
  facet normal 0.0860085 -0.0491477 0.995081
    outer loop
      vertex 170.327 79.63 13.4019
      vertex 170.331 79.637 13.4019
      vertex 170.183 79.6898 13.4173
    endloop
  endfacet
  facet normal -0.0327974 -0.0925056 0.995172
    outer loop
      vertex 170.49 79.8169 13.4173
      vertex 170.468 79.8247 13.4173
      vertex 170.43 79.6725 13.4019
    endloop
  endfacet
  facet normal 0.095706 -0.0213629 0.99518
    outer loop
      vertex 170.325 79.6228 13.4019
      vertex 170.175 79.6682 13.4173
      vertex 170.17 79.6458 13.4173
    endloop
  endfacet
  facet normal -0.00490262 -0.0980525 0.995169
    outer loop
      vertex 170.408 79.6781 13.4019
      vertex 170.4 79.8348 13.4173
      vertex 170.4 79.6785 13.4019
    endloop
  endfacet
  facet normal 0.0152261 -0.0968933 0.995178
    outer loop
      vertex 170.385 79.677 13.4019
      vertex 170.392 79.6781 13.4019
      vertex 170.354 79.8303 13.4173
    endloop
  endfacet
  facet normal -0.470871 -0.0210523 0.881951
    outer loop
      vertex 171.084 79.6 13.5536
      vertex 171.219 79.6806 13.6276
      vertex 171.081 79.6671 13.5536
    endloop
  endfacet
  facet normal -0.466069 -0.070191 0.88196
    outer loop
      vertex 171.081 79.6671 13.5536
      vertex 171.219 79.6806 13.6276
      vertex 171.071 79.7335 13.5536
    endloop
  endfacet
  facet normal 0.476154 -0.524576 -0.70576
    outer loop
      vertex 169.648 80.5164 16.0745
      vertex 169.718 80.4306 16.1855
      vertex 169.64 80.3598 16.1855
    endloop
  endfacet
  facet normal 0.426707 -0.470101 -0.77261
    outer loop
      vertex 169.718 80.4306 16.1855
      vertex 169.795 80.3368 16.2851
      vertex 169.64 80.3598 16.1855
    endloop
  endfacet
  facet normal 0.524985 -0.477259 -0.704709
    outer loop
      vertex 169.64 80.3598 16.1855
      vertex 169.569 80.2817 16.1855
      vertex 169.484 80.3521 16.0745
    endloop
  endfacet
  facet normal 0.511984 -0.37477 -0.772929
    outer loop
      vertex 169.569 80.2817 16.1855
      vertex 169.663 80.2047 16.2851
      vertex 169.507 80.197 16.1855
    endloop
  endfacet
  facet normal 0.412013 -0.374557 -0.830633
    outer loop
      vertex 169.726 80.274 16.2851
      vertex 169.818 80.1816 16.3724
      vertex 169.663 80.2047 16.2851
    endloop
  endfacet
  facet normal 0.374735 -0.411731 -0.830693
    outer loop
      vertex 169.795 80.3368 16.2851
      vertex 169.818 80.1816 16.3724
      vertex 169.726 80.274 16.2851
    endloop
  endfacet
  facet normal 0.613727 -0.559611 -0.556934
    outer loop
      vertex 169.43 80.5704 15.8226
      vertex 169.407 80.4153 15.9531
      vertex 169.339 80.4706 15.8226
    endloop
  endfacet
  facet normal 0.664195 -0.49831 -0.557255
    outer loop
      vertex 169.339 80.4706 15.8226
      vertex 169.407 80.4153 15.9531
      vertex 169.331 80.314 15.9531
    endloop
  endfacet
  facet normal 0.557625 -0.618851 -0.553243
    outer loop
      vertex 169.585 80.5934 15.9531
      vertex 169.491 80.5087 15.9531
      vertex 169.43 80.5704 15.8226
    endloop
  endfacet
  facet normal 0.517987 -0.574861 -0.633423
    outer loop
      vertex 169.585 80.5934 15.9531
      vertex 169.648 80.5164 16.0745
      vertex 169.491 80.5087 15.9531
    endloop
  endfacet
  facet normal 0.592489 -0.652111 -0.472977
    outer loop
      vertex 169.482 80.7181 15.6841
      vertex 169.43 80.5704 15.8226
      vertex 169.377 80.6227 15.6841
    endloop
  endfacet
  facet normal 0.621884 -0.684463 -0.380488
    outer loop
      vertex 169.482 80.7181 15.6841
      vertex 169.377 80.6227 15.6841
      vertex 169.335 80.6652 15.539
    endloop
  endfacet
  facet normal 0.75571 -0.452929 -0.47303
    outer loop
      vertex 169.197 80.4036 15.6841
      vertex 169.259 80.3624 15.8226
      vertex 169.124 80.2818 15.6841
    endloop
  endfacet
  facet normal 0.706382 -0.526688 -0.47289
    outer loop
      vertex 169.282 80.5176 15.6841
      vertex 169.259 80.3624 15.8226
      vertex 169.197 80.4036 15.6841
    endloop
  endfacet
  facet normal -0.0740593 -0.0649643 -0.995136
    outer loop
      vertex 170.566 79.766 16.5827
      vertex 170.581 79.7489 16.5827
      vertex 170.461 79.6498 16.5981
    endloop
  endfacet
  facet normal -0.0954125 -0.0265035 -0.995085
    outer loop
      vertex 170.617 79.6898 16.5827
      vertex 170.475 79.6228 16.5981
      vertex 170.473 79.63 16.5981
    endloop
  endfacet
  facet normal 0.0839275 -0.0508651 -0.995173
    outer loop
      vertex 170.335 79.6436 16.5981
      vertex 170.331 79.637 16.5981
      vertex 170.205 79.7304 16.5827
    endloop
  endfacet
  facet normal -0.167126 -0.101803 -0.980666
    outer loop
      vertex 170.723 79.816 16.552
      vertex 170.607 79.7107 16.5827
      vertex 170.595 79.7304 16.5827
    endloop
  endfacet
  facet normal -0.156166 -0.11818 -0.980635
    outer loop
      vertex 170.723 79.816 16.552
      vertex 170.595 79.7304 16.5827
      vertex 170.581 79.7489 16.5827
    endloop
  endfacet
  facet normal 0.0517964 -0.0834011 -0.995169
    outer loop
      vertex 170.289 79.807 16.5827
      vertex 170.363 79.6692 16.5981
      vertex 170.27 79.7952 16.5827
    endloop
  endfacet
  facet normal -0.0653976 -0.184455 -0.980663
    outer loop
      vertex 170.549 79.9592 16.552
      vertex 170.49 79.8169 16.5827
      vertex 170.468 79.8247 16.5827
    endloop
  endfacet
  facet normal -0.0835611 -0.177251 -0.980612
    outer loop
      vertex 170.583 79.9429 16.552
      vertex 170.511 79.807 16.5827
      vertex 170.49 79.8169 16.5827
    endloop
  endfacet
  facet normal -0.0425041 -0.28704 -0.956975
    outer loop
      vertex 170.505 80.1287 16.5065
      vertex 170.476 79.9813 16.552
      vertex 170.453 80.1364 16.5065
    endloop
  endfacet
  facet normal -0.0482724 -0.189641 -0.980666
    outer loop
      vertex 170.513 79.972 16.552
      vertex 170.468 79.8247 16.5827
      vertex 170.446 79.8303 16.5827
    endloop
  endfacet
  facet normal 0.0101997 -0.195494 -0.980652
    outer loop
      vertex 170.4 79.9888 16.552
      vertex 170.4 79.8348 16.5827
      vertex 170.377 79.8336 16.5827
    endloop
  endfacet
  facet normal -0.0101997 -0.195494 -0.980652
    outer loop
      vertex 170.4 79.9888 16.552
      vertex 170.423 79.8336 16.5827
      vertex 170.4 79.8348 16.5827
    endloop
  endfacet
  facet normal -0.165493 -0.345979 -0.923532
    outer loop
      vertex 170.662 80.232 16.4464
      vertex 170.722 80.2033 16.4464
      vertex 170.654 80.0754 16.5065
    endloop
  endfacet
  facet normal -0.196107 -0.329687 -0.923498
    outer loop
      vertex 170.722 80.2033 16.4464
      vertex 170.78 80.1688 16.4464
      vertex 170.654 80.0754 16.5065
    endloop
  endfacet
  facet normal 0.18737 -0.523534 -0.831146
    outer loop
      vertex 170.161 80.3871 16.3724
      vertex 170.085 80.3599 16.3724
      vertex 170.035 80.4806 16.2851
    endloop
  endfacet
  facet normal 0.129259 -0.360325 -0.923828
    outer loop
      vertex 170.201 80.2546 16.4464
      vertex 170.194 80.098 16.5065
      vertex 170.138 80.232 16.4464
    endloop
  endfacet
  facet normal 0.0919321 -0.37224 -0.923572
    outer loop
      vertex 170.267 80.2709 16.4464
      vertex 170.295 80.1287 16.5065
      vertex 170.201 80.2546 16.4464
    endloop
  endfacet
  facet normal 0.0938342 -0.370972 -0.923891
    outer loop
      vertex 170.295 80.1287 16.5065
      vertex 170.244 80.1158 16.5065
      vertex 170.201 80.2546 16.4464
    endloop
  endfacet
  facet normal -0.113164 -0.458209 -0.881611
    outer loop
      vertex 170.639 80.3871 16.3724
      vertex 170.599 80.2546 16.4464
      vertex 170.533 80.2709 16.4464
    endloop
  endfacet
  facet normal 0.0188458 -0.382626 -0.923711
    outer loop
      vertex 170.4 80.2841 16.4464
      vertex 170.347 80.1364 16.5065
      vertex 170.333 80.2808 16.4464
    endloop
  endfacet
  facet normal 0.11409 -0.457517 -0.881851
    outer loop
      vertex 170.24 80.4068 16.3724
      vertex 170.267 80.2709 16.4464
      vertex 170.161 80.3871 16.3724
    endloop
  endfacet
  facet normal 0.0232059 -0.47115 -0.881748
    outer loop
      vertex 170.4 80.2841 16.4464
      vertex 170.333 80.2808 16.4464
      vertex 170.319 80.4186 16.3724
    endloop
  endfacet
  facet normal 0.286292 -0.476004 -0.831539
    outer loop
      vertex 170.012 80.3254 16.3724
      vertex 169.943 80.2839 16.3724
      vertex 169.87 80.3925 16.2851
    endloop
  endfacet
  facet normal 0.33036 -0.446432 -0.831601
    outer loop
      vertex 169.943 80.2839 16.3724
      vertex 169.878 80.2358 16.3724
      vertex 169.87 80.3925 16.2851
    endloop
  endfacet
  facet normal 0.303373 -0.639642 -0.706274
    outer loop
      vertex 169.946 80.6953 16.0745
      vertex 169.893 80.5476 16.1855
      vertex 169.841 80.6455 16.0745
    endloop
  endfacet
  facet normal 0.396844 -0.663619 -0.634133
    outer loop
      vertex 169.794 80.7334 15.9531
      vertex 169.841 80.6455 16.0745
      vertex 169.741 80.5857 16.0745
    endloop
  endfacet
  facet normal 0.539284 -0.137748 -0.830781
    outer loop
      vertex 169.613 79.8388 16.3724
      vertex 169.593 79.7605 16.3724
      vertex 169.465 79.7859 16.2851
    endloop
  endfacet
  facet normal 0.550284 -0.0826459 -0.830877
    outer loop
      vertex 169.593 79.7605 16.3724
      vertex 169.581 79.6806 16.3724
      vertex 169.465 79.7859 16.2851
    endloop
  endfacet
  facet normal 0.36002 -0.13102 -0.923699
    outer loop
      vertex 169.768 79.8618 16.4464
      vertex 169.902 79.8063 16.5065
      vertex 169.745 79.7986 16.4464
    endloop
  endfacet
  facet normal 0.234235 -0.170854 -0.957049
    outer loop
      vertex 169.983 79.942 16.5065
      vertex 170.077 79.816 16.552
      vertex 169.952 79.8995 16.5065
    endloop
  endfacet
  facet normal 0.360024 -0.130129 -0.923823
    outer loop
      vertex 169.902 79.8063 16.5065
      vertex 169.884 79.7565 16.5065
      vertex 169.745 79.7986 16.4464
    endloop
  endfacet
  facet normal 0.370983 -0.0940113 -0.923869
    outer loop
      vertex 169.884 79.7565 16.5065
      vertex 169.871 79.7052 16.5065
      vertex 169.745 79.7986 16.4464
    endloop
  endfacet
  facet normal 0.308883 -0.225303 -0.924029
    outer loop
      vertex 169.983 79.942 16.5065
      vertex 169.952 79.8995 16.5065
      vertex 169.831 79.9801 16.4464
    endloop
  endfacet
  facet normal 0.329739 -0.194638 -0.92379
    outer loop
      vertex 169.831 79.9801 16.4464
      vertex 169.925 79.8541 16.5065
      vertex 169.797 79.9225 16.4464
    endloop
  endfacet
  facet normal 0.272579 -0.0985225 -0.957076
    outer loop
      vertex 169.902 79.8063 16.5065
      vertex 170.028 79.7129 16.552
      vertex 169.884 79.7565 16.5065
    endloop
  endfacet
  facet normal 0.280868 -0.0711751 -0.957104
    outer loop
      vertex 169.884 79.7565 16.5065
      vertex 170.028 79.7129 16.552
      vertex 169.871 79.7052 16.5065
    endloop
  endfacet
  facet normal 0.0973185 -0.273708 -0.956877
    outer loop
      vertex 170.287 79.972 16.552
      vertex 170.251 79.9592 16.552
      vertex 170.194 80.098 16.5065
    endloop
  endfacet
  facet normal 0.06556 -0.184388 -0.980665
    outer loop
      vertex 170.287 79.972 16.552
      vertex 170.31 79.8169 16.5827
      vertex 170.251 79.9592 16.552
    endloop
  endfacet
  facet normal 0.100466 -0.168293 -0.980604
    outer loop
      vertex 170.217 79.9429 16.552
      vertex 170.289 79.807 16.5827
      vertex 170.184 79.9232 16.552
    endloop
  endfacet
  facet normal 0.0835611 -0.177251 -0.980612
    outer loop
      vertex 170.31 79.8169 16.5827
      vertex 170.289 79.807 16.5827
      vertex 170.217 79.9429 16.552
    endloop
  endfacet
  facet normal 0.144019 -0.132315 -0.980689
    outer loop
      vertex 170.125 79.8749 16.552
      vertex 170.234 79.766 16.5827
      vertex 170.099 79.8466 16.552
    endloop
  endfacet
  facet normal 0.213877 -0.196495 -0.956894
    outer loop
      vertex 170.125 79.8749 16.552
      vertex 170.099 79.8466 16.552
      vertex 170.019 79.9811 16.5065
    endloop
  endfacet
  facet normal 0.315928 -0.350253 -0.881767
    outer loop
      vertex 169.966 80.1288 16.4464
      vertex 169.916 80.0837 16.4464
      vertex 169.818 80.1816 16.3724
    endloop
  endfacet
  facet normal 0.226067 -0.3086 -0.923937
    outer loop
      vertex 170.101 80.0482 16.5065
      vertex 170.058 80.0167 16.5065
      vertex 170.02 80.1688 16.4464
    endloop
  endfacet
  facet normal 0.150237 -0.248553 -0.956896
    outer loop
      vertex 170.146 80.0754 16.5065
      vertex 170.184 79.9232 16.552
      vertex 170.101 80.0482 16.5065
    endloop
  endfacet
  facet normal 0.197938 -0.327472 -0.923895
    outer loop
      vertex 170.146 80.0754 16.5065
      vertex 170.101 80.0482 16.5065
      vertex 170.02 80.1688 16.4464
    endloop
  endfacet
  facet normal 0.349615 -0.316553 -0.881795
    outer loop
      vertex 169.916 80.0837 16.4464
      vertex 169.871 80.034 16.4464
      vertex 169.818 80.1816 16.3724
    endloop
  endfacet
  facet normal 0.350231 -0.316262 -0.881656
    outer loop
      vertex 169.818 80.1816 16.3724
      vertex 169.871 80.034 16.4464
      vertex 169.764 80.1218 16.3724
    endloop
  endfacet
  facet normal 0.228125 -0.307969 -0.923642
    outer loop
      vertex 170.02 80.1688 16.4464
      vertex 170.058 80.0167 16.5065
      vertex 169.966 80.1288 16.4464
    endloop
  endfacet
  facet normal 0.171657 -0.234325 -0.956883
    outer loop
      vertex 170.101 80.0482 16.5065
      vertex 170.184 79.9232 16.552
      vertex 170.058 80.0167 16.5065
    endloop
  endfacet
  facet normal 0.0740593 -0.0649643 -0.995136
    outer loop
      vertex 170.234 79.766 16.5827
      vertex 170.339 79.6498 16.5981
      vertex 170.219 79.7489 16.5827
    endloop
  endfacet
  facet normal 0.0837958 -0.0510431 -0.995175
    outer loop
      vertex 170.205 79.7304 16.5827
      vertex 170.331 79.637 16.5981
      vertex 170.193 79.7107 16.5827
    endloop
  endfacet
  facet normal -0.0662035 -0.0726103 -0.995161
    outer loop
      vertex 170.549 79.7815 16.5827
      vertex 170.566 79.766 16.5827
      vertex 170.45 79.6607 16.5981
    endloop
  endfacet
  facet normal -0.260127 -0.728355 -0.633903
    outer loop
      vertex 170.773 80.8298 15.9531
      vertex 170.892 80.7873 15.9531
      vertex 170.744 80.7345 16.0745
    endloop
  endfacet
  facet normal -0.279805 -0.783455 -0.554894
    outer loop
      vertex 170.798 80.9133 15.8226
      vertex 170.892 80.7873 15.9531
      vertex 170.773 80.8298 15.9531
    endloop
  endfacet
  facet normal -0.345411 -0.166202 -0.923617
    outer loop
      vertex 171.032 79.8618 16.4464
      vertex 170.898 79.8063 16.5065
      vertex 170.875 79.8541 16.5065
    endloop
  endfacet
  facet normal -0.360336 -0.130242 -0.923685
    outer loop
      vertex 171.032 79.8618 16.4464
      vertex 170.916 79.7565 16.5065
      vertex 170.898 79.8063 16.5065
    endloop
  endfacet
  facet normal -0.281239 -0.258941 -0.924042
    outer loop
      vertex 170.884 80.0837 16.4464
      vertex 170.817 79.942 16.5065
      vertex 170.781 79.9811 16.5065
    endloop
  endfacet
  facet normal -0.25781 -0.282433 -0.923994
    outer loop
      vertex 170.884 80.0837 16.4464
      vertex 170.781 79.9811 16.5065
      vertex 170.742 80.0167 16.5065
    endloop
  endfacet
  facet normal -0.247321 -0.151267 -0.957053
    outer loop
      vertex 170.848 79.8995 16.5065
      vertex 170.743 79.7833 16.552
      vertex 170.723 79.816 16.552
    endloop
  endfacet
  facet normal -0.250033 -0.148698 -0.956751
    outer loop
      vertex 170.848 79.8995 16.5065
      vertex 170.875 79.8541 16.5065
      vertex 170.743 79.7833 16.552
    endloop
  endfacet
  facet normal -0.703457 -0.327656 0.630706
    outer loop
      vertex 171.495 80.0537 13.9255
      vertex 171.533 80.2058 14.0469
      vertex 171.446 80.1589 13.9255
    endloop
  endfacet
  facet normal -0.664746 -0.400048 0.630932
    outer loop
      vertex 171.446 80.1589 13.9255
      vertex 171.533 80.2058 14.0469
      vertex 171.386 80.2586 13.9255
    endloop
  endfacet
  facet normal -0.239659 -0.951027 0.19522
    outer loop
      vertex 170.859 81.1145 14.7652
      vertex 170.709 81.1523 14.7652
      vertex 170.703 81.1222 14.6112
    endloop
  endfacet
  facet normal -0.32083 -0.901931 0.289117
    outer loop
      vertex 170.977 80.9918 14.461
      vertex 170.994 81.0339 14.6112
      vertex 170.837 81.0416 14.461
    endloop
  endfacet
  facet normal -0.232036 -0.928143 0.291049
    outer loop
      vertex 170.837 81.0416 14.461
      vertex 170.851 81.0852 14.6112
      vertex 170.703 81.1222 14.6112
    endloop
  endfacet
  facet normal -0.145752 -0.984465 0.0979058
    outer loop
      vertex 170.709 81.1523 14.7652
      vertex 170.712 81.1674 14.9215
      vertex 170.555 81.1751 14.7652
    endloop
  endfacet
  facet normal 0.0454965 -0.922928 0.382274
    outer loop
      vertex 170.4 81.0464 14.3159
      vertex 170.4 81.1065 14.461
      vertex 170.258 81.0394 14.3159
    endloop
  endfacet
  facet normal 0.0455232 -0.922936 0.382252
    outer loop
      vertex 170.258 81.0394 14.3159
      vertex 170.4 81.1065 14.461
      vertex 170.252 81.0992 14.461
    endloop
  endfacet
  facet normal 0.994117 -0.0512762 0.0954047
    outer loop
      vertex 168.817 79.6 14.7652
      vertex 168.825 79.7551 14.7652
      vertex 168.802 79.6 14.9215
    endloop
  endfacet
  facet normal 0.980109 -0.0505536 0.191915
    outer loop
      vertex 168.855 79.7521 14.6112
      vertex 168.825 79.7551 14.7652
      vertex 168.817 79.6 14.7652
    endloop
  endfacet
  facet normal 0.77436 -0.0399842 0.63148
    outer loop
      vertex 169.214 79.6 13.9255
      vertex 169.22 79.7162 13.9255
      vertex 169.115 79.6 14.0469
    endloop
  endfacet
  facet normal 0.82172 -0.125202 0.555968
    outer loop
      vertex 169.121 79.726 14.0469
      vertex 169.14 79.8507 14.0469
      vertex 169.034 79.7345 14.1774
    endloop
  endfacet
  facet normal 0.751252 -0.193141 0.631123
    outer loop
      vertex 169.237 79.8313 13.9255
      vertex 169.266 79.9441 13.9255
      vertex 169.14 79.8507 14.0469
    endloop
  endfacet
  facet normal 0.653551 -0.590745 0.473171
    outer loop
      vertex 169.43 80.5704 14.1774
      vertex 169.377 80.6227 14.3159
      vertex 169.282 80.5176 14.3159
    endloop
  endfacet
  facet normal 0.686126 -0.62019 0.380257
    outer loop
      vertex 169.377 80.6227 14.3159
      vertex 169.335 80.6652 14.461
      vertex 169.282 80.5176 14.3159
    endloop
  endfacet
  facet normal -0.0599955 -0.0782551 -0.995126
    outer loop
      vertex 170.53 79.7952 16.5827
      vertex 170.45 79.6607 16.5981
      vertex 170.444 79.6653 16.5981
    endloop
  endfacet
  facet normal 0.0517964 -0.0834011 0.995169
    outer loop
      vertex 170.363 79.6692 13.4019
      vertex 170.289 79.807 13.4173
      vertex 170.27 79.7952 13.4173
    endloop
  endfacet
  facet normal 0.166363 -0.101751 0.980801
    outer loop
      vertex 170.193 79.7107 13.4173
      vertex 170.077 79.816 13.4479
      vertex 170.057 79.7833 13.4479
    endloop
  endfacet
  facet normal 0.0418388 -0.0887491 0.995175
    outer loop
      vertex 170.363 79.6692 13.4019
      vertex 170.37 79.6725 13.4019
      vertex 170.31 79.8169 13.4173
    endloop
  endfacet
  facet normal 0.703536 -0.0334063 0.709874
    outer loop
      vertex 169.326 79.6 13.8145
      vertex 169.331 79.7053 13.8145
      vertex 169.214 79.6 13.9255
    endloop
  endfacet
  facet normal 0.0662035 -0.0726103 0.995161
    outer loop
      vertex 170.35 79.6607 13.4019
      vertex 170.251 79.7815 13.4173
      vertex 170.234 79.766 13.4173
    endloop
  endfacet
  facet normal -0.0811364 -0.55078 0.830698
    outer loop
      vertex 170.586 80.5348 13.7149
      vertex 170.493 80.5485 13.7149
      vertex 170.481 80.4186 13.6276
    endloop
  endfacet
  facet normal -0.0821678 -0.550106 0.831042
    outer loop
      vertex 170.56 80.4068 13.6276
      vertex 170.586 80.5348 13.7149
      vertex 170.481 80.4186 13.6276
    endloop
  endfacet
  facet normal -0.113164 -0.458209 0.881611
    outer loop
      vertex 170.599 80.2546 13.5536
      vertex 170.639 80.3871 13.6276
      vertex 170.533 80.2709 13.5536
    endloop
  endfacet
  facet normal -0.11409 -0.457517 0.881851
    outer loop
      vertex 170.639 80.3871 13.6276
      vertex 170.56 80.4068 13.6276
      vertex 170.533 80.2709 13.5536
    endloop
  endfacet
  facet normal -0.150539 -0.249053 0.956719
    outer loop
      vertex 170.699 80.0482 13.4935
      vertex 170.654 80.0754 13.4935
      vertex 170.616 79.9232 13.4479
    endloop
  endfacet
  facet normal -0.0843453 -0.175935 0.980782
    outer loop
      vertex 170.583 79.9429 13.4479
      vertex 170.549 79.9592 13.4479
      vertex 170.49 79.8169 13.4173
    endloop
  endfacet
  facet normal -0.28072 -0.378972 0.881803
    outer loop
      vertex 170.834 80.1288 13.5536
      vertex 170.922 80.2358 13.6276
      vertex 170.78 80.1688 13.5536
    endloop
  endfacet
  facet normal -0.197938 -0.327472 0.923895
    outer loop
      vertex 170.699 80.0482 13.4935
      vertex 170.78 80.1688 13.5536
      vertex 170.654 80.0754 13.4935
    endloop
  endfacet
  facet normal -0.0187692 -0.382603 0.923722
    outer loop
      vertex 170.453 80.1364 13.4935
      vertex 170.4 80.2841 13.5536
      vertex 170.4 80.139 13.4935
    endloop
  endfacet
  facet normal 0.0568393 -0.378929 0.923679
    outer loop
      vertex 170.347 80.1364 13.4935
      vertex 170.333 80.2808 13.5536
      vertex 170.267 80.2709 13.5536
    endloop
  endfacet
  facet normal -0.250536 -0.148997 0.956573
    outer loop
      vertex 170.875 79.8541 13.4935
      vertex 170.848 79.8995 13.4935
      vertex 170.743 79.7833 13.4479
    endloop
  endfacet
  facet normal -0.262664 -0.126386 0.956574
    outer loop
      vertex 170.898 79.8063 13.4935
      vertex 170.875 79.8541 13.4935
      vertex 170.743 79.7833 13.4479
    endloop
  endfacet
  facet normal 0.0475804 -0.189298 0.980766
    outer loop
      vertex 170.354 79.8303 13.4173
      vertex 170.324 79.9813 13.4479
      vertex 170.287 79.972 13.4479
    endloop
  endfacet
  facet normal 0.0708921 -0.282044 0.956779
    outer loop
      vertex 170.324 79.9813 13.4479
      vertex 170.295 80.1287 13.4935
      vertex 170.287 79.972 13.4479
    endloop
  endfacet
  facet normal -0.479959 -0.284369 0.829924
    outer loop
      vertex 171.125 79.9878 13.6276
      vertex 171.192 80.1295 13.7149
      vertex 171.084 80.057 13.6276
    endloop
  endfacet
  facet normal -0.281239 -0.258941 0.924042
    outer loop
      vertex 170.817 79.942 13.4935
      vertex 170.884 80.0837 13.5536
      vertex 170.781 79.9811 13.4935
    endloop
  endfacet
  facet normal -0.379116 -0.281348 0.881541
    outer loop
      vertex 170.969 79.9801 13.5536
      vertex 171.084 80.057 13.6276
      vertex 170.929 80.034 13.5536
    endloop
  endfacet
  facet normal -0.379226 -0.280908 0.881634
    outer loop
      vertex 171.084 80.057 13.6276
      vertex 171.036 80.1218 13.6276
      vertex 170.929 80.034 13.5536
    endloop
  endfacet
  facet normal -0.33139 -0.446216 0.831308
    outer loop
      vertex 171.005 80.3368 13.7149
      vertex 170.93 80.3925 13.7149
      vertex 170.922 80.2358 13.6276
    endloop
  endfacet
  facet normal -0.379009 -0.510335 0.771952
    outer loop
      vertex 171.005 80.3368 13.7149
      vertex 170.997 80.4934 13.8145
      vertex 170.93 80.3925 13.7149
    endloop
  endfacet
  facet normal -0.269557 -0.573779 0.77338
    outer loop
      vertex 170.849 80.4406 13.7149
      vertex 170.907 80.5476 13.8145
      vertex 170.811 80.5927 13.8145
    endloop
  endfacet
  facet normal -0.326925 -0.542864 0.773575
    outer loop
      vertex 170.997 80.4934 13.8145
      vertex 170.907 80.5476 13.8145
      vertex 170.849 80.4406 13.7149
    endloop
  endfacet
  facet normal -0.0517964 -0.0834011 0.995169
    outer loop
      vertex 170.53 79.7952 13.4173
      vertex 170.511 79.807 13.4173
      vertex 170.437 79.6692 13.4019
    endloop
  endfacet
  facet normal -0.0480172 -0.0861847 0.995121
    outer loop
      vertex 170.444 79.6653 13.4019
      vertex 170.53 79.7952 13.4173
      vertex 170.437 79.6692 13.4019
    endloop
  endfacet
  facet normal -0.123807 -0.262953 0.956832
    outer loop
      vertex 170.654 80.0754 13.4935
      vertex 170.606 80.098 13.4935
      vertex 170.583 79.9429 13.4479
    endloop
  endfacet
  facet normal -0.0418388 -0.0887491 0.995175
    outer loop
      vertex 170.511 79.807 13.4173
      vertex 170.49 79.8169 13.4173
      vertex 170.437 79.6692 13.4019
    endloop
  endfacet
  facet normal -0.0653461 -0.183786 0.980792
    outer loop
      vertex 170.549 79.9592 13.4479
      vertex 170.513 79.972 13.4479
      vertex 170.468 79.8247 13.4173
    endloop
  endfacet
  facet normal 0.078592 -0.059475 0.995131
    outer loop
      vertex 170.339 79.6498 13.4019
      vertex 170.219 79.7489 13.4173
      vertex 170.205 79.7304 13.4173
    endloop
  endfacet
  facet normal 0.155677 -0.11781 0.980758
    outer loop
      vertex 170.205 79.7304 13.4173
      vertex 170.219 79.7489 13.4173
      vertex 170.077 79.816 13.4479
    endloop
  endfacet
  facet normal -0.115207 -0.157331 0.980803
    outer loop
      vertex 170.647 79.9005 13.4479
      vertex 170.616 79.9232 13.4479
      vertex 170.549 79.7815 13.4173
    endloop
  endfacet
  facet normal -0.172002 -0.234797 0.956706
    outer loop
      vertex 170.742 80.0167 13.4935
      vertex 170.699 80.0482 13.4935
      vertex 170.616 79.9232 13.4479
    endloop
  endfacet
  facet normal -0.0342262 -0.0921473 0.995157
    outer loop
      vertex 170.43 79.6725 13.4019
      vertex 170.468 79.8247 13.4173
      vertex 170.423 79.6751 13.4019
    endloop
  endfacet
  facet normal 0.575028 -0.517156 -0.633949
    outer loop
      vertex 169.491 80.5087 15.9531
      vertex 169.484 80.3521 16.0745
      vertex 169.407 80.4153 15.9531
    endloop
  endfacet
  facet normal 0.618609 -0.46411 -0.633976
    outer loop
      vertex 169.407 80.4153 15.9531
      vertex 169.484 80.3521 16.0745
      vertex 169.331 80.314 15.9531
    endloop
  endfacet
  facet normal -0.0574991 -0.0797433 -0.995156
    outer loop
      vertex 170.53 79.7952 16.5827
      vertex 170.549 79.7815 16.5827
      vertex 170.45 79.6607 16.5981
    endloop
  endfacet
  facet normal -0.16302 -0.346237 -0.923875
    outer loop
      vertex 170.662 80.232 16.4464
      vertex 170.654 80.0754 16.5065
      vertex 170.606 80.098 16.5065
    endloop
  endfacet
  facet normal -0.128401 -0.360676 -0.923811
    outer loop
      vertex 170.662 80.232 16.4464
      vertex 170.606 80.098 16.5065
      vertex 170.556 80.1158 16.5065
    endloop
  endfacet
  facet normal -0.01449 -0.2898 -0.956977
    outer loop
      vertex 170.453 80.1364 16.5065
      vertex 170.438 79.9869 16.552
      vertex 170.4 79.9888 16.552
    endloop
  endfacet
  facet normal -0.00977167 -0.195433 -0.980668
    outer loop
      vertex 170.438 79.9869 16.552
      vertex 170.423 79.8336 16.5827
      vertex 170.4 79.9888 16.552
    endloop
  endfacet
  facet normal 0.114256 -0.158457 -0.980733
    outer loop
      vertex 170.27 79.7952 16.5827
      vertex 170.251 79.7815 16.5827
      vertex 170.184 79.9232 16.552
    endloop
  endfacet
  facet normal 0.0574991 -0.0797433 -0.995156
    outer loop
      vertex 170.27 79.7952 16.5827
      vertex 170.35 79.6607 16.5981
      vertex 170.251 79.7815 16.5827
    endloop
  endfacet
  facet normal 0.201605 -0.426584 -0.881692
    outer loop
      vertex 170.085 80.3599 16.3724
      vertex 170.138 80.232 16.4464
      vertex 170.012 80.3254 16.3724
    endloop
  endfacet
  facet normal 0.203203 -0.424815 -0.88218
    outer loop
      vertex 170.138 80.232 16.4464
      vertex 170.078 80.2033 16.4464
      vertex 170.012 80.3254 16.3724
    endloop
  endfacet
  facet normal -0.0821678 -0.550106 -0.831042
    outer loop
      vertex 170.586 80.5348 16.2851
      vertex 170.56 80.4068 16.3724
      vertex 170.481 80.4186 16.3724
    endloop
  endfacet
  facet normal -0.0811364 -0.55078 -0.830698
    outer loop
      vertex 170.493 80.5485 16.2851
      vertex 170.586 80.5348 16.2851
      vertex 170.481 80.4186 16.3724
    endloop
  endfacet
  facet normal -0.0561633 -0.379284 -0.923574
    outer loop
      vertex 170.533 80.2709 16.4464
      vertex 170.505 80.1287 16.5065
      vertex 170.453 80.1364 16.5065
    endloop
  endfacet
  facet normal -0.0940455 -0.371808 -0.923534
    outer loop
      vertex 170.533 80.2709 16.4464
      vertex 170.556 80.1158 16.5065
      vertex 170.505 80.1287 16.5065
    endloop
  endfacet
  facet normal 0.0699634 -0.466423 -0.881791
    outer loop
      vertex 170.319 80.4186 16.3724
      vertex 170.333 80.2808 16.4464
      vertex 170.267 80.2709 16.4464
    endloop
  endfacet
  facet normal 0.134543 -0.539537 -0.831143
    outer loop
      vertex 170.214 80.5348 16.2851
      vertex 170.24 80.4068 16.3724
      vertex 170.161 80.3871 16.3724
    endloop
  endfacet
  facet normal 0.35518 -0.752291 -0.554893
    outer loop
      vertex 169.875 80.8679 15.8226
      vertex 169.794 80.7334 15.9531
      vertex 169.753 80.8103 15.8226
    endloop
  endfacet
  facet normal 0.428952 -0.712854 -0.554832
    outer loop
      vertex 169.753 80.8103 15.8226
      vertex 169.794 80.7334 15.9531
      vertex 169.638 80.7411 15.8226
    endloop
  endfacet
  facet normal 0.398692 -0.663463 -0.633137
    outer loop
      vertex 169.794 80.7334 15.9531
      vertex 169.741 80.5857 16.0745
      vertex 169.686 80.6685 15.9531
    endloop
  endfacet
  facet normal 0.462581 -0.62078 -0.63297
    outer loop
      vertex 169.686 80.6685 15.9531
      vertex 169.741 80.5857 16.0745
      vertex 169.648 80.5164 16.0745
    endloop
  endfacet
  facet normal 0.328714 -0.195491 -0.923975
    outer loop
      vertex 169.952 79.8995 16.5065
      vertex 169.925 79.8541 16.5065
      vertex 169.831 79.9801 16.4464
    endloop
  endfacet
  facet normal 0.249308 -0.148267 -0.957007
    outer loop
      vertex 169.952 79.8995 16.5065
      vertex 170.077 79.816 16.552
      vertex 169.925 79.8541 16.5065
    endloop
  endfacet
  facet normal 0.272476 -0.0986682 -0.95709
    outer loop
      vertex 170.041 79.7488 16.552
      vertex 170.028 79.7129 16.552
      vertex 169.902 79.8063 16.5065
    endloop
  endfacet
  facet normal 0.0860085 -0.0491477 -0.995081
    outer loop
      vertex 170.331 79.637 16.5981
      vertex 170.327 79.63 16.5981
      vertex 170.183 79.6898 16.5827
    endloop
  endfacet
  facet normal 0.16302 -0.346237 -0.923875
    outer loop
      vertex 170.194 80.098 16.5065
      vertex 170.146 80.0754 16.5065
      vertex 170.138 80.232 16.4464
    endloop
  endfacet
  facet normal 0.165493 -0.345979 -0.923532
    outer loop
      vertex 170.138 80.232 16.4464
      vertex 170.146 80.0754 16.5065
      vertex 170.078 80.2033 16.4464
    endloop
  endfacet
  facet normal 0.256668 -0.284555 -0.923661
    outer loop
      vertex 169.966 80.1288 16.4464
      vertex 170.058 80.0167 16.5065
      vertex 169.916 80.0837 16.4464
    endloop
  endfacet
  facet normal 0.25781 -0.282433 -0.923994
    outer loop
      vertex 170.058 80.0167 16.5065
      vertex 170.019 79.9811 16.5065
      vertex 169.916 80.0837 16.4464
    endloop
  endfacet
  facet normal -0.955239 -0.0439624 0.29255
    outer loop
      vertex 171.952 79.6 14.6112
      vertex 171.945 79.7521 14.6112
      vertex 171.906 79.6 14.461
    endloop
  endfacet
  facet normal -0.224181 -0.896723 0.381617
    outer loop
      vertex 170.82 80.9841 14.3159
      vertex 170.837 81.0416 14.461
      vertex 170.682 81.0186 14.3159
    endloop
  endfacet
  facet normal -0.310581 -0.870668 0.381415
    outer loop
      vertex 170.954 80.9363 14.3159
      vertex 170.837 81.0416 14.461
      vertex 170.82 80.9841 14.3159
    endloop
  endfacet
  facet normal -0.140691 -0.946587 0.290137
    outer loop
      vertex 170.694 81.0775 14.461
      vertex 170.703 81.1222 14.6112
      vertex 170.548 81.0992 14.461
    endloop
  endfacet
  facet normal -0.140438 -0.946699 0.289893
    outer loop
      vertex 170.703 81.1222 14.6112
      vertex 170.552 81.1446 14.6112
      vertex 170.548 81.0992 14.461
    endloop
  endfacet
  facet normal 0.766709 -0.11682 0.631277
    outer loop
      vertex 169.237 79.8313 13.9255
      vertex 169.14 79.8507 14.0469
      vertex 169.121 79.726 14.0469
    endloop
  endfacet
  facet normal 0.698255 -0.103131 0.708382
    outer loop
      vertex 169.331 79.7053 13.8145
      vertex 169.237 79.8313 13.9255
      vertex 169.22 79.7162 13.9255
    endloop
  endfacet
  facet normal 0.0599955 -0.0782551 0.995126
    outer loop
      vertex 170.35 79.6607 13.4019
      vertex 170.356 79.6653 13.4019
      vertex 170.27 79.7952 13.4173
    endloop
  endfacet
  facet normal 0.0942503 -0.0261806 0.995204
    outer loop
      vertex 170.325 79.6228 13.4019
      vertex 170.327 79.63 13.4019
      vertex 170.175 79.6682 13.4173
    endloop
  endfacet
  facet normal 0.157782 -0.113438 0.980937
    outer loop
      vertex 170.219 79.7489 13.4173
      vertex 170.099 79.8466 13.4479
      vertex 170.077 79.816 13.4479
    endloop
  endfacet
  facet normal 0.145929 -0.128008 0.980978
    outer loop
      vertex 170.219 79.7489 13.4173
      vertex 170.234 79.766 13.4173
      vertex 170.099 79.8466 13.4479
    endloop
  endfacet
  facet normal 0.191157 -0.0426689 0.980632
    outer loop
      vertex 170.17 79.6458 13.4173
      vertex 170.175 79.6682 13.4173
      vertex 170.028 79.7129 13.4479
    endloop
  endfacet
  facet normal -0.0418388 -0.0887491 0.995175
    outer loop
      vertex 170.437 79.6692 13.4019
      vertex 170.49 79.8169 13.4173
      vertex 170.43 79.6725 13.4019
    endloop
  endfacet
  facet normal 0.113898 -0.15796 0.980855
    outer loop
      vertex 170.251 79.7815 13.4173
      vertex 170.27 79.7952 13.4173
      vertex 170.184 79.9232 13.4479
    endloop
  endfacet
  facet normal 0.102752 -0.165448 0.980851
    outer loop
      vertex 170.27 79.7952 13.4173
      vertex 170.289 79.807 13.4173
      vertex 170.184 79.9232 13.4479
    endloop
  endfacet
  facet normal -0.165493 -0.345979 0.923532
    outer loop
      vertex 170.722 80.2033 13.5536
      vertex 170.662 80.232 13.5536
      vertex 170.654 80.0754 13.4935
    endloop
  endfacet
  facet normal -0.129162 -0.360053 0.923948
    outer loop
      vertex 170.662 80.232 13.5536
      vertex 170.599 80.2546 13.5536
      vertex 170.556 80.1158 13.4935
    endloop
  endfacet
  facet normal 0.042382 -0.287592 0.956815
    outer loop
      vertex 170.362 79.9869 13.4479
      vertex 170.347 80.1364 13.4935
      vertex 170.324 79.9813 13.4479
    endloop
  endfacet
  facet normal 0.0425896 -0.287618 0.956798
    outer loop
      vertex 170.324 79.9813 13.4479
      vertex 170.347 80.1364 13.4935
      vertex 170.295 80.1287 13.4935
    endloop
  endfacet
  facet normal -0.0568393 -0.378929 0.923679
    outer loop
      vertex 170.533 80.2709 13.5536
      vertex 170.467 80.2808 13.5536
      vertex 170.453 80.1364 13.4935
    endloop
  endfacet
  facet normal -0.0188458 -0.382626 0.923711
    outer loop
      vertex 170.453 80.1364 13.4935
      vertex 170.467 80.2808 13.5536
      vertex 170.4 80.2841 13.5536
    endloop
  endfacet
  facet normal -0.128401 -0.360676 0.923811
    outer loop
      vertex 170.606 80.098 13.4935
      vertex 170.662 80.232 13.5536
      vertex 170.556 80.1158 13.4935
    endloop
  endfacet
  facet normal -0.16302 -0.346237 0.923875
    outer loop
      vertex 170.654 80.0754 13.4935
      vertex 170.662 80.232 13.5536
      vertex 170.606 80.098 13.4935
    endloop
  endfacet
  facet normal -0.0425896 -0.287618 0.956798
    outer loop
      vertex 170.476 79.9813 13.4479
      vertex 170.505 80.1287 13.4935
      vertex 170.453 80.1364 13.4935
    endloop
  endfacet
  facet normal -0.0708921 -0.282044 0.956779
    outer loop
      vertex 170.513 79.972 13.4479
      vertex 170.505 80.1287 13.4935
      vertex 170.476 79.9813 13.4479
    endloop
  endfacet
  facet normal -0.247819 -0.151571 0.956876
    outer loop
      vertex 170.743 79.7833 13.4479
      vertex 170.848 79.8995 13.4935
      vertex 170.723 79.816 13.4479
    endloop
  endfacet
  facet normal -0.166363 -0.101751 0.980801
    outer loop
      vertex 170.743 79.7833 13.4479
      vertex 170.723 79.816 13.4479
      vertex 170.607 79.7107 13.4173
    endloop
  endfacet
  facet normal -0.406259 -0.240703 0.881485
    outer loop
      vertex 171.125 79.9878 13.6276
      vertex 171.084 80.057 13.6276
      vertex 170.969 79.9801 13.5536
    endloop
  endfacet
  facet normal -0.329403 -0.194439 0.923952
    outer loop
      vertex 171.003 79.9225 13.5536
      vertex 170.969 79.9801 13.5536
      vertex 170.848 79.8995 13.4935
    endloop
  endfacet
  facet normal -0.196107 -0.329687 0.923498
    outer loop
      vertex 170.78 80.1688 13.5536
      vertex 170.722 80.2033 13.5536
      vertex 170.654 80.0754 13.4935
    endloop
  endfacet
  facet normal -0.201605 -0.426584 0.881692
    outer loop
      vertex 170.788 80.3254 13.6276
      vertex 170.715 80.3599 13.6276
      vertex 170.662 80.232 13.5536
    endloop
  endfacet
  facet normal -0.284353 -0.478848 0.830571
    outer loop
      vertex 170.93 80.3925 13.7149
      vertex 170.849 80.4406 13.7149
      vertex 170.788 80.3254 13.6276
    endloop
  endfacet
  facet normal -0.286292 -0.476004 0.831539
    outer loop
      vertex 170.857 80.2839 13.6276
      vertex 170.93 80.3925 13.7149
      vertex 170.788 80.3254 13.6276
    endloop
  endfacet
  facet normal -0.14894 -0.249493 0.956854
    outer loop
      vertex 170.616 79.9232 13.4479
      vertex 170.654 80.0754 13.4935
      vertex 170.583 79.9429 13.4479
    endloop
  endfacet
  facet normal -0.100151 -0.167766 0.980726
    outer loop
      vertex 170.616 79.9232 13.4479
      vertex 170.583 79.9429 13.4479
      vertex 170.511 79.807 13.4173
    endloop
  endfacet
  facet normal -0.196376 -0.214786 0.956715
    outer loop
      vertex 170.675 79.8749 13.4479
      vertex 170.781 79.9811 13.4935
      vertex 170.647 79.9005 13.4479
    endloop
  endfacet
  facet normal -0.131571 -0.143906 0.980806
    outer loop
      vertex 170.675 79.8749 13.4479
      vertex 170.647 79.9005 13.4479
      vertex 170.566 79.766 13.4173
    endloop
  endfacet
  facet normal 0.0645266 -0.0744538 0.995135
    outer loop
      vertex 170.344 79.6555 13.4019
      vertex 170.35 79.6607 13.4019
      vertex 170.234 79.766 13.4173
    endloop
  endfacet
  facet normal 0.525482 -0.475494 -0.705531
    outer loop
      vertex 169.562 80.4383 16.0745
      vertex 169.64 80.3598 16.1855
      vertex 169.484 80.3521 16.0745
    endloop
  endfacet
  facet normal 0.476341 -0.524524 -0.705673
    outer loop
      vertex 169.648 80.5164 16.0745
      vertex 169.64 80.3598 16.1855
      vertex 169.562 80.4383 16.0745
    endloop
  endfacet
  facet normal -0.125637 -0.262066 -0.956837
    outer loop
      vertex 170.606 80.098 16.5065
      vertex 170.583 79.9429 16.552
      vertex 170.549 79.9592 16.552
    endloop
  endfacet
  facet normal -0.0974159 -0.27364 -0.956886
    outer loop
      vertex 170.556 80.1158 16.5065
      vertex 170.606 80.098 16.5065
      vertex 170.513 79.972 16.552
    endloop
  endfacet
  facet normal 0.0232653 -0.471122 -0.881761
    outer loop
      vertex 170.4 80.4226 16.3724
      vertex 170.4 80.2841 16.4464
      vertex 170.319 80.4186 16.3724
    endloop
  endfacet
  facet normal 0.0274927 -0.555831 -0.83084
    outer loop
      vertex 170.4 80.5531 16.2851
      vertex 170.319 80.4186 16.3724
      vertex 170.307 80.5485 16.2851
    endloop
  endfacet
  facet normal -0.0696569 -0.466347 -0.881855
    outer loop
      vertex 170.56 80.4068 16.3724
      vertex 170.533 80.2709 16.4464
      vertex 170.481 80.4186 16.3724
    endloop
  endfacet
  facet normal -0.11409 -0.457517 -0.881851
    outer loop
      vertex 170.56 80.4068 16.3724
      vertex 170.639 80.3871 16.3724
      vertex 170.533 80.2709 16.4464
    endloop
  endfacet
  facet normal -0.0232059 -0.47115 -0.881748
    outer loop
      vertex 170.481 80.4186 16.3724
      vertex 170.467 80.2808 16.4464
      vertex 170.4 80.2841 16.4464
    endloop
  endfacet
  facet normal -0.0188458 -0.382626 -0.923711
    outer loop
      vertex 170.467 80.2808 16.4464
      vertex 170.453 80.1364 16.5065
      vertex 170.4 80.2841 16.4464
    endloop
  endfacet
  facet normal 0.184278 -0.0667303 -0.980606
    outer loop
      vertex 170.041 79.7488 16.552
      vertex 170.183 79.6898 16.5827
      vertex 170.028 79.7129 16.552
    endloop
  endfacet
  facet normal 0.184053 -0.0681677 -0.98055
    outer loop
      vertex 170.183 79.6898 16.5827
      vertex 170.175 79.6682 16.5827
      vertex 170.028 79.7129 16.552
    endloop
  endfacet
  facet normal 0.17634 -0.0843731 -0.980707
    outer loop
      vertex 170.193 79.7107 16.5827
      vertex 170.183 79.6898 16.5827
      vertex 170.057 79.7833 16.552
    endloop
  endfacet
  facet normal 0.166886 -0.102071 -0.980679
    outer loop
      vertex 170.077 79.816 16.552
      vertex 170.193 79.7107 16.5827
      vertex 170.057 79.7833 16.552
    endloop
  endfacet
  facet normal -0.237954 -0.951816 0.193454
    outer loop
      vertex 170.851 81.0852 14.6112
      vertex 170.859 81.1145 14.7652
      vertex 170.703 81.1222 14.6112
    endloop
  endfacet
  facet normal -0.331326 -0.92358 0.192932
    outer loop
      vertex 170.994 81.0339 14.6112
      vertex 170.859 81.1145 14.7652
      vertex 170.851 81.0852 14.6112
    endloop
  endfacet
  facet normal 0.772998 -0.0368094 0.63334
    outer loop
      vertex 169.22 79.7162 13.9255
      vertex 169.121 79.726 14.0469
      vertex 169.115 79.6 14.0469
    endloop
  endfacet
  facet normal 0.830209 -0.0395338 0.556048
    outer loop
      vertex 169.115 79.6 14.0469
      vertex 169.121 79.726 14.0469
      vertex 169.034 79.7345 14.1774
    endloop
  endfacet
  facet normal 0.0965804 -0.0169439 0.995181
    outer loop
      vertex 170.322 79.6077 13.4019
      vertex 170.17 79.6458 13.4173
      vertex 170.166 79.623 13.4173
    endloop
  endfacet
  facet normal 0.192064 -0.0336955 0.980804
    outer loop
      vertex 170.166 79.623 13.4173
      vertex 170.17 79.6458 13.4173
      vertex 170.019 79.6758 13.4479
    endloop
  endfacet
  facet normal 0.183701 -0.0665213 0.980729
    outer loop
      vertex 170.183 79.6898 13.4173
      vertex 170.041 79.7488 13.4479
      vertex 170.028 79.7129 13.4479
    endloop
  endfacet
  facet normal 0.177198 -0.0821786 0.980738
    outer loop
      vertex 170.183 79.6898 13.4173
      vertex 170.057 79.7833 13.4479
      vertex 170.041 79.7488 13.4479
    endloop
  endfacet
  facet normal 0.0142496 -0.290473 0.956777
    outer loop
      vertex 170.4 79.9888 13.4479
      vertex 170.4 80.139 13.4935
      vertex 170.347 80.1364 13.4935
    endloop
  endfacet
  facet normal 0.0187692 -0.382603 0.923722
    outer loop
      vertex 170.4 80.139 13.4935
      vertex 170.4 80.2841 13.5536
      vertex 170.347 80.1364 13.4935
    endloop
  endfacet
  facet normal -0.0940455 -0.371808 0.923534
    outer loop
      vertex 170.556 80.1158 13.4935
      vertex 170.533 80.2709 13.5536
      vertex 170.505 80.1287 13.4935
    endloop
  endfacet
  facet normal -0.0713436 -0.282056 0.956742
    outer loop
      vertex 170.513 79.972 13.4479
      vertex 170.556 80.1158 13.4935
      vertex 170.505 80.1287 13.4935
    endloop
  endfacet
  facet normal -0.12589 -0.262593 0.956659
    outer loop
      vertex 170.583 79.9429 13.4479
      vertex 170.606 80.098 13.4935
      vertex 170.549 79.9592 13.4479
    endloop
  endfacet
  facet normal -0.0975143 -0.274259 0.956699
    outer loop
      vertex 170.549 79.9592 13.4479
      vertex 170.606 80.098 13.4935
      vertex 170.513 79.972 13.4479
    endloop
  endfacet
  facet normal -0.40638 -0.239877 0.881654
    outer loop
      vertex 171.003 79.9225 13.5536
      vertex 171.125 79.9878 13.6276
      vertex 170.969 79.9801 13.5536
    endloop
  endfacet
  facet normal -0.425854 -0.203456 0.88162
    outer loop
      vertex 171.032 79.8618 13.5536
      vertex 171.125 79.9878 13.6276
      vertex 171.003 79.9225 13.5536
    endloop
  endfacet
  facet normal -0.307116 -0.227915 0.923977
    outer loop
      vertex 170.969 79.9801 13.5536
      vertex 170.929 80.034 13.5536
      vertex 170.848 79.8995 13.4935
    endloop
  endfacet
  facet normal -0.30989 -0.226037 0.923513
    outer loop
      vertex 170.848 79.8995 13.4935
      vertex 170.929 80.034 13.5536
      vertex 170.817 79.942 13.4935
    endloop
  endfacet
  facet normal 0.0823967 -0.0531592 0.995181
    outer loop
      vertex 170.335 79.6436 13.4019
      vertex 170.339 79.6498 13.4019
      vertex 170.205 79.7304 13.4173
    endloop
  endfacet
  facet normal -0.0973185 -0.273708 -0.956877
    outer loop
      vertex 170.606 80.098 16.5065
      vertex 170.549 79.9592 16.552
      vertex 170.513 79.972 16.552
    endloop
  endfacet
  facet normal -0.0655515 -0.184364 -0.98067
    outer loop
      vertex 170.513 79.972 16.552
      vertex 170.549 79.9592 16.552
      vertex 170.468 79.8247 16.5827
    endloop
  endfacet
  facet normal 0.0696569 -0.466347 -0.881855
    outer loop
      vertex 170.319 80.4186 16.3724
      vertex 170.267 80.2709 16.4464
      vertex 170.24 80.4068 16.3724
    endloop
  endfacet
  facet normal 0.0821678 -0.550106 -0.831042
    outer loop
      vertex 170.319 80.4186 16.3724
      vertex 170.24 80.4068 16.3724
      vertex 170.214 80.5348 16.2851
    endloop
  endfacet
  facet normal -0.0232653 -0.471122 -0.881761
    outer loop
      vertex 170.4 80.4226 16.3724
      vertex 170.481 80.4186 16.3724
      vertex 170.4 80.2841 16.4464
    endloop
  endfacet
  facet normal -0.0274475 -0.555813 -0.830854
    outer loop
      vertex 170.4 80.5531 16.2851
      vertex 170.481 80.4186 16.3724
      vertex 170.4 80.4226 16.3724
    endloop
  endfacet
  facet normal 0.0740593 -0.0649643 0.995136
    outer loop
      vertex 170.339 79.6498 13.4019
      vertex 170.344 79.6555 13.4019
      vertex 170.234 79.766 13.4173
    endloop
  endfacet
  facet normal 0.0922389 -0.0341626 0.995151
    outer loop
      vertex 170.327 79.63 13.4019
      vertex 170.183 79.6898 13.4173
      vertex 170.175 79.6682 13.4173
    endloop
  endfacet
  facet normal 0.0837958 -0.0510431 0.995175
    outer loop
      vertex 170.331 79.637 13.4019
      vertex 170.205 79.7304 13.4173
      vertex 170.193 79.7107 13.4173
    endloop
  endfacet
  facet normal 0.166602 -0.101484 0.980788
    outer loop
      vertex 170.193 79.7107 13.4173
      vertex 170.205 79.7304 13.4173
      vertex 170.077 79.816 13.4479
    endloop
  endfacet
  facet normal 0 0 1
    outer loop
      vertex 170.477 79.6153 13.4019
      vertex 170.479 79.6 13.4019
      vertex 170.478 79.6077 13.4019
    endloop
  endfacet
  facet normal 0 0 1
    outer loop
      vertex 170.475 79.6228 13.4019
      vertex 170.479 79.6 13.4019
      vertex 170.477 79.6153 13.4019
    endloop
  endfacet
  facet normal 0 0 1
    outer loop
      vertex 170.473 79.63 13.4019
      vertex 170.479 79.6 13.4019
      vertex 170.475 79.6228 13.4019
    endloop
  endfacet
  facet normal 0 0 1
    outer loop
      vertex 170.469 79.637 13.4019
      vertex 170.479 79.6 13.4019
      vertex 170.473 79.63 13.4019
    endloop
  endfacet
  facet normal 0 0 1
    outer loop
      vertex 170.465 79.6436 13.4019
      vertex 170.479 79.6 13.4019
      vertex 170.469 79.637 13.4019
    endloop
  endfacet
  facet normal 0 0 1
    outer loop
      vertex 170.461 79.6498 13.4019
      vertex 170.479 79.6 13.4019
      vertex 170.465 79.6436 13.4019
    endloop
  endfacet
  facet normal 0 0 1
    outer loop
      vertex 170.456 79.6555 13.4019
      vertex 170.479 79.6 13.4019
      vertex 170.461 79.6498 13.4019
    endloop
  endfacet
  facet normal 0 0 1
    outer loop
      vertex 170.45 79.6607 13.4019
      vertex 170.479 79.6 13.4019
      vertex 170.456 79.6555 13.4019
    endloop
  endfacet
  facet normal 0 0 1
    outer loop
      vertex 170.444 79.6653 13.4019
      vertex 170.479 79.6 13.4019
      vertex 170.45 79.6607 13.4019
    endloop
  endfacet
  facet normal 0 0 1
    outer loop
      vertex 170.437 79.6692 13.4019
      vertex 170.479 79.6 13.4019
      vertex 170.444 79.6653 13.4019
    endloop
  endfacet
  facet normal 0 0 1
    outer loop
      vertex 170.43 79.6725 13.4019
      vertex 170.479 79.6 13.4019
      vertex 170.437 79.6692 13.4019
    endloop
  endfacet
  facet normal 0 0 1
    outer loop
      vertex 170.423 79.6751 13.4019
      vertex 170.479 79.6 13.4019
      vertex 170.43 79.6725 13.4019
    endloop
  endfacet
  facet normal 0 0 1
    outer loop
      vertex 170.415 79.677 13.4019
      vertex 170.479 79.6 13.4019
      vertex 170.423 79.6751 13.4019
    endloop
  endfacet
  facet normal 0 0 1
    outer loop
      vertex 170.408 79.6781 13.4019
      vertex 170.479 79.6 13.4019
      vertex 170.415 79.677 13.4019
    endloop
  endfacet
  facet normal 0 0 1
    outer loop
      vertex 170.4 79.6785 13.4019
      vertex 170.479 79.6 13.4019
      vertex 170.408 79.6781 13.4019
    endloop
  endfacet
  facet normal -0 0 1
    outer loop
      vertex 170.392 79.6781 13.4019
      vertex 170.479 79.6 13.4019
      vertex 170.4 79.6785 13.4019
    endloop
  endfacet
  facet normal -0 0 1
    outer loop
      vertex 170.385 79.677 13.4019
      vertex 170.479 79.6 13.4019
      vertex 170.392 79.6781 13.4019
    endloop
  endfacet
  facet normal -0 0 1
    outer loop
      vertex 170.377 79.6751 13.4019
      vertex 170.479 79.6 13.4019
      vertex 170.385 79.677 13.4019
    endloop
  endfacet
  facet normal -0 0 1
    outer loop
      vertex 170.37 79.6725 13.4019
      vertex 170.479 79.6 13.4019
      vertex 170.377 79.6751 13.4019
    endloop
  endfacet
  facet normal -0 0 1
    outer loop
      vertex 170.363 79.6692 13.4019
      vertex 170.479 79.6 13.4019
      vertex 170.37 79.6725 13.4019
    endloop
  endfacet
  facet normal -0 0 1
    outer loop
      vertex 170.356 79.6653 13.4019
      vertex 170.479 79.6 13.4019
      vertex 170.363 79.6692 13.4019
    endloop
  endfacet
  facet normal -0 0 1
    outer loop
      vertex 170.35 79.6607 13.4019
      vertex 170.479 79.6 13.4019
      vertex 170.356 79.6653 13.4019
    endloop
  endfacet
  facet normal -0 0 1
    outer loop
      vertex 170.344 79.6555 13.4019
      vertex 170.479 79.6 13.4019
      vertex 170.35 79.6607 13.4019
    endloop
  endfacet
  facet normal -0 0 1
    outer loop
      vertex 170.339 79.6498 13.4019
      vertex 170.479 79.6 13.4019
      vertex 170.344 79.6555 13.4019
    endloop
  endfacet
  facet normal -0 0 1
    outer loop
      vertex 170.335 79.6436 13.4019
      vertex 170.479 79.6 13.4019
      vertex 170.339 79.6498 13.4019
    endloop
  endfacet
  facet normal -0 0 1
    outer loop
      vertex 170.331 79.637 13.4019
      vertex 170.479 79.6 13.4019
      vertex 170.335 79.6436 13.4019
    endloop
  endfacet
  facet normal -0 0 1
    outer loop
      vertex 170.327 79.63 13.4019
      vertex 170.479 79.6 13.4019
      vertex 170.331 79.637 13.4019
    endloop
  endfacet
  facet normal -0 0 1
    outer loop
      vertex 170.325 79.6228 13.4019
      vertex 170.479 79.6 13.4019
      vertex 170.327 79.63 13.4019
    endloop
  endfacet
  facet normal -0 0 1
    outer loop
      vertex 170.323 79.6153 13.4019
      vertex 170.479 79.6 13.4019
      vertex 170.325 79.6228 13.4019
    endloop
  endfacet
  facet normal -0 0 1
    outer loop
      vertex 170.322 79.6077 13.4019
      vertex 170.479 79.6 13.4019
      vertex 170.323 79.6153 13.4019
    endloop
  endfacet
  facet normal 0 0 1
    outer loop
      vertex 170.479 79.6 13.4019
      vertex 170.322 79.6077 13.4019
      vertex 170.321 79.6 13.4019
    endloop
  endfacet
  facet normal -0.0475804 -0.189298 0.980766
    outer loop
      vertex 170.513 79.972 13.4479
      vertex 170.476 79.9813 13.4479
      vertex 170.446 79.8303 13.4173
    endloop
  endfacet
  facet normal -0.0277259 -0.193241 0.980759
    outer loop
      vertex 170.446 79.8303 13.4173
      vertex 170.476 79.9813 13.4479
      vertex 170.423 79.8336 13.4173
    endloop
  endfacet
  facet normal -0.349615 -0.316553 0.881795
    outer loop
      vertex 170.929 80.034 13.5536
      vertex 170.982 80.1816 13.6276
      vertex 170.884 80.0837 13.5536
    endloop
  endfacet
  facet normal -0.284215 -0.257338 0.92358
    outer loop
      vertex 170.929 80.034 13.5536
      vertex 170.884 80.0837 13.5536
      vertex 170.817 79.942 13.4935
    endloop
  endfacet
  facet normal 0.0982324 -0.0127575 0.995082
    outer loop
      vertex 170.321 79.6 13.4019
      vertex 170.322 79.6077 13.4019
      vertex 170.165 79.6 13.4173
    endloop
  endfacet
  facet normal 0 0 1
    outer loop
      vertex 172.2 81.6 28
      vertex 0 79.6 28
      vertex 172.2 79.6 28
    endloop
  endfacet
  facet normal 0 0 1
    outer loop
      vertex 0 79.6 28
      vertex -2 81.6 28
      vertex 0 0 28
    endloop
  endfacet
  facet normal -0 0 1
    outer loop
      vertex -2 81.6 28
      vertex 0 79.6 28
      vertex 172.2 81.6 28
    endloop
  endfacet
  facet normal -0 0 1
    outer loop
      vertex 0 0 28
      vertex 172.2 -2 28
      vertex 172.2 0 28
    endloop
  endfacet
  facet normal 0 0 1
    outer loop
      vertex 0 0 28
      vertex -2 -2 28
      vertex 172.2 -2 28
    endloop
  endfacet
  facet normal 0 0 1
    outer loop
      vertex -2 -2 28
      vertex 0 0 28
      vertex -2 81.6 28
    endloop
  endfacet
  facet normal 1 -0 0
    outer loop
      vertex -2 -2 28.01
      vertex -2 81.6 28
      vertex -2 81.6 28.01
    endloop
  endfacet
  facet normal 1 0 0
    outer loop
      vertex -2 81.6 28
      vertex -2 -2 28.01
      vertex -2 -2 28
    endloop
  endfacet
  facet normal 0 -0.705919 -0.708292
    outer loop
      vertex 0 79.6 30.0033
      vertex 172.2 81.6 28.01
      vertex 172.2 79.6 30.0033
    endloop
  endfacet
  facet normal -0 -0.705919 -0.708292
    outer loop
      vertex 172.2 81.6 28.01
      vertex 0 79.6 30.0033
      vertex -2 81.6 28.01
    endloop
  endfacet
  facet normal 0 -1 0
    outer loop
      vertex -2 81.6 28
      vertex 172.2 81.6 28.01
      vertex -2 81.6 28.01
    endloop
  endfacet
  facet normal 0 -1 -0
    outer loop
      vertex 172.2 81.6 28.01
      vertex -2 81.6 28
      vertex 172.2 81.6 28
    endloop
  endfacet
  facet normal 0.705919 0 -0.708292
    outer loop
      vertex -2 -2 28.01
      vertex 0 79.6 30.0033
      vertex 0 0 30.0033
    endloop
  endfacet
  facet normal 0.705919 0 -0.708292
    outer loop
      vertex 0 79.6 30.0033
      vertex -2 -2 28.01
      vertex -2 81.6 28.01
    endloop
  endfacet
  facet normal 0 1 -0
    outer loop
      vertex 172.2 -2 28
      vertex -2 -2 28.01
      vertex 172.2 -2 28.01
    endloop
  endfacet
  facet normal 0 1 0
    outer loop
      vertex -2 -2 28.01
      vertex 172.2 -2 28
      vertex -2 -2 28
    endloop
  endfacet
  facet normal 0 0.705919 -0.708292
    outer loop
      vertex 172.2 -2 28.01
      vertex 0 0 30.0033
      vertex 172.2 0 30.0033
    endloop
  endfacet
  facet normal 0 0.705919 -0.708292
    outer loop
      vertex 0 0 30.0033
      vertex 172.2 -2 28.01
      vertex -2 -2 28.01
    endloop
  endfacet
  facet normal -0.672622 0 -0.739986
    outer loop
      vertex 145.369 -3.59999 12.546
      vertex 145.514 0 12.4142
      vertex 145.514 -3.59999 12.4142
    endloop
  endfacet
  facet normal -0.672622 0 -0.739986
    outer loop
      vertex 145.514 0 12.4142
      vertex 145.369 -3.59999 12.546
      vertex 145.369 0 12.546
    endloop
  endfacet
  facet normal -0.989765 0 -0.142706
    outer loop
      vertex 146.09 -3.59999 11.196
      vertex 146.062 0 11.3902
      vertex 146.09 0 11.196
    endloop
  endfacet
  facet normal -0.989765 -0 -0.142706
    outer loop
      vertex 146.062 0 11.3902
      vertex 146.09 -3.59999 11.196
      vertex 146.062 -3.59999 11.3902
    endloop
  endfacet
  facet normal -0.998701 0 -0.0509541
    outer loop
      vertex 146.1 -3.59999 11
      vertex 146.09 0 11.196
      vertex 146.1 0 11
    endloop
  endfacet
  facet normal -0.998701 -0 -0.0509541
    outer loop
      vertex 146.09 0 11.196
      vertex 146.1 -3.59999 11
      vertex 146.09 -3.59999 11.196
    endloop
  endfacet
  facet normal 0.242297 0 -0.970202
    outer loop
      vertex 143.519 -3.59999 12.9139
      vertex 143.71 0 12.9616
      vertex 143.71 -3.59999 12.9616
    endloop
  endfacet
  facet normal 0.242297 0 -0.970202
    outer loop
      vertex 143.71 0 12.9616
      vertex 143.519 -3.59999 12.9139
      vertex 143.519 0 12.9139
    endloop
  endfacet
  facet normal 0.9038 -0 0.427955
    outer loop
      vertex 142.252 -3.59999 10.2346
      vertex 142.336 0 10.0572
      vertex 142.252 0 10.2346
    endloop
  endfacet
  facet normal 0.9038 0 0.427955
    outer loop
      vertex 142.336 0 10.0572
      vertex 142.252 -3.59999 10.2346
      vertex 142.336 -3.59999 10.0572
    endloop
  endfacet
  facet normal -0.514871 0 -0.857268
    outer loop
      vertex 145.043 -3.59999 12.7638
      vertex 145.211 0 12.6629
      vertex 145.211 -3.59999 12.6629
    endloop
  endfacet
  facet normal -0.514871 0 -0.857268
    outer loop
      vertex 145.211 0 12.6629
      vertex 145.043 -3.59999 12.7638
      vertex 145.043 0 12.7638
    endloop
  endfacet
  facet normal -0.969661 0 -0.244452
    outer loop
      vertex 146.062 -3.59999 11.3902
      vertex 146.014 0 11.5806
      vertex 146.062 0 11.3902
    endloop
  endfacet
  facet normal -0.969661 -0 -0.244452
    outer loop
      vertex 146.014 0 11.5806
      vertex 146.062 -3.59999 11.3902
      vertex 146.014 -3.59999 11.5806
    endloop
  endfacet
  facet normal 0.672622 0 -0.739986
    outer loop
      vertex 142.686 -3.59999 12.4142
      vertex 142.831 0 12.546
      vertex 142.831 -3.59999 12.546
    endloop
  endfacet
  facet normal 0.672622 0 -0.739986
    outer loop
      vertex 142.831 0 12.546
      vertex 142.686 -3.59999 12.4142
      vertex 142.686 0 12.4142
    endloop
  endfacet
  facet normal 0.969661 0 -0.244452
    outer loop
      vertex 142.186 -3.59999 11.5806
      vertex 142.138 0 11.3902
      vertex 142.186 0 11.5806
    endloop
  endfacet
  facet normal 0.969661 0 -0.244452
    outer loop
      vertex 142.138 0 11.3902
      vertex 142.186 -3.59999 11.5806
      vertex 142.138 -3.59999 11.3902
    endloop
  endfacet
  facet normal 0.514871 0 -0.857268
    outer loop
      vertex 142.989 -3.59999 12.6629
      vertex 143.157 0 12.7638
      vertex 143.157 -3.59999 12.7638
    endloop
  endfacet
  facet normal 0.514871 0 -0.857268
    outer loop
      vertex 143.157 0 12.7638
      vertex 142.989 -3.59999 12.6629
      vertex 142.989 0 12.6629
    endloop
  endfacet
  facet normal -0.146844 0 0.98916
    outer loop
      vertex 144.296 0 9.00963
      vertex 144.49 -3.59999 9.03843
      vertex 144.49 0 9.03843
    endloop
  endfacet
  facet normal -0.146844 0 0.98916
    outer loop
      vertex 144.49 -3.59999 9.03843
      vertex 144.296 0 9.00963
      vertex 144.296 -3.59999 9.00963
    endloop
  endfacet
  facet normal 0.941742 -0 0.336336
    outer loop
      vertex 142.186 -3.59999 10.4194
      vertex 142.252 0 10.2346
      vertex 142.186 0 10.4194
    endloop
  endfacet
  facet normal 0.941742 0 0.336336
    outer loop
      vertex 142.252 0 10.2346
      vertex 142.186 -3.59999 10.4194
      vertex 142.252 -3.59999 10.2346
    endloop
  endfacet
  facet normal -0.514871 0 0.857268
    outer loop
      vertex 145.043 0 9.23616
      vertex 145.211 -3.59999 9.33706
      vertex 145.211 0 9.33706
    endloop
  endfacet
  facet normal -0.514871 0 0.857268
    outer loop
      vertex 145.211 -3.59999 9.33706
      vertex 145.043 0 9.23616
      vertex 145.043 -3.59999 9.23616
    endloop
  endfacet
  facet normal -0.0489209 0 -0.998803
    outer loop
      vertex 144.1 -3.59999 13
      vertex 144.296 0 12.9904
      vertex 144.296 -3.59999 12.9904
    endloop
  endfacet
  facet normal -0.0489209 0 -0.998803
    outer loop
      vertex 144.296 0 12.9904
      vertex 144.1 -3.59999 13
      vertex 144.1 0 13
    endloop
  endfacet
  facet normal -0.9038 0 -0.427955
    outer loop
      vertex 145.948 -3.59999 11.7654
      vertex 145.864 0 11.9428
      vertex 145.948 0 11.7654
    endloop
  endfacet
  facet normal -0.9038 -0 -0.427955
    outer loop
      vertex 145.864 0 11.9428
      vertex 145.948 -3.59999 11.7654
      vertex 145.864 -3.59999 11.9428
    endloop
  endfacet
  facet normal 0.9038 0 -0.427955
    outer loop
      vertex 142.336 -3.59999 11.9428
      vertex 142.252 0 11.7654
      vertex 142.336 0 11.9428
    endloop
  endfacet
  facet normal 0.9038 0 -0.427955
    outer loop
      vertex 142.252 0 11.7654
      vertex 142.336 -3.59999 11.9428
      vertex 142.252 -3.59999 11.7654
    endloop
  endfacet
  facet normal 0.803106 0 -0.595836
    outer loop
      vertex 142.554 -3.59999 12.2688
      vertex 142.437 0 12.1111
      vertex 142.554 0 12.2688
    endloop
  endfacet
  facet normal 0.803106 0 -0.595836
    outer loop
      vertex 142.437 0 12.1111
      vertex 142.554 -3.59999 12.2688
      vertex 142.437 -3.59999 12.1111
    endloop
  endfacet
  facet normal -0.803015 0 0.595958
    outer loop
      vertex 145.646 -3.59999 9.73121
      vertex 145.763 0 9.88886
      vertex 145.646 0 9.73121
    endloop
  endfacet
  facet normal -0.803015 0 0.595958
    outer loop
      vertex 145.763 0 9.88886
      vertex 145.646 -3.59999 9.73121
      vertex 145.763 -3.59999 9.88886
    endloop
  endfacet
  facet normal -0.146844 0 -0.98916
    outer loop
      vertex 144.296 -3.59999 12.9904
      vertex 144.49 0 12.9616
      vertex 144.49 -3.59999 12.9616
    endloop
  endfacet
  facet normal -0.146844 0 -0.98916
    outer loop
      vertex 144.49 0 12.9616
      vertex 144.296 -3.59999 12.9904
      vertex 144.296 0 12.9904
    endloop
  endfacet
  facet normal -0.338176 0 0.941083
    outer loop
      vertex 144.681 0 9.08612
      vertex 144.865 -3.59999 9.15224
      vertex 144.865 0 9.15224
    endloop
  endfacet
  facet normal -0.338176 0 0.941083
    outer loop
      vertex 144.865 -3.59999 9.15224
      vertex 144.681 0 9.08612
      vertex 144.681 -3.59999 9.08612
    endloop
  endfacet
  facet normal -0.803106 0 -0.595836
    outer loop
      vertex 145.763 -3.59999 12.1111
      vertex 145.646 0 12.2688
      vertex 145.763 0 12.1111
    endloop
  endfacet
  facet normal -0.803106 -0 -0.595836
    outer loop
      vertex 145.646 0 12.2688
      vertex 145.763 -3.59999 12.1111
      vertex 145.646 -3.59999 12.2688
    endloop
  endfacet
  facet normal 0.989765 0 -0.142706
    outer loop
      vertex 142.138 -3.59999 11.3902
      vertex 142.11 0 11.196
      vertex 142.138 0 11.3902
    endloop
  endfacet
  facet normal 0.989765 0 -0.142706
    outer loop
      vertex 142.11 0 11.196
      vertex 142.138 -3.59999 11.3902
      vertex 142.11 -3.59999 11.196
    endloop
  endfacet
  facet normal 0.857502 -0 0.514481
    outer loop
      vertex 142.336 -3.59999 10.0572
      vertex 142.437 0 9.88886
      vertex 142.336 0 10.0572
    endloop
  endfacet
  facet normal 0.857502 0 0.514481
    outer loop
      vertex 142.437 0 9.88886
      vertex 142.336 -3.59999 10.0572
      vertex 142.437 -3.59999 9.88886
    endloop
  endfacet
  facet normal -0.857502 0 0.514481
    outer loop
      vertex 145.763 -3.59999 9.88886
      vertex 145.864 0 10.0572
      vertex 145.763 0 9.88886
    endloop
  endfacet
  facet normal -0.857502 0 0.514481
    outer loop
      vertex 145.864 0 10.0572
      vertex 145.763 -3.59999 9.88886
      vertex 145.864 -3.59999 10.0572
    endloop
  endfacet
  facet normal 0.989765 -0 0.142706
    outer loop
      vertex 142.11 -3.59999 10.804
      vertex 142.138 0 10.6098
      vertex 142.11 0 10.804
    endloop
  endfacet
  facet normal 0.989765 0 0.142706
    outer loop
      vertex 142.138 0 10.6098
      vertex 142.11 -3.59999 10.804
      vertex 142.138 -3.59999 10.6098
    endloop
  endfacet
  facet normal 0.426775 0 -0.904358
    outer loop
      vertex 143.157 -3.59999 12.7638
      vertex 143.335 0 12.8478
      vertex 143.335 -3.59999 12.8478
    endloop
  endfacet
  facet normal 0.426775 0 -0.904358
    outer loop
      vertex 143.335 0 12.8478
      vertex 143.157 -3.59999 12.7638
      vertex 143.157 0 12.7638
    endloop
  endfacet
  facet normal 0.857448 0 -0.514571
    outer loop
      vertex 142.437 -3.59999 12.1111
      vertex 142.336 0 11.9428
      vertex 142.437 0 12.1111
    endloop
  endfacet
  facet normal 0.857448 0 -0.514571
    outer loop
      vertex 142.336 0 11.9428
      vertex 142.437 -3.59999 12.1111
      vertex 142.336 -3.59999 11.9428
    endloop
  endfacet
  facet normal -0.998701 0 0.0509541
    outer loop
      vertex 146.09 -3.59999 10.804
      vertex 146.1 0 11
      vertex 146.09 0 10.804
    endloop
  endfacet
  facet normal -0.998701 0 0.0509541
    outer loop
      vertex 146.1 0 11
      vertex 146.09 -3.59999 10.804
      vertex 146.1 -3.59999 11
    endloop
  endfacet
  facet normal -0.941742 0 0.336336
    outer loop
      vertex 145.948 -3.59999 10.2346
      vertex 146.014 0 10.4194
      vertex 145.948 0 10.2346
    endloop
  endfacet
  facet normal -0.941742 0 0.336336
    outer loop
      vertex 146.014 0 10.4194
      vertex 145.948 -3.59999 10.2346
      vertex 146.014 -3.59999 10.4194
    endloop
  endfacet
  facet normal -0.242249 0 0.970214
    outer loop
      vertex 144.49 0 9.03843
      vertex 144.681 -3.59999 9.08612
      vertex 144.681 0 9.08612
    endloop
  endfacet
  facet normal -0.242249 0 0.970214
    outer loop
      vertex 144.681 -3.59999 9.08612
      vertex 144.49 0 9.03843
      vertex 144.49 -3.59999 9.03843
    endloop
  endfacet
  facet normal -0.857448 0 -0.514571
    outer loop
      vertex 145.864 -3.59999 11.9428
      vertex 145.763 0 12.1111
      vertex 145.864 0 11.9428
    endloop
  endfacet
  facet normal -0.857448 -0 -0.514571
    outer loop
      vertex 145.763 0 12.1111
      vertex 145.864 -3.59999 11.9428
      vertex 145.763 -3.59999 12.1111
    endloop
  endfacet
  facet normal -0.941742 0 -0.336336
    outer loop
      vertex 146.014 -3.59999 11.5806
      vertex 145.948 0 11.7654
      vertex 146.014 0 11.5806
    endloop
  endfacet
  facet normal -0.941742 -0 -0.336336
    outer loop
      vertex 145.948 0 11.7654
      vertex 146.014 -3.59999 11.5806
      vertex 145.948 -3.59999 11.7654
    endloop
  endfacet
  facet normal -0.989765 0 0.142706
    outer loop
      vertex 146.062 -3.59999 10.6098
      vertex 146.09 0 10.804
      vertex 146.062 0 10.6098
    endloop
  endfacet
  facet normal -0.989765 0 0.142706
    outer loop
      vertex 146.09 0 10.804
      vertex 146.062 -3.59999 10.6098
      vertex 146.09 -3.59999 10.804
    endloop
  endfacet
  facet normal 0.594843 0 0.803842
    outer loop
      vertex 142.831 0 9.45398
      vertex 142.989 -3.59999 9.33706
      vertex 142.989 0 9.33706
    endloop
  endfacet
  facet normal 0.594843 0 0.803842
    outer loop
      vertex 142.989 -3.59999 9.33706
      vertex 142.831 0 9.45398
      vertex 142.831 -3.59999 9.45398
    endloop
  endfacet
  facet normal -0.969661 0 0.244452
    outer loop
      vertex 146.014 -3.59999 10.4194
      vertex 146.062 0 10.6098
      vertex 146.014 0 10.4194
    endloop
  endfacet
  facet normal -0.969661 0 0.244452
    outer loop
      vertex 146.062 0 10.6098
      vertex 146.014 -3.59999 10.4194
      vertex 146.062 -3.59999 10.6098
    endloop
  endfacet
  facet normal 0.338176 0 0.941083
    outer loop
      vertex 143.335 0 9.15224
      vertex 143.519 -3.59999 9.08612
      vertex 143.519 0 9.08612
    endloop
  endfacet
  facet normal 0.338176 0 0.941083
    outer loop
      vertex 143.519 -3.59999 9.08612
      vertex 143.335 0 9.15224
      vertex 143.335 -3.59999 9.15224
    endloop
  endfacet
  facet normal -0.338085 0 -0.941115
    outer loop
      vertex 144.681 -3.59999 12.9139
      vertex 144.865 0 12.8478
      vertex 144.865 -3.59999 12.8478
    endloop
  endfacet
  facet normal -0.338085 0 -0.941115
    outer loop
      vertex 144.865 0 12.8478
      vertex 144.681 -3.59999 12.9139
      vertex 144.681 0 12.9139
    endloop
  endfacet
  facet normal -0.594777 0 -0.803891
    outer loop
      vertex 145.211 -3.59999 12.6629
      vertex 145.369 0 12.546
      vertex 145.369 -3.59999 12.546
    endloop
  endfacet
  facet normal -0.594777 0 -0.803891
    outer loop
      vertex 145.369 0 12.546
      vertex 145.211 -3.59999 12.6629
      vertex 145.211 0 12.6629
    endloop
  endfacet
  facet normal 0.514871 0 0.857268
    outer loop
      vertex 142.989 0 9.33706
      vertex 143.157 -3.59999 9.23616
      vertex 143.157 0 9.23616
    endloop
  endfacet
  facet normal 0.514871 0 0.857268
    outer loop
      vertex 143.157 -3.59999 9.23616
      vertex 142.989 0 9.33706
      vertex 142.989 -3.59999 9.33706
    endloop
  endfacet
  facet normal -0.426775 0 -0.904358
    outer loop
      vertex 144.865 -3.59999 12.8478
      vertex 145.043 0 12.7638
      vertex 145.043 -3.59999 12.7638
    endloop
  endfacet
  facet normal -0.426775 0 -0.904358
    outer loop
      vertex 145.043 0 12.7638
      vertex 144.865 -3.59999 12.8478
      vertex 144.865 0 12.8478
    endloop
  endfacet
  facet normal 0.594777 0 -0.803891
    outer loop
      vertex 142.831 -3.59999 12.546
      vertex 142.989 0 12.6629
      vertex 142.989 -3.59999 12.6629
    endloop
  endfacet
  facet normal 0.594777 0 -0.803891
    outer loop
      vertex 142.989 0 12.6629
      vertex 142.831 -3.59999 12.546
      vertex 142.831 0 12.546
    endloop
  endfacet
  facet normal 0.998701 -0 0.0509541
    outer loop
      vertex 142.1 -3.59999 11
      vertex 142.11 0 10.804
      vertex 142.1 0 11
    endloop
  endfacet
  facet normal 0.998701 0 0.0509541
    outer loop
      vertex 142.11 0 10.804
      vertex 142.1 -3.59999 11
      vertex 142.11 -3.59999 10.804
    endloop
  endfacet
  facet normal 0.803015 -0 0.595958
    outer loop
      vertex 142.437 -3.59999 9.88886
      vertex 142.554 0 9.73121
      vertex 142.437 0 9.88886
    endloop
  endfacet
  facet normal 0.803015 0 0.595958
    outer loop
      vertex 142.554 0 9.73121
      vertex 142.437 -3.59999 9.88886
      vertex 142.554 -3.59999 9.73121
    endloop
  endfacet
  facet normal 0.0490735 0 0.998795
    outer loop
      vertex 143.904 0 9.00963
      vertex 144.1 -3.59999 9
      vertex 144.1 0 9
    endloop
  endfacet
  facet normal 0.0490735 0 0.998795
    outer loop
      vertex 144.1 -3.59999 9
      vertex 143.904 0 9.00963
      vertex 143.904 -3.59999 9.00963
    endloop
  endfacet
  facet normal 0.740401 0 -0.672166
    outer loop
      vertex 142.686 -3.59999 12.4142
      vertex 142.554 0 12.2688
      vertex 142.686 0 12.4142
    endloop
  endfacet
  facet normal 0.740401 0 -0.672166
    outer loop
      vertex 142.554 0 12.2688
      vertex 142.686 -3.59999 12.4142
      vertex 142.554 -3.59999 12.2688
    endloop
  endfacet
  facet normal -0.0490735 0 0.998795
    outer loop
      vertex 144.1 0 9
      vertex 144.296 -3.59999 9.00963
      vertex 144.296 0 9.00963
    endloop
  endfacet
  facet normal -0.0490735 0 0.998795
    outer loop
      vertex 144.296 -3.59999 9.00963
      vertex 144.1 0 9
      vertex 144.1 -3.59999 9
    endloop
  endfacet
  facet normal 0.146844 0 -0.98916
    outer loop
      vertex 143.71 -3.59999 12.9616
      vertex 143.904 0 12.9904
      vertex 143.904 -3.59999 12.9904
    endloop
  endfacet
  facet normal 0.146844 0 -0.98916
    outer loop
      vertex 143.904 0 12.9904
      vertex 143.71 -3.59999 12.9616
      vertex 143.71 0 12.9616
    endloop
  endfacet
  facet normal 0.338085 0 -0.941115
    outer loop
      vertex 143.335 -3.59999 12.8478
      vertex 143.519 0 12.9139
      vertex 143.519 -3.59999 12.9139
    endloop
  endfacet
  facet normal 0.338085 0 -0.941115
    outer loop
      vertex 143.519 0 12.9139
      vertex 143.335 -3.59999 12.8478
      vertex 143.335 0 12.8478
    endloop
  endfacet
  facet normal 0.242249 0 0.970214
    outer loop
      vertex 143.519 0 9.08612
      vertex 143.71 -3.59999 9.03843
      vertex 143.71 0 9.03843
    endloop
  endfacet
  facet normal 0.242249 0 0.970214
    outer loop
      vertex 143.71 -3.59999 9.03843
      vertex 143.519 0 9.08612
      vertex 143.519 -3.59999 9.08612
    endloop
  endfacet
  facet normal -0.67265 0 0.739961
    outer loop
      vertex 145.369 0 9.45398
      vertex 145.514 -3.59999 9.58579
      vertex 145.514 0 9.58579
    endloop
  endfacet
  facet normal -0.67265 0 0.739961
    outer loop
      vertex 145.514 -3.59999 9.58579
      vertex 145.369 0 9.45398
      vertex 145.369 -3.59999 9.45398
    endloop
  endfacet
  facet normal 0.740447 -0 0.672115
    outer loop
      vertex 142.554 -3.59999 9.73121
      vertex 142.686 0 9.58579
      vertex 142.554 0 9.73121
    endloop
  endfacet
  facet normal 0.740447 0 0.672115
    outer loop
      vertex 142.686 0 9.58579
      vertex 142.554 -3.59999 9.73121
      vertex 142.686 -3.59999 9.58579
    endloop
  endfacet
  facet normal 0.67265 0 0.739961
    outer loop
      vertex 142.686 0 9.58579
      vertex 142.831 -3.59999 9.45398
      vertex 142.831 0 9.45398
    endloop
  endfacet
  facet normal 0.67265 0 0.739961
    outer loop
      vertex 142.831 -3.59999 9.45398
      vertex 142.686 0 9.58579
      vertex 142.686 -3.59999 9.58579
    endloop
  endfacet
  facet normal 0.969661 -0 0.244452
    outer loop
      vertex 142.138 -3.59999 10.6098
      vertex 142.186 0 10.4194
      vertex 142.138 0 10.6098
    endloop
  endfacet
  facet normal 0.969661 0 0.244452
    outer loop
      vertex 142.186 0 10.4194
      vertex 142.138 -3.59999 10.6098
      vertex 142.186 -3.59999 10.4194
    endloop
  endfacet
  facet normal 0.426443 0 0.904514
    outer loop
      vertex 143.157 0 9.23616
      vertex 143.335 -3.59999 9.15224
      vertex 143.335 0 9.15224
    endloop
  endfacet
  facet normal 0.426443 0 0.904514
    outer loop
      vertex 143.335 -3.59999 9.15224
      vertex 143.157 0 9.23616
      vertex 143.157 -3.59999 9.23616
    endloop
  endfacet
  facet normal -0.426443 0 0.904514
    outer loop
      vertex 144.865 0 9.15224
      vertex 145.043 -3.59999 9.23616
      vertex 145.043 0 9.23616
    endloop
  endfacet
  facet normal -0.426443 0 0.904514
    outer loop
      vertex 145.043 -3.59999 9.23616
      vertex 144.865 0 9.15224
      vertex 144.865 -3.59999 9.15224
    endloop
  endfacet
  facet normal 0.0489209 0 -0.998803
    outer loop
      vertex 143.904 -3.59999 12.9904
      vertex 144.1 0 13
      vertex 144.1 -3.59999 13
    endloop
  endfacet
  facet normal 0.0489209 0 -0.998803
    outer loop
      vertex 144.1 0 13
      vertex 143.904 -3.59999 12.9904
      vertex 143.904 0 12.9904
    endloop
  endfacet
  facet normal -0.9038 0 0.427955
    outer loop
      vertex 145.864 -3.59999 10.0572
      vertex 145.948 0 10.2346
      vertex 145.864 0 10.0572
    endloop
  endfacet
  facet normal -0.9038 0 0.427955
    outer loop
      vertex 145.948 0 10.2346
      vertex 145.864 -3.59999 10.0572
      vertex 145.948 -3.59999 10.2346
    endloop
  endfacet
  facet normal -0.740401 0 -0.672166
    outer loop
      vertex 145.646 -3.59999 12.2688
      vertex 145.514 0 12.4142
      vertex 145.646 0 12.2688
    endloop
  endfacet
  facet normal -0.740401 -0 -0.672166
    outer loop
      vertex 145.514 0 12.4142
      vertex 145.646 -3.59999 12.2688
      vertex 145.514 -3.59999 12.4142
    endloop
  endfacet
  facet normal -0.242297 0 -0.970202
    outer loop
      vertex 144.49 -3.59999 12.9616
      vertex 144.681 0 12.9139
      vertex 144.681 -3.59999 12.9139
    endloop
  endfacet
  facet normal -0.242297 0 -0.970202
    outer loop
      vertex 144.681 0 12.9139
      vertex 144.49 -3.59999 12.9616
      vertex 144.49 0 12.9616
    endloop
  endfacet
  facet normal -0.594843 0 0.803842
    outer loop
      vertex 145.211 0 9.33706
      vertex 145.369 -3.59999 9.45398
      vertex 145.369 0 9.45398
    endloop
  endfacet
  facet normal -0.594843 0 0.803842
    outer loop
      vertex 145.369 -3.59999 9.45398
      vertex 145.211 0 9.33706
      vertex 145.211 -3.59999 9.33706
    endloop
  endfacet
  facet normal 0.941742 0 -0.336336
    outer loop
      vertex 142.252 -3.59999 11.7654
      vertex 142.186 0 11.5806
      vertex 142.252 0 11.7654
    endloop
  endfacet
  facet normal 0.941742 0 -0.336336
    outer loop
      vertex 142.186 0 11.5806
      vertex 142.252 -3.59999 11.7654
      vertex 142.186 -3.59999 11.5806
    endloop
  endfacet
  facet normal 0.146844 0 0.98916
    outer loop
      vertex 143.71 0 9.03843
      vertex 143.904 -3.59999 9.00963
      vertex 143.904 0 9.00963
    endloop
  endfacet
  facet normal 0.146844 0 0.98916
    outer loop
      vertex 143.904 -3.59999 9.00963
      vertex 143.71 0 9.03843
      vertex 143.71 -3.59999 9.03843
    endloop
  endfacet
  facet normal 0.998701 0 -0.0509541
    outer loop
      vertex 142.11 -3.59999 11.196
      vertex 142.1 0 11
      vertex 142.11 0 11.196
    endloop
  endfacet
  facet normal 0.998701 0 -0.0509541
    outer loop
      vertex 142.1 0 11
      vertex 142.11 -3.59999 11.196
      vertex 142.1 -3.59999 11
    endloop
  endfacet
  facet normal -0.740447 0 0.672115
    outer loop
      vertex 145.514 -3.59999 9.58579
      vertex 145.646 0 9.73121
      vertex 145.514 0 9.58579
    endloop
  endfacet
  facet normal -0.740447 0 0.672115
    outer loop
      vertex 145.646 0 9.73121
      vertex 145.514 -3.59999 9.58579
      vertex 145.646 -3.59999 9.73121
    endloop
  endfacet
  facet normal -0.672622 0 -0.739986
    outer loop
      vertex 155.369 -3.59999 12.546
      vertex 155.514 0 12.4142
      vertex 155.514 -3.59999 12.4142
    endloop
  endfacet
  facet normal -0.672622 0 -0.739986
    outer loop
      vertex 155.514 0 12.4142
      vertex 155.369 -3.59999 12.546
      vertex 155.369 0 12.546
    endloop
  endfacet
  facet normal -0.989765 0 -0.142706
    outer loop
      vertex 156.09 -3.59999 11.196
      vertex 156.062 0 11.3902
      vertex 156.09 0 11.196
    endloop
  endfacet
  facet normal -0.989765 -0 -0.142706
    outer loop
      vertex 156.062 0 11.3902
      vertex 156.09 -3.59999 11.196
      vertex 156.062 -3.59999 11.3902
    endloop
  endfacet
  facet normal -0.998701 0 -0.0509541
    outer loop
      vertex 156.1 -3.59999 11
      vertex 156.09 0 11.196
      vertex 156.1 0 11
    endloop
  endfacet
  facet normal -0.998701 -0 -0.0509541
    outer loop
      vertex 156.09 0 11.196
      vertex 156.1 -3.59999 11
      vertex 156.09 -3.59999 11.196
    endloop
  endfacet
  facet normal 0.242297 0 -0.970202
    outer loop
      vertex 153.519 -3.59999 12.9139
      vertex 153.71 0 12.9616
      vertex 153.71 -3.59999 12.9616
    endloop
  endfacet
  facet normal 0.242297 0 -0.970202
    outer loop
      vertex 153.71 0 12.9616
      vertex 153.519 -3.59999 12.9139
      vertex 153.519 0 12.9139
    endloop
  endfacet
  facet normal 0.9038 -0 0.427955
    outer loop
      vertex 152.252 -3.59999 10.2346
      vertex 152.336 0 10.0572
      vertex 152.252 0 10.2346
    endloop
  endfacet
  facet normal 0.9038 0 0.427955
    outer loop
      vertex 152.336 0 10.0572
      vertex 152.252 -3.59999 10.2346
      vertex 152.336 -3.59999 10.0572
    endloop
  endfacet
  facet normal -0.514871 0 -0.857268
    outer loop
      vertex 155.043 -3.59999 12.7638
      vertex 155.211 0 12.6629
      vertex 155.211 -3.59999 12.6629
    endloop
  endfacet
  facet normal -0.514871 0 -0.857268
    outer loop
      vertex 155.211 0 12.6629
      vertex 155.043 -3.59999 12.7638
      vertex 155.043 0 12.7638
    endloop
  endfacet
  facet normal -0.969661 0 -0.244452
    outer loop
      vertex 156.062 -3.59999 11.3902
      vertex 156.014 0 11.5806
      vertex 156.062 0 11.3902
    endloop
  endfacet
  facet normal -0.969661 -0 -0.244452
    outer loop
      vertex 156.014 0 11.5806
      vertex 156.062 -3.59999 11.3902
      vertex 156.014 -3.59999 11.5806
    endloop
  endfacet
  facet normal 0.672622 0 -0.739986
    outer loop
      vertex 152.686 -3.59999 12.4142
      vertex 152.831 0 12.546
      vertex 152.831 -3.59999 12.546
    endloop
  endfacet
  facet normal 0.672622 0 -0.739986
    outer loop
      vertex 152.831 0 12.546
      vertex 152.686 -3.59999 12.4142
      vertex 152.686 0 12.4142
    endloop
  endfacet
  facet normal 0.969661 0 -0.244452
    outer loop
      vertex 152.186 -3.59999 11.5806
      vertex 152.138 0 11.3902
      vertex 152.186 0 11.5806
    endloop
  endfacet
  facet normal 0.969661 0 -0.244452
    outer loop
      vertex 152.138 0 11.3902
      vertex 152.186 -3.59999 11.5806
      vertex 152.138 -3.59999 11.3902
    endloop
  endfacet
  facet normal 0.514871 0 -0.857268
    outer loop
      vertex 152.989 -3.59999 12.6629
      vertex 153.157 0 12.7638
      vertex 153.157 -3.59999 12.7638
    endloop
  endfacet
  facet normal 0.514871 0 -0.857268
    outer loop
      vertex 153.157 0 12.7638
      vertex 152.989 -3.59999 12.6629
      vertex 152.989 0 12.6629
    endloop
  endfacet
  facet normal -0.146844 0 0.98916
    outer loop
      vertex 154.296 0 9.00963
      vertex 154.49 -3.59999 9.03843
      vertex 154.49 0 9.03843
    endloop
  endfacet
  facet normal -0.146844 0 0.98916
    outer loop
      vertex 154.49 -3.59999 9.03843
      vertex 154.296 0 9.00963
      vertex 154.296 -3.59999 9.00963
    endloop
  endfacet
  facet normal 0.941742 -0 0.336336
    outer loop
      vertex 152.186 -3.59999 10.4194
      vertex 152.252 0 10.2346
      vertex 152.186 0 10.4194
    endloop
  endfacet
  facet normal 0.941742 0 0.336336
    outer loop
      vertex 152.252 0 10.2346
      vertex 152.186 -3.59999 10.4194
      vertex 152.252 -3.59999 10.2346
    endloop
  endfacet
  facet normal -0.514871 0 0.857268
    outer loop
      vertex 155.043 0 9.23616
      vertex 155.211 -3.59999 9.33706
      vertex 155.211 0 9.33706
    endloop
  endfacet
  facet normal -0.514871 0 0.857268
    outer loop
      vertex 155.211 -3.59999 9.33706
      vertex 155.043 0 9.23616
      vertex 155.043 -3.59999 9.23616
    endloop
  endfacet
  facet normal -0.0489209 0 -0.998803
    outer loop
      vertex 154.1 -3.59999 13
      vertex 154.296 0 12.9904
      vertex 154.296 -3.59999 12.9904
    endloop
  endfacet
  facet normal -0.0489209 0 -0.998803
    outer loop
      vertex 154.296 0 12.9904
      vertex 154.1 -3.59999 13
      vertex 154.1 0 13
    endloop
  endfacet
  facet normal -0.9038 0 -0.427955
    outer loop
      vertex 155.948 -3.59999 11.7654
      vertex 155.864 0 11.9428
      vertex 155.948 0 11.7654
    endloop
  endfacet
  facet normal -0.9038 -0 -0.427955
    outer loop
      vertex 155.864 0 11.9428
      vertex 155.948 -3.59999 11.7654
      vertex 155.864 -3.59999 11.9428
    endloop
  endfacet
  facet normal 0.9038 0 -0.427955
    outer loop
      vertex 152.336 -3.59999 11.9428
      vertex 152.252 0 11.7654
      vertex 152.336 0 11.9428
    endloop
  endfacet
  facet normal 0.9038 0 -0.427955
    outer loop
      vertex 152.252 0 11.7654
      vertex 152.336 -3.59999 11.9428
      vertex 152.252 -3.59999 11.7654
    endloop
  endfacet
  facet normal 0.803106 0 -0.595836
    outer loop
      vertex 152.554 -3.59999 12.2688
      vertex 152.437 0 12.1111
      vertex 152.554 0 12.2688
    endloop
  endfacet
  facet normal 0.803106 0 -0.595836
    outer loop
      vertex 152.437 0 12.1111
      vertex 152.554 -3.59999 12.2688
      vertex 152.437 -3.59999 12.1111
    endloop
  endfacet
  facet normal -0.803015 0 0.595958
    outer loop
      vertex 155.646 -3.59999 9.73121
      vertex 155.763 0 9.88886
      vertex 155.646 0 9.73121
    endloop
  endfacet
  facet normal -0.803015 0 0.595958
    outer loop
      vertex 155.763 0 9.88886
      vertex 155.646 -3.59999 9.73121
      vertex 155.763 -3.59999 9.88886
    endloop
  endfacet
  facet normal -0.146844 0 -0.98916
    outer loop
      vertex 154.296 -3.59999 12.9904
      vertex 154.49 0 12.9616
      vertex 154.49 -3.59999 12.9616
    endloop
  endfacet
  facet normal -0.146844 0 -0.98916
    outer loop
      vertex 154.49 0 12.9616
      vertex 154.296 -3.59999 12.9904
      vertex 154.296 0 12.9904
    endloop
  endfacet
  facet normal -0.338176 0 0.941083
    outer loop
      vertex 154.681 0 9.08612
      vertex 154.865 -3.59999 9.15224
      vertex 154.865 0 9.15224
    endloop
  endfacet
  facet normal -0.338176 0 0.941083
    outer loop
      vertex 154.865 -3.59999 9.15224
      vertex 154.681 0 9.08612
      vertex 154.681 -3.59999 9.08612
    endloop
  endfacet
  facet normal -0.803106 0 -0.595836
    outer loop
      vertex 155.763 -3.59999 12.1111
      vertex 155.646 0 12.2688
      vertex 155.763 0 12.1111
    endloop
  endfacet
  facet normal -0.803106 -0 -0.595836
    outer loop
      vertex 155.646 0 12.2688
      vertex 155.763 -3.59999 12.1111
      vertex 155.646 -3.59999 12.2688
    endloop
  endfacet
  facet normal 0.989765 0 -0.142706
    outer loop
      vertex 152.138 -3.59999 11.3902
      vertex 152.11 0 11.196
      vertex 152.138 0 11.3902
    endloop
  endfacet
  facet normal 0.989765 0 -0.142706
    outer loop
      vertex 152.11 0 11.196
      vertex 152.138 -3.59999 11.3902
      vertex 152.11 -3.59999 11.196
    endloop
  endfacet
  facet normal 0.857502 -0 0.514481
    outer loop
      vertex 152.336 -3.59999 10.0572
      vertex 152.437 0 9.88886
      vertex 152.336 0 10.0572
    endloop
  endfacet
  facet normal 0.857502 0 0.514481
    outer loop
      vertex 152.437 0 9.88886
      vertex 152.336 -3.59999 10.0572
      vertex 152.437 -3.59999 9.88886
    endloop
  endfacet
  facet normal -0.857502 0 0.514481
    outer loop
      vertex 155.763 -3.59999 9.88886
      vertex 155.864 0 10.0572
      vertex 155.763 0 9.88886
    endloop
  endfacet
  facet normal -0.857502 0 0.514481
    outer loop
      vertex 155.864 0 10.0572
      vertex 155.763 -3.59999 9.88886
      vertex 155.864 -3.59999 10.0572
    endloop
  endfacet
  facet normal 0.989765 -0 0.142706
    outer loop
      vertex 152.11 -3.59999 10.804
      vertex 152.138 0 10.6098
      vertex 152.11 0 10.804
    endloop
  endfacet
  facet normal 0.989765 0 0.142706
    outer loop
      vertex 152.138 0 10.6098
      vertex 152.11 -3.59999 10.804
      vertex 152.138 -3.59999 10.6098
    endloop
  endfacet
  facet normal 0.426775 0 -0.904358
    outer loop
      vertex 153.157 -3.59999 12.7638
      vertex 153.335 0 12.8478
      vertex 153.335 -3.59999 12.8478
    endloop
  endfacet
  facet normal 0.426775 0 -0.904358
    outer loop
      vertex 153.335 0 12.8478
      vertex 153.157 -3.59999 12.7638
      vertex 153.157 0 12.7638
    endloop
  endfacet
  facet normal 0.857448 0 -0.514571
    outer loop
      vertex 152.437 -3.59999 12.1111
      vertex 152.336 0 11.9428
      vertex 152.437 0 12.1111
    endloop
  endfacet
  facet normal 0.857448 0 -0.514571
    outer loop
      vertex 152.336 0 11.9428
      vertex 152.437 -3.59999 12.1111
      vertex 152.336 -3.59999 11.9428
    endloop
  endfacet
  facet normal -0.998701 0 0.0509541
    outer loop
      vertex 156.09 -3.59999 10.804
      vertex 156.1 0 11
      vertex 156.09 0 10.804
    endloop
  endfacet
  facet normal -0.998701 0 0.0509541
    outer loop
      vertex 156.1 0 11
      vertex 156.09 -3.59999 10.804
      vertex 156.1 -3.59999 11
    endloop
  endfacet
  facet normal -0.941742 0 0.336336
    outer loop
      vertex 155.948 -3.59999 10.2346
      vertex 156.014 0 10.4194
      vertex 155.948 0 10.2346
    endloop
  endfacet
  facet normal -0.941742 0 0.336336
    outer loop
      vertex 156.014 0 10.4194
      vertex 155.948 -3.59999 10.2346
      vertex 156.014 -3.59999 10.4194
    endloop
  endfacet
  facet normal -0.242249 0 0.970214
    outer loop
      vertex 154.49 0 9.03843
      vertex 154.681 -3.59999 9.08612
      vertex 154.681 0 9.08612
    endloop
  endfacet
  facet normal -0.242249 0 0.970214
    outer loop
      vertex 154.681 -3.59999 9.08612
      vertex 154.49 0 9.03843
      vertex 154.49 -3.59999 9.03843
    endloop
  endfacet
  facet normal -0.857448 0 -0.514571
    outer loop
      vertex 155.864 -3.59999 11.9428
      vertex 155.763 0 12.1111
      vertex 155.864 0 11.9428
    endloop
  endfacet
  facet normal -0.857448 -0 -0.514571
    outer loop
      vertex 155.763 0 12.1111
      vertex 155.864 -3.59999 11.9428
      vertex 155.763 -3.59999 12.1111
    endloop
  endfacet
  facet normal -0.941742 0 -0.336336
    outer loop
      vertex 156.014 -3.59999 11.5806
      vertex 155.948 0 11.7654
      vertex 156.014 0 11.5806
    endloop
  endfacet
  facet normal -0.941742 -0 -0.336336
    outer loop
      vertex 155.948 0 11.7654
      vertex 156.014 -3.59999 11.5806
      vertex 155.948 -3.59999 11.7654
    endloop
  endfacet
  facet normal -0.989765 0 0.142706
    outer loop
      vertex 156.062 -3.59999 10.6098
      vertex 156.09 0 10.804
      vertex 156.062 0 10.6098
    endloop
  endfacet
  facet normal -0.989765 0 0.142706
    outer loop
      vertex 156.09 0 10.804
      vertex 156.062 -3.59999 10.6098
      vertex 156.09 -3.59999 10.804
    endloop
  endfacet
  facet normal 0.594843 0 0.803842
    outer loop
      vertex 152.831 0 9.45398
      vertex 152.989 -3.59999 9.33706
      vertex 152.989 0 9.33706
    endloop
  endfacet
  facet normal 0.594843 0 0.803842
    outer loop
      vertex 152.989 -3.59999 9.33706
      vertex 152.831 0 9.45398
      vertex 152.831 -3.59999 9.45398
    endloop
  endfacet
  facet normal -0.969661 0 0.244452
    outer loop
      vertex 156.014 -3.59999 10.4194
      vertex 156.062 0 10.6098
      vertex 156.014 0 10.4194
    endloop
  endfacet
  facet normal -0.969661 0 0.244452
    outer loop
      vertex 156.062 0 10.6098
      vertex 156.014 -3.59999 10.4194
      vertex 156.062 -3.59999 10.6098
    endloop
  endfacet
  facet normal 0.338176 0 0.941083
    outer loop
      vertex 153.335 0 9.15224
      vertex 153.519 -3.59999 9.08612
      vertex 153.519 0 9.08612
    endloop
  endfacet
  facet normal 0.338176 0 0.941083
    outer loop
      vertex 153.519 -3.59999 9.08612
      vertex 153.335 0 9.15224
      vertex 153.335 -3.59999 9.15224
    endloop
  endfacet
  facet normal -0.338085 0 -0.941115
    outer loop
      vertex 154.681 -3.59999 12.9139
      vertex 154.865 0 12.8478
      vertex 154.865 -3.59999 12.8478
    endloop
  endfacet
  facet normal -0.338085 0 -0.941115
    outer loop
      vertex 154.865 0 12.8478
      vertex 154.681 -3.59999 12.9139
      vertex 154.681 0 12.9139
    endloop
  endfacet
  facet normal -0.594777 0 -0.803891
    outer loop
      vertex 155.211 -3.59999 12.6629
      vertex 155.369 0 12.546
      vertex 155.369 -3.59999 12.546
    endloop
  endfacet
  facet normal -0.594777 0 -0.803891
    outer loop
      vertex 155.369 0 12.546
      vertex 155.211 -3.59999 12.6629
      vertex 155.211 0 12.6629
    endloop
  endfacet
  facet normal 0.514871 0 0.857268
    outer loop
      vertex 152.989 0 9.33706
      vertex 153.157 -3.59999 9.23616
      vertex 153.157 0 9.23616
    endloop
  endfacet
  facet normal 0.514871 0 0.857268
    outer loop
      vertex 153.157 -3.59999 9.23616
      vertex 152.989 0 9.33706
      vertex 152.989 -3.59999 9.33706
    endloop
  endfacet
  facet normal -0.426775 0 -0.904358
    outer loop
      vertex 154.865 -3.59999 12.8478
      vertex 155.043 0 12.7638
      vertex 155.043 -3.59999 12.7638
    endloop
  endfacet
  facet normal -0.426775 0 -0.904358
    outer loop
      vertex 155.043 0 12.7638
      vertex 154.865 -3.59999 12.8478
      vertex 154.865 0 12.8478
    endloop
  endfacet
  facet normal 0.594777 0 -0.803891
    outer loop
      vertex 152.831 -3.59999 12.546
      vertex 152.989 0 12.6629
      vertex 152.989 -3.59999 12.6629
    endloop
  endfacet
  facet normal 0.594777 0 -0.803891
    outer loop
      vertex 152.989 0 12.6629
      vertex 152.831 -3.59999 12.546
      vertex 152.831 0 12.546
    endloop
  endfacet
  facet normal 0.998701 -0 0.0509541
    outer loop
      vertex 152.1 -3.59999 11
      vertex 152.11 0 10.804
      vertex 152.1 0 11
    endloop
  endfacet
  facet normal 0.998701 0 0.0509541
    outer loop
      vertex 152.11 0 10.804
      vertex 152.1 -3.59999 11
      vertex 152.11 -3.59999 10.804
    endloop
  endfacet
  facet normal 0.803015 -0 0.595958
    outer loop
      vertex 152.437 -3.59999 9.88886
      vertex 152.554 0 9.73121
      vertex 152.437 0 9.88886
    endloop
  endfacet
  facet normal 0.803015 0 0.595958
    outer loop
      vertex 152.554 0 9.73121
      vertex 152.437 -3.59999 9.88886
      vertex 152.554 -3.59999 9.73121
    endloop
  endfacet
  facet normal 0.0490735 0 0.998795
    outer loop
      vertex 153.904 0 9.00963
      vertex 154.1 -3.59999 9
      vertex 154.1 0 9
    endloop
  endfacet
  facet normal 0.0490735 0 0.998795
    outer loop
      vertex 154.1 -3.59999 9
      vertex 153.904 0 9.00963
      vertex 153.904 -3.59999 9.00963
    endloop
  endfacet
  facet normal 0.740401 0 -0.672166
    outer loop
      vertex 152.686 -3.59999 12.4142
      vertex 152.554 0 12.2688
      vertex 152.686 0 12.4142
    endloop
  endfacet
  facet normal 0.740401 0 -0.672166
    outer loop
      vertex 152.554 0 12.2688
      vertex 152.686 -3.59999 12.4142
      vertex 152.554 -3.59999 12.2688
    endloop
  endfacet
  facet normal 0.146844 0 -0.98916
    outer loop
      vertex 153.71 -3.59999 12.9616
      vertex 153.904 0 12.9904
      vertex 153.904 -3.59999 12.9904
    endloop
  endfacet
  facet normal 0.146844 0 -0.98916
    outer loop
      vertex 153.904 0 12.9904
      vertex 153.71 -3.59999 12.9616
      vertex 153.71 0 12.9616
    endloop
  endfacet
  facet normal 0.338085 0 -0.941115
    outer loop
      vertex 153.335 -3.59999 12.8478
      vertex 153.519 0 12.9139
      vertex 153.519 -3.59999 12.9139
    endloop
  endfacet
  facet normal 0.338085 0 -0.941115
    outer loop
      vertex 153.519 0 12.9139
      vertex 153.335 -3.59999 12.8478
      vertex 153.335 0 12.8478
    endloop
  endfacet
  facet normal 0.242249 0 0.970214
    outer loop
      vertex 153.519 0 9.08612
      vertex 153.71 -3.59999 9.03843
      vertex 153.71 0 9.03843
    endloop
  endfacet
  facet normal 0.242249 0 0.970214
    outer loop
      vertex 153.71 -3.59999 9.03843
      vertex 153.519 0 9.08612
      vertex 153.519 -3.59999 9.08612
    endloop
  endfacet
  facet normal -0.67265 0 0.739961
    outer loop
      vertex 155.369 0 9.45398
      vertex 155.514 -3.59999 9.58579
      vertex 155.514 0 9.58579
    endloop
  endfacet
  facet normal -0.67265 0 0.739961
    outer loop
      vertex 155.514 -3.59999 9.58579
      vertex 155.369 0 9.45398
      vertex 155.369 -3.59999 9.45398
    endloop
  endfacet
  facet normal 0.740447 -0 0.672115
    outer loop
      vertex 152.554 -3.59999 9.73121
      vertex 152.686 0 9.58579
      vertex 152.554 0 9.73121
    endloop
  endfacet
  facet normal 0.740447 0 0.672115
    outer loop
      vertex 152.686 0 9.58579
      vertex 152.554 -3.59999 9.73121
      vertex 152.686 -3.59999 9.58579
    endloop
  endfacet
  facet normal 0.67265 0 0.739961
    outer loop
      vertex 152.686 0 9.58579
      vertex 152.831 -3.59999 9.45398
      vertex 152.831 0 9.45398
    endloop
  endfacet
  facet normal 0.67265 0 0.739961
    outer loop
      vertex 152.831 -3.59999 9.45398
      vertex 152.686 0 9.58579
      vertex 152.686 -3.59999 9.58579
    endloop
  endfacet
  facet normal 0.969661 -0 0.244452
    outer loop
      vertex 152.138 -3.59999 10.6098
      vertex 152.186 0 10.4194
      vertex 152.138 0 10.6098
    endloop
  endfacet
  facet normal 0.969661 0 0.244452
    outer loop
      vertex 152.186 0 10.4194
      vertex 152.138 -3.59999 10.6098
      vertex 152.186 -3.59999 10.4194
    endloop
  endfacet
  facet normal 0.426443 0 0.904514
    outer loop
      vertex 153.157 0 9.23616
      vertex 153.335 -3.59999 9.15224
      vertex 153.335 0 9.15224
    endloop
  endfacet
  facet normal 0.426443 0 0.904514
    outer loop
      vertex 153.335 -3.59999 9.15224
      vertex 153.157 0 9.23616
      vertex 153.157 -3.59999 9.23616
    endloop
  endfacet
  facet normal -0.426443 0 0.904514
    outer loop
      vertex 154.865 0 9.15224
      vertex 155.043 -3.59999 9.23616
      vertex 155.043 0 9.23616
    endloop
  endfacet
  facet normal -0.426443 0 0.904514
    outer loop
      vertex 155.043 -3.59999 9.23616
      vertex 154.865 0 9.15224
      vertex 154.865 -3.59999 9.15224
    endloop
  endfacet
  facet normal 0.0489209 0 -0.998803
    outer loop
      vertex 153.904 -3.59999 12.9904
      vertex 154.1 0 13
      vertex 154.1 -3.59999 13
    endloop
  endfacet
  facet normal 0.0489209 0 -0.998803
    outer loop
      vertex 154.1 0 13
      vertex 153.904 -3.59999 12.9904
      vertex 153.904 0 12.9904
    endloop
  endfacet
  facet normal -0.9038 0 0.427955
    outer loop
      vertex 155.864 -3.59999 10.0572
      vertex 155.948 0 10.2346
      vertex 155.864 0 10.0572
    endloop
  endfacet
  facet normal -0.9038 0 0.427955
    outer loop
      vertex 155.948 0 10.2346
      vertex 155.864 -3.59999 10.0572
      vertex 155.948 -3.59999 10.2346
    endloop
  endfacet
  facet normal -0.740401 0 -0.672166
    outer loop
      vertex 155.646 -3.59999 12.2688
      vertex 155.514 0 12.4142
      vertex 155.646 0 12.2688
    endloop
  endfacet
  facet normal -0.740401 -0 -0.672166
    outer loop
      vertex 155.514 0 12.4142
      vertex 155.646 -3.59999 12.2688
      vertex 155.514 -3.59999 12.4142
    endloop
  endfacet
  facet normal -0.242297 0 -0.970202
    outer loop
      vertex 154.49 -3.59999 12.9616
      vertex 154.681 0 12.9139
      vertex 154.681 -3.59999 12.9139
    endloop
  endfacet
  facet normal -0.242297 0 -0.970202
    outer loop
      vertex 154.681 0 12.9139
      vertex 154.49 -3.59999 12.9616
      vertex 154.49 0 12.9616
    endloop
  endfacet
  facet normal -0.594843 0 0.803842
    outer loop
      vertex 155.211 0 9.33706
      vertex 155.369 -3.59999 9.45398
      vertex 155.369 0 9.45398
    endloop
  endfacet
  facet normal -0.594843 0 0.803842
    outer loop
      vertex 155.369 -3.59999 9.45398
      vertex 155.211 0 9.33706
      vertex 155.211 -3.59999 9.33706
    endloop
  endfacet
  facet normal 0.941742 0 -0.336336
    outer loop
      vertex 152.252 -3.59999 11.7654
      vertex 152.186 0 11.5806
      vertex 152.252 0 11.7654
    endloop
  endfacet
  facet normal 0.941742 0 -0.336336
    outer loop
      vertex 152.186 0 11.5806
      vertex 152.252 -3.59999 11.7654
      vertex 152.186 -3.59999 11.5806
    endloop
  endfacet
  facet normal -0.0490735 0 0.998795
    outer loop
      vertex 154.1 0 9
      vertex 154.296 -3.59999 9.00963
      vertex 154.296 0 9.00963
    endloop
  endfacet
  facet normal -0.0490735 0 0.998795
    outer loop
      vertex 154.296 -3.59999 9.00963
      vertex 154.1 0 9
      vertex 154.1 -3.59999 9
    endloop
  endfacet
  facet normal 0.146844 0 0.98916
    outer loop
      vertex 153.71 0 9.03843
      vertex 153.904 -3.59999 9.00963
      vertex 153.904 0 9.00963
    endloop
  endfacet
  facet normal 0.146844 0 0.98916
    outer loop
      vertex 153.904 -3.59999 9.00963
      vertex 153.71 0 9.03843
      vertex 153.71 -3.59999 9.03843
    endloop
  endfacet
  facet normal 0.998701 0 -0.0509541
    outer loop
      vertex 152.11 -3.59999 11.196
      vertex 152.1 0 11
      vertex 152.11 0 11.196
    endloop
  endfacet
  facet normal 0.998701 0 -0.0509541
    outer loop
      vertex 152.1 0 11
      vertex 152.11 -3.59999 11.196
      vertex 152.1 -3.59999 11
    endloop
  endfacet
  facet normal -0.740447 0 0.672115
    outer loop
      vertex 155.514 -3.59999 9.58579
      vertex 155.646 0 9.73121
      vertex 155.514 0 9.58579
    endloop
  endfacet
  facet normal -0.740447 0 0.672115
    outer loop
      vertex 155.646 0 9.73121
      vertex 155.514 -3.59999 9.58579
      vertex 155.646 -3.59999 9.73121
    endloop
  endfacet
  facet normal 0 -0.501521 -0.865145
    outer loop
      vertex 0 -3.59999 16.7159
      vertex 20.429 0 14.629
      vertex 22.5159 -3.59999 16.7159
    endloop
  endfacet
  facet normal -0 -0.501521 -0.865145
    outer loop
      vertex 20.429 0 14.629
      vertex 0 -3.59999 16.7159
      vertex 1.17101 0 14.629
    endloop
  endfacet
  facet normal -2.35157e-05 -0.501516 -0.865149
    outer loop
      vertex 1.17101 0 14.629
      vertex 0 -3.59999 16.7159
      vertex 0 -2.02 15.8
    endloop
  endfacet
  facet normal -0.865145 -0.501521 0
    outer loop
      vertex 22.5159 -3.59999 2.6
      vertex 20.429 0 14.629
      vertex 20.429 0 2.6
    endloop
  endfacet
  facet normal -0.865145 -0.501521 0
    outer loop
      vertex 20.429 0 14.629
      vertex 22.5159 -3.59999 2.6
      vertex 22.5159 -3.59999 16.7159
    endloop
  endfacet
  facet normal 0.865141 -0.501529 0
    outer loop
      vertex 0 -2.02 2.6
      vertex 1.17101 0 14.629
      vertex 0 -2.02 15.8
    endloop
  endfacet
  facet normal 0.865141 -0.501529 0
    outer loop
      vertex 1.17101 0 14.629
      vertex 0 -2.02 2.6
      vertex 1.17101 0 2.6
    endloop
  endfacet
  facet normal 0 0 1
    outer loop
      vertex 0 -3.59999 2.6
      vertex 20.429 0 2.6
      vertex 1.17101 0 2.6
    endloop
  endfacet
  facet normal 0 0 1
    outer loop
      vertex 0 -3.59999 2.6
      vertex 1.17101 0 2.6
      vertex 0 -2.02 2.6
    endloop
  endfacet
  facet normal 0 0 1
    outer loop
      vertex 20.429 0 2.6
      vertex 0 -3.59999 2.6
      vertex 22.5159 -3.59999 2.6
    endloop
  endfacet
  facet normal 1 0 0
    outer loop
      vertex 0 -3.59999 2.6
      vertex 0 -2.02 15.8
      vertex 0 -3.59999 16.7159
    endloop
  endfacet
  facet normal 1 0 0
    outer loop
      vertex 0 -2.02 15.8
      vertex 0 -3.59999 2.6
      vertex 0 -2.02 2.6
    endloop
  endfacet
  facet normal 0 0 -1
    outer loop
      vertex -3.59999 -3.59999 0
      vertex 172.2 83.2 0
      vertex 172.2 -3.59999 0
    endloop
  endfacet
  facet normal -0 0 -1
    outer loop
      vertex 172.2 83.2 0
      vertex -3.59999 -3.59999 0
      vertex -3.59999 83.2 0
    endloop
  endfacet
  facet normal 1 -0 0
    outer loop
      vertex 172.2 -3.59999 31
      vertex 172.2 0 30.0033
      vertex 172.2 0 31
    endloop
  endfacet
  facet normal 1 0 0
    outer loop
      vertex 172.2 -2 28.01
      vertex 172.2 -3.59999 31
      vertex 172.2 -2 28
    endloop
  endfacet
  facet normal 1 0 0
    outer loop
      vertex 172.2 0 30.0033
      vertex 172.2 -3.59999 31
      vertex 172.2 -2 28.01
    endloop
  endfacet
  facet normal 1 0 0
    outer loop
      vertex 172.2 0 28
      vertex 172.2 -2 28
      vertex 172.2 0 2
    endloop
  endfacet
  facet normal 1 0 0
    outer loop
      vertex 172.2 81.6 28
      vertex 172.2 83.2 31
      vertex 172.2 81.6 28.01
    endloop
  endfacet
  facet normal 1 0 0
    outer loop
      vertex 172.2 79.6 30.0033
      vertex 172.2 83.2 31
      vertex 172.2 79.6 31
    endloop
  endfacet
  facet normal 1 0 0
    outer loop
      vertex 172.2 83.2 31
      vertex 172.2 79.6 30.0033
      vertex 172.2 81.6 28.01
    endloop
  endfacet
  facet normal 1 0 0
    outer loop
      vertex 172.2 83.2 31
      vertex 172.2 81.6 28
      vertex 172.2 83.2 0
    endloop
  endfacet
  facet normal 1 0 0
    outer loop
      vertex 172.2 79.6 2
      vertex 172.2 81.6 28
      vertex 172.2 79.6 28
    endloop
  endfacet
  facet normal 1 0 0
    outer loop
      vertex 172.2 81.6 28
      vertex 172.2 79.6 2
      vertex 172.2 83.2 0
    endloop
  endfacet
  facet normal 1 -0 0
    outer loop
      vertex 172.2 0 2
      vertex 172.2 83.2 0
      vertex 172.2 79.6 2
    endloop
  endfacet
  facet normal 1 0 0
    outer loop
      vertex 172.2 -3.59999 0
      vertex 172.2 -2 28
      vertex 172.2 -3.59999 31
    endloop
  endfacet
  facet normal 1 0 0
    outer loop
      vertex 172.2 0 2
      vertex 172.2 -3.59999 0
      vertex 172.2 83.2 0
    endloop
  endfacet
  facet normal 1 0 0
    outer loop
      vertex 172.2 -2 28
      vertex 172.2 -3.59999 0
      vertex 172.2 0 2
    endloop
  endfacet
  facet normal 0 -1 0
    outer loop
      vertex 144.49 -3.59999 12.9616
      vertex 172.2 -3.59999 31
      vertex 144.296 -3.59999 12.9904
    endloop
  endfacet
  facet normal 0 -1 0
    outer loop
      vertex 172.2 -3.59999 31
      vertex 153.904 -3.59999 12.9904
      vertex 154.1 -3.59999 13
    endloop
  endfacet
  facet normal 0 -1 0
    outer loop
      vertex 153.71 -3.59999 12.9616
      vertex 172.2 -3.59999 31
      vertex 144.49 -3.59999 12.9616
    endloop
  endfacet
  facet normal 0 -1 0
    outer loop
      vertex 172.2 -3.59999 31
      vertex 153.71 -3.59999 12.9616
      vertex 153.904 -3.59999 12.9904
    endloop
  endfacet
  facet normal 0 -1 0
    outer loop
      vertex 144.681 -3.59999 12.9139
      vertex 153.71 -3.59999 12.9616
      vertex 144.49 -3.59999 12.9616
    endloop
  endfacet
  facet normal 0 -1 0
    outer loop
      vertex 144.681 -3.59999 12.9139
      vertex 153.519 -3.59999 12.9139
      vertex 153.71 -3.59999 12.9616
    endloop
  endfacet
  facet normal 0 -1 0
    outer loop
      vertex 144.865 -3.59999 12.8478
      vertex 153.519 -3.59999 12.9139
      vertex 144.681 -3.59999 12.9139
    endloop
  endfacet
  facet normal 0 -1 0
    outer loop
      vertex 144.865 -3.59999 12.8478
      vertex 153.335 -3.59999 12.8478
      vertex 153.519 -3.59999 12.9139
    endloop
  endfacet
  facet normal 0 -1 0
    outer loop
      vertex 145.043 -3.59999 12.7638
      vertex 153.335 -3.59999 12.8478
      vertex 144.865 -3.59999 12.8478
    endloop
  endfacet
  facet normal 0 -1 0
    outer loop
      vertex 145.043 -3.59999 12.7638
      vertex 153.157 -3.59999 12.7638
      vertex 153.335 -3.59999 12.8478
    endloop
  endfacet
  facet normal 0 -1 0
    outer loop
      vertex 145.211 -3.59999 12.6629
      vertex 153.157 -3.59999 12.7638
      vertex 145.043 -3.59999 12.7638
    endloop
  endfacet
  facet normal 0 -1 0
    outer loop
      vertex 145.211 -3.59999 12.6629
      vertex 152.989 -3.59999 12.6629
      vertex 153.157 -3.59999 12.7638
    endloop
  endfacet
  facet normal 0 -1 0
    outer loop
      vertex 145.369 -3.59999 12.546
      vertex 152.989 -3.59999 12.6629
      vertex 145.211 -3.59999 12.6629
    endloop
  endfacet
  facet normal 0 -1 0
    outer loop
      vertex 145.369 -3.59999 12.546
      vertex 152.831 -3.59999 12.546
      vertex 152.989 -3.59999 12.6629
    endloop
  endfacet
  facet normal 0 -1 0
    outer loop
      vertex 145.514 -3.59999 12.4142
      vertex 152.831 -3.59999 12.546
      vertex 145.369 -3.59999 12.546
    endloop
  endfacet
  facet normal 0 -1 0
    outer loop
      vertex 145.514 -3.59999 12.4142
      vertex 152.686 -3.59999 12.4142
      vertex 152.831 -3.59999 12.546
    endloop
  endfacet
  facet normal 0 -1 0
    outer loop
      vertex 145.646 -3.59999 12.2688
      vertex 152.686 -3.59999 12.4142
      vertex 145.514 -3.59999 12.4142
    endloop
  endfacet
  facet normal 0 -1 0
    outer loop
      vertex 145.646 -3.59999 12.2688
      vertex 152.554 -3.59999 12.2688
      vertex 152.686 -3.59999 12.4142
    endloop
  endfacet
  facet normal 0 -1 0
    outer loop
      vertex 145.763 -3.59999 12.1111
      vertex 152.554 -3.59999 12.2688
      vertex 145.646 -3.59999 12.2688
    endloop
  endfacet
  facet normal 0 -1 0
    outer loop
      vertex 145.763 -3.59999 12.1111
      vertex 152.437 -3.59999 12.1111
      vertex 152.554 -3.59999 12.2688
    endloop
  endfacet
  facet normal 0 -1 0
    outer loop
      vertex 145.864 -3.59999 11.9428
      vertex 152.437 -3.59999 12.1111
      vertex 145.763 -3.59999 12.1111
    endloop
  endfacet
  facet normal 0 -1 0
    outer loop
      vertex 145.864 -3.59999 11.9428
      vertex 152.336 -3.59999 11.9428
      vertex 152.437 -3.59999 12.1111
    endloop
  endfacet
  facet normal 0 -1 0
    outer loop
      vertex 145.948 -3.59999 11.7654
      vertex 152.336 -3.59999 11.9428
      vertex 145.864 -3.59999 11.9428
    endloop
  endfacet
  facet normal 0 -1 0
    outer loop
      vertex 145.948 -3.59999 11.7654
      vertex 152.252 -3.59999 11.7654
      vertex 152.336 -3.59999 11.9428
    endloop
  endfacet
  facet normal 0 -1 0
    outer loop
      vertex 146.014 -3.59999 11.5806
      vertex 152.252 -3.59999 11.7654
      vertex 145.948 -3.59999 11.7654
    endloop
  endfacet
  facet normal 0 -1 0
    outer loop
      vertex 146.014 -3.59999 11.5806
      vertex 152.186 -3.59999 11.5806
      vertex 152.252 -3.59999 11.7654
    endloop
  endfacet
  facet normal 0 -1 0
    outer loop
      vertex 146.062 -3.59999 11.3902
      vertex 152.186 -3.59999 11.5806
      vertex 146.014 -3.59999 11.5806
    endloop
  endfacet
  facet normal 0 -1 0
    outer loop
      vertex 146.062 -3.59999 11.3902
      vertex 152.138 -3.59999 11.3902
      vertex 152.186 -3.59999 11.5806
    endloop
  endfacet
  facet normal 0 -1 0
    outer loop
      vertex 146.09 -3.59999 11.196
      vertex 152.138 -3.59999 11.3902
      vertex 146.062 -3.59999 11.3902
    endloop
  endfacet
  facet normal 0 -1 0
    outer loop
      vertex 146.09 -3.59999 11.196
      vertex 152.11 -3.59999 11.196
      vertex 152.138 -3.59999 11.3902
    endloop
  endfacet
  facet normal 0 -1 0
    outer loop
      vertex 146.1 -3.59999 11
      vertex 152.11 -3.59999 11.196
      vertex 146.09 -3.59999 11.196
    endloop
  endfacet
  facet normal 0 -1 0
    outer loop
      vertex 146.1 -3.59999 11
      vertex 152.1 -3.59999 11
      vertex 152.11 -3.59999 11.196
    endloop
  endfacet
  facet normal 0 -1 0
    outer loop
      vertex 146.09 -3.59999 10.804
      vertex 152.1 -3.59999 11
      vertex 146.1 -3.59999 11
    endloop
  endfacet
  facet normal 0 -1 0
    outer loop
      vertex 146.09 -3.59999 10.804
      vertex 152.11 -3.59999 10.804
      vertex 152.1 -3.59999 11
    endloop
  endfacet
  facet normal 0 -1 0
    outer loop
      vertex 146.062 -3.59999 10.6098
      vertex 152.11 -3.59999 10.804
      vertex 146.09 -3.59999 10.804
    endloop
  endfacet
  facet normal 0 -1 0
    outer loop
      vertex 146.062 -3.59999 10.6098
      vertex 152.138 -3.59999 10.6098
      vertex 152.11 -3.59999 10.804
    endloop
  endfacet
  facet normal 0 -1 0
    outer loop
      vertex 146.014 -3.59999 10.4194
      vertex 152.138 -3.59999 10.6098
      vertex 146.062 -3.59999 10.6098
    endloop
  endfacet
  facet normal 0 -1 0
    outer loop
      vertex 146.014 -3.59999 10.4194
      vertex 152.186 -3.59999 10.4194
      vertex 152.138 -3.59999 10.6098
    endloop
  endfacet
  facet normal 0 -1 0
    outer loop
      vertex 145.948 -3.59999 10.2346
      vertex 152.186 -3.59999 10.4194
      vertex 146.014 -3.59999 10.4194
    endloop
  endfacet
  facet normal 0 -1 0
    outer loop
      vertex 145.948 -3.59999 10.2346
      vertex 152.252 -3.59999 10.2346
      vertex 152.186 -3.59999 10.4194
    endloop
  endfacet
  facet normal 0 -1 0
    outer loop
      vertex 145.864 -3.59999 10.0572
      vertex 152.252 -3.59999 10.2346
      vertex 145.948 -3.59999 10.2346
    endloop
  endfacet
  facet normal 0 -1 0
    outer loop
      vertex 145.864 -3.59999 10.0572
      vertex 152.336 -3.59999 10.0572
      vertex 152.252 -3.59999 10.2346
    endloop
  endfacet
  facet normal 0 -1 0
    outer loop
      vertex 145.763 -3.59999 9.88886
      vertex 152.336 -3.59999 10.0572
      vertex 145.864 -3.59999 10.0572
    endloop
  endfacet
  facet normal 0 -1 0
    outer loop
      vertex 145.763 -3.59999 9.88886
      vertex 152.437 -3.59999 9.88886
      vertex 152.336 -3.59999 10.0572
    endloop
  endfacet
  facet normal 0 -1 0
    outer loop
      vertex 145.646 -3.59999 9.73121
      vertex 152.437 -3.59999 9.88886
      vertex 145.763 -3.59999 9.88886
    endloop
  endfacet
  facet normal 0 -1 0
    outer loop
      vertex 145.646 -3.59999 9.73121
      vertex 152.554 -3.59999 9.73121
      vertex 152.437 -3.59999 9.88886
    endloop
  endfacet
  facet normal 0 -1 0
    outer loop
      vertex 145.514 -3.59999 9.58579
      vertex 152.554 -3.59999 9.73121
      vertex 145.646 -3.59999 9.73121
    endloop
  endfacet
  facet normal 0 -1 0
    outer loop
      vertex 145.514 -3.59999 9.58579
      vertex 152.686 -3.59999 9.58579
      vertex 152.554 -3.59999 9.73121
    endloop
  endfacet
  facet normal 0 -1 0
    outer loop
      vertex 145.369 -3.59999 9.45398
      vertex 152.686 -3.59999 9.58579
      vertex 145.514 -3.59999 9.58579
    endloop
  endfacet
  facet normal 0 -1 0
    outer loop
      vertex 145.369 -3.59999 9.45398
      vertex 152.831 -3.59999 9.45398
      vertex 152.686 -3.59999 9.58579
    endloop
  endfacet
  facet normal 0 -1 0
    outer loop
      vertex 145.211 -3.59999 9.33706
      vertex 152.831 -3.59999 9.45398
      vertex 145.369 -3.59999 9.45398
    endloop
  endfacet
  facet normal 0 -1 0
    outer loop
      vertex 145.211 -3.59999 9.33706
      vertex 152.989 -3.59999 9.33706
      vertex 152.831 -3.59999 9.45398
    endloop
  endfacet
  facet normal 0 -1 0
    outer loop
      vertex 145.043 -3.59999 9.23616
      vertex 152.989 -3.59999 9.33706
      vertex 145.211 -3.59999 9.33706
    endloop
  endfacet
  facet normal 0 -1 0
    outer loop
      vertex 145.043 -3.59999 9.23616
      vertex 153.157 -3.59999 9.23616
      vertex 152.989 -3.59999 9.33706
    endloop
  endfacet
  facet normal 0 -1 0
    outer loop
      vertex 144.865 -3.59999 9.15224
      vertex 153.157 -3.59999 9.23616
      vertex 145.043 -3.59999 9.23616
    endloop
  endfacet
  facet normal 0 -1 0
    outer loop
      vertex 144.865 -3.59999 9.15224
      vertex 153.335 -3.59999 9.15224
      vertex 153.157 -3.59999 9.23616
    endloop
  endfacet
  facet normal 0 -1 0
    outer loop
      vertex 144.681 -3.59999 9.08612
      vertex 153.335 -3.59999 9.15224
      vertex 144.865 -3.59999 9.15224
    endloop
  endfacet
  facet normal 0 -1 0
    outer loop
      vertex 144.681 -3.59999 9.08612
      vertex 153.519 -3.59999 9.08612
      vertex 153.335 -3.59999 9.15224
    endloop
  endfacet
  facet normal 0 -1 0
    outer loop
      vertex 144.49 -3.59999 9.03843
      vertex 153.519 -3.59999 9.08612
      vertex 144.681 -3.59999 9.08612
    endloop
  endfacet
  facet normal 0 -1 0
    outer loop
      vertex 144.49 -3.59999 9.03843
      vertex 153.71 -3.59999 9.03843
      vertex 153.519 -3.59999 9.08612
    endloop
  endfacet
  facet normal 0 -1 0
    outer loop
      vertex 144.296 -3.59999 9.00963
      vertex 153.71 -3.59999 9.03843
      vertex 144.49 -3.59999 9.03843
    endloop
  endfacet
  facet normal 0 -1 0
    outer loop
      vertex 144.296 -3.59999 9.00963
      vertex 153.904 -3.59999 9.00963
      vertex 153.71 -3.59999 9.03843
    endloop
  endfacet
  facet normal 0 -1 0
    outer loop
      vertex 172.2 -3.59999 0
      vertex 144.296 -3.59999 9.00963
      vertex 144.1 -3.59999 9
    endloop
  endfacet
  facet normal 0 -1 0
    outer loop
      vertex 144.296 -3.59999 9.00963
      vertex 172.2 -3.59999 0
      vertex 153.904 -3.59999 9.00963
    endloop
  endfacet
  facet normal 0 -1 0
    outer loop
      vertex 172.2 -3.59999 31
      vertex 143.904 -3.59999 12.9904
      vertex 144.1 -3.59999 13
    endloop
  endfacet
  facet normal 0 -1 0
    outer loop
      vertex 172.2 -3.59999 31
      vertex 143.71 -3.59999 12.9616
      vertex 143.904 -3.59999 12.9904
    endloop
  endfacet
  facet normal 0 -1 0
    outer loop
      vertex 172.2 -3.59999 31
      vertex 143.519 -3.59999 12.9139
      vertex 143.71 -3.59999 12.9616
    endloop
  endfacet
  facet normal 0 -1 0
    outer loop
      vertex 172.2 -3.59999 31
      vertex 143.335 -3.59999 12.8478
      vertex 143.519 -3.59999 12.9139
    endloop
  endfacet
  facet normal 0 -1 0
    outer loop
      vertex 22.5159 -3.59999 16.7159
      vertex 143.157 -3.59999 12.7638
      vertex 143.335 -3.59999 12.8478
    endloop
  endfacet
  facet normal 0 -1 0
    outer loop
      vertex 22.5159 -3.59999 16.7159
      vertex 142.989 -3.59999 12.6629
      vertex 143.157 -3.59999 12.7638
    endloop
  endfacet
  facet normal 0 -1 0
    outer loop
      vertex 22.5159 -3.59999 16.7159
      vertex 142.831 -3.59999 12.546
      vertex 142.989 -3.59999 12.6629
    endloop
  endfacet
  facet normal 0 -1 0
    outer loop
      vertex 22.5159 -3.59999 16.7159
      vertex 142.686 -3.59999 12.4142
      vertex 142.831 -3.59999 12.546
    endloop
  endfacet
  facet normal 0 -1 0
    outer loop
      vertex 22.5159 -3.59999 16.7159
      vertex 142.554 -3.59999 12.2688
      vertex 142.686 -3.59999 12.4142
    endloop
  endfacet
  facet normal 0 -1 0
    outer loop
      vertex 22.5159 -3.59999 16.7159
      vertex 142.437 -3.59999 12.1111
      vertex 142.554 -3.59999 12.2688
    endloop
  endfacet
  facet normal 0 -1 0
    outer loop
      vertex 22.5159 -3.59999 16.7159
      vertex 142.336 -3.59999 11.9428
      vertex 142.437 -3.59999 12.1111
    endloop
  endfacet
  facet normal 0 -1 0
    outer loop
      vertex 22.5159 -3.59999 16.7159
      vertex 142.252 -3.59999 11.7654
      vertex 142.336 -3.59999 11.9428
    endloop
  endfacet
  facet normal 0 -1 0
    outer loop
      vertex 22.5159 -3.59999 16.7159
      vertex 142.186 -3.59999 11.5806
      vertex 142.252 -3.59999 11.7654
    endloop
  endfacet
  facet normal 0 -1 0
    outer loop
      vertex 22.5159 -3.59999 16.7159
      vertex 142.138 -3.59999 11.3902
      vertex 142.186 -3.59999 11.5806
    endloop
  endfacet
  facet normal 0 -1 0
    outer loop
      vertex 22.5159 -3.59999 16.7159
      vertex 142.11 -3.59999 11.196
      vertex 142.138 -3.59999 11.3902
    endloop
  endfacet
  facet normal 0 -1 0
    outer loop
      vertex 22.5159 -3.59999 16.7159
      vertex 142.1 -3.59999 11
      vertex 142.11 -3.59999 11.196
    endloop
  endfacet
  facet normal 0 -1 0
    outer loop
      vertex 22.5159 -3.59999 2.6
      vertex 142.1 -3.59999 11
      vertex 22.5159 -3.59999 16.7159
    endloop
  endfacet
  facet normal 0 -1 -0
    outer loop
      vertex 142.1 -3.59999 11
      vertex 22.5159 -3.59999 2.6
      vertex 142.11 -3.59999 10.804
    endloop
  endfacet
  facet normal 0 -1 -0
    outer loop
      vertex 142.11 -3.59999 10.804
      vertex 22.5159 -3.59999 2.6
      vertex 142.138 -3.59999 10.6098
    endloop
  endfacet
  facet normal 0 -1 -0
    outer loop
      vertex 142.138 -3.59999 10.6098
      vertex 22.5159 -3.59999 2.6
      vertex 142.186 -3.59999 10.4194
    endloop
  endfacet
  facet normal 0 -1 -0
    outer loop
      vertex 142.186 -3.59999 10.4194
      vertex 22.5159 -3.59999 2.6
      vertex 142.252 -3.59999 10.2346
    endloop
  endfacet
  facet normal 0 -1 -0
    outer loop
      vertex 142.252 -3.59999 10.2346
      vertex 22.5159 -3.59999 2.6
      vertex 142.336 -3.59999 10.0572
    endloop
  endfacet
  facet normal 0 -1 -0
    outer loop
      vertex 142.336 -3.59999 10.0572
      vertex 22.5159 -3.59999 2.6
      vertex 142.437 -3.59999 9.88886
    endloop
  endfacet
  facet normal 0 -1 -0
    outer loop
      vertex 142.437 -3.59999 9.88886
      vertex 22.5159 -3.59999 2.6
      vertex 142.554 -3.59999 9.73121
    endloop
  endfacet
  facet normal 0 -1 -0
    outer loop
      vertex 142.554 -3.59999 9.73121
      vertex 22.5159 -3.59999 2.6
      vertex 142.686 -3.59999 9.58579
    endloop
  endfacet
  facet normal 0 -1 -0
    outer loop
      vertex 142.686 -3.59999 9.58579
      vertex 22.5159 -3.59999 2.6
      vertex 142.831 -3.59999 9.45398
    endloop
  endfacet
  facet normal 0 -1 -0
    outer loop
      vertex 142.831 -3.59999 9.45398
      vertex 22.5159 -3.59999 2.6
      vertex 142.989 -3.59999 9.33706
    endloop
  endfacet
  facet normal 0 -1 -0
    outer loop
      vertex 142.989 -3.59999 9.33706
      vertex 22.5159 -3.59999 2.6
      vertex 143.157 -3.59999 9.23616
    endloop
  endfacet
  facet normal 0 -1 -0
    outer loop
      vertex 143.157 -3.59999 9.23616
      vertex 22.5159 -3.59999 2.6
      vertex 143.335 -3.59999 9.15224
    endloop
  endfacet
  facet normal 0 -1 -0
    outer loop
      vertex 143.335 -3.59999 9.15224
      vertex 22.5159 -3.59999 2.6
      vertex 143.519 -3.59999 9.08612
    endloop
  endfacet
  facet normal 0 -1 -0
    outer loop
      vertex 143.519 -3.59999 9.08612
      vertex 22.5159 -3.59999 2.6
      vertex 143.71 -3.59999 9.03843
    endloop
  endfacet
  facet normal 0 -1 0
    outer loop
      vertex 143.904 -3.59999 9.00963
      vertex 172.2 -3.59999 0
      vertex 144.1 -3.59999 9
    endloop
  endfacet
  facet normal 0 -1 0
    outer loop
      vertex 143.71 -3.59999 9.03843
      vertex 172.2 -3.59999 0
      vertex 143.904 -3.59999 9.00963
    endloop
  endfacet
  facet normal 0 -1 0
    outer loop
      vertex 172.2 -3.59999 0
      vertex 143.71 -3.59999 9.03843
      vertex 22.5159 -3.59999 2.6
    endloop
  endfacet
  facet normal 0 -1 0
    outer loop
      vertex 22.5159 -3.59999 16.7159
      vertex -3.59999 -3.59999 31
      vertex 0 -3.59999 16.7159
    endloop
  endfacet
  facet normal 0 -1 0
    outer loop
      vertex -3.59999 -3.59999 0
      vertex 0 -3.59999 16.7159
      vertex -3.59999 -3.59999 31
    endloop
  endfacet
  facet normal 0 -1 -0
    outer loop
      vertex 0 -3.59999 2.6
      vertex -3.59999 -3.59999 0
      vertex 22.5159 -3.59999 2.6
    endloop
  endfacet
  facet normal 0 -1 -0
    outer loop
      vertex 0 -3.59999 16.7159
      vertex -3.59999 -3.59999 0
      vertex 0 -3.59999 2.6
    endloop
  endfacet
  facet normal 0 -1 0
    outer loop
      vertex -3.59999 -3.59999 31
      vertex 22.5159 -3.59999 16.7159
      vertex 172.2 -3.59999 31
    endloop
  endfacet
  facet normal 0 -1 0
    outer loop
      vertex 143.335 -3.59999 12.8478
      vertex 172.2 -3.59999 31
      vertex 22.5159 -3.59999 16.7159
    endloop
  endfacet
  facet normal 0 -1 0
    outer loop
      vertex 144.296 -3.59999 12.9904
      vertex 172.2 -3.59999 31
      vertex 144.1 -3.59999 13
    endloop
  endfacet
  facet normal 0 -1 0
    outer loop
      vertex 154.296 -3.59999 12.9904
      vertex 172.2 -3.59999 31
      vertex 154.1 -3.59999 13
    endloop
  endfacet
  facet normal 0 -1 0
    outer loop
      vertex 154.49 -3.59999 12.9616
      vertex 172.2 -3.59999 31
      vertex 154.296 -3.59999 12.9904
    endloop
  endfacet
  facet normal 0 -1 0
    outer loop
      vertex 154.681 -3.59999 12.9139
      vertex 172.2 -3.59999 31
      vertex 154.49 -3.59999 12.9616
    endloop
  endfacet
  facet normal 0 -1 0
    outer loop
      vertex 154.865 -3.59999 12.8478
      vertex 172.2 -3.59999 31
      vertex 154.681 -3.59999 12.9139
    endloop
  endfacet
  facet normal 0 -1 0
    outer loop
      vertex 155.043 -3.59999 12.7638
      vertex 172.2 -3.59999 31
      vertex 154.865 -3.59999 12.8478
    endloop
  endfacet
  facet normal 0 -1 0
    outer loop
      vertex 155.211 -3.59999 12.6629
      vertex 172.2 -3.59999 31
      vertex 155.043 -3.59999 12.7638
    endloop
  endfacet
  facet normal 0 -1 0
    outer loop
      vertex 155.369 -3.59999 12.546
      vertex 172.2 -3.59999 31
      vertex 155.211 -3.59999 12.6629
    endloop
  endfacet
  facet normal 0 -1 0
    outer loop
      vertex 155.514 -3.59999 12.4142
      vertex 172.2 -3.59999 31
      vertex 155.369 -3.59999 12.546
    endloop
  endfacet
  facet normal 0 -1 0
    outer loop
      vertex 155.646 -3.59999 12.2688
      vertex 172.2 -3.59999 31
      vertex 155.514 -3.59999 12.4142
    endloop
  endfacet
  facet normal 0 -1 0
    outer loop
      vertex 155.763 -3.59999 12.1111
      vertex 172.2 -3.59999 31
      vertex 155.646 -3.59999 12.2688
    endloop
  endfacet
  facet normal 0 -1 0
    outer loop
      vertex 155.864 -3.59999 11.9428
      vertex 172.2 -3.59999 31
      vertex 155.763 -3.59999 12.1111
    endloop
  endfacet
  facet normal 0 -1 0
    outer loop
      vertex 155.948 -3.59999 11.7654
      vertex 172.2 -3.59999 31
      vertex 155.864 -3.59999 11.9428
    endloop
  endfacet
  facet normal 0 -1 0
    outer loop
      vertex 156.014 -3.59999 11.5806
      vertex 172.2 -3.59999 31
      vertex 155.948 -3.59999 11.7654
    endloop
  endfacet
  facet normal 0 -1 0
    outer loop
      vertex 172.2 -3.59999 0
      vertex 156.014 -3.59999 11.5806
      vertex 156.062 -3.59999 11.3902
    endloop
  endfacet
  facet normal 0 -1 0
    outer loop
      vertex 172.2 -3.59999 0
      vertex 156.062 -3.59999 11.3902
      vertex 156.09 -3.59999 11.196
    endloop
  endfacet
  facet normal 0 -1 0
    outer loop
      vertex 172.2 -3.59999 0
      vertex 156.09 -3.59999 11.196
      vertex 156.1 -3.59999 11
    endloop
  endfacet
  facet normal 0 -1 0
    outer loop
      vertex 172.2 -3.59999 0
      vertex 156.1 -3.59999 11
      vertex 156.09 -3.59999 10.804
    endloop
  endfacet
  facet normal 0 -1 0
    outer loop
      vertex 172.2 -3.59999 0
      vertex 156.09 -3.59999 10.804
      vertex 156.062 -3.59999 10.6098
    endloop
  endfacet
  facet normal 0 -1 0
    outer loop
      vertex 172.2 -3.59999 0
      vertex 156.062 -3.59999 10.6098
      vertex 156.014 -3.59999 10.4194
    endloop
  endfacet
  facet normal 0 -1 0
    outer loop
      vertex 172.2 -3.59999 0
      vertex 156.014 -3.59999 10.4194
      vertex 155.948 -3.59999 10.2346
    endloop
  endfacet
  facet normal 0 -1 0
    outer loop
      vertex 172.2 -3.59999 0
      vertex 155.948 -3.59999 10.2346
      vertex 155.864 -3.59999 10.0572
    endloop
  endfacet
  facet normal 0 -1 0
    outer loop
      vertex 172.2 -3.59999 0
      vertex 155.864 -3.59999 10.0572
      vertex 155.763 -3.59999 9.88886
    endloop
  endfacet
  facet normal 0 -1 0
    outer loop
      vertex 172.2 -3.59999 0
      vertex 155.763 -3.59999 9.88886
      vertex 155.646 -3.59999 9.73121
    endloop
  endfacet
  facet normal 0 -1 0
    outer loop
      vertex 172.2 -3.59999 0
      vertex 22.5159 -3.59999 2.6
      vertex -3.59999 -3.59999 0
    endloop
  endfacet
  facet normal 0 -1 0
    outer loop
      vertex 153.904 -3.59999 9.00963
      vertex 172.2 -3.59999 0
      vertex 154.1 -3.59999 9
    endloop
  endfacet
  facet normal 0 -1 0
    outer loop
      vertex 156.014 -3.59999 11.5806
      vertex 172.2 -3.59999 0
      vertex 172.2 -3.59999 31
    endloop
  endfacet
  facet normal 0 -1 0
    outer loop
      vertex 155.514 -3.59999 9.58579
      vertex 172.2 -3.59999 0
      vertex 155.646 -3.59999 9.73121
    endloop
  endfacet
  facet normal 0 -1 0
    outer loop
      vertex 155.369 -3.59999 9.45398
      vertex 172.2 -3.59999 0
      vertex 155.514 -3.59999 9.58579
    endloop
  endfacet
  facet normal 0 -1 0
    outer loop
      vertex 155.211 -3.59999 9.33706
      vertex 172.2 -3.59999 0
      vertex 155.369 -3.59999 9.45398
    endloop
  endfacet
  facet normal 0 -1 0
    outer loop
      vertex 155.043 -3.59999 9.23616
      vertex 172.2 -3.59999 0
      vertex 155.211 -3.59999 9.33706
    endloop
  endfacet
  facet normal 0 -1 0
    outer loop
      vertex 154.865 -3.59999 9.15224
      vertex 172.2 -3.59999 0
      vertex 155.043 -3.59999 9.23616
    endloop
  endfacet
  facet normal 0 -1 0
    outer loop
      vertex 154.681 -3.59999 9.08612
      vertex 172.2 -3.59999 0
      vertex 154.865 -3.59999 9.15224
    endloop
  endfacet
  facet normal 0 -1 0
    outer loop
      vertex 154.49 -3.59999 9.03843
      vertex 172.2 -3.59999 0
      vertex 154.681 -3.59999 9.08612
    endloop
  endfacet
  facet normal 0 -1 0
    outer loop
      vertex 154.296 -3.59999 9.00963
      vertex 172.2 -3.59999 0
      vertex 154.49 -3.59999 9.03843
    endloop
  endfacet
  facet normal 0 -1 0
    outer loop
      vertex 154.1 -3.59999 9
      vertex 172.2 -3.59999 0
      vertex 154.296 -3.59999 9.00963
    endloop
  endfacet
  facet normal 0 0 1
    outer loop
      vertex 172.2 83.2 31
      vertex 0 79.6 31
      vertex 172.2 79.6 31
    endloop
  endfacet
  facet normal 0 0 1
    outer loop
      vertex 0 79.6 31
      vertex -3.59999 83.2 31
      vertex 0 0 31
    endloop
  endfacet
  facet normal -0 0 1
    outer loop
      vertex -3.59999 83.2 31
      vertex 0 79.6 31
      vertex 172.2 83.2 31
    endloop
  endfacet
  facet normal -0 0 1
    outer loop
      vertex 0 0 31
      vertex 172.2 -3.59999 31
      vertex 172.2 0 31
    endloop
  endfacet
  facet normal 0 0 1
    outer loop
      vertex 0 0 31
      vertex -3.59999 -3.59999 31
      vertex 172.2 -3.59999 31
    endloop
  endfacet
  facet normal 0 0 1
    outer loop
      vertex -3.59999 -3.59999 31
      vertex 0 0 31
      vertex -3.59999 83.2 31
    endloop
  endfacet
  facet normal -1 0 0
    outer loop
      vertex -3.59999 -3.59999 0
      vertex -3.59999 83.2 31
      vertex -3.59999 83.2 0
    endloop
  endfacet
  facet normal -1 -0 0
    outer loop
      vertex -3.59999 83.2 31
      vertex -3.59999 -3.59999 0
      vertex -3.59999 -3.59999 31
    endloop
  endfacet
  facet normal 0 1 -0
    outer loop
      vertex 172.2 83.2 0
      vertex -3.59999 83.2 31
      vertex 172.2 83.2 31
    endloop
  endfacet
  facet normal 0 1 0
    outer loop
      vertex -3.59999 83.2 31
      vertex 172.2 83.2 0
      vertex -3.59999 83.2 0
    endloop
  endfacet
  facet normal 0 0 1
    outer loop
      vertex 0.799999 79.6 2
      vertex 0 79.6 2
      vertex 0.799999 74.6 2
    endloop
  endfacet
  facet normal 0 0 1
    outer loop
      vertex 127.6 68.6 2
      vertex 20.8 2 2
      vertex 102.8 2 2
    endloop
  endfacet
  facet normal 0 0 1
    outer loop
      vertex 127.6 68.6 2
      vertex 0.799999 74.6 2
      vertex 20.8 2 2
    endloop
  endfacet
  facet normal 0 0 1
    outer loop
      vertex 0 0 2
      vertex 20.8 2 2
      vertex 0.799999 74.6 2
    endloop
  endfacet
  facet normal 0 0 1
    outer loop
      vertex 20.8 2 2
      vertex 0 0 2
      vertex 20.8 0 2
    endloop
  endfacet
  facet normal 0 0 1
    outer loop
      vertex 0 0 2
      vertex 0.799999 74.6 2
      vertex 0 79.6 2
    endloop
  endfacet
  facet normal 0 0 1
    outer loop
      vertex 127.6 8.8 2
      vertex 146.1 17 2
      vertex 127.6 68.6 2
    endloop
  endfacet
  facet normal 0 0 1
    outer loop
      vertex 146.1 17 2
      vertex 127.6 8.8 2
      vertex 129.6 8.8 2
    endloop
  endfacet
  facet normal -0 0 1
    outer loop
      vertex 146.1 13.5 2
      vertex 152.1 6.5 2
      vertex 152.1 13.5 2
    endloop
  endfacet
  facet normal 0 0 1
    outer loop
      vertex 152.1 6.5 2
      vertex 146.1 13.5 2
      vertex 146.1 6.5 2
    endloop
  endfacet
  facet normal 0 0 1
    outer loop
      vertex 172.2 79.6 2
      vertex 152.1 17 2
      vertex 172.2 0 2
    endloop
  endfacet
  facet normal -0 0 1
    outer loop
      vertex 129.6 68.6 2
      vertex 152.1 17 2
      vertex 172.2 79.6 2
    endloop
  endfacet
  facet normal 0 0 1
    outer loop
      vertex 129.6 8.8 2
      vertex 146.1 13.5 2
      vertex 146.1 17 2
    endloop
  endfacet
  facet normal 0 0 1
    outer loop
      vertex 146.1 13.5 2
      vertex 129.6 8.8 2
      vertex 146.1 6.5 2
    endloop
  endfacet
  facet normal 0 0 1
    outer loop
      vertex 152.1 17 2
      vertex 129.6 68.6 2
      vertex 146.1 17 2
    endloop
  endfacet
  facet normal 0 0 1
    outer loop
      vertex 129.6 68.6 2
      vertex 172.2 79.6 2
      vertex 129.6 72.6 2
    endloop
  endfacet
  facet normal -0 0 1
    outer loop
      vertex 126.8 79.6 2
      vertex 129.6 72.6 2
      vertex 172.2 79.6 2
    endloop
  endfacet
  facet normal 0 0 1
    outer loop
      vertex 126.8 74.6 2
      vertex 127.6 68.6 2
      vertex 127.6 72.6 2
    endloop
  endfacet
  facet normal 0 0 1
    outer loop
      vertex 127.6 68.6 2
      vertex 102.8 2 2
      vertex 127.6 8.8 2
    endloop
  endfacet
  facet normal 0 0 1
    outer loop
      vertex 129.6 72.6 2
      vertex 126.8 74.6 2
      vertex 127.6 72.6 2
    endloop
  endfacet
  facet normal -0 0 1
    outer loop
      vertex 126.8 74.6 2
      vertex 129.6 72.6 2
      vertex 126.8 79.6 2
    endloop
  endfacet
  facet normal -0 0 1
    outer loop
      vertex 152.1 13.5 2
      vertex 172.2 0 2
      vertex 152.1 17 2
    endloop
  endfacet
  facet normal -0 0 1
    outer loop
      vertex 152.1 6.5 2
      vertex 172.2 0 2
      vertex 152.1 13.5 2
    endloop
  endfacet
  facet normal -0 0 1
    outer loop
      vertex 152.1 3 2
      vertex 172.2 0 2
      vertex 152.1 6.5 2
    endloop
  endfacet
  facet normal -0 0 1
    outer loop
      vertex 146.1 3 2
      vertex 172.2 0 2
      vertex 152.1 3 2
    endloop
  endfacet
  facet normal -0 0 1
    outer loop
      vertex 127.6 68.6 2
      vertex 146.1 17 2
      vertex 129.6 68.6 2
    endloop
  endfacet
  facet normal 0 0 1
    outer loop
      vertex 129.6 4.8 2
      vertex 146.1 6.5 2
      vertex 129.6 8.8 2
    endloop
  endfacet
  facet normal 0 0 1
    outer loop
      vertex 146.1 6.5 2
      vertex 129.6 4.8 2
      vertex 146.1 3 2
    endloop
  endfacet
  facet normal 0 0 1
    outer loop
      vertex 102.8 0 2
      vertex 146.1 3 2
      vertex 129.6 4.8 2
    endloop
  endfacet
  facet normal 0 0 1
    outer loop
      vertex 102.8 0 2
      vertex 129.6 4.8 2
      vertex 127.6 4.8 2
    endloop
  endfacet
  facet normal -0 0 1
    outer loop
      vertex 0.799999 74.6 2
      vertex 127.6 68.6 2
      vertex 126.8 74.6 2
    endloop
  endfacet
  facet normal 0 0 1
    outer loop
      vertex 127.6 8.8 2
      vertex 102.8 2 2
      vertex 127.6 4.8 2
    endloop
  endfacet
  facet normal 0 0 1
    outer loop
      vertex 102.8 0 2
      vertex 127.6 4.8 2
      vertex 102.8 2 2
    endloop
  endfacet
  facet normal 0 0 1
    outer loop
      vertex 146.1 3 2
      vertex 102.8 0 2
      vertex 172.2 0 2
    endloop
  endfacet
  facet normal 1 -0 0
    outer loop
      vertex 0 0 28
      vertex 0 79.6 2
      vertex 0 79.6 28
    endloop
  endfacet
  facet normal 1 0 0
    outer loop
      vertex 0 79.6 2
      vertex 0 0 28
      vertex 0 0 2
    endloop
  endfacet
  facet normal 1 -0 0
    outer loop
      vertex 0 0 31
      vertex 0 79.6 30.0033
      vertex 0 79.6 31
    endloop
  endfacet
  facet normal 1 0 0
    outer loop
      vertex 0 79.6 30.0033
      vertex 0 0 31
      vertex 0 0 30.0033
    endloop
  endfacet
  facet normal 0 -1 0
    outer loop
      vertex 126.8 79.6 14
      vertex 172.2 79.6 28
      vertex 0 79.6 28
    endloop
  endfacet
  facet normal 0 -1 0
    outer loop
      vertex 172.2 79.6 28
      vertex 170.165 79.6 16.5827
      vertex 170.321 79.6 16.5981
    endloop
  endfacet
  facet normal -0 -1 0
    outer loop
      vertex 169.028 79.6 15.8226
      vertex 172.2 79.6 28
      vertex 126.8 79.6 14
    endloop
  endfacet
  facet normal 0 -1 0
    outer loop
      vertex 172.2 79.6 28
      vertex 170.011 79.6 16.552
      vertex 170.165 79.6 16.5827
    endloop
  endfacet
  facet normal 0 -1 0
    outer loop
      vertex 172.2 79.6 28
      vertex 169.861 79.6 16.5065
      vertex 170.011 79.6 16.552
    endloop
  endfacet
  facet normal 0 -1 0
    outer loop
      vertex 172.2 79.6 28
      vertex 169.716 79.6 16.4464
      vertex 169.861 79.6 16.5065
    endloop
  endfacet
  facet normal 0 -1 0
    outer loop
      vertex 172.2 79.6 28
      vertex 169.577 79.6 16.3724
      vertex 169.716 79.6 16.4464
    endloop
  endfacet
  facet normal 0 -1 0
    outer loop
      vertex 172.2 79.6 28
      vertex 169.447 79.6 16.2851
      vertex 169.577 79.6 16.3724
    endloop
  endfacet
  facet normal 0 -1 0
    outer loop
      vertex 172.2 79.6 28
      vertex 169.326 79.6 16.1855
      vertex 169.447 79.6 16.2851
    endloop
  endfacet
  facet normal 0 -1 0
    outer loop
      vertex 172.2 79.6 28
      vertex 169.214 79.6 16.0745
      vertex 169.326 79.6 16.1855
    endloop
  endfacet
  facet normal 0 -1 0
    outer loop
      vertex 172.2 79.6 28
      vertex 169.115 79.6 15.9531
      vertex 169.214 79.6 16.0745
    endloop
  endfacet
  facet normal 0 -1 0
    outer loop
      vertex 172.2 79.6 28
      vertex 169.028 79.6 15.8226
      vertex 169.115 79.6 15.9531
    endloop
  endfacet
  facet normal 0 -1 0
    outer loop
      vertex 169.028 79.6 15.8226
      vertex 126.8 79.6 14
      vertex 168.954 79.6 15.6841
    endloop
  endfacet
  facet normal 0 -1 0
    outer loop
      vertex 168.954 79.6 15.6841
      vertex 126.8 79.6 14
      vertex 168.894 79.6 15.539
    endloop
  endfacet
  facet normal 0 -1 0
    outer loop
      vertex 168.894 79.6 15.539
      vertex 126.8 79.6 14
      vertex 168.848 79.6 15.3888
    endloop
  endfacet
  facet normal 0 -1 0
    outer loop
      vertex 168.848 79.6 15.3888
      vertex 126.8 79.6 14
      vertex 168.817 79.6 15.2348
    endloop
  endfacet
  facet normal 0 -1 0
    outer loop
      vertex 168.817 79.6 15.2348
      vertex 126.8 79.6 14
      vertex 168.802 79.6 15.0785
    endloop
  endfacet
  facet normal 0 -1 -0
    outer loop
      vertex 168.802 79.6 15.0785
      vertex 126.8 79.6 14
      vertex 168.802 79.6 14.9215
    endloop
  endfacet
  facet normal 0 -1 -0
    outer loop
      vertex 168.802 79.6 14.9215
      vertex 126.8 79.6 14
      vertex 168.817 79.6 14.7652
    endloop
  endfacet
  facet normal 0 -1 -0
    outer loop
      vertex 168.817 79.6 14.7652
      vertex 126.8 79.6 14
      vertex 168.848 79.6 14.6112
    endloop
  endfacet
  facet normal 0 -1 -0
    outer loop
      vertex 168.848 79.6 14.6112
      vertex 126.8 79.6 14
      vertex 168.894 79.6 14.461
    endloop
  endfacet
  facet normal 0 -1 0
    outer loop
      vertex 126.8 79.6 2
      vertex 168.894 79.6 14.461
      vertex 126.8 79.6 14
    endloop
  endfacet
  facet normal 0 -1 -0
    outer loop
      vertex 168.894 79.6 14.461
      vertex 126.8 79.6 2
      vertex 168.954 79.6 14.3159
    endloop
  endfacet
  facet normal 0 -1 0
    outer loop
      vertex 126.8 79.6 14
      vertex 0 79.6 28
      vertex 0.799999 79.6 14
    endloop
  endfacet
  facet normal 0 -1 0
    outer loop
      vertex 0 79.6 2
      vertex 0.799999 79.6 14
      vertex 0 79.6 28
    endloop
  endfacet
  facet normal 0 -1 -0
    outer loop
      vertex 0.799999 79.6 14
      vertex 0 79.6 2
      vertex 0.799999 79.6 2
    endloop
  endfacet
  facet normal 0 -1 0
    outer loop
      vertex 170.479 79.6 16.5981
      vertex 172.2 79.6 28
      vertex 170.321 79.6 16.5981
    endloop
  endfacet
  facet normal 0 -1 0
    outer loop
      vertex 170.635 79.6 16.5827
      vertex 172.2 79.6 28
      vertex 170.479 79.6 16.5981
    endloop
  endfacet
  facet normal 0 -1 0
    outer loop
      vertex 170.789 79.6 16.552
      vertex 172.2 79.6 28
      vertex 170.635 79.6 16.5827
    endloop
  endfacet
  facet normal 0 -1 0
    outer loop
      vertex 170.939 79.6 16.5065
      vertex 172.2 79.6 28
      vertex 170.789 79.6 16.552
    endloop
  endfacet
  facet normal 0 -1 0
    outer loop
      vertex 171.084 79.6 16.4464
      vertex 172.2 79.6 28
      vertex 170.939 79.6 16.5065
    endloop
  endfacet
  facet normal 0 -1 0
    outer loop
      vertex 171.223 79.6 16.3724
      vertex 172.2 79.6 28
      vertex 171.084 79.6 16.4464
    endloop
  endfacet
  facet normal 0 -1 0
    outer loop
      vertex 171.353 79.6 16.2851
      vertex 172.2 79.6 28
      vertex 171.223 79.6 16.3724
    endloop
  endfacet
  facet normal 0 -1 0
    outer loop
      vertex 171.474 79.6 16.1855
      vertex 172.2 79.6 28
      vertex 171.353 79.6 16.2851
    endloop
  endfacet
  facet normal 0 -1 0
    outer loop
      vertex 171.586 79.6 16.0745
      vertex 172.2 79.6 28
      vertex 171.474 79.6 16.1855
    endloop
  endfacet
  facet normal 0 -1 0
    outer loop
      vertex 171.685 79.6 15.9531
      vertex 172.2 79.6 28
      vertex 171.586 79.6 16.0745
    endloop
  endfacet
  facet normal 0 -1 0
    outer loop
      vertex 171.772 79.6 15.8226
      vertex 172.2 79.6 28
      vertex 171.685 79.6 15.9531
    endloop
  endfacet
  facet normal 0 -1 0
    outer loop
      vertex 171.846 79.6 15.6841
      vertex 172.2 79.6 28
      vertex 171.772 79.6 15.8226
    endloop
  endfacet
  facet normal 0 -1 0
    outer loop
      vertex 171.906 79.6 15.539
      vertex 172.2 79.6 28
      vertex 171.846 79.6 15.6841
    endloop
  endfacet
  facet normal 0 -1 0
    outer loop
      vertex 171.952 79.6 15.3888
      vertex 172.2 79.6 28
      vertex 171.906 79.6 15.539
    endloop
  endfacet
  facet normal 0 -1 0
    outer loop
      vertex 171.983 79.6 15.2348
      vertex 172.2 79.6 28
      vertex 171.952 79.6 15.3888
    endloop
  endfacet
  facet normal 0 -1 0
    outer loop
      vertex 171.998 79.6 15.0785
      vertex 172.2 79.6 28
      vertex 171.983 79.6 15.2348
    endloop
  endfacet
  facet normal 0 -1 0
    outer loop
      vertex 171.998 79.6 14.9215
      vertex 172.2 79.6 28
      vertex 171.998 79.6 15.0785
    endloop
  endfacet
  facet normal 0 -1 0
    outer loop
      vertex 170.321 79.6 13.4019
      vertex 172.2 79.6 2
      vertex 170.479 79.6 13.4019
    endloop
  endfacet
  facet normal 0 -1 0
    outer loop
      vertex 170.479 79.6 13.4019
      vertex 172.2 79.6 2
      vertex 170.635 79.6 13.4173
    endloop
  endfacet
  facet normal 0 -1 0
    outer loop
      vertex 171.998 79.6 14.9215
      vertex 172.2 79.6 2
      vertex 172.2 79.6 28
    endloop
  endfacet
  facet normal 0 -1 0
    outer loop
      vertex 171.983 79.6 14.7652
      vertex 172.2 79.6 2
      vertex 171.998 79.6 14.9215
    endloop
  endfacet
  facet normal 0 -1 0
    outer loop
      vertex 171.952 79.6 14.6112
      vertex 172.2 79.6 2
      vertex 171.983 79.6 14.7652
    endloop
  endfacet
  facet normal 0 -1 0
    outer loop
      vertex 171.906 79.6 14.461
      vertex 172.2 79.6 2
      vertex 171.952 79.6 14.6112
    endloop
  endfacet
  facet normal 0 -1 0
    outer loop
      vertex 171.846 79.6 14.3159
      vertex 172.2 79.6 2
      vertex 171.906 79.6 14.461
    endloop
  endfacet
  facet normal 0 -1 0
    outer loop
      vertex 171.772 79.6 14.1774
      vertex 172.2 79.6 2
      vertex 171.846 79.6 14.3159
    endloop
  endfacet
  facet normal 0 -1 0
    outer loop
      vertex 171.685 79.6 14.0469
      vertex 172.2 79.6 2
      vertex 171.772 79.6 14.1774
    endloop
  endfacet
  facet normal 0 -1 0
    outer loop
      vertex 171.586 79.6 13.9255
      vertex 172.2 79.6 2
      vertex 171.685 79.6 14.0469
    endloop
  endfacet
  facet normal 0 -1 0
    outer loop
      vertex 171.474 79.6 13.8145
      vertex 172.2 79.6 2
      vertex 171.586 79.6 13.9255
    endloop
  endfacet
  facet normal 0 -1 0
    outer loop
      vertex 171.353 79.6 13.7149
      vertex 172.2 79.6 2
      vertex 171.474 79.6 13.8145
    endloop
  endfacet
  facet normal 0 -1 0
    outer loop
      vertex 171.223 79.6 13.6276
      vertex 172.2 79.6 2
      vertex 171.353 79.6 13.7149
    endloop
  endfacet
  facet normal 0 -1 0
    outer loop
      vertex 171.084 79.6 13.5536
      vertex 172.2 79.6 2
      vertex 171.223 79.6 13.6276
    endloop
  endfacet
  facet normal 0 -1 0
    outer loop
      vertex 170.939 79.6 13.4935
      vertex 172.2 79.6 2
      vertex 171.084 79.6 13.5536
    endloop
  endfacet
  facet normal 0 -1 0
    outer loop
      vertex 170.789 79.6 13.4479
      vertex 172.2 79.6 2
      vertex 170.939 79.6 13.4935
    endloop
  endfacet
  facet normal 0 -1 0
    outer loop
      vertex 170.635 79.6 13.4173
      vertex 172.2 79.6 2
      vertex 170.789 79.6 13.4479
    endloop
  endfacet
  facet normal 0 -1 -0
    outer loop
      vertex 168.954 79.6 14.3159
      vertex 126.8 79.6 2
      vertex 169.028 79.6 14.1774
    endloop
  endfacet
  facet normal 0 -1 0
    outer loop
      vertex 172.2 79.6 2
      vertex 169.028 79.6 14.1774
      vertex 126.8 79.6 2
    endloop
  endfacet
  facet normal 0 -1 0
    outer loop
      vertex 169.028 79.6 14.1774
      vertex 172.2 79.6 2
      vertex 169.115 79.6 14.0469
    endloop
  endfacet
  facet normal 0 -1 0
    outer loop
      vertex 169.115 79.6 14.0469
      vertex 172.2 79.6 2
      vertex 169.214 79.6 13.9255
    endloop
  endfacet
  facet normal 0 -1 0
    outer loop
      vertex 169.214 79.6 13.9255
      vertex 172.2 79.6 2
      vertex 169.326 79.6 13.8145
    endloop
  endfacet
  facet normal 0 -1 0
    outer loop
      vertex 169.326 79.6 13.8145
      vertex 172.2 79.6 2
      vertex 169.447 79.6 13.7149
    endloop
  endfacet
  facet normal 0 -1 0
    outer loop
      vertex 169.447 79.6 13.7149
      vertex 172.2 79.6 2
      vertex 169.577 79.6 13.6276
    endloop
  endfacet
  facet normal 0 -1 0
    outer loop
      vertex 169.577 79.6 13.6276
      vertex 172.2 79.6 2
      vertex 169.716 79.6 13.5536
    endloop
  endfacet
  facet normal 0 -1 0
    outer loop
      vertex 169.716 79.6 13.5536
      vertex 172.2 79.6 2
      vertex 169.861 79.6 13.4935
    endloop
  endfacet
  facet normal 0 -1 0
    outer loop
      vertex 169.861 79.6 13.4935
      vertex 172.2 79.6 2
      vertex 170.011 79.6 13.4479
    endloop
  endfacet
  facet normal 0 -1 0
    outer loop
      vertex 170.165 79.6 13.4173
      vertex 172.2 79.6 2
      vertex 170.321 79.6 13.4019
    endloop
  endfacet
  facet normal 0 -1 0
    outer loop
      vertex 170.011 79.6 13.4479
      vertex 172.2 79.6 2
      vertex 170.165 79.6 13.4173
    endloop
  endfacet
  facet normal 0 -1 0
    outer loop
      vertex 0 79.6 30.0033
      vertex 172.2 79.6 31
      vertex 0 79.6 31
    endloop
  endfacet
  facet normal 0 -1 -0
    outer loop
      vertex 172.2 79.6 31
      vertex 0 79.6 30.0033
      vertex 172.2 79.6 30.0033
    endloop
  endfacet
  facet normal 0 1 0
    outer loop
      vertex 172.2 0 28
      vertex 153.71 0 12.9616
      vertex 133.6 0 18
    endloop
  endfacet
  facet normal 0 1 0
    outer loop
      vertex 133.6 0 18
      vertex 144.296 0 12.9904
      vertex 144.1 0 13
    endloop
  endfacet
  facet normal 0 1 -0
    outer loop
      vertex 144.49 0 12.9616
      vertex 133.6 0 18
      vertex 153.71 0 12.9616
    endloop
  endfacet
  facet normal 0 1 0
    outer loop
      vertex 133.6 0 18
      vertex 144.49 0 12.9616
      vertex 144.296 0 12.9904
    endloop
  endfacet
  facet normal 0 1 -0
    outer loop
      vertex 153.519 0 12.9139
      vertex 144.49 0 12.9616
      vertex 153.71 0 12.9616
    endloop
  endfacet
  facet normal 0 1 0
    outer loop
      vertex 153.519 0 12.9139
      vertex 144.681 0 12.9139
      vertex 144.49 0 12.9616
    endloop
  endfacet
  facet normal 0 1 -0
    outer loop
      vertex 153.335 0 12.8478
      vertex 144.681 0 12.9139
      vertex 153.519 0 12.9139
    endloop
  endfacet
  facet normal 0 1 0
    outer loop
      vertex 153.335 0 12.8478
      vertex 144.865 0 12.8478
      vertex 144.681 0 12.9139
    endloop
  endfacet
  facet normal 0 1 -0
    outer loop
      vertex 153.157 0 12.7638
      vertex 144.865 0 12.8478
      vertex 153.335 0 12.8478
    endloop
  endfacet
  facet normal 0 1 0
    outer loop
      vertex 153.157 0 12.7638
      vertex 145.043 0 12.7638
      vertex 144.865 0 12.8478
    endloop
  endfacet
  facet normal 0 1 -0
    outer loop
      vertex 152.989 0 12.6629
      vertex 145.043 0 12.7638
      vertex 153.157 0 12.7638
    endloop
  endfacet
  facet normal 0 1 0
    outer loop
      vertex 152.989 0 12.6629
      vertex 145.211 0 12.6629
      vertex 145.043 0 12.7638
    endloop
  endfacet
  facet normal 0 1 -0
    outer loop
      vertex 152.831 0 12.546
      vertex 145.211 0 12.6629
      vertex 152.989 0 12.6629
    endloop
  endfacet
  facet normal 0 1 0
    outer loop
      vertex 152.831 0 12.546
      vertex 145.369 0 12.546
      vertex 145.211 0 12.6629
    endloop
  endfacet
  facet normal 0 1 -0
    outer loop
      vertex 152.686 0 12.4142
      vertex 145.369 0 12.546
      vertex 152.831 0 12.546
    endloop
  endfacet
  facet normal 0 1 0
    outer loop
      vertex 152.686 0 12.4142
      vertex 145.514 0 12.4142
      vertex 145.369 0 12.546
    endloop
  endfacet
  facet normal 0 1 -0
    outer loop
      vertex 152.554 0 12.2688
      vertex 145.514 0 12.4142
      vertex 152.686 0 12.4142
    endloop
  endfacet
  facet normal 0 1 0
    outer loop
      vertex 152.554 0 12.2688
      vertex 145.646 0 12.2688
      vertex 145.514 0 12.4142
    endloop
  endfacet
  facet normal 0 1 -0
    outer loop
      vertex 152.437 0 12.1111
      vertex 145.646 0 12.2688
      vertex 152.554 0 12.2688
    endloop
  endfacet
  facet normal 0 1 0
    outer loop
      vertex 152.437 0 12.1111
      vertex 145.763 0 12.1111
      vertex 145.646 0 12.2688
    endloop
  endfacet
  facet normal 0 1 -0
    outer loop
      vertex 152.336 0 11.9428
      vertex 145.763 0 12.1111
      vertex 152.437 0 12.1111
    endloop
  endfacet
  facet normal 0 1 0
    outer loop
      vertex 152.336 0 11.9428
      vertex 145.864 0 11.9428
      vertex 145.763 0 12.1111
    endloop
  endfacet
  facet normal 0 1 -0
    outer loop
      vertex 152.252 0 11.7654
      vertex 145.864 0 11.9428
      vertex 152.336 0 11.9428
    endloop
  endfacet
  facet normal 0 1 0
    outer loop
      vertex 152.252 0 11.7654
      vertex 145.948 0 11.7654
      vertex 145.864 0 11.9428
    endloop
  endfacet
  facet normal 0 1 -0
    outer loop
      vertex 152.186 0 11.5806
      vertex 145.948 0 11.7654
      vertex 152.252 0 11.7654
    endloop
  endfacet
  facet normal 0 1 0
    outer loop
      vertex 152.186 0 11.5806
      vertex 146.014 0 11.5806
      vertex 145.948 0 11.7654
    endloop
  endfacet
  facet normal 0 1 -0
    outer loop
      vertex 152.138 0 11.3902
      vertex 146.014 0 11.5806
      vertex 152.186 0 11.5806
    endloop
  endfacet
  facet normal 0 1 0
    outer loop
      vertex 152.138 0 11.3902
      vertex 146.062 0 11.3902
      vertex 146.014 0 11.5806
    endloop
  endfacet
  facet normal 0 1 -0
    outer loop
      vertex 152.11 0 11.196
      vertex 146.062 0 11.3902
      vertex 152.138 0 11.3902
    endloop
  endfacet
  facet normal 0 1 0
    outer loop
      vertex 152.11 0 11.196
      vertex 146.09 0 11.196
      vertex 146.062 0 11.3902
    endloop
  endfacet
  facet normal 0 1 -0
    outer loop
      vertex 152.1 0 11
      vertex 146.09 0 11.196
      vertex 152.11 0 11.196
    endloop
  endfacet
  facet normal 0 1 0
    outer loop
      vertex 152.1 0 11
      vertex 146.1 0 11
      vertex 146.09 0 11.196
    endloop
  endfacet
  facet normal 0 1 0
    outer loop
      vertex 152.11 0 10.804
      vertex 146.1 0 11
      vertex 152.1 0 11
    endloop
  endfacet
  facet normal 0 1 0
    outer loop
      vertex 152.11 0 10.804
      vertex 146.09 0 10.804
      vertex 146.1 0 11
    endloop
  endfacet
  facet normal 0 1 0
    outer loop
      vertex 152.138 0 10.6098
      vertex 146.09 0 10.804
      vertex 152.11 0 10.804
    endloop
  endfacet
  facet normal 0 1 0
    outer loop
      vertex 152.138 0 10.6098
      vertex 146.062 0 10.6098
      vertex 146.09 0 10.804
    endloop
  endfacet
  facet normal 0 1 0
    outer loop
      vertex 152.186 0 10.4194
      vertex 146.062 0 10.6098
      vertex 152.138 0 10.6098
    endloop
  endfacet
  facet normal 0 1 0
    outer loop
      vertex 152.186 0 10.4194
      vertex 146.014 0 10.4194
      vertex 146.062 0 10.6098
    endloop
  endfacet
  facet normal 0 1 0
    outer loop
      vertex 152.252 0 10.2346
      vertex 146.014 0 10.4194
      vertex 152.186 0 10.4194
    endloop
  endfacet
  facet normal 0 1 0
    outer loop
      vertex 152.252 0 10.2346
      vertex 145.948 0 10.2346
      vertex 146.014 0 10.4194
    endloop
  endfacet
  facet normal 0 1 0
    outer loop
      vertex 152.336 0 10.0572
      vertex 145.948 0 10.2346
      vertex 152.252 0 10.2346
    endloop
  endfacet
  facet normal 0 1 0
    outer loop
      vertex 152.336 0 10.0572
      vertex 145.864 0 10.0572
      vertex 145.948 0 10.2346
    endloop
  endfacet
  facet normal 0 1 0
    outer loop
      vertex 152.437 0 9.88886
      vertex 145.864 0 10.0572
      vertex 152.336 0 10.0572
    endloop
  endfacet
  facet normal 0 1 0
    outer loop
      vertex 152.437 0 9.88886
      vertex 145.763 0 9.88886
      vertex 145.864 0 10.0572
    endloop
  endfacet
  facet normal 0 1 0
    outer loop
      vertex 152.554 0 9.73121
      vertex 145.763 0 9.88886
      vertex 152.437 0 9.88886
    endloop
  endfacet
  facet normal 0 1 0
    outer loop
      vertex 152.554 0 9.73121
      vertex 145.646 0 9.73121
      vertex 145.763 0 9.88886
    endloop
  endfacet
  facet normal 0 1 0
    outer loop
      vertex 152.686 0 9.58579
      vertex 145.646 0 9.73121
      vertex 152.554 0 9.73121
    endloop
  endfacet
  facet normal 0 1 0
    outer loop
      vertex 152.686 0 9.58579
      vertex 145.514 0 9.58579
      vertex 145.646 0 9.73121
    endloop
  endfacet
  facet normal 0 1 0
    outer loop
      vertex 152.831 0 9.45398
      vertex 145.514 0 9.58579
      vertex 152.686 0 9.58579
    endloop
  endfacet
  facet normal 0 1 0
    outer loop
      vertex 152.831 0 9.45398
      vertex 145.369 0 9.45398
      vertex 145.514 0 9.58579
    endloop
  endfacet
  facet normal 0 1 0
    outer loop
      vertex 152.989 0 9.33706
      vertex 145.369 0 9.45398
      vertex 152.831 0 9.45398
    endloop
  endfacet
  facet normal 0 1 0
    outer loop
      vertex 152.989 0 9.33706
      vertex 145.211 0 9.33706
      vertex 145.369 0 9.45398
    endloop
  endfacet
  facet normal 0 1 0
    outer loop
      vertex 153.157 0 9.23616
      vertex 145.211 0 9.33706
      vertex 152.989 0 9.33706
    endloop
  endfacet
  facet normal 0 1 0
    outer loop
      vertex 153.157 0 9.23616
      vertex 145.043 0 9.23616
      vertex 145.211 0 9.33706
    endloop
  endfacet
  facet normal 0 1 0
    outer loop
      vertex 153.335 0 9.15224
      vertex 145.043 0 9.23616
      vertex 153.157 0 9.23616
    endloop
  endfacet
  facet normal 0 1 0
    outer loop
      vertex 153.335 0 9.15224
      vertex 144.865 0 9.15224
      vertex 145.043 0 9.23616
    endloop
  endfacet
  facet normal 0 1 0
    outer loop
      vertex 153.519 0 9.08612
      vertex 144.865 0 9.15224
      vertex 153.335 0 9.15224
    endloop
  endfacet
  facet normal 0 1 0
    outer loop
      vertex 153.519 0 9.08612
      vertex 144.681 0 9.08612
      vertex 144.865 0 9.15224
    endloop
  endfacet
  facet normal 0 1 0
    outer loop
      vertex 153.71 0 9.03843
      vertex 144.681 0 9.08612
      vertex 153.519 0 9.08612
    endloop
  endfacet
  facet normal 0 1 0
    outer loop
      vertex 153.71 0 9.03843
      vertex 144.49 0 9.03843
      vertex 144.681 0 9.08612
    endloop
  endfacet
  facet normal 0 1 0
    outer loop
      vertex 133.6 0 2.6
      vertex 153.71 0 9.03843
      vertex 153.904 0 9.00963
    endloop
  endfacet
  facet normal 0 1 0
    outer loop
      vertex 153.71 0 9.03843
      vertex 133.6 0 2.6
      vertex 144.49 0 9.03843
    endloop
  endfacet
  facet normal 0 1 0
    outer loop
      vertex 133.6 0 2.6
      vertex 153.904 0 9.00963
      vertex 154.1 0 9
    endloop
  endfacet
  facet normal 0 1 0
    outer loop
      vertex 144.49 0 9.03843
      vertex 133.6 0 2.6
      vertex 144.296 0 9.00963
    endloop
  endfacet
  facet normal 0 1 0
    outer loop
      vertex 20.8 0 14
      vertex 104.8 0 18
      vertex 102.8 0 14
    endloop
  endfacet
  facet normal 0 1 -0
    outer loop
      vertex 104.8 0 2.6
      vertex 102.8 0 14
      vertex 104.8 0 18
    endloop
  endfacet
  facet normal 0 1 0
    outer loop
      vertex 104.8 0 2.6
      vertex 102.8 0 2
      vertex 102.8 0 14
    endloop
  endfacet
  facet normal 0 1 0
    outer loop
      vertex 133.6 0 2.6
      vertex 102.8 0 2
      vertex 104.8 0 2.6
    endloop
  endfacet
  facet normal 0 1 0
    outer loop
      vertex 104.8 0 18
      vertex 172.2 0 28
      vertex 133.6 0 18
    endloop
  endfacet
  facet normal 0 1 0
    outer loop
      vertex 170.321 0 16.5981
      vertex 172.2 0 28
      vertex 170.479 0 16.5981
    endloop
  endfacet
  facet normal 0 1 0
    outer loop
      vertex 172.2 0 28
      vertex 170.635 0 16.5827
      vertex 170.479 0 16.5981
    endloop
  endfacet
  facet normal 0 1 0
    outer loop
      vertex 172.2 0 28
      vertex 170.789 0 16.552
      vertex 170.635 0 16.5827
    endloop
  endfacet
  facet normal 0 1 0
    outer loop
      vertex 172.2 0 28
      vertex 170.939 0 16.5065
      vertex 170.789 0 16.552
    endloop
  endfacet
  facet normal 0 1 0
    outer loop
      vertex 172.2 0 28
      vertex 171.084 0 16.4464
      vertex 170.939 0 16.5065
    endloop
  endfacet
  facet normal 0 1 0
    outer loop
      vertex 172.2 0 28
      vertex 171.223 0 16.3724
      vertex 171.084 0 16.4464
    endloop
  endfacet
  facet normal 0 1 0
    outer loop
      vertex 172.2 0 28
      vertex 171.353 0 16.2851
      vertex 171.223 0 16.3724
    endloop
  endfacet
  facet normal 0 1 0
    outer loop
      vertex 172.2 0 28
      vertex 171.474 0 16.1855
      vertex 171.353 0 16.2851
    endloop
  endfacet
  facet normal 0 1 0
    outer loop
      vertex 172.2 0 28
      vertex 171.586 0 16.0745
      vertex 171.474 0 16.1855
    endloop
  endfacet
  facet normal 0 1 0
    outer loop
      vertex 172.2 0 28
      vertex 171.685 0 15.9531
      vertex 171.586 0 16.0745
    endloop
  endfacet
  facet normal 0 1 0
    outer loop
      vertex 172.2 0 28
      vertex 171.772 0 15.8226
      vertex 171.685 0 15.9531
    endloop
  endfacet
  facet normal 0 1 0
    outer loop
      vertex 172.2 0 28
      vertex 171.846 0 15.6841
      vertex 171.772 0 15.8226
    endloop
  endfacet
  facet normal 0 1 0
    outer loop
      vertex 172.2 0 28
      vertex 171.906 0 15.539
      vertex 171.846 0 15.6841
    endloop
  endfacet
  facet normal 0 1 0
    outer loop
      vertex 172.2 0 28
      vertex 171.952 0 15.3888
      vertex 171.906 0 15.539
    endloop
  endfacet
  facet normal 0 1 0
    outer loop
      vertex 172.2 0 28
      vertex 171.983 0 15.2348
      vertex 171.952 0 15.3888
    endloop
  endfacet
  facet normal 0 1 0
    outer loop
      vertex 172.2 0 28
      vertex 171.998 0 15.0785
      vertex 171.983 0 15.2348
    endloop
  endfacet
  facet normal 0 1 0
    outer loop
      vertex 172.2 0 28
      vertex 171.998 0 14.9215
      vertex 171.998 0 15.0785
    endloop
  endfacet
  facet normal 0 1 0
    outer loop
      vertex 172.2 0 2
      vertex 170.321 0 13.4019
      vertex 170.479 0 13.4019
    endloop
  endfacet
  facet normal 0 1 0
    outer loop
      vertex 170.321 0 13.4019
      vertex 154.296 0 12.9904
      vertex 154.1 0 13
    endloop
  endfacet
  facet normal 0 1 0
    outer loop
      vertex 170.321 0 13.4019
      vertex 154.49 0 12.9616
      vertex 154.296 0 12.9904
    endloop
  endfacet
  facet normal 0 1 0
    outer loop
      vertex 170.321 0 13.4019
      vertex 154.681 0 12.9139
      vertex 154.49 0 12.9616
    endloop
  endfacet
  facet normal 0 1 0
    outer loop
      vertex 170.321 0 13.4019
      vertex 154.865 0 12.8478
      vertex 154.681 0 12.9139
    endloop
  endfacet
  facet normal 0 1 0
    outer loop
      vertex 170.321 0 13.4019
      vertex 155.043 0 12.7638
      vertex 154.865 0 12.8478
    endloop
  endfacet
  facet normal 0 1 0
    outer loop
      vertex 170.321 0 13.4019
      vertex 155.211 0 12.6629
      vertex 155.043 0 12.7638
    endloop
  endfacet
  facet normal 0 1 0
    outer loop
      vertex 170.321 0 13.4019
      vertex 155.369 0 12.546
      vertex 155.211 0 12.6629
    endloop
  endfacet
  facet normal 0 1 0
    outer loop
      vertex 170.321 0 13.4019
      vertex 155.514 0 12.4142
      vertex 155.369 0 12.546
    endloop
  endfacet
  facet normal 0 1 0
    outer loop
      vertex 170.321 0 13.4019
      vertex 155.646 0 12.2688
      vertex 155.514 0 12.4142
    endloop
  endfacet
  facet normal 0 1 0
    outer loop
      vertex 170.321 0 13.4019
      vertex 155.763 0 12.1111
      vertex 155.646 0 12.2688
    endloop
  endfacet
  facet normal 0 1 0
    outer loop
      vertex 170.321 0 13.4019
      vertex 155.864 0 11.9428
      vertex 155.763 0 12.1111
    endloop
  endfacet
  facet normal 0 1 0
    outer loop
      vertex 172.2 0 2
      vertex 170.479 0 13.4019
      vertex 170.635 0 13.4173
    endloop
  endfacet
  facet normal 0 1 0
    outer loop
      vertex 170.321 0 13.4019
      vertex 155.948 0 11.7654
      vertex 155.864 0 11.9428
    endloop
  endfacet
  facet normal 0 1 0
    outer loop
      vertex 170.321 0 13.4019
      vertex 156.014 0 11.5806
      vertex 155.948 0 11.7654
    endloop
  endfacet
  facet normal 0 1 0
    outer loop
      vertex 170.321 0 13.4019
      vertex 156.062 0 11.3902
      vertex 156.014 0 11.5806
    endloop
  endfacet
  facet normal 0 1 0
    outer loop
      vertex 170.321 0 13.4019
      vertex 156.09 0 11.196
      vertex 156.062 0 11.3902
    endloop
  endfacet
  facet normal 0 1 0
    outer loop
      vertex 170.321 0 13.4019
      vertex 156.1 0 11
      vertex 156.09 0 11.196
    endloop
  endfacet
  facet normal 0 1 0
    outer loop
      vertex 170.321 0 13.4019
      vertex 156.09 0 10.804
      vertex 156.1 0 11
    endloop
  endfacet
  facet normal 0 1 0
    outer loop
      vertex 170.321 0 13.4019
      vertex 156.062 0 10.6098
      vertex 156.09 0 10.804
    endloop
  endfacet
  facet normal 0 1 0
    outer loop
      vertex 170.321 0 13.4019
      vertex 156.014 0 10.4194
      vertex 156.062 0 10.6098
    endloop
  endfacet
  facet normal 0 1 0
    outer loop
      vertex 172.2 0 2
      vertex 170.635 0 13.4173
      vertex 170.789 0 13.4479
    endloop
  endfacet
  facet normal 0 1 0
    outer loop
      vertex 170.321 0 13.4019
      vertex 155.948 0 10.2346
      vertex 156.014 0 10.4194
    endloop
  endfacet
  facet normal 0 1 0
    outer loop
      vertex 170.321 0 13.4019
      vertex 172.2 0 2
      vertex 155.948 0 10.2346
    endloop
  endfacet
  facet normal 0 1 0
    outer loop
      vertex 155.948 0 10.2346
      vertex 172.2 0 2
      vertex 155.864 0 10.0572
    endloop
  endfacet
  facet normal 0 1 0
    outer loop
      vertex 155.864 0 10.0572
      vertex 172.2 0 2
      vertex 155.763 0 9.88886
    endloop
  endfacet
  facet normal 0 1 0
    outer loop
      vertex 155.763 0 9.88886
      vertex 172.2 0 2
      vertex 155.646 0 9.73121
    endloop
  endfacet
  facet normal 0 1 0
    outer loop
      vertex 155.646 0 9.73121
      vertex 172.2 0 2
      vertex 155.514 0 9.58579
    endloop
  endfacet
  facet normal 0 1 0
    outer loop
      vertex 155.514 0 9.58579
      vertex 172.2 0 2
      vertex 155.369 0 9.45398
    endloop
  endfacet
  facet normal 0 1 0
    outer loop
      vertex 155.369 0 9.45398
      vertex 172.2 0 2
      vertex 155.211 0 9.33706
    endloop
  endfacet
  facet normal 0 1 0
    outer loop
      vertex 155.211 0 9.33706
      vertex 172.2 0 2
      vertex 155.043 0 9.23616
    endloop
  endfacet
  facet normal 0 1 0
    outer loop
      vertex 155.043 0 9.23616
      vertex 172.2 0 2
      vertex 154.865 0 9.15224
    endloop
  endfacet
  facet normal 0 1 0
    outer loop
      vertex 144.296 0 9.00963
      vertex 133.6 0 2.6
      vertex 144.1 0 9
    endloop
  endfacet
  facet normal 0 1 0
    outer loop
      vertex 172.2 0 2
      vertex 154.1 0 9
      vertex 154.296 0 9.00963
    endloop
  endfacet
  facet normal 0 1 0
    outer loop
      vertex 172.2 0 2
      vertex 154.296 0 9.00963
      vertex 154.49 0 9.03843
    endloop
  endfacet
  facet normal 0 1 0
    outer loop
      vertex 172.2 0 2
      vertex 154.49 0 9.03843
      vertex 154.681 0 9.08612
    endloop
  endfacet
  facet normal 0 1 0
    outer loop
      vertex 154.865 0 9.15224
      vertex 172.2 0 2
      vertex 154.681 0 9.08612
    endloop
  endfacet
  facet normal 0 1 0
    outer loop
      vertex 102.8 0 2
      vertex 133.6 0 2.6
      vertex 172.2 0 2
    endloop
  endfacet
  facet normal 0 1 0
    outer loop
      vertex 154.1 0 9
      vertex 172.2 0 2
      vertex 133.6 0 2.6
    endloop
  endfacet
  facet normal 0 1 0
    outer loop
      vertex 170.939 0 13.4935
      vertex 172.2 0 2
      vertex 170.789 0 13.4479
    endloop
  endfacet
  facet normal 0 1 0
    outer loop
      vertex 171.084 0 13.5536
      vertex 172.2 0 2
      vertex 170.939 0 13.4935
    endloop
  endfacet
  facet normal 0 1 0
    outer loop
      vertex 171.223 0 13.6276
      vertex 172.2 0 2
      vertex 171.084 0 13.5536
    endloop
  endfacet
  facet normal 0 1 0
    outer loop
      vertex 171.353 0 13.7149
      vertex 172.2 0 2
      vertex 171.223 0 13.6276
    endloop
  endfacet
  facet normal 0 1 0
    outer loop
      vertex 171.474 0 13.8145
      vertex 172.2 0 2
      vertex 171.353 0 13.7149
    endloop
  endfacet
  facet normal 0 1 0
    outer loop
      vertex 171.586 0 13.9255
      vertex 172.2 0 2
      vertex 171.474 0 13.8145
    endloop
  endfacet
  facet normal 0 1 0
    outer loop
      vertex 171.685 0 14.0469
      vertex 172.2 0 2
      vertex 171.586 0 13.9255
    endloop
  endfacet
  facet normal 0 1 0
    outer loop
      vertex 171.772 0 14.1774
      vertex 172.2 0 2
      vertex 171.685 0 14.0469
    endloop
  endfacet
  facet normal 0 1 0
    outer loop
      vertex 171.846 0 14.3159
      vertex 172.2 0 2
      vertex 171.772 0 14.1774
    endloop
  endfacet
  facet normal 0 1 0
    outer loop
      vertex 171.906 0 14.461
      vertex 172.2 0 2
      vertex 171.846 0 14.3159
    endloop
  endfacet
  facet normal 0 1 0
    outer loop
      vertex 171.952 0 14.6112
      vertex 172.2 0 2
      vertex 171.906 0 14.461
    endloop
  endfacet
  facet normal 0 1 0
    outer loop
      vertex 171.983 0 14.7652
      vertex 172.2 0 2
      vertex 171.952 0 14.6112
    endloop
  endfacet
  facet normal 0 1 0
    outer loop
      vertex 171.998 0 14.9215
      vertex 172.2 0 2
      vertex 171.983 0 14.7652
    endloop
  endfacet
  facet normal 0 1 -0
    outer loop
      vertex 172.2 0 2
      vertex 171.998 0 14.9215
      vertex 172.2 0 28
    endloop
  endfacet
  facet normal 0 1 0
    outer loop
      vertex 172.2 0 28
      vertex 104.8 0 18
      vertex 0 0 28
    endloop
  endfacet
  facet normal 0 1 -0
    outer loop
      vertex 20.429 0 14.629
      vertex 0 0 28
      vertex 104.8 0 18
    endloop
  endfacet
  facet normal 0 1 -0
    outer loop
      vertex 1.17101 0 14.629
      vertex 0 0 28
      vertex 20.429 0 14.629
    endloop
  endfacet
  facet normal 0 1 0
    outer loop
      vertex 0 0 2
      vertex 1.17101 0 14.629
      vertex 1.17101 0 2.6
    endloop
  endfacet
  facet normal 0 1 0
    outer loop
      vertex 1.17101 0 14.629
      vertex 0 0 2
      vertex 0 0 28
    endloop
  endfacet
  facet normal 0 1 0
    outer loop
      vertex 0 0 2
      vertex 1.17101 0 2.6
      vertex 20.8 0 2
    endloop
  endfacet
  facet normal 0 1 0
    outer loop
      vertex 170.165 0 16.5827
      vertex 172.2 0 28
      vertex 170.321 0 16.5981
    endloop
  endfacet
  facet normal 0 1 0
    outer loop
      vertex 170.011 0 16.552
      vertex 172.2 0 28
      vertex 170.165 0 16.5827
    endloop
  endfacet
  facet normal 0 1 0
    outer loop
      vertex 169.861 0 16.5065
      vertex 172.2 0 28
      vertex 170.011 0 16.552
    endloop
  endfacet
  facet normal 0 1 0
    outer loop
      vertex 169.716 0 16.4464
      vertex 172.2 0 28
      vertex 169.861 0 16.5065
    endloop
  endfacet
  facet normal 0 1 0
    outer loop
      vertex 169.577 0 16.3724
      vertex 172.2 0 28
      vertex 169.716 0 16.4464
    endloop
  endfacet
  facet normal 0 1 0
    outer loop
      vertex 169.447 0 16.2851
      vertex 172.2 0 28
      vertex 169.577 0 16.3724
    endloop
  endfacet
  facet normal 0 1 0
    outer loop
      vertex 169.326 0 16.1855
      vertex 172.2 0 28
      vertex 169.447 0 16.2851
    endloop
  endfacet
  facet normal 0 1 0
    outer loop
      vertex 169.214 0 16.0745
      vertex 172.2 0 28
      vertex 169.326 0 16.1855
    endloop
  endfacet
  facet normal 0 1 0
    outer loop
      vertex 172.2 0 28
      vertex 169.214 0 16.0745
      vertex 154.1 0 13
    endloop
  endfacet
  facet normal 0 1 0
    outer loop
      vertex 154.1 0 13
      vertex 169.214 0 16.0745
      vertex 169.115 0 15.9531
    endloop
  endfacet
  facet normal 0 1 0
    outer loop
      vertex 154.1 0 13
      vertex 169.115 0 15.9531
      vertex 169.028 0 15.8226
    endloop
  endfacet
  facet normal 0 1 0
    outer loop
      vertex 154.1 0 13
      vertex 169.028 0 15.8226
      vertex 168.954 0 15.6841
    endloop
  endfacet
  facet normal 0 1 0
    outer loop
      vertex 154.1 0 13
      vertex 168.954 0 15.6841
      vertex 168.894 0 15.539
    endloop
  endfacet
  facet normal 0 1 0
    outer loop
      vertex 154.1 0 13
      vertex 168.894 0 15.539
      vertex 168.848 0 15.3888
    endloop
  endfacet
  facet normal 0 1 0
    outer loop
      vertex 154.1 0 13
      vertex 168.848 0 15.3888
      vertex 168.817 0 15.2348
    endloop
  endfacet
  facet normal 0 1 0
    outer loop
      vertex 154.1 0 13
      vertex 168.817 0 15.2348
      vertex 168.802 0 15.0785
    endloop
  endfacet
  facet normal 0 1 0
    outer loop
      vertex 154.1 0 13
      vertex 168.802 0 15.0785
      vertex 168.802 0 14.9215
    endloop
  endfacet
  facet normal 0 1 0
    outer loop
      vertex 154.1 0 13
      vertex 168.802 0 14.9215
      vertex 168.817 0 14.7652
    endloop
  endfacet
  facet normal 0 1 0
    outer loop
      vertex 154.1 0 13
      vertex 168.817 0 14.7652
      vertex 168.848 0 14.6112
    endloop
  endfacet
  facet normal 0 1 0
    outer loop
      vertex 154.1 0 13
      vertex 168.848 0 14.6112
      vertex 168.894 0 14.461
    endloop
  endfacet
  facet normal 0 1 0
    outer loop
      vertex 154.1 0 13
      vertex 168.894 0 14.461
      vertex 168.954 0 14.3159
    endloop
  endfacet
  facet normal 0 1 0
    outer loop
      vertex 154.1 0 13
      vertex 168.954 0 14.3159
      vertex 169.028 0 14.1774
    endloop
  endfacet
  facet normal 0 1 0
    outer loop
      vertex 154.1 0 13
      vertex 169.028 0 14.1774
      vertex 169.115 0 14.0469
    endloop
  endfacet
  facet normal 0 1 0
    outer loop
      vertex 154.1 0 13
      vertex 169.115 0 14.0469
      vertex 169.214 0 13.9255
    endloop
  endfacet
  facet normal 0 1 0
    outer loop
      vertex 154.1 0 13
      vertex 169.214 0 13.9255
      vertex 169.326 0 13.8145
    endloop
  endfacet
  facet normal 0 1 0
    outer loop
      vertex 154.1 0 13
      vertex 169.326 0 13.8145
      vertex 169.447 0 13.7149
    endloop
  endfacet
  facet normal 0 1 0
    outer loop
      vertex 154.1 0 13
      vertex 169.447 0 13.7149
      vertex 169.577 0 13.6276
    endloop
  endfacet
  facet normal 0 1 0
    outer loop
      vertex 154.1 0 13
      vertex 169.577 0 13.6276
      vertex 169.716 0 13.5536
    endloop
  endfacet
  facet normal 0 1 0
    outer loop
      vertex 154.1 0 13
      vertex 169.716 0 13.5536
      vertex 169.861 0 13.4935
    endloop
  endfacet
  facet normal 0 1 0
    outer loop
      vertex 154.1 0 13
      vertex 169.861 0 13.4935
      vertex 170.011 0 13.4479
    endloop
  endfacet
  facet normal 0 1 0
    outer loop
      vertex 154.1 0 13
      vertex 170.011 0 13.4479
      vertex 170.165 0 13.4173
    endloop
  endfacet
  facet normal 0 1 0
    outer loop
      vertex 154.1 0 13
      vertex 170.165 0 13.4173
      vertex 170.321 0 13.4019
    endloop
  endfacet
  facet normal 0 1 0
    outer loop
      vertex 153.904 0 12.9904
      vertex 172.2 0 28
      vertex 154.1 0 13
    endloop
  endfacet
  facet normal 0 1 0
    outer loop
      vertex 153.71 0 12.9616
      vertex 172.2 0 28
      vertex 153.904 0 12.9904
    endloop
  endfacet
  facet normal 0 1 -0
    outer loop
      vertex 143.904 0 12.9904
      vertex 133.6 0 18
      vertex 144.1 0 13
    endloop
  endfacet
  facet normal 0 1 -0
    outer loop
      vertex 143.71 0 12.9616
      vertex 133.6 0 18
      vertex 143.904 0 12.9904
    endloop
  endfacet
  facet normal 0 1 -0
    outer loop
      vertex 143.519 0 12.9139
      vertex 133.6 0 18
      vertex 143.71 0 12.9616
    endloop
  endfacet
  facet normal 0 1 -0
    outer loop
      vertex 143.335 0 12.8478
      vertex 133.6 0 18
      vertex 143.519 0 12.9139
    endloop
  endfacet
  facet normal 0 1 -0
    outer loop
      vertex 143.157 0 12.7638
      vertex 133.6 0 18
      vertex 143.335 0 12.8478
    endloop
  endfacet
  facet normal 0 1 -0
    outer loop
      vertex 142.989 0 12.6629
      vertex 133.6 0 18
      vertex 143.157 0 12.7638
    endloop
  endfacet
  facet normal 0 1 -0
    outer loop
      vertex 142.831 0 12.546
      vertex 133.6 0 18
      vertex 142.989 0 12.6629
    endloop
  endfacet
  facet normal 0 1 -0
    outer loop
      vertex 142.686 0 12.4142
      vertex 133.6 0 18
      vertex 142.831 0 12.546
    endloop
  endfacet
  facet normal 0 1 -0
    outer loop
      vertex 142.554 0 12.2688
      vertex 133.6 0 18
      vertex 142.686 0 12.4142
    endloop
  endfacet
  facet normal 0 1 -0
    outer loop
      vertex 142.437 0 12.1111
      vertex 133.6 0 18
      vertex 142.554 0 12.2688
    endloop
  endfacet
  facet normal 0 1 -0
    outer loop
      vertex 142.336 0 11.9428
      vertex 133.6 0 18
      vertex 142.437 0 12.1111
    endloop
  endfacet
  facet normal 0 1 -0
    outer loop
      vertex 142.252 0 11.7654
      vertex 133.6 0 18
      vertex 142.336 0 11.9428
    endloop
  endfacet
  facet normal 0 1 -0
    outer loop
      vertex 142.186 0 11.5806
      vertex 133.6 0 18
      vertex 142.252 0 11.7654
    endloop
  endfacet
  facet normal 0 1 -0
    outer loop
      vertex 142.138 0 11.3902
      vertex 133.6 0 18
      vertex 142.186 0 11.5806
    endloop
  endfacet
  facet normal 0 1 -0
    outer loop
      vertex 142.11 0 11.196
      vertex 133.6 0 18
      vertex 142.138 0 11.3902
    endloop
  endfacet
  facet normal 0 1 -0
    outer loop
      vertex 142.1 0 11
      vertex 133.6 0 18
      vertex 142.11 0 11.196
    endloop
  endfacet
  facet normal 0 1 0
    outer loop
      vertex 142.11 0 10.804
      vertex 133.6 0 18
      vertex 142.1 0 11
    endloop
  endfacet
  facet normal 0 1 0
    outer loop
      vertex 133.6 0 2.6
      vertex 142.11 0 10.804
      vertex 142.138 0 10.6098
    endloop
  endfacet
  facet normal 0 1 0
    outer loop
      vertex 133.6 0 2.6
      vertex 142.138 0 10.6098
      vertex 142.186 0 10.4194
    endloop
  endfacet
  facet normal 0 1 0
    outer loop
      vertex 133.6 0 2.6
      vertex 142.186 0 10.4194
      vertex 142.252 0 10.2346
    endloop
  endfacet
  facet normal 0 1 0
    outer loop
      vertex 133.6 0 2.6
      vertex 142.252 0 10.2346
      vertex 142.336 0 10.0572
    endloop
  endfacet
  facet normal 0 1 0
    outer loop
      vertex 133.6 0 2.6
      vertex 142.336 0 10.0572
      vertex 142.437 0 9.88886
    endloop
  endfacet
  facet normal 0 1 0
    outer loop
      vertex 133.6 0 2.6
      vertex 142.437 0 9.88886
      vertex 142.554 0 9.73121
    endloop
  endfacet
  facet normal 0 1 0
    outer loop
      vertex 133.6 0 2.6
      vertex 142.554 0 9.73121
      vertex 142.686 0 9.58579
    endloop
  endfacet
  facet normal 0 1 0
    outer loop
      vertex 142.11 0 10.804
      vertex 133.6 0 2.6
      vertex 133.6 0 18
    endloop
  endfacet
  facet normal 0 1 0
    outer loop
      vertex 142.831 0 9.45398
      vertex 133.6 0 2.6
      vertex 142.686 0 9.58579
    endloop
  endfacet
  facet normal 0 1 0
    outer loop
      vertex 142.989 0 9.33706
      vertex 133.6 0 2.6
      vertex 142.831 0 9.45398
    endloop
  endfacet
  facet normal 0 1 0
    outer loop
      vertex 143.157 0 9.23616
      vertex 133.6 0 2.6
      vertex 142.989 0 9.33706
    endloop
  endfacet
  facet normal 0 1 0
    outer loop
      vertex 143.335 0 9.15224
      vertex 133.6 0 2.6
      vertex 143.157 0 9.23616
    endloop
  endfacet
  facet normal 0 1 0
    outer loop
      vertex 143.519 0 9.08612
      vertex 133.6 0 2.6
      vertex 143.335 0 9.15224
    endloop
  endfacet
  facet normal 0 1 0
    outer loop
      vertex 143.71 0 9.03843
      vertex 133.6 0 2.6
      vertex 143.519 0 9.08612
    endloop
  endfacet
  facet normal 0 1 0
    outer loop
      vertex 143.904 0 9.00963
      vertex 133.6 0 2.6
      vertex 143.71 0 9.03843
    endloop
  endfacet
  facet normal 0 1 0
    outer loop
      vertex 133.6 0 2.6
      vertex 143.904 0 9.00963
      vertex 144.1 0 9
    endloop
  endfacet
  facet normal 0 1 0
    outer loop
      vertex 104.8 0 18
      vertex 20.8 0 14
      vertex 20.429 0 14.629
    endloop
  endfacet
  facet normal 0 1 0
    outer loop
      vertex 20.8 0 14
      vertex 20.429 0 2.6
      vertex 20.429 0 14.629
    endloop
  endfacet
  facet normal 0 1 0
    outer loop
      vertex 20.429 0 2.6
      vertex 20.8 0 2
      vertex 1.17101 0 2.6
    endloop
  endfacet
  facet normal 0 1 -0
    outer loop
      vertex 20.8 0 2
      vertex 20.429 0 2.6
      vertex 20.8 0 14
    endloop
  endfacet
  facet normal 0 1 -0
    outer loop
      vertex 172.2 0 30.0033
      vertex 0 0 31
      vertex 172.2 0 31
    endloop
  endfacet
  facet normal 0 1 0
    outer loop
      vertex 0 0 31
      vertex 172.2 0 30.0033
      vertex 0 0 30.0033
    endloop
  endfacet
  facet normal -1 0 0
    outer loop
      vertex 133.6 -2.4 2.6
      vertex 133.6 0 18
      vertex 133.6 0 2.6
    endloop
  endfacet
  facet normal -1 -0 0
    outer loop
      vertex 133.6 0 18
      vertex 133.6 -2.4 2.6
      vertex 133.6 -2.4 18
    endloop
  endfacet
  facet normal 0 0 -1
    outer loop
      vertex 104.8 -2.4 18
      vertex 133.6 0 18
      vertex 133.6 -2.4 18
    endloop
  endfacet
  facet normal -0 0 -1
    outer loop
      vertex 133.6 0 18
      vertex 104.8 -2.4 18
      vertex 104.8 0 18
    endloop
  endfacet
  facet normal -0 0 1
    outer loop
      vertex 104.8 0 2.6
      vertex 133.6 -2.4 2.6
      vertex 133.6 0 2.6
    endloop
  endfacet
  facet normal 0 0 1
    outer loop
      vertex 133.6 -2.4 2.6
      vertex 104.8 0 2.6
      vertex 104.8 -2.4 2.6
    endloop
  endfacet
  facet normal 1 -0 0
    outer loop
      vertex 104.8 -2.4 18
      vertex 104.8 0 2.6
      vertex 104.8 0 18
    endloop
  endfacet
  facet normal 1 0 0
    outer loop
      vertex 104.8 0 2.6
      vertex 104.8 -2.4 18
      vertex 104.8 -2.4 2.6
    endloop
  endfacet
  facet normal 0 1 -0
    outer loop
      vertex 133.6 -2.4 2.6
      vertex 104.8 -2.4 18
      vertex 133.6 -2.4 18
    endloop
  endfacet
  facet normal 0 1 0
    outer loop
      vertex 104.8 -2.4 18
      vertex 133.6 -2.4 2.6
      vertex 104.8 -2.4 2.6
    endloop
  endfacet
  facet normal 1 -0 0
    outer loop
      vertex 129.6 4.8 12
      vertex 129.6 8.8 2
      vertex 129.6 8.8 12
    endloop
  endfacet
  facet normal 1 0 0
    outer loop
      vertex 129.6 8.8 2
      vertex 129.6 4.8 12
      vertex 129.6 4.8 2
    endloop
  endfacet
  facet normal -0 0 1
    outer loop
      vertex 127.6 8.8 12
      vertex 129.6 4.8 12
      vertex 129.6 8.8 12
    endloop
  endfacet
  facet normal 0 0 1
    outer loop
      vertex 129.6 4.8 12
      vertex 127.6 8.8 12
      vertex 127.6 4.8 12
    endloop
  endfacet
  facet normal -1 0 0
    outer loop
      vertex 127.6 4.8 2
      vertex 127.6 8.8 12
      vertex 127.6 8.8 2
    endloop
  endfacet
  facet normal -1 -0 0
    outer loop
      vertex 127.6 8.8 12
      vertex 127.6 4.8 2
      vertex 127.6 4.8 12
    endloop
  endfacet
  facet normal 0 1 -0
    outer loop
      vertex 129.6 8.8 2
      vertex 127.6 8.8 12
      vertex 129.6 8.8 12
    endloop
  endfacet
  facet normal 0 1 0
    outer loop
      vertex 127.6 8.8 12
      vertex 129.6 8.8 2
      vertex 127.6 8.8 2
    endloop
  endfacet
  facet normal 0 -1 0
    outer loop
      vertex 127.6 4.8 2
      vertex 129.6 4.8 12
      vertex 127.6 4.8 12
    endloop
  endfacet
  facet normal 0 -1 -0
    outer loop
      vertex 129.6 4.8 12
      vertex 127.6 4.8 2
      vertex 129.6 4.8 2
    endloop
  endfacet
  facet normal 1 -0 0
    outer loop
      vertex 129.6 68.6 12
      vertex 129.6 72.6 2
      vertex 129.6 72.6 12
    endloop
  endfacet
  facet normal 1 0 0
    outer loop
      vertex 129.6 72.6 2
      vertex 129.6 68.6 12
      vertex 129.6 68.6 2
    endloop
  endfacet
  facet normal -0 0 1
    outer loop
      vertex 127.6 72.6 12
      vertex 129.6 68.6 12
      vertex 129.6 72.6 12
    endloop
  endfacet
  facet normal 0 0 1
    outer loop
      vertex 129.6 68.6 12
      vertex 127.6 72.6 12
      vertex 127.6 68.6 12
    endloop
  endfacet
  facet normal -1 0 0
    outer loop
      vertex 127.6 68.6 2
      vertex 127.6 72.6 12
      vertex 127.6 72.6 2
    endloop
  endfacet
  facet normal -1 -0 0
    outer loop
      vertex 127.6 72.6 12
      vertex 127.6 68.6 2
      vertex 127.6 68.6 12
    endloop
  endfacet
  facet normal 0 1 -0
    outer loop
      vertex 129.6 72.6 2
      vertex 127.6 72.6 12
      vertex 129.6 72.6 12
    endloop
  endfacet
  facet normal 0 1 0
    outer loop
      vertex 127.6 72.6 12
      vertex 129.6 72.6 2
      vertex 127.6 72.6 2
    endloop
  endfacet
  facet normal 0 -1 0
    outer loop
      vertex 127.6 68.6 2
      vertex 129.6 68.6 12
      vertex 127.6 68.6 12
    endloop
  endfacet
  facet normal 0 -1 -0
    outer loop
      vertex 129.6 68.6 12
      vertex 127.6 68.6 2
      vertex 129.6 68.6 2
    endloop
  endfacet
  facet normal 1 0 0
    outer loop
      vertex 152.1 17 8
      vertex 152.1 13.5 5.19
      vertex 152.1 17 2
    endloop
  endfacet
  facet normal 1 0 0
    outer loop
      vertex 152.1 17 8
      vertex 152.1 6.5 5.19
      vertex 152.1 13.5 5.19
    endloop
  endfacet
  facet normal 1 -0 0
    outer loop
      vertex 152.1 3 8
      vertex 152.1 6.5 5.19
      vertex 152.1 17 8
    endloop
  endfacet
  facet normal 1 0 0
    outer loop
      vertex 152.1 3 2
      vertex 152.1 6.5 5.19
      vertex 152.1 3 8
    endloop
  endfacet
  facet normal 1 0 0
    outer loop
      vertex 152.1 6.5 5.19
      vertex 152.1 3 2
      vertex 152.1 6.5 2
    endloop
  endfacet
  facet normal 1 0 0
    outer loop
      vertex 152.1 17 2
      vertex 152.1 13.5 5.19
      vertex 152.1 13.5 2
    endloop
  endfacet
  facet normal -0 0 1
    outer loop
      vertex 146.1 17 8
      vertex 152.1 3 8
      vertex 152.1 17 8
    endloop
  endfacet
  facet normal 0 0 1
    outer loop
      vertex 152.1 3 8
      vertex 146.1 17 8
      vertex 146.1 3 8
    endloop
  endfacet
  facet normal -1 0 0
    outer loop
      vertex 146.1 6.5 2
      vertex 146.1 3 2
      vertex 146.1 6.5 5.19
    endloop
  endfacet
  facet normal -1 0 0
    outer loop
      vertex 146.1 13.5 5.19
      vertex 146.1 17 2
      vertex 146.1 13.5 2
    endloop
  endfacet
  facet normal -1 0 0
    outer loop
      vertex 146.1 17 2
      vertex 146.1 13.5 5.19
      vertex 146.1 17 8
    endloop
  endfacet
  facet normal -1 0 0
    outer loop
      vertex 146.1 6.5 5.19
      vertex 146.1 17 8
      vertex 146.1 13.5 5.19
    endloop
  endfacet
  facet normal -1 0 0
    outer loop
      vertex 146.1 6.5 5.19
      vertex 146.1 3 8
      vertex 146.1 17 8
    endloop
  endfacet
  facet normal -1 0 0
    outer loop
      vertex 146.1 3 8
      vertex 146.1 6.5 5.19
      vertex 146.1 3 2
    endloop
  endfacet
  facet normal 0 1 -0
    outer loop
      vertex 152.1 17 2
      vertex 146.1 17 8
      vertex 152.1 17 8
    endloop
  endfacet
  facet normal 0 1 0
    outer loop
      vertex 146.1 17 8
      vertex 152.1 17 2
      vertex 146.1 17 2
    endloop
  endfacet
  facet normal 0 -1 0
    outer loop
      vertex 146.1 3 2
      vertex 152.1 3 8
      vertex 146.1 3 8
    endloop
  endfacet
  facet normal 0 -1 -0
    outer loop
      vertex 152.1 3 8
      vertex 146.1 3 2
      vertex 152.1 3 2
    endloop
  endfacet
  facet normal 0 0 -1
    outer loop
      vertex 146.1 6.5 5.19
      vertex 152.1 13.5 5.19
      vertex 152.1 6.5 5.19
    endloop
  endfacet
  facet normal -0 0 -1
    outer loop
      vertex 152.1 13.5 5.19
      vertex 146.1 6.5 5.19
      vertex 146.1 13.5 5.19
    endloop
  endfacet
  facet normal 0 -1 0
    outer loop
      vertex 146.1 13.5 2
      vertex 152.1 13.5 5.19
      vertex 146.1 13.5 5.19
    endloop
  endfacet
  facet normal 0 -1 -0
    outer loop
      vertex 152.1 13.5 5.19
      vertex 146.1 13.5 2
      vertex 152.1 13.5 2
    endloop
  endfacet
  facet normal 0 1 -0
    outer loop
      vertex 152.1 6.5 2
      vertex 146.1 6.5 5.19
      vertex 152.1 6.5 5.19
    endloop
  endfacet
  facet normal 0 1 0
    outer loop
      vertex 146.1 6.5 5.19
      vertex 152.1 6.5 2
      vertex 146.1 6.5 2
    endloop
  endfacet
  facet normal 1 -0 0
    outer loop
      vertex 102.8 0 14
      vertex 102.8 2 2
      vertex 102.8 2 14
    endloop
  endfacet
  facet normal 1 0 0
    outer loop
      vertex 102.8 2 2
      vertex 102.8 0 14
      vertex 102.8 0 2
    endloop
  endfacet
  facet normal -0 0 1
    outer loop
      vertex 20.8 2 14
      vertex 102.8 0 14
      vertex 102.8 2 14
    endloop
  endfacet
  facet normal 0 0 1
    outer loop
      vertex 102.8 0 14
      vertex 20.8 2 14
      vertex 20.8 0 14
    endloop
  endfacet
  facet normal -1 0 0
    outer loop
      vertex 20.8 0 2
      vertex 20.8 2 14
      vertex 20.8 2 2
    endloop
  endfacet
  facet normal -1 -0 0
    outer loop
      vertex 20.8 2 14
      vertex 20.8 0 2
      vertex 20.8 0 14
    endloop
  endfacet
  facet normal 0 1 -0
    outer loop
      vertex 102.8 2 2
      vertex 20.8 2 14
      vertex 102.8 2 14
    endloop
  endfacet
  facet normal 0 1 0
    outer loop
      vertex 20.8 2 14
      vertex 102.8 2 2
      vertex 20.8 2 2
    endloop
  endfacet
  facet normal 1 -0 0
    outer loop
      vertex 126.8 74.6 14
      vertex 126.8 79.6 2
      vertex 126.8 79.6 14
    endloop
  endfacet
  facet normal 1 0 0
    outer loop
      vertex 126.8 79.6 2
      vertex 126.8 74.6 14
      vertex 126.8 74.6 2
    endloop
  endfacet
  facet normal -0 0 1
    outer loop
      vertex 0.799999 79.6 14
      vertex 126.8 74.6 14
      vertex 126.8 79.6 14
    endloop
  endfacet
  facet normal 0 0 1
    outer loop
      vertex 126.8 74.6 14
      vertex 0.799999 79.6 14
      vertex 0.799999 74.6 14
    endloop
  endfacet
  facet normal -1 0 0
    outer loop
      vertex 0.799999 74.6 2
      vertex 0.799999 79.6 14
      vertex 0.799999 79.6 2
    endloop
  endfacet
  facet normal -1 -0 0
    outer loop
      vertex 0.799999 79.6 14
      vertex 0.799999 74.6 2
      vertex 0.799999 74.6 14
    endloop
  endfacet
  facet normal 0 -1 0
    outer loop
      vertex 0.799999 74.6 2
      vertex 126.8 74.6 14
      vertex 0.799999 74.6 14
    endloop
  endfacet
  facet normal 0 -1 -0
    outer loop
      vertex 126.8 74.6 14
      vertex 0.799999 74.6 2
      vertex 126.8 74.6 2
    endloop
  endfacet
endsolid OpenSCAD_Model
