solid OpenSCAD_Model
  facet normal 1 -0 0
    outer loop
      vertex 168.3 -82.3 6
      vertex 168.3 -0.299999 3
      vertex 168.3 -0.299999 6
    endloop
  endfacet
  facet normal 1 0 0
    outer loop
      vertex 168.3 -0.299999 3
      vertex 168.3 -82.3 6
      vertex 168.3 -82.3 3
    endloop
  endfacet
  facet normal -0 0 1
    outer loop
      vertex 10.8 -28.3 3
      vertex 116.8 -54.3 3
      vertex 116.8 -28.3 3
    endloop
  endfacet
  facet normal 0 0 1
    outer loop
      vertex 116.8 -54.3 3
      vertex 10.8 -28.3 3
      vertex 10.8 -54.3 3
    endloop
  endfacet
  facet normal 0 0 1
    outer loop
      vertex 116.8 -26.3 3
      vertex 140.1 -2.9 3
      vertex 140.1 -1.9 3
    endloop
  endfacet
  facet normal 0 0 1
    outer loop
      vertex 140.1 -2.9 3
      vertex 116.8 -26.3 3
      vertex 139.788 -35.0776 3
    endloop
  endfacet
  facet normal -0 0 1
    outer loop
      vertex 116.8 -28.3 3
      vertex 139.788 -35.0776 3
      vertex 116.8 -26.3 3
    endloop
  endfacet
  facet normal 0 0 1
    outer loop
      vertex 139.788 -35.0776 3
      vertex 116.8 -28.3 3
      vertex 139.222 -36.0204 3
    endloop
  endfacet
  facet normal 0 0 1
    outer loop
      vertex 139.222 -36.0204 3
      vertex 116.8 -28.3 3
      vertex 138.753 -37.0139 3
    endloop
  endfacet
  facet normal 0 0 1
    outer loop
      vertex 138.753 -37.0139 3
      vertex 116.8 -28.3 3
      vertex 138.382 -38.0488 3
    endloop
  endfacet
  facet normal 0 0 1
    outer loop
      vertex 138.115 -39.115 3
      vertex 116.8 -28.3 3
      vertex 137.954 -40.2022 3
    endloop
  endfacet
  facet normal 0 0 1
    outer loop
      vertex 138.382 -38.0488 3
      vertex 116.8 -28.3 3
      vertex 138.115 -39.115 3
    endloop
  endfacet
  facet normal -0 0 1
    outer loop
      vertex 1.9 -1.9 3
      vertex 116.8 -26.3 3
      vertex 140.1 -1.9 3
    endloop
  endfacet
  facet normal 0 0 1
    outer loop
      vertex 1.9 -1.9 3
      vertex 10.8 -28.3 3
      vertex 10.8 -26.3 3
    endloop
  endfacet
  facet normal 0 0 1
    outer loop
      vertex 10.8 -28.3 3
      vertex 1.9 -1.9 3
      vertex 10.8 -54.3 3
    endloop
  endfacet
  facet normal 0 0 1
    outer loop
      vertex 1.9 -80.7 3
      vertex 10.8 -54.3 3
      vertex 1.9 -1.9 3
    endloop
  endfacet
  facet normal 0 0 1
    outer loop
      vertex 116.8 -26.3 3
      vertex 1.9 -1.9 3
      vertex 10.8 -26.3 3
    endloop
  endfacet
  facet normal 0 0 1
    outer loop
      vertex 166.7 -1.9 3
      vertex 160.3 -41.3 3
      vertex 166.7 -80.7 3
    endloop
  endfacet
  facet normal 0 0 1
    outer loop
      vertex 166.7 -1.9 3
      vertex 160.246 -40.2022 3
      vertex 160.3 -41.3 3
    endloop
  endfacet
  facet normal 0 0 1
    outer loop
      vertex 166.7 -1.9 3
      vertex 160.085 -39.115 3
      vertex 160.246 -40.2022 3
    endloop
  endfacet
  facet normal 0 0 1
    outer loop
      vertex 166.7 -1.9 3
      vertex 159.818 -38.0488 3
      vertex 160.085 -39.115 3
    endloop
  endfacet
  facet normal 0 0 1
    outer loop
      vertex 166.7 -1.9 3
      vertex 159.447 -37.0139 3
      vertex 159.818 -38.0488 3
    endloop
  endfacet
  facet normal 0 0 1
    outer loop
      vertex 166.7 -1.9 3
      vertex 158.978 -36.0204 3
      vertex 159.447 -37.0139 3
    endloop
  endfacet
  facet normal 0 0 1
    outer loop
      vertex 166.7 -1.9 3
      vertex 158.412 -35.0776 3
      vertex 158.978 -36.0204 3
    endloop
  endfacet
  facet normal 0 0 1
    outer loop
      vertex 158.1 -2.9 3
      vertex 166.7 -1.9 3
      vertex 158.1 -1.9 3
    endloop
  endfacet
  facet normal 0 0 1
    outer loop
      vertex 155.322 -31.9875 3
      vertex 166.7 -1.9 3
      vertex 158.1 -2.9 3
    endloop
  endfacet
  facet normal 0 0 1
    outer loop
      vertex 166.7 -1.9 3
      vertex 157.758 -34.1948 3
      vertex 158.412 -35.0776 3
    endloop
  endfacet
  facet normal 0 0 1
    outer loop
      vertex 166.7 -1.9 3
      vertex 157.02 -33.3804 3
      vertex 157.758 -34.1948 3
    endloop
  endfacet
  facet normal 0 0 1
    outer loop
      vertex 166.7 -1.9 3
      vertex 156.205 -32.6423 3
      vertex 157.02 -33.3804 3
    endloop
  endfacet
  facet normal 0 0 1
    outer loop
      vertex 166.7 -1.9 3
      vertex 155.322 -31.9875 3
      vertex 156.205 -32.6423 3
    endloop
  endfacet
  facet normal 0 0 1
    outer loop
      vertex 158.1 -2.9 3
      vertex 154.38 -31.4225 3
      vertex 155.322 -31.9875 3
    endloop
  endfacet
  facet normal 0 0 1
    outer loop
      vertex 158.1 -2.9 3
      vertex 153.386 -30.9525 3
      vertex 154.38 -31.4225 3
    endloop
  endfacet
  facet normal 0 0 1
    outer loop
      vertex 158.1 -2.9 3
      vertex 152.351 -30.5823 3
      vertex 153.386 -30.9525 3
    endloop
  endfacet
  facet normal 0 0 1
    outer loop
      vertex 158.1 -2.9 3
      vertex 151.285 -30.3152 3
      vertex 152.351 -30.5823 3
    endloop
  endfacet
  facet normal 0 0 1
    outer loop
      vertex 158.1 -2.9 3
      vertex 150.198 -30.1539 3
      vertex 151.285 -30.3152 3
    endloop
  endfacet
  facet normal 0 0 1
    outer loop
      vertex 158.1 -2.9 3
      vertex 149.1 -30.1 3
      vertex 150.198 -30.1539 3
    endloop
  endfacet
  facet normal -0 0 1
    outer loop
      vertex 140.1 -2.9 3
      vertex 149.1 -30.1 3
      vertex 158.1 -2.9 3
    endloop
  endfacet
  facet normal 0 0 1
    outer loop
      vertex 149.1 -30.1 3
      vertex 140.1 -2.9 3
      vertex 148.002 -30.1539 3
    endloop
  endfacet
  facet normal 0 0 1
    outer loop
      vertex 148.002 -30.1539 3
      vertex 140.1 -2.9 3
      vertex 146.915 -30.3152 3
    endloop
  endfacet
  facet normal 0 0 1
    outer loop
      vertex 146.915 -30.3152 3
      vertex 140.1 -2.9 3
      vertex 145.849 -30.5823 3
    endloop
  endfacet
  facet normal 0 0 1
    outer loop
      vertex 145.849 -30.5823 3
      vertex 140.1 -2.9 3
      vertex 144.814 -30.9525 3
    endloop
  endfacet
  facet normal 0 0 1
    outer loop
      vertex 144.814 -30.9525 3
      vertex 140.1 -2.9 3
      vertex 143.82 -31.4225 3
    endloop
  endfacet
  facet normal 0 0 1
    outer loop
      vertex 143.82 -31.4225 3
      vertex 140.1 -2.9 3
      vertex 142.878 -31.9875 3
    endloop
  endfacet
  facet normal 0 0 1
    outer loop
      vertex 142.878 -31.9875 3
      vertex 140.1 -2.9 3
      vertex 141.995 -32.6423 3
    endloop
  endfacet
  facet normal 0 0 1
    outer loop
      vertex 141.995 -32.6423 3
      vertex 140.1 -2.9 3
      vertex 141.18 -33.3804 3
    endloop
  endfacet
  facet normal 0 0 1
    outer loop
      vertex 141.18 -33.3804 3
      vertex 140.1 -2.9 3
      vertex 140.442 -34.1948 3
    endloop
  endfacet
  facet normal 0 0 1
    outer loop
      vertex 140.442 -34.1948 3
      vertex 140.1 -2.9 3
      vertex 139.788 -35.0776 3
    endloop
  endfacet
  facet normal -0 0 1
    outer loop
      vertex 160.246 -42.3978 3
      vertex 166.7 -80.7 3
      vertex 160.3 -41.3 3
    endloop
  endfacet
  facet normal -0 0 1
    outer loop
      vertex 160.085 -43.485 3
      vertex 166.7 -80.7 3
      vertex 160.246 -42.3978 3
    endloop
  endfacet
  facet normal -0 0 1
    outer loop
      vertex 159.818 -44.5512 3
      vertex 166.7 -80.7 3
      vertex 160.085 -43.485 3
    endloop
  endfacet
  facet normal -0 0 1
    outer loop
      vertex 159.447 -45.5861 3
      vertex 166.7 -80.7 3
      vertex 159.818 -44.5512 3
    endloop
  endfacet
  facet normal -0 0 1
    outer loop
      vertex 158.978 -46.5796 3
      vertex 166.7 -80.7 3
      vertex 159.447 -45.5861 3
    endloop
  endfacet
  facet normal -0 0 1
    outer loop
      vertex 158.412 -47.5224 3
      vertex 166.7 -80.7 3
      vertex 158.978 -46.5796 3
    endloop
  endfacet
  facet normal -0 0 1
    outer loop
      vertex 157.758 -48.4052 3
      vertex 166.7 -80.7 3
      vertex 158.412 -47.5224 3
    endloop
  endfacet
  facet normal -0 0 1
    outer loop
      vertex 157.02 -49.2196 3
      vertex 166.7 -80.7 3
      vertex 157.758 -48.4052 3
    endloop
  endfacet
  facet normal -0 0 1
    outer loop
      vertex 156.205 -49.9577 3
      vertex 166.7 -80.7 3
      vertex 157.02 -49.2196 3
    endloop
  endfacet
  facet normal -0 0 1
    outer loop
      vertex 155.322 -50.6125 3
      vertex 166.7 -80.7 3
      vertex 156.205 -49.9577 3
    endloop
  endfacet
  facet normal -0 0 1
    outer loop
      vertex 154.38 -51.1775 3
      vertex 166.7 -80.7 3
      vertex 155.322 -50.6125 3
    endloop
  endfacet
  facet normal -0 0 1
    outer loop
      vertex 153.386 -51.6474 3
      vertex 166.7 -80.7 3
      vertex 154.38 -51.1775 3
    endloop
  endfacet
  facet normal -0 0 1
    outer loop
      vertex 152.351 -52.0177 3
      vertex 166.7 -80.7 3
      vertex 153.386 -51.6474 3
    endloop
  endfacet
  facet normal -0 0 1
    outer loop
      vertex 151.285 -52.2848 3
      vertex 166.7 -80.7 3
      vertex 152.351 -52.0177 3
    endloop
  endfacet
  facet normal -0 0 1
    outer loop
      vertex 150.198 -52.4461 3
      vertex 166.7 -80.7 3
      vertex 151.285 -52.2848 3
    endloop
  endfacet
  facet normal -0 0 1
    outer loop
      vertex 149.1 -52.5 3
      vertex 166.7 -80.7 3
      vertex 150.198 -52.4461 3
    endloop
  endfacet
  facet normal 0 0 1
    outer loop
      vertex 148.002 -52.4461 3
      vertex 166.7 -80.7 3
      vertex 149.1 -52.5 3
    endloop
  endfacet
  facet normal 0 0 1
    outer loop
      vertex 146.915 -52.2848 3
      vertex 166.7 -80.7 3
      vertex 148.002 -52.4461 3
    endloop
  endfacet
  facet normal 0 0 1
    outer loop
      vertex 145.849 -52.0177 3
      vertex 166.7 -80.7 3
      vertex 146.915 -52.2848 3
    endloop
  endfacet
  facet normal 0 0 1
    outer loop
      vertex 116.8 -56.3 3
      vertex 145.849 -52.0177 3
      vertex 144.814 -51.6474 3
    endloop
  endfacet
  facet normal 0 0 1
    outer loop
      vertex 116.8 -56.3 3
      vertex 144.814 -51.6474 3
      vertex 143.82 -51.1775 3
    endloop
  endfacet
  facet normal 0 0 1
    outer loop
      vertex 116.8 -56.3 3
      vertex 143.82 -51.1775 3
      vertex 142.878 -50.6125 3
    endloop
  endfacet
  facet normal 0 0 1
    outer loop
      vertex 116.8 -56.3 3
      vertex 142.878 -50.6125 3
      vertex 141.995 -49.9577 3
    endloop
  endfacet
  facet normal 0 0 1
    outer loop
      vertex 116.8 -56.3 3
      vertex 141.995 -49.9577 3
      vertex 141.18 -49.2196 3
    endloop
  endfacet
  facet normal 0 0 1
    outer loop
      vertex 116.8 -56.3 3
      vertex 141.18 -49.2196 3
      vertex 140.442 -48.4052 3
    endloop
  endfacet
  facet normal 0 0 1
    outer loop
      vertex 137.954 -40.2022 3
      vertex 116.8 -28.3 3
      vertex 137.9 -41.3 3
    endloop
  endfacet
  facet normal 0 0 1
    outer loop
      vertex 116.8 -54.3 3
      vertex 137.9 -41.3 3
      vertex 116.8 -28.3 3
    endloop
  endfacet
  facet normal 0 0 1
    outer loop
      vertex 137.9 -41.3 3
      vertex 116.8 -54.3 3
      vertex 137.954 -42.3978 3
    endloop
  endfacet
  facet normal 0 0 1
    outer loop
      vertex 137.954 -42.3978 3
      vertex 116.8 -54.3 3
      vertex 138.115 -43.485 3
    endloop
  endfacet
  facet normal 0 0 1
    outer loop
      vertex 138.115 -43.485 3
      vertex 116.8 -54.3 3
      vertex 138.382 -44.5512 3
    endloop
  endfacet
  facet normal 0 0 1
    outer loop
      vertex 138.382 -44.5512 3
      vertex 116.8 -54.3 3
      vertex 138.753 -45.5861 3
    endloop
  endfacet
  facet normal 0 0 1
    outer loop
      vertex 138.753 -45.5861 3
      vertex 116.8 -54.3 3
      vertex 139.222 -46.5796 3
    endloop
  endfacet
  facet normal 0 0 1
    outer loop
      vertex 139.222 -46.5796 3
      vertex 116.8 -54.3 3
      vertex 139.788 -47.5224 3
    endloop
  endfacet
  facet normal 0 0 1
    outer loop
      vertex 116.8 -56.3 3
      vertex 139.788 -47.5224 3
      vertex 116.8 -54.3 3
    endloop
  endfacet
  facet normal 0 0 1
    outer loop
      vertex 139.788 -47.5224 3
      vertex 116.8 -56.3 3
      vertex 140.442 -48.4052 3
    endloop
  endfacet
  facet normal 0 0 1
    outer loop
      vertex 145.849 -52.0177 3
      vertex 116.8 -56.3 3
      vertex 166.7 -80.7 3
    endloop
  endfacet
  facet normal 0 0 1
    outer loop
      vertex 1.9 -80.7 3
      vertex 116.8 -56.3 3
      vertex 10.8 -56.3 3
    endloop
  endfacet
  facet normal 0 0 1
    outer loop
      vertex 116.8 -56.3 3
      vertex 1.9 -80.7 3
      vertex 166.7 -80.7 3
    endloop
  endfacet
  facet normal 0 0 1
    outer loop
      vertex 10.8 -54.3 3
      vertex 1.9 -80.7 3
      vertex 10.8 -56.3 3
    endloop
  endfacet
  facet normal 0 0 1
    outer loop
      vertex 1.55573 2.39999 3
      vertex 1.59999 3 3
      vertex 1.57784 3.45087 3
    endloop
  endfacet
  facet normal 0 0 1
    outer loop
      vertex 1.59999 3 3
      vertex 1.55573 2.39999 3
      vertex 1.57784 2.54912 3
    endloop
  endfacet
  facet normal 0 -0 1
    outer loop
      vertex 1.55573 2.39999 3
      vertex 1.57784 3.45087 3
      vertex 1.51161 3.89742 3
    endloop
  endfacet
  facet normal 0 0 1
    outer loop
      vertex 173.3 3 3
      vertex 176.2 3 3
      vertex 176.178 3.45087 3
    endloop
  endfacet
  facet normal 0 0 1
    outer loop
      vertex 173.292 3.16663 3
      vertex 176.178 3.45087 3
      vertex 176.112 3.89742 3
    endloop
  endfacet
  facet normal 0 0 1
    outer loop
      vertex 176.2 3 3
      vertex 173.3 3 3
      vertex 176.178 2.54912 3
    endloop
  endfacet
  facet normal 0 0 1
    outer loop
      vertex 173.267 3.33165 3
      vertex 176.112 3.89742 3
      vertex 176.002 4.3353 3
    endloop
  endfacet
  facet normal -0 0 1
    outer loop
      vertex 173.292 2.83337 3
      vertex 176.178 2.54912 3
      vertex 173.3 3 3
    endloop
  endfacet
  facet normal 0 0 1
    outer loop
      vertex 173.227 3.49348 3
      vertex 176.002 4.3353 3
      vertex 175.85 4.76033 3
    endloop
  endfacet
  facet normal 0 0 1
    outer loop
      vertex 176.178 2.54912 3
      vertex 173.292 2.83337 3
      vertex 176.112 2.10257 3
    endloop
  endfacet
  facet normal 0 0 1
    outer loop
      vertex 173.171 3.65056 3
      vertex 175.85 4.76033 3
      vertex 175.657 5.16841 3
    endloop
  endfacet
  facet normal -0 0 1
    outer loop
      vertex 173.267 2.66835 3
      vertex 176.112 2.10257 3
      vertex 173.292 2.83337 3
    endloop
  endfacet
  facet normal 0 0 1
    outer loop
      vertex 173.099 3.80137 3
      vertex 175.657 5.16841 3
      vertex 175.425 5.55562 3
    endloop
  endfacet
  facet normal 0 0 1
    outer loop
      vertex 176.112 2.10257 3
      vertex 173.267 2.66835 3
      vertex 176.002 1.66469 3
    endloop
  endfacet
  facet normal 0 0 1
    outer loop
      vertex 173.014 3.94447 3
      vertex 175.425 5.55562 3
      vertex 175.156 5.9182 3
    endloop
  endfacet
  facet normal -0 0 1
    outer loop
      vertex 173.227 2.50652 3
      vertex 176.002 1.66469 3
      vertex 173.267 2.66835 3
    endloop
  endfacet
  facet normal 0 0 1
    outer loop
      vertex 172.914 4.07847 3
      vertex 175.156 5.9182 3
      vertex 174.853 6.25269 3
    endloop
  endfacet
  facet normal 0 0 1
    outer loop
      vertex 176.002 1.66469 3
      vertex 173.227 2.50652 3
      vertex 175.85 1.23965 3
    endloop
  endfacet
  facet normal 0 0 1
    outer loop
      vertex 172.802 4.20208 3
      vertex 174.853 6.25269 3
      vertex 174.518 6.55585 3
    endloop
  endfacet
  facet normal -0 0 1
    outer loop
      vertex 173.171 2.34944 3
      vertex 175.85 1.23965 3
      vertex 173.227 2.50652 3
    endloop
  endfacet
  facet normal 0 0 1
    outer loop
      vertex 172.678 4.31412 3
      vertex 174.518 6.55585 3
      vertex 174.156 6.82475 3
    endloop
  endfacet
  facet normal 0 0 1
    outer loop
      vertex 175.85 1.23965 3
      vertex 173.171 2.34944 3
      vertex 175.657 0.831573 3
    endloop
  endfacet
  facet normal 0 0 1
    outer loop
      vertex 172.544 4.4135 3
      vertex 174.156 6.82475 3
      vertex 173.768 7.05682 3
    endloop
  endfacet
  facet normal -0 0 1
    outer loop
      vertex 173.099 2.19862 3
      vertex 175.657 0.831573 3
      vertex 173.171 2.34944 3
    endloop
  endfacet
  facet normal 0 0 1
    outer loop
      vertex 172.401 4.49927 3
      vertex 173.768 7.05682 3
      vertex 173.36 7.24983 3
    endloop
  endfacet
  facet normal 0 0 1
    outer loop
      vertex 175.657 0.831573 3
      vertex 173.099 2.19862 3
      vertex 175.425 0.444366 3
    endloop
  endfacet
  facet normal -0 0 1
    outer loop
      vertex 173.014 2.05553 3
      vertex 175.425 0.444366 3
      vertex 173.099 2.19862 3
    endloop
  endfacet
  facet normal 0 0 1
    outer loop
      vertex 176.178 3.45087 3
      vertex 173.292 3.16663 3
      vertex 173.3 3 3
    endloop
  endfacet
  facet normal 0 0 1
    outer loop
      vertex 176.112 3.89742 3
      vertex 173.267 3.33165 3
      vertex 173.292 3.16663 3
    endloop
  endfacet
  facet normal 0 0 1
    outer loop
      vertex 176.002 4.3353 3
      vertex 173.227 3.49348 3
      vertex 173.267 3.33165 3
    endloop
  endfacet
  facet normal 0 0 1
    outer loop
      vertex 175.85 4.76033 3
      vertex 173.171 3.65056 3
      vertex 173.227 3.49348 3
    endloop
  endfacet
  facet normal 0 0 1
    outer loop
      vertex 175.657 5.16841 3
      vertex 173.099 3.80137 3
      vertex 173.171 3.65056 3
    endloop
  endfacet
  facet normal 0 0 1
    outer loop
      vertex 175.425 5.55562 3
      vertex 173.014 3.94447 3
      vertex 173.099 3.80137 3
    endloop
  endfacet
  facet normal 0 0 1
    outer loop
      vertex 172.251 4.57059 3
      vertex 173.36 7.24983 3
      vertex 172.935 7.40192 3
    endloop
  endfacet
  facet normal 0 0 1
    outer loop
      vertex 175.156 5.9182 3
      vertex 172.914 4.07847 3
      vertex 173.014 3.94447 3
    endloop
  endfacet
  facet normal 0 0 1
    outer loop
      vertex 174.853 6.25269 3
      vertex 172.802 4.20208 3
      vertex 172.914 4.07847 3
    endloop
  endfacet
  facet normal 0 0 1
    outer loop
      vertex 174.518 6.55585 3
      vertex 172.678 4.31412 3
      vertex 172.802 4.20208 3
    endloop
  endfacet
  facet normal 0 0 1
    outer loop
      vertex 174.156 6.82475 3
      vertex 172.544 4.4135 3
      vertex 172.678 4.31412 3
    endloop
  endfacet
  facet normal 0 0 1
    outer loop
      vertex 172.093 4.6268 3
      vertex 172.935 7.40192 3
      vertex 172.497 7.51161 3
    endloop
  endfacet
  facet normal 0 0 1
    outer loop
      vertex 173.768 7.05682 3
      vertex 172.401 4.49927 3
      vertex 172.544 4.4135 3
    endloop
  endfacet
  facet normal 0 0 1
    outer loop
      vertex 173.36 7.24983 3
      vertex 172.251 4.57059 3
      vertex 172.401 4.49927 3
    endloop
  endfacet
  facet normal 0 0 1
    outer loop
      vertex 172.935 7.40192 3
      vertex 172.093 4.6268 3
      vertex 172.251 4.57059 3
    endloop
  endfacet
  facet normal 0 0 1
    outer loop
      vertex 171.932 4.66733 3
      vertex 172.497 7.51161 3
      vertex 172.051 7.57784 3
    endloop
  endfacet
  facet normal 0 0 1
    outer loop
      vertex 172.497 7.51161 3
      vertex 171.932 4.66733 3
      vertex 172.093 4.6268 3
    endloop
  endfacet
  facet normal 0 0 1
    outer loop
      vertex 172.051 7.57784 3
      vertex 171.767 4.69181 3
      vertex 171.932 4.66733 3
    endloop
  endfacet
  facet normal 0 0 1
    outer loop
      vertex 172.051 7.57784 3
      vertex 171.6 4.7 3
      vertex 171.767 4.69181 3
    endloop
  endfacet
  facet normal 0 0 1
    outer loop
      vertex 171.6 7.59999 3
      vertex 171.6 4.7 3
      vertex 172.051 7.57784 3
    endloop
  endfacet
  facet normal 0 0 1
    outer loop
      vertex 171.6 7.59999 3
      vertex 171.433 4.69181 3
      vertex 171.6 4.7 3
    endloop
  endfacet
  facet normal -0 0 1
    outer loop
      vertex 171.149 7.57784 3
      vertex 171.433 4.69181 3
      vertex 171.6 7.59999 3
    endloop
  endfacet
  facet normal 0 0 1
    outer loop
      vertex 171.433 4.69181 3
      vertex 171.149 7.57784 3
      vertex 171.268 4.66733 3
    endloop
  endfacet
  facet normal -0 0 1
    outer loop
      vertex 170.703 7.51161 3
      vertex 171.268 4.66733 3
      vertex 171.149 7.57784 3
    endloop
  endfacet
  facet normal 0 0 1
    outer loop
      vertex 171.268 4.66733 3
      vertex 170.703 7.51161 3
      vertex 171.107 4.6268 3
    endloop
  endfacet
  facet normal -0 0 1
    outer loop
      vertex 170.265 7.40192 3
      vertex 171.107 4.6268 3
      vertex 170.703 7.51161 3
    endloop
  endfacet
  facet normal 0 0 1
    outer loop
      vertex 171.107 4.6268 3
      vertex 170.265 7.40192 3
      vertex 170.949 4.57059 3
    endloop
  endfacet
  facet normal -0 0 1
    outer loop
      vertex 169.84 7.24983 3
      vertex 170.949 4.57059 3
      vertex 170.265 7.40192 3
    endloop
  endfacet
  facet normal 0 0 1
    outer loop
      vertex 170.949 4.57059 3
      vertex 169.84 7.24983 3
      vertex 170.799 4.49927 3
    endloop
  endfacet
  facet normal -0 0 1
    outer loop
      vertex 169.432 7.05682 3
      vertex 170.799 4.49927 3
      vertex 169.84 7.24983 3
    endloop
  endfacet
  facet normal 0 0 1
    outer loop
      vertex 170.799 4.49927 3
      vertex 169.432 7.05682 3
      vertex 170.656 4.4135 3
    endloop
  endfacet
  facet normal -0 0 1
    outer loop
      vertex 169.044 6.82475 3
      vertex 170.656 4.4135 3
      vertex 169.432 7.05682 3
    endloop
  endfacet
  facet normal 0 0 1
    outer loop
      vertex 170.656 4.4135 3
      vertex 169.044 6.82475 3
      vertex 170.522 4.31412 3
    endloop
  endfacet
  facet normal -0 0 1
    outer loop
      vertex 168.682 6.55585 3
      vertex 170.522 4.31412 3
      vertex 169.044 6.82475 3
    endloop
  endfacet
  facet normal 0 0 1
    outer loop
      vertex 170.522 4.31412 3
      vertex 168.682 6.55585 3
      vertex 170.398 4.20208 3
    endloop
  endfacet
  facet normal -0 0 1
    outer loop
      vertex 168.347 6.25269 3
      vertex 170.398 4.20208 3
      vertex 168.682 6.55585 3
    endloop
  endfacet
  facet normal 0 0 1
    outer loop
      vertex 170.398 4.20208 3
      vertex 168.347 6.25269 3
      vertex 170.286 4.07847 3
    endloop
  endfacet
  facet normal -0 0 1
    outer loop
      vertex 168.044 5.9182 3
      vertex 170.286 4.07847 3
      vertex 168.347 6.25269 3
    endloop
  endfacet
  facet normal 0 0 1
    outer loop
      vertex 170.187 3.94447 3
      vertex 167.775 5.55562 3
      vertex 170.101 3.80137 3
    endloop
  endfacet
  facet normal -0 0 1
    outer loop
      vertex 167.775 5.55562 3
      vertex 170.187 3.94447 3
      vertex 168.044 5.9182 3
    endloop
  endfacet
  facet normal 0 0 1
    outer loop
      vertex 170.286 4.07847 3
      vertex 168.044 5.9182 3
      vertex 170.187 3.94447 3
    endloop
  endfacet
  facet normal 0 0 1
    outer loop
      vertex 175.425 0.444366 3
      vertex 173.014 2.05553 3
      vertex 175.156 0.0817871 3
    endloop
  endfacet
  facet normal -0 0 1
    outer loop
      vertex 172.914 1.92153 3
      vertex 175.156 0.0817871 3
      vertex 173.014 2.05553 3
    endloop
  endfacet
  facet normal 0 0 1
    outer loop
      vertex 175.156 0.0817871 3
      vertex 172.914 1.92153 3
      vertex 174.853 -0.252686 3
    endloop
  endfacet
  facet normal -0 0 1
    outer loop
      vertex 172.802 1.79792 3
      vertex 174.853 -0.252686 3
      vertex 172.914 1.92153 3
    endloop
  endfacet
  facet normal 0 0 1
    outer loop
      vertex 174.853 -0.252686 3
      vertex 172.802 1.79792 3
      vertex 174.518 -0.555847 3
    endloop
  endfacet
  facet normal -0 0 1
    outer loop
      vertex 172.678 1.68588 3
      vertex 174.518 -0.555847 3
      vertex 172.802 1.79792 3
    endloop
  endfacet
  facet normal 0 0 1
    outer loop
      vertex 174.518 -0.555847 3
      vertex 172.678 1.68588 3
      vertex 174.156 -0.824753 3
    endloop
  endfacet
  facet normal -0 0 1
    outer loop
      vertex 172.544 1.5865 3
      vertex 174.156 -0.824753 3
      vertex 172.678 1.68588 3
    endloop
  endfacet
  facet normal 0 0 1
    outer loop
      vertex 174.156 -0.824753 3
      vertex 172.544 1.5865 3
      vertex 173.768 -1.05682 3
    endloop
  endfacet
  facet normal -0 0 1
    outer loop
      vertex 172.401 1.50073 3
      vertex 173.768 -1.05682 3
      vertex 172.544 1.5865 3
    endloop
  endfacet
  facet normal 0 0 1
    outer loop
      vertex 173.768 -1.05682 3
      vertex 172.401 1.50073 3
      vertex 173.36 -1.24983 3
    endloop
  endfacet
  facet normal -0 0 1
    outer loop
      vertex 172.251 1.4294 3
      vertex 173.36 -1.24983 3
      vertex 172.401 1.50073 3
    endloop
  endfacet
  facet normal 0 0 1
    outer loop
      vertex 173.36 -1.24983 3
      vertex 172.251 1.4294 3
      vertex 172.935 -1.40192 3
    endloop
  endfacet
  facet normal -0 0 1
    outer loop
      vertex 172.093 1.3732 3
      vertex 172.935 -1.40192 3
      vertex 172.251 1.4294 3
    endloop
  endfacet
  facet normal 0 0 1
    outer loop
      vertex 172.935 -1.40192 3
      vertex 172.093 1.3732 3
      vertex 172.497 -1.51161 3
    endloop
  endfacet
  facet normal -0 0 1
    outer loop
      vertex 171.932 1.33266 3
      vertex 172.497 -1.51161 3
      vertex 172.093 1.3732 3
    endloop
  endfacet
  facet normal 0 0 1
    outer loop
      vertex 172.497 -1.51161 3
      vertex 171.932 1.33266 3
      vertex 172.051 -1.57784 3
    endloop
  endfacet
  facet normal -0 0 1
    outer loop
      vertex 171.767 1.30819 3
      vertex 172.051 -1.57784 3
      vertex 171.932 1.33266 3
    endloop
  endfacet
  facet normal -0 0 1
    outer loop
      vertex 171.6 1.3 3
      vertex 172.051 -1.57784 3
      vertex 171.767 1.30819 3
    endloop
  endfacet
  facet normal 0 0 1
    outer loop
      vertex 171.6 1.3 3
      vertex 171.6 -1.59999 3
      vertex 172.051 -1.57784 3
    endloop
  endfacet
  facet normal 0 0 1
    outer loop
      vertex 171.433 1.30819 3
      vertex 171.6 -1.59999 3
      vertex 171.6 1.3 3
    endloop
  endfacet
  facet normal 0 0 1
    outer loop
      vertex 171 -1.55573 3
      vertex 171.433 1.30819 3
      vertex 171.268 1.33266 3
    endloop
  endfacet
  facet normal 0 0 1
    outer loop
      vertex 171.433 1.30819 3
      vertex 171.149 -1.57784 3
      vertex 171.6 -1.59999 3
    endloop
  endfacet
  facet normal 0 0 1
    outer loop
      vertex 171 -1.55573 3
      vertex 171.268 1.33266 3
      vertex 171.107 1.3732 3
    endloop
  endfacet
  facet normal 0 0 1
    outer loop
      vertex 171.433 1.30819 3
      vertex 171 -1.55573 3
      vertex 171.149 -1.57784 3
    endloop
  endfacet
  facet normal 0 0 1
    outer loop
      vertex 170.799 1.50073 3
      vertex 171 -1.55573 3
      vertex 170.949 1.4294 3
    endloop
  endfacet
  facet normal 0 0 1
    outer loop
      vertex 170.949 1.4294 3
      vertex 171 -1.55573 3
      vertex 171.107 1.3732 3
    endloop
  endfacet
  facet normal 0 0 1
    outer loop
      vertex 173.3 -85.6 3
      vertex 176.2 -85.6 3
      vertex 176.178 -85.1491 3
    endloop
  endfacet
  facet normal 0 0 1
    outer loop
      vertex 173.292 -85.4334 3
      vertex 176.178 -85.1491 3
      vertex 176.112 -84.7026 3
    endloop
  endfacet
  facet normal 0 0 1
    outer loop
      vertex 176.2 -85.6 3
      vertex 173.3 -85.6 3
      vertex 176.178 -86.0509 3
    endloop
  endfacet
  facet normal 0 0 1
    outer loop
      vertex 173.267 -85.2683 3
      vertex 176.112 -84.7026 3
      vertex 176.002 -84.2647 3
    endloop
  endfacet
  facet normal -0 0 1
    outer loop
      vertex 173.292 -85.7666 3
      vertex 176.178 -86.0509 3
      vertex 173.3 -85.6 3
    endloop
  endfacet
  facet normal 0 0 1
    outer loop
      vertex 173.227 -85.1065 3
      vertex 176.002 -84.2647 3
      vertex 175.85 -83.8396 3
    endloop
  endfacet
  facet normal 0 0 1
    outer loop
      vertex 176.178 -86.0509 3
      vertex 173.292 -85.7666 3
      vertex 176.112 -86.4974 3
    endloop
  endfacet
  facet normal 0 0 1
    outer loop
      vertex 173.171 -84.9494 3
      vertex 175.85 -83.8396 3
      vertex 175.657 -83.4316 3
    endloop
  endfacet
  facet normal -0 0 1
    outer loop
      vertex 173.267 -85.9317 3
      vertex 176.112 -86.4974 3
      vertex 173.292 -85.7666 3
    endloop
  endfacet
  facet normal 0 0 1
    outer loop
      vertex 173.099 -84.7986 3
      vertex 175.657 -83.4316 3
      vertex 175.425 -83.0444 3
    endloop
  endfacet
  facet normal 0 0 1
    outer loop
      vertex 176.112 -86.4974 3
      vertex 173.267 -85.9317 3
      vertex 176.002 -86.9353 3
    endloop
  endfacet
  facet normal 0 0 1
    outer loop
      vertex 173.014 -84.6555 3
      vertex 175.425 -83.0444 3
      vertex 175.156 -82.6818 3
    endloop
  endfacet
  facet normal -0 0 1
    outer loop
      vertex 173.227 -86.0935 3
      vertex 176.002 -86.9353 3
      vertex 173.267 -85.9317 3
    endloop
  endfacet
  facet normal 0 0 1
    outer loop
      vertex 172.914 -84.5215 3
      vertex 175.156 -82.6818 3
      vertex 174.853 -82.3473 3
    endloop
  endfacet
  facet normal 0 0 1
    outer loop
      vertex 176.002 -86.9353 3
      vertex 173.227 -86.0935 3
      vertex 175.85 -87.3603 3
    endloop
  endfacet
  facet normal 0 0 1
    outer loop
      vertex 172.802 -84.3979 3
      vertex 174.853 -82.3473 3
      vertex 174.518 -82.0441 3
    endloop
  endfacet
  facet normal -0 0 1
    outer loop
      vertex 173.171 -86.2506 3
      vertex 175.85 -87.3603 3
      vertex 173.227 -86.0935 3
    endloop
  endfacet
  facet normal 0 0 1
    outer loop
      vertex 172.678 -84.2859 3
      vertex 174.518 -82.0441 3
      vertex 174.156 -81.7752 3
    endloop
  endfacet
  facet normal 0 0 1
    outer loop
      vertex 175.85 -87.3603 3
      vertex 173.171 -86.2506 3
      vertex 175.657 -87.7684 3
    endloop
  endfacet
  facet normal 0 0 1
    outer loop
      vertex 172.544 -84.1865 3
      vertex 174.156 -81.7752 3
      vertex 173.768 -81.5432 3
    endloop
  endfacet
  facet normal -0 0 1
    outer loop
      vertex 173.099 -86.4014 3
      vertex 175.657 -87.7684 3
      vertex 173.171 -86.2506 3
    endloop
  endfacet
  facet normal 0 0 1
    outer loop
      vertex 172.401 -84.1007 3
      vertex 173.768 -81.5432 3
      vertex 173.36 -81.3501 3
    endloop
  endfacet
  facet normal 0 0 1
    outer loop
      vertex 175.657 -87.7684 3
      vertex 173.099 -86.4014 3
      vertex 175.425 -88.1556 3
    endloop
  endfacet
  facet normal -0 0 1
    outer loop
      vertex 173.014 -86.5445 3
      vertex 175.425 -88.1556 3
      vertex 173.099 -86.4014 3
    endloop
  endfacet
  facet normal 0 0 1
    outer loop
      vertex 176.178 -85.1491 3
      vertex 173.292 -85.4334 3
      vertex 173.3 -85.6 3
    endloop
  endfacet
  facet normal 0 0 1
    outer loop
      vertex 176.112 -84.7026 3
      vertex 173.267 -85.2683 3
      vertex 173.292 -85.4334 3
    endloop
  endfacet
  facet normal 0 0 1
    outer loop
      vertex 176.002 -84.2647 3
      vertex 173.227 -85.1065 3
      vertex 173.267 -85.2683 3
    endloop
  endfacet
  facet normal 0 0 1
    outer loop
      vertex 175.85 -83.8396 3
      vertex 173.171 -84.9494 3
      vertex 173.227 -85.1065 3
    endloop
  endfacet
  facet normal 0 0 1
    outer loop
      vertex 175.657 -83.4316 3
      vertex 173.099 -84.7986 3
      vertex 173.171 -84.9494 3
    endloop
  endfacet
  facet normal 0 0 1
    outer loop
      vertex 175.425 -83.0444 3
      vertex 173.014 -84.6555 3
      vertex 173.099 -84.7986 3
    endloop
  endfacet
  facet normal 0 0 1
    outer loop
      vertex 172.251 -84.0294 3
      vertex 173.36 -81.3501 3
      vertex 172.935 -81.1981 3
    endloop
  endfacet
  facet normal 0 0 1
    outer loop
      vertex 175.156 -82.6818 3
      vertex 172.914 -84.5215 3
      vertex 173.014 -84.6555 3
    endloop
  endfacet
  facet normal 0 0 1
    outer loop
      vertex 174.853 -82.3473 3
      vertex 172.802 -84.3979 3
      vertex 172.914 -84.5215 3
    endloop
  endfacet
  facet normal 0 0 1
    outer loop
      vertex 174.518 -82.0441 3
      vertex 172.678 -84.2859 3
      vertex 172.802 -84.3979 3
    endloop
  endfacet
  facet normal 0 0 1
    outer loop
      vertex 174.156 -81.7752 3
      vertex 172.544 -84.1865 3
      vertex 172.678 -84.2859 3
    endloop
  endfacet
  facet normal 0 0 1
    outer loop
      vertex 172.093 -83.9732 3
      vertex 172.935 -81.1981 3
      vertex 172.497 -81.0884 3
    endloop
  endfacet
  facet normal 0 0 1
    outer loop
      vertex 173.768 -81.5432 3
      vertex 172.401 -84.1007 3
      vertex 172.544 -84.1865 3
    endloop
  endfacet
  facet normal 0 0 1
    outer loop
      vertex 173.36 -81.3501 3
      vertex 172.251 -84.0294 3
      vertex 172.401 -84.1007 3
    endloop
  endfacet
  facet normal 0 0 1
    outer loop
      vertex 172.935 -81.1981 3
      vertex 172.093 -83.9732 3
      vertex 172.251 -84.0294 3
    endloop
  endfacet
  facet normal 0 0 1
    outer loop
      vertex 171.932 -83.9327 3
      vertex 172.497 -81.0884 3
      vertex 172.051 -81.0221 3
    endloop
  endfacet
  facet normal 0 0 1
    outer loop
      vertex 172.497 -81.0884 3
      vertex 171.932 -83.9327 3
      vertex 172.093 -83.9732 3
    endloop
  endfacet
  facet normal 0 0 1
    outer loop
      vertex 172.051 -81.0221 3
      vertex 171.767 -83.9082 3
      vertex 171.932 -83.9327 3
    endloop
  endfacet
  facet normal 0 0 1
    outer loop
      vertex 172.051 -81.0221 3
      vertex 171.6 -83.9 3
      vertex 171.767 -83.9082 3
    endloop
  endfacet
  facet normal 0 0 1
    outer loop
      vertex 171.6 -81 3
      vertex 171.6 -83.9 3
      vertex 172.051 -81.0221 3
    endloop
  endfacet
  facet normal 0 0 1
    outer loop
      vertex 171.6 -81 3
      vertex 171.433 -83.9082 3
      vertex 171.6 -83.9 3
    endloop
  endfacet
  facet normal -0 0 1
    outer loop
      vertex 171.149 -81.0221 3
      vertex 171.433 -83.9082 3
      vertex 171.6 -81 3
    endloop
  endfacet
  facet normal -0 0 1
    outer loop
      vertex 171 -81.0443 3
      vertex 171.433 -83.9082 3
      vertex 171.149 -81.0221 3
    endloop
  endfacet
  facet normal 0 0 1
    outer loop
      vertex 171.433 -83.9082 3
      vertex 171 -81.0443 3
      vertex 171.268 -83.9327 3
    endloop
  endfacet
  facet normal 0 0 1
    outer loop
      vertex 171.268 -83.9327 3
      vertex 171 -81.0443 3
      vertex 171.107 -83.9732 3
    endloop
  endfacet
  facet normal 0 0 1
    outer loop
      vertex 171 -81.0443 3
      vertex 170.949 -84.0294 3
      vertex 171.107 -83.9732 3
    endloop
  endfacet
  facet normal 0 0 1
    outer loop
      vertex 170.656 1.5865 3
      vertex 171 -1.55573 3
      vertex 170.799 1.50073 3
    endloop
  endfacet
  facet normal 0 0 1
    outer loop
      vertex 170.522 1.68588 3
      vertex 171 -1.55573 3
      vertex 170.656 1.5865 3
    endloop
  endfacet
  facet normal 0 0 1
    outer loop
      vertex 171 -81.0443 3
      vertex 170.799 -84.1007 3
      vertex 170.949 -84.0294 3
    endloop
  endfacet
  facet normal 0 0 1
    outer loop
      vertex 170.398 1.79792 3
      vertex 171 -1.55573 3
      vertex 170.522 1.68588 3
    endloop
  endfacet
  facet normal 0 0 1
    outer loop
      vertex 171 -81.0443 3
      vertex 170.656 -84.1865 3
      vertex 170.799 -84.1007 3
    endloop
  endfacet
  facet normal 0 0 1
    outer loop
      vertex 170.286 1.92153 3
      vertex 171 -1.55573 3
      vertex 170.398 1.79792 3
    endloop
  endfacet
  facet normal 0 0 1
    outer loop
      vertex 171 -81.0443 3
      vertex 170.522 -84.2859 3
      vertex 170.656 -84.1865 3
    endloop
  endfacet
  facet normal 0 0 1
    outer loop
      vertex 170.187 2.05553 3
      vertex 171 -1.55573 3
      vertex 170.286 1.92153 3
    endloop
  endfacet
  facet normal 0 0 1
    outer loop
      vertex 171 -81.0443 3
      vertex 170.398 -84.3979 3
      vertex 170.522 -84.2859 3
    endloop
  endfacet
  facet normal 0 0 1
    outer loop
      vertex 170.101 2.19862 3
      vertex 171 -1.55573 3
      vertex 170.187 2.05553 3
    endloop
  endfacet
  facet normal 0 0 1
    outer loop
      vertex 171 -81.0443 3
      vertex 170.286 -84.5215 3
      vertex 170.398 -84.3979 3
    endloop
  endfacet
  facet normal 0 0 1
    outer loop
      vertex 170.029 2.34944 3
      vertex 171 -1.55573 3
      vertex 170.101 2.19862 3
    endloop
  endfacet
  facet normal 0 0 1
    outer loop
      vertex 171 -81.0443 3
      vertex 170.187 -84.6555 3
      vertex 170.286 -84.5215 3
    endloop
  endfacet
  facet normal 0 0 1
    outer loop
      vertex 169.973 2.50652 3
      vertex 171 -1.55573 3
      vertex 170.029 2.34944 3
    endloop
  endfacet
  facet normal 0 0 1
    outer loop
      vertex 171 -81.0443 3
      vertex 170.101 -84.7986 3
      vertex 170.187 -84.6555 3
    endloop
  endfacet
  facet normal 0 0 1
    outer loop
      vertex 171 -1.55573 3
      vertex 169.973 2.50652 3
      vertex 171 -81.0443 3
    endloop
  endfacet
  facet normal 0 0 1
    outer loop
      vertex 171 -81.0443 3
      vertex 170.029 -84.9494 3
      vertex 170.101 -84.7986 3
    endloop
  endfacet
  facet normal 0 0 1
    outer loop
      vertex 169.973 -85.1065 3
      vertex 171 -81.0443 3
      vertex 169.973 2.50652 3
    endloop
  endfacet
  facet normal 0 0 1
    outer loop
      vertex 171 -81.0443 3
      vertex 169.973 -85.1065 3
      vertex 170.029 -84.9494 3
    endloop
  endfacet
  facet normal 0 0 1
    outer loop
      vertex 169.933 2.66835 3
      vertex 169.973 -85.1065 3
      vertex 169.973 2.50652 3
    endloop
  endfacet
  facet normal 0 0 1
    outer loop
      vertex 169.933 2.66835 3
      vertex 169.933 -85.2683 3
      vertex 169.973 -85.1065 3
    endloop
  endfacet
  facet normal 0 0 1
    outer loop
      vertex 169.908 2.83337 3
      vertex 169.933 -85.2683 3
      vertex 169.933 2.66835 3
    endloop
  endfacet
  facet normal 0 0 1
    outer loop
      vertex 169.908 2.83337 3
      vertex 169.908 -85.4334 3
      vertex 169.933 -85.2683 3
    endloop
  endfacet
  facet normal 0 0 1
    outer loop
      vertex 169.9 3 3
      vertex 169.908 -85.4334 3
      vertex 169.908 2.83337 3
    endloop
  endfacet
  facet normal 0 0 1
    outer loop
      vertex 169.908 -85.4334 3
      vertex 169.9 3 3
      vertex 169.9 -85.6 3
    endloop
  endfacet
  facet normal 0 0 1
    outer loop
      vertex 175.425 -88.1556 3
      vertex 173.014 -86.5445 3
      vertex 175.156 -88.5182 3
    endloop
  endfacet
  facet normal -0 0 1
    outer loop
      vertex 172.914 -86.6785 3
      vertex 175.156 -88.5182 3
      vertex 173.014 -86.5445 3
    endloop
  endfacet
  facet normal 0 0 1
    outer loop
      vertex 175.156 -88.5182 3
      vertex 172.914 -86.6785 3
      vertex 174.853 -88.8527 3
    endloop
  endfacet
  facet normal -0 0 1
    outer loop
      vertex 172.802 -86.8021 3
      vertex 174.853 -88.8527 3
      vertex 172.914 -86.6785 3
    endloop
  endfacet
  facet normal 0 0 1
    outer loop
      vertex 174.853 -88.8527 3
      vertex 172.802 -86.8021 3
      vertex 174.518 -89.1558 3
    endloop
  endfacet
  facet normal -0 0 1
    outer loop
      vertex 172.678 -86.9141 3
      vertex 174.518 -89.1558 3
      vertex 172.802 -86.8021 3
    endloop
  endfacet
  facet normal 0 0 1
    outer loop
      vertex 174.518 -89.1558 3
      vertex 172.678 -86.9141 3
      vertex 174.156 -89.4248 3
    endloop
  endfacet
  facet normal -0 0 1
    outer loop
      vertex 172.544 -87.0135 3
      vertex 174.156 -89.4248 3
      vertex 172.678 -86.9141 3
    endloop
  endfacet
  facet normal 0 0 1
    outer loop
      vertex 174.156 -89.4248 3
      vertex 172.544 -87.0135 3
      vertex 173.768 -89.6568 3
    endloop
  endfacet
  facet normal -0 0 1
    outer loop
      vertex 172.401 -87.0993 3
      vertex 173.768 -89.6568 3
      vertex 172.544 -87.0135 3
    endloop
  endfacet
  facet normal 0 0 1
    outer loop
      vertex 173.768 -89.6568 3
      vertex 172.401 -87.0993 3
      vertex 173.36 -89.8498 3
    endloop
  endfacet
  facet normal -0 0 1
    outer loop
      vertex 172.251 -87.1706 3
      vertex 173.36 -89.8498 3
      vertex 172.401 -87.0993 3
    endloop
  endfacet
  facet normal 0 0 1
    outer loop
      vertex 173.36 -89.8498 3
      vertex 172.251 -87.1706 3
      vertex 172.935 -90.0019 3
    endloop
  endfacet
  facet normal -0 0 1
    outer loop
      vertex 172.093 -87.2268 3
      vertex 172.935 -90.0019 3
      vertex 172.251 -87.1706 3
    endloop
  endfacet
  facet normal 0 0 1
    outer loop
      vertex 172.935 -90.0019 3
      vertex 172.093 -87.2268 3
      vertex 172.497 -90.1116 3
    endloop
  endfacet
  facet normal -0 0 1
    outer loop
      vertex 171.932 -87.2673 3
      vertex 172.497 -90.1116 3
      vertex 172.093 -87.2268 3
    endloop
  endfacet
  facet normal 0 0 1
    outer loop
      vertex 172.497 -90.1116 3
      vertex 171.932 -87.2673 3
      vertex 172.051 -90.1778 3
    endloop
  endfacet
  facet normal -0 0 1
    outer loop
      vertex 171.767 -87.2918 3
      vertex 172.051 -90.1778 3
      vertex 171.932 -87.2673 3
    endloop
  endfacet
  facet normal -0 0 1
    outer loop
      vertex 171.6 -87.3 3
      vertex 172.051 -90.1778 3
      vertex 171.767 -87.2918 3
    endloop
  endfacet
  facet normal 0 0 1
    outer loop
      vertex 171.6 -87.3 3
      vertex 171.6 -90.2 3
      vertex 172.051 -90.1778 3
    endloop
  endfacet
  facet normal 0 0 1
    outer loop
      vertex 171.433 -87.2918 3
      vertex 171.6 -90.2 3
      vertex 171.6 -87.3 3
    endloop
  endfacet
  facet normal 0 0 1
    outer loop
      vertex 171.149 -90.1778 3
      vertex 171.433 -87.2918 3
      vertex 171.268 -87.2673 3
    endloop
  endfacet
  facet normal 0 0 1
    outer loop
      vertex 171.433 -87.2918 3
      vertex 171.149 -90.1778 3
      vertex 171.6 -90.2 3
    endloop
  endfacet
  facet normal 0 0 1
    outer loop
      vertex 170.703 -90.1116 3
      vertex 171.268 -87.2673 3
      vertex 171.107 -87.2268 3
    endloop
  endfacet
  facet normal 0 0 1
    outer loop
      vertex 170.265 -90.0019 3
      vertex 171.107 -87.2268 3
      vertex 170.949 -87.1706 3
    endloop
  endfacet
  facet normal 0 0 1
    outer loop
      vertex 169.84 -89.8498 3
      vertex 170.949 -87.1706 3
      vertex 170.799 -87.0993 3
    endloop
  endfacet
  facet normal 0 0 1
    outer loop
      vertex 171.268 -87.2673 3
      vertex 170.703 -90.1116 3
      vertex 171.149 -90.1778 3
    endloop
  endfacet
  facet normal 0 0 1
    outer loop
      vertex 169.432 -89.6568 3
      vertex 170.799 -87.0993 3
      vertex 170.656 -87.0135 3
    endloop
  endfacet
  facet normal 0 0 1
    outer loop
      vertex 169.044 -89.4248 3
      vertex 170.656 -87.0135 3
      vertex 170.522 -86.9141 3
    endloop
  endfacet
  facet normal 0 0 1
    outer loop
      vertex 168.682 -89.1558 3
      vertex 170.522 -86.9141 3
      vertex 170.398 -86.8021 3
    endloop
  endfacet
  facet normal 0 0 1
    outer loop
      vertex 168.347 -88.8527 3
      vertex 170.398 -86.8021 3
      vertex 170.286 -86.6785 3
    endloop
  endfacet
  facet normal 0 0 1
    outer loop
      vertex 171.107 -87.2268 3
      vertex 170.265 -90.0019 3
      vertex 170.703 -90.1116 3
    endloop
  endfacet
  facet normal 0 0 1
    outer loop
      vertex 168.044 -88.5182 3
      vertex 170.286 -86.6785 3
      vertex 170.187 -86.5445 3
    endloop
  endfacet
  facet normal 0 0 1
    outer loop
      vertex 167.775 -88.1556 3
      vertex 170.187 -86.5445 3
      vertex 170.101 -86.4014 3
    endloop
  endfacet
  facet normal 0 0 1
    outer loop
      vertex 167.543 -87.7684 3
      vertex 170.101 -86.4014 3
      vertex 170.029 -86.2506 3
    endloop
  endfacet
  facet normal 0 0 1
    outer loop
      vertex 167.35 -87.3603 3
      vertex 170.029 -86.2506 3
      vertex 169.973 -86.0935 3
    endloop
  endfacet
  facet normal 0 0 1
    outer loop
      vertex 167.198 -86.9353 3
      vertex 169.973 -86.0935 3
      vertex 169.933 -85.9317 3
    endloop
  endfacet
  facet normal 0 0 1
    outer loop
      vertex 167.088 -86.4974 3
      vertex 169.933 -85.9317 3
      vertex 169.908 -85.7666 3
    endloop
  endfacet
  facet normal 0 0 1
    outer loop
      vertex 170.949 -87.1706 3
      vertex 169.84 -89.8498 3
      vertex 170.265 -90.0019 3
    endloop
  endfacet
  facet normal 0 0 1
    outer loop
      vertex 167.022 -86.0509 3
      vertex 169.908 -85.7666 3
      vertex 169.9 -85.6 3
    endloop
  endfacet
  facet normal 0 0 1
    outer loop
      vertex 169.9 3 3
      vertex 168.3 -0.299999 3
      vertex 169.9 -85.6 3
    endloop
  endfacet
  facet normal -0 0 1
    outer loop
      vertex 167.543 5.16841 3
      vertex 170.101 3.80137 3
      vertex 167.775 5.55562 3
    endloop
  endfacet
  facet normal -0 0 1
    outer loop
      vertex 168.3 -82.3 3
      vertex 169.9 -85.6 3
      vertex 168.3 -0.299999 3
    endloop
  endfacet
  facet normal 0 0 1
    outer loop
      vertex 170.101 3.80137 3
      vertex 167.543 5.16841 3
      vertex 170.029 3.65056 3
    endloop
  endfacet
  facet normal -0 0 1
    outer loop
      vertex 167.044 -85 3
      vertex 169.9 -85.6 3
      vertex 168.3 -82.3 3
    endloop
  endfacet
  facet normal -0 0 1
    outer loop
      vertex 167.35 4.76033 3
      vertex 170.029 3.65056 3
      vertex 167.543 5.16841 3
    endloop
  endfacet
  facet normal -0 0 1
    outer loop
      vertex 167.022 -85.1491 3
      vertex 169.9 -85.6 3
      vertex 167.044 -85 3
    endloop
  endfacet
  facet normal 0 0 1
    outer loop
      vertex 170.029 3.65056 3
      vertex 167.35 4.76033 3
      vertex 169.973 3.49348 3
    endloop
  endfacet
  facet normal 0 0 1
    outer loop
      vertex 170.799 -87.0993 3
      vertex 169.432 -89.6568 3
      vertex 169.84 -89.8498 3
    endloop
  endfacet
  facet normal 0 0 1
    outer loop
      vertex 170.656 -87.0135 3
      vertex 169.044 -89.4248 3
      vertex 169.432 -89.6568 3
    endloop
  endfacet
  facet normal -0 0 1
    outer loop
      vertex 167.198 4.3353 3
      vertex 169.973 3.49348 3
      vertex 167.35 4.76033 3
    endloop
  endfacet
  facet normal 0 0 1
    outer loop
      vertex 169.973 3.49348 3
      vertex 167.198 4.3353 3
      vertex 169.933 3.33165 3
    endloop
  endfacet
  facet normal -0 0 1
    outer loop
      vertex 167.088 3.89742 3
      vertex 169.933 3.33165 3
      vertex 167.198 4.3353 3
    endloop
  endfacet
  facet normal 0 0 1
    outer loop
      vertex 169.933 3.33165 3
      vertex 167.088 3.89742 3
      vertex 169.908 3.16663 3
    endloop
  endfacet
  facet normal -0 0 1
    outer loop
      vertex 167.022 3.45087 3
      vertex 169.908 3.16663 3
      vertex 167.088 3.89742 3
    endloop
  endfacet
  facet normal 0 0 1
    outer loop
      vertex 169.908 3.16663 3
      vertex 167.022 3.45087 3
      vertex 169.9 3 3
    endloop
  endfacet
  facet normal 0 0 1
    outer loop
      vertex 169.9 3 3
      vertex 167.044 2.39999 3
      vertex 168.3 -0.299999 3
    endloop
  endfacet
  facet normal 0 0 1
    outer loop
      vertex 158.1 -0.299999 3
      vertex 167.044 2.39999 3
      vertex 158.1 1 3
    endloop
  endfacet
  facet normal 0 0 1
    outer loop
      vertex 167.044 2.39999 3
      vertex 158.1 -0.299999 3
      vertex 168.3 -0.299999 3
    endloop
  endfacet
  facet normal 0 0 1
    outer loop
      vertex 167 3 3
      vertex 169.9 3 3
      vertex 167.022 3.45087 3
    endloop
  endfacet
  facet normal 0 -0 1
    outer loop
      vertex 167.022 2.54912 3
      vertex 169.9 3 3
      vertex 167 3 3
    endloop
  endfacet
  facet normal 0 0 1
    outer loop
      vertex 169.9 3 3
      vertex 167.022 2.54912 3
      vertex 167.044 2.39999 3
    endloop
  endfacet
  facet normal 0 0 1
    outer loop
      vertex 170.522 -86.9141 3
      vertex 168.682 -89.1558 3
      vertex 169.044 -89.4248 3
    endloop
  endfacet
  facet normal 0 0 1
    outer loop
      vertex 170.398 -86.8021 3
      vertex 168.347 -88.8527 3
      vertex 168.682 -89.1558 3
    endloop
  endfacet
  facet normal 0 0 1
    outer loop
      vertex 170.286 -86.6785 3
      vertex 168.044 -88.5182 3
      vertex 168.347 -88.8527 3
    endloop
  endfacet
  facet normal 0 0 1
    outer loop
      vertex 170.187 -86.5445 3
      vertex 167.775 -88.1556 3
      vertex 168.044 -88.5182 3
    endloop
  endfacet
  facet normal 0 0 1
    outer loop
      vertex 170.101 -86.4014 3
      vertex 167.543 -87.7684 3
      vertex 167.775 -88.1556 3
    endloop
  endfacet
  facet normal 0 0 1
    outer loop
      vertex 170.029 -86.2506 3
      vertex 167.35 -87.3603 3
      vertex 167.543 -87.7684 3
    endloop
  endfacet
  facet normal 0 0 1
    outer loop
      vertex 169.973 -86.0935 3
      vertex 167.198 -86.9353 3
      vertex 167.35 -87.3603 3
    endloop
  endfacet
  facet normal 0 0 1
    outer loop
      vertex 169.933 -85.9317 3
      vertex 167.088 -86.4974 3
      vertex 167.198 -86.9353 3
    endloop
  endfacet
  facet normal 0 0 1
    outer loop
      vertex 168.3 -82.3 3
      vertex 1.55573 -85 3
      vertex 167.044 -85 3
    endloop
  endfacet
  facet normal -0 0 1
    outer loop
      vertex -1.30819 -85.7666 3
      vertex 1.57784 -86.0509 3
      vertex -1.3 -85.6 3
    endloop
  endfacet
  facet normal -0 0 1
    outer loop
      vertex -1.33266 -85.9317 3
      vertex 1.51161 -86.4974 3
      vertex -1.30819 -85.7666 3
    endloop
  endfacet
  facet normal 0 0 1
    outer loop
      vertex 1.51161 -86.4974 3
      vertex -1.33266 -85.9317 3
      vertex 1.40192 -86.9353 3
    endloop
  endfacet
  facet normal 0 0 1
    outer loop
      vertex 1.40192 -86.9353 3
      vertex -1.3732 -86.0935 3
      vertex 1.24983 -87.3603 3
    endloop
  endfacet
  facet normal -0 0 1
    outer loop
      vertex -1.4294 -86.2506 3
      vertex 1.24983 -87.3603 3
      vertex -1.3732 -86.0935 3
    endloop
  endfacet
  facet normal -0 0 1
    outer loop
      vertex 0.299999 -82.3 3
      vertex 1.55573 -85 3
      vertex 168.3 -82.3 3
    endloop
  endfacet
  facet normal -0 0 1
    outer loop
      vertex -1.50073 -84.7986 3
      vertex 1.55573 -85 3
      vertex 0.299999 -82.3 3
    endloop
  endfacet
  facet normal 0 0 1
    outer loop
      vertex 1.57784 -86.0509 3
      vertex -1.30819 -85.7666 3
      vertex 1.51161 -86.4974 3
    endloop
  endfacet
  facet normal 0 0 1
    outer loop
      vertex 0.299999 -0.299999 3
      vertex -2.39999 -1.55573 3
      vertex 0.299999 -82.3 3
    endloop
  endfacet
  facet normal 0 0 1
    outer loop
      vertex -1.79792 4.20208 3
      vertex 0.252686 6.25269 3
      vertex -0.0817871 6.55585 3
    endloop
  endfacet
  facet normal -0 0 1
    outer loop
      vertex -2.39999 -81.0443 3
      vertex 0.299999 -82.3 3
      vertex -2.39999 -1.55573 3
    endloop
  endfacet
  facet normal 0 0 1
    outer loop
      vertex -1.92153 4.31412 3
      vertex -0.0817871 6.55585 3
      vertex -0.444366 6.82475 3
    endloop
  endfacet
  facet normal 0 0 1
    outer loop
      vertex 0.252686 6.25269 3
      vertex -1.33266 2.66835 3
      vertex -1.3732 2.50652 3
    endloop
  endfacet
  facet normal 0 0 1
    outer loop
      vertex -2.05553 4.4135 3
      vertex -0.444366 6.82475 3
      vertex -0.831573 7.05682 3
    endloop
  endfacet
  facet normal 0 0 1
    outer loop
      vertex 0.252686 6.25269 3
      vertex -1.30819 2.83337 3
      vertex -1.33266 2.66835 3
    endloop
  endfacet
  facet normal 0 0 1
    outer loop
      vertex -2.19862 4.49927 3
      vertex -0.831573 7.05682 3
      vertex -1.23965 7.24983 3
    endloop
  endfacet
  facet normal 0 0 1
    outer loop
      vertex 0.252686 6.25269 3
      vertex -1.3 3 3
      vertex -1.30819 2.83337 3
    endloop
  endfacet
  facet normal 0 0 1
    outer loop
      vertex 0.252686 6.25269 3
      vertex -1.3732 2.50652 3
      vertex -2.39999 -1.55573 3
    endloop
  endfacet
  facet normal 0 0 1
    outer loop
      vertex 0.252686 6.25269 3
      vertex -1.30819 3.16663 3
      vertex -1.3 3 3
    endloop
  endfacet
  facet normal 0 0 1
    outer loop
      vertex 0.252686 6.25269 3
      vertex -1.33266 3.33165 3
      vertex -1.30819 3.16663 3
    endloop
  endfacet
  facet normal 0 0 1
    outer loop
      vertex 0.252686 6.25269 3
      vertex -1.3732 3.49348 3
      vertex -1.33266 3.33165 3
    endloop
  endfacet
  facet normal 0 0 1
    outer loop
      vertex 0.252686 6.25269 3
      vertex -1.4294 3.65056 3
      vertex -1.3732 3.49348 3
    endloop
  endfacet
  facet normal 0 0 1
    outer loop
      vertex 0.252686 6.25269 3
      vertex -1.50073 3.80137 3
      vertex -1.4294 3.65056 3
    endloop
  endfacet
  facet normal 0 0 1
    outer loop
      vertex 0.252686 6.25269 3
      vertex -1.5865 3.94447 3
      vertex -1.50073 3.80137 3
    endloop
  endfacet
  facet normal 0 0 1
    outer loop
      vertex -2.34944 4.57059 3
      vertex -1.23965 7.24983 3
      vertex -1.66469 7.40192 3
    endloop
  endfacet
  facet normal 0 0 1
    outer loop
      vertex 0.252686 6.25269 3
      vertex -1.68588 4.07847 3
      vertex -1.5865 3.94447 3
    endloop
  endfacet
  facet normal 0 0 1
    outer loop
      vertex 0.252686 6.25269 3
      vertex -1.79792 4.20208 3
      vertex -1.68588 4.07847 3
    endloop
  endfacet
  facet normal 0 0 1
    outer loop
      vertex -0.0817871 6.55585 3
      vertex -1.92153 4.31412 3
      vertex -1.79792 4.20208 3
    endloop
  endfacet
  facet normal 0 0 1
    outer loop
      vertex -0.444366 6.82475 3
      vertex -2.05553 4.4135 3
      vertex -1.92153 4.31412 3
    endloop
  endfacet
  facet normal 0 0 1
    outer loop
      vertex -2.50652 4.6268 3
      vertex -1.66469 7.40192 3
      vertex -2.10257 7.51161 3
    endloop
  endfacet
  facet normal 0 0 1
    outer loop
      vertex -0.831573 7.05682 3
      vertex -2.19862 4.49927 3
      vertex -2.05553 4.4135 3
    endloop
  endfacet
  facet normal 0 0 1
    outer loop
      vertex -1.23965 7.24983 3
      vertex -2.34944 4.57059 3
      vertex -2.19862 4.49927 3
    endloop
  endfacet
  facet normal 0 0 1
    outer loop
      vertex -1.66469 7.40192 3
      vertex -2.50652 4.6268 3
      vertex -2.34944 4.57059 3
    endloop
  endfacet
  facet normal 0 0 1
    outer loop
      vertex -2.66835 4.66733 3
      vertex -2.10257 7.51161 3
      vertex -2.54912 7.57784 3
    endloop
  endfacet
  facet normal 0 0 1
    outer loop
      vertex -2.10257 7.51161 3
      vertex -2.66835 4.66733 3
      vertex -2.50652 4.6268 3
    endloop
  endfacet
  facet normal 0 0 1
    outer loop
      vertex -2.54912 7.57784 3
      vertex -2.83337 4.69181 3
      vertex -2.66835 4.66733 3
    endloop
  endfacet
  facet normal 0 0 1
    outer loop
      vertex -3 7.59999 3
      vertex -2.83337 4.69181 3
      vertex -2.54912 7.57784 3
    endloop
  endfacet
  facet normal 0 0 1
    outer loop
      vertex -3 7.59999 3
      vertex -3 4.7 3
      vertex -2.83337 4.69181 3
    endloop
  endfacet
  facet normal 0 0 1
    outer loop
      vertex -3 7.59999 3
      vertex -3.16663 4.69181 3
      vertex -3 4.7 3
    endloop
  endfacet
  facet normal -0 0 1
    outer loop
      vertex -3.45087 7.57784 3
      vertex -3.16663 4.69181 3
      vertex -3 7.59999 3
    endloop
  endfacet
  facet normal 0 0 1
    outer loop
      vertex -3.16663 4.69181 3
      vertex -3.45087 7.57784 3
      vertex -3.33165 4.66733 3
    endloop
  endfacet
  facet normal -0 0 1
    outer loop
      vertex -3.89742 7.51161 3
      vertex -3.33165 4.66733 3
      vertex -3.45087 7.57784 3
    endloop
  endfacet
  facet normal 0 0 1
    outer loop
      vertex -3.33165 4.66733 3
      vertex -3.89742 7.51161 3
      vertex -3.49348 4.6268 3
    endloop
  endfacet
  facet normal -0 0 1
    outer loop
      vertex -4.3353 7.40192 3
      vertex -3.49348 4.6268 3
      vertex -3.89742 7.51161 3
    endloop
  endfacet
  facet normal 0 0 1
    outer loop
      vertex -3.49348 4.6268 3
      vertex -4.3353 7.40192 3
      vertex -3.65056 4.57059 3
    endloop
  endfacet
  facet normal -0 0 1
    outer loop
      vertex -4.76033 7.24983 3
      vertex -3.65056 4.57059 3
      vertex -4.3353 7.40192 3
    endloop
  endfacet
  facet normal 0 0 1
    outer loop
      vertex -3.65056 4.57059 3
      vertex -4.76033 7.24983 3
      vertex -3.80137 4.49927 3
    endloop
  endfacet
  facet normal -0 0 1
    outer loop
      vertex -5.16841 7.05682 3
      vertex -3.80137 4.49927 3
      vertex -4.76033 7.24983 3
    endloop
  endfacet
  facet normal 0 0 1
    outer loop
      vertex -3.80137 4.49927 3
      vertex -5.16841 7.05682 3
      vertex -3.94447 4.4135 3
    endloop
  endfacet
  facet normal -0 0 1
    outer loop
      vertex -5.55562 6.82475 3
      vertex -3.94447 4.4135 3
      vertex -5.16841 7.05682 3
    endloop
  endfacet
  facet normal 0 0 1
    outer loop
      vertex -3.94447 4.4135 3
      vertex -5.55562 6.82475 3
      vertex -4.07847 4.31412 3
    endloop
  endfacet
  facet normal -0 0 1
    outer loop
      vertex -5.9182 6.55585 3
      vertex -4.07847 4.31412 3
      vertex -5.55562 6.82475 3
    endloop
  endfacet
  facet normal 0 0 1
    outer loop
      vertex -4.07847 4.31412 3
      vertex -5.9182 6.55585 3
      vertex -4.20208 4.20208 3
    endloop
  endfacet
  facet normal -0 0 1
    outer loop
      vertex -6.25269 6.25269 3
      vertex -4.20208 4.20208 3
      vertex -5.9182 6.55585 3
    endloop
  endfacet
  facet normal 0 0 1
    outer loop
      vertex -4.20208 4.20208 3
      vertex -6.25269 6.25269 3
      vertex -4.31412 4.07847 3
    endloop
  endfacet
  facet normal -0 0 1
    outer loop
      vertex -6.55585 5.9182 3
      vertex -4.31412 4.07847 3
      vertex -6.25269 6.25269 3
    endloop
  endfacet
  facet normal -0 0 1
    outer loop
      vertex -6.82475 5.55562 3
      vertex -4.4135 3.94447 3
      vertex -6.55585 5.9182 3
    endloop
  endfacet
  facet normal 0 0 1
    outer loop
      vertex -4.31412 4.07847 3
      vertex -6.55585 5.9182 3
      vertex -4.4135 3.94447 3
    endloop
  endfacet
  facet normal 0 0 1
    outer loop
      vertex 169.9 -85.6 3
      vertex 167.022 -85.1491 3
      vertex 167 -85.6 3
    endloop
  endfacet
  facet normal 0 0 1
    outer loop
      vertex 169.908 -85.7666 3
      vertex 167.022 -86.0509 3
      vertex 167.088 -86.4974 3
    endloop
  endfacet
  facet normal 0 0 1
    outer loop
      vertex 169.9 -85.6 3
      vertex 167 -85.6 3
      vertex 167.022 -86.0509 3
    endloop
  endfacet
  facet normal 0 0 1
    outer loop
      vertex 167.044 2.39999 3
      vertex 140.1 1 3
      vertex 158.1 1 3
    endloop
  endfacet
  facet normal -0 0 1
    outer loop
      vertex 1.55573 2.39999 3
      vertex 140.1 1 3
      vertex 167.044 2.39999 3
    endloop
  endfacet
  facet normal 0 0 1
    outer loop
      vertex 1.55573 2.39999 3
      vertex 140.1 -0.299999 3
      vertex 140.1 1 3
    endloop
  endfacet
  facet normal 0 0 1
    outer loop
      vertex 1.40192 4.3353 3
      vertex 1.55573 2.39999 3
      vertex 1.51161 3.89742 3
    endloop
  endfacet
  facet normal 0 0 1
    outer loop
      vertex 1.24983 4.76033 3
      vertex 1.55573 2.39999 3
      vertex 1.40192 4.3353 3
    endloop
  endfacet
  facet normal 0 0 1
    outer loop
      vertex 1.05682 5.16841 3
      vertex 1.55573 2.39999 3
      vertex 1.24983 4.76033 3
    endloop
  endfacet
  facet normal 0 0 1
    outer loop
      vertex 0.824753 5.55562 3
      vertex 1.55573 2.39999 3
      vertex 1.05682 5.16841 3
    endloop
  endfacet
  facet normal 0 0 1
    outer loop
      vertex 0.555847 5.9182 3
      vertex 1.55573 2.39999 3
      vertex 0.824753 5.55562 3
    endloop
  endfacet
  facet normal 0 0 1
    outer loop
      vertex 1.55573 2.39999 3
      vertex 0.299999 -0.299999 3
      vertex 140.1 -0.299999 3
    endloop
  endfacet
  facet normal 0 0 1
    outer loop
      vertex 0.252686 6.25269 3
      vertex 1.55573 2.39999 3
      vertex 0.555847 5.9182 3
    endloop
  endfacet
  facet normal 0 0 1
    outer loop
      vertex 1.55573 2.39999 3
      vertex -2.39999 -1.55573 3
      vertex 0.299999 -0.299999 3
    endloop
  endfacet
  facet normal 0 0 1
    outer loop
      vertex -2.39999 -1.55573 3
      vertex 1.55573 2.39999 3
      vertex 0.252686 6.25269 3
    endloop
  endfacet
  facet normal -0 0 1
    outer loop
      vertex -1.50073 -86.4014 3
      vertex 1.05682 -87.7684 3
      vertex -1.4294 -86.2506 3
    endloop
  endfacet
  facet normal 0 0 1
    outer loop
      vertex 1.05682 -87.7684 3
      vertex -1.50073 -86.4014 3
      vertex 0.824753 -88.1556 3
    endloop
  endfacet
  facet normal -0 0 1
    outer loop
      vertex -1.3732 -86.0935 3
      vertex 1.40192 -86.9353 3
      vertex -1.33266 -85.9317 3
    endloop
  endfacet
  facet normal 0 0 1
    outer loop
      vertex 1.24983 -87.3603 3
      vertex -1.4294 -86.2506 3
      vertex 1.05682 -87.7684 3
    endloop
  endfacet
  facet normal 0 -0 1
    outer loop
      vertex -2.19862 -84.1007 3
      vertex 0.299999 -82.3 3
      vertex -2.39999 -81.0443 3
    endloop
  endfacet
  facet normal 0 0 1
    outer loop
      vertex 1.55573 -85 3
      vertex -1.30819 -85.4334 3
      vertex -1.3 -85.6 3
    endloop
  endfacet
  facet normal 0 0 1
    outer loop
      vertex -2.39999 -1.55573 3
      vertex -1.3732 2.50652 3
      vertex -1.4294 2.34944 3
    endloop
  endfacet
  facet normal 0 0 1
    outer loop
      vertex 1.55573 -85 3
      vertex -1.3732 -85.1065 3
      vertex -1.33266 -85.2683 3
    endloop
  endfacet
  facet normal 0 0 1
    outer loop
      vertex -2.39999 -1.55573 3
      vertex -1.4294 2.34944 3
      vertex -1.50073 2.19862 3
    endloop
  endfacet
  facet normal 0 0 1
    outer loop
      vertex 1.55573 -85 3
      vertex -1.33266 -85.2683 3
      vertex -1.30819 -85.4334 3
    endloop
  endfacet
  facet normal 0 0 1
    outer loop
      vertex -2.39999 -1.55573 3
      vertex -1.50073 2.19862 3
      vertex -1.5865 2.05553 3
    endloop
  endfacet
  facet normal 0 0 1
    outer loop
      vertex 1.55573 -85 3
      vertex -1.4294 -84.9494 3
      vertex -1.3732 -85.1065 3
    endloop
  endfacet
  facet normal 0 0 1
    outer loop
      vertex -2.39999 -1.55573 3
      vertex -1.5865 2.05553 3
      vertex -1.68588 1.92153 3
    endloop
  endfacet
  facet normal 0 0 1
    outer loop
      vertex 1.55573 -85 3
      vertex -1.50073 -84.7986 3
      vertex -1.4294 -84.9494 3
    endloop
  endfacet
  facet normal 0 0 1
    outer loop
      vertex -2.39999 -1.55573 3
      vertex -1.68588 1.92153 3
      vertex -1.79792 1.79792 3
    endloop
  endfacet
  facet normal 0 0 1
    outer loop
      vertex 0.299999 -82.3 3
      vertex -1.5865 -84.6555 3
      vertex -1.50073 -84.7986 3
    endloop
  endfacet
  facet normal 0 0 1
    outer loop
      vertex -2.39999 -1.55573 3
      vertex -1.79792 1.79792 3
      vertex -1.92153 1.68588 3
    endloop
  endfacet
  facet normal 0 0 1
    outer loop
      vertex 0.299999 -82.3 3
      vertex -1.68588 -84.5215 3
      vertex -1.5865 -84.6555 3
    endloop
  endfacet
  facet normal 0 0 1
    outer loop
      vertex -2.39999 -1.55573 3
      vertex -1.92153 1.68588 3
      vertex -2.05553 1.5865 3
    endloop
  endfacet
  facet normal 0 0 1
    outer loop
      vertex 0.299999 -82.3 3
      vertex -1.79792 -84.3979 3
      vertex -1.68588 -84.5215 3
    endloop
  endfacet
  facet normal 0 0 1
    outer loop
      vertex -2.39999 -1.55573 3
      vertex -2.05553 1.5865 3
      vertex -2.19862 1.50073 3
    endloop
  endfacet
  facet normal 0 0 1
    outer loop
      vertex 0.299999 -82.3 3
      vertex -1.92153 -84.2859 3
      vertex -1.79792 -84.3979 3
    endloop
  endfacet
  facet normal 0 0 1
    outer loop
      vertex -2.39999 -1.55573 3
      vertex -2.19862 1.50073 3
      vertex -2.34944 1.4294 3
    endloop
  endfacet
  facet normal 0 0 1
    outer loop
      vertex 0.299999 -82.3 3
      vertex -2.05553 -84.1865 3
      vertex -1.92153 -84.2859 3
    endloop
  endfacet
  facet normal 0 0 1
    outer loop
      vertex 0.299999 -82.3 3
      vertex -2.19862 -84.1007 3
      vertex -2.05553 -84.1865 3
    endloop
  endfacet
  facet normal -0 0 1
    outer loop
      vertex -2.50652 1.3732 3
      vertex -2.39999 -1.55573 3
      vertex -2.34944 1.4294 3
    endloop
  endfacet
  facet normal -0 0 1
    outer loop
      vertex -2.66835 1.33266 3
      vertex -2.39999 -1.55573 3
      vertex -2.50652 1.3732 3
    endloop
  endfacet
  facet normal -0 0 1
    outer loop
      vertex -2.83337 1.30819 3
      vertex -2.39999 -1.55573 3
      vertex -2.66835 1.33266 3
    endloop
  endfacet
  facet normal 0 0 1
    outer loop
      vertex -2.39999 -1.55573 3
      vertex -2.83337 1.30819 3
      vertex -2.54912 -1.57784 3
    endloop
  endfacet
  facet normal -0 0 1
    outer loop
      vertex -3 1.3 3
      vertex -2.54912 -1.57784 3
      vertex -2.83337 1.30819 3
    endloop
  endfacet
  facet normal 0 0 1
    outer loop
      vertex -3 1.3 3
      vertex -3 -1.59999 3
      vertex -2.54912 -1.57784 3
    endloop
  endfacet
  facet normal 0 0 1
    outer loop
      vertex -3.16663 1.30819 3
      vertex -3 -1.59999 3
      vertex -3 1.3 3
    endloop
  endfacet
  facet normal 0 0 1
    outer loop
      vertex -3.45087 -1.57784 3
      vertex -3.16663 1.30819 3
      vertex -3.33165 1.33266 3
    endloop
  endfacet
  facet normal 0 0 1
    outer loop
      vertex -3.16663 1.30819 3
      vertex -3.45087 -1.57784 3
      vertex -3 -1.59999 3
    endloop
  endfacet
  facet normal 0 0 1
    outer loop
      vertex -3.89742 -1.51161 3
      vertex -3.33165 1.33266 3
      vertex -3.49348 1.3732 3
    endloop
  endfacet
  facet normal 0 0 1
    outer loop
      vertex -4.3353 -1.40192 3
      vertex -3.49348 1.3732 3
      vertex -3.65056 1.4294 3
    endloop
  endfacet
  facet normal 0 0 1
    outer loop
      vertex -4.76033 -1.24983 3
      vertex -3.65056 1.4294 3
      vertex -3.80137 1.50073 3
    endloop
  endfacet
  facet normal 0 0 1
    outer loop
      vertex -3.33165 1.33266 3
      vertex -3.89742 -1.51161 3
      vertex -3.45087 -1.57784 3
    endloop
  endfacet
  facet normal 0 0 1
    outer loop
      vertex -5.16841 -1.05682 3
      vertex -3.80137 1.50073 3
      vertex -3.94447 1.5865 3
    endloop
  endfacet
  facet normal 0 0 1
    outer loop
      vertex -5.55562 -0.824753 3
      vertex -3.94447 1.5865 3
      vertex -4.07847 1.68588 3
    endloop
  endfacet
  facet normal 0 0 1
    outer loop
      vertex -5.9182 -0.555847 3
      vertex -4.07847 1.68588 3
      vertex -4.20208 1.79792 3
    endloop
  endfacet
  facet normal 0 0 1
    outer loop
      vertex -6.25269 -0.252686 3
      vertex -4.20208 1.79792 3
      vertex -4.31412 1.92153 3
    endloop
  endfacet
  facet normal 0 0 1
    outer loop
      vertex -3.49348 1.3732 3
      vertex -4.3353 -1.40192 3
      vertex -3.89742 -1.51161 3
    endloop
  endfacet
  facet normal 0 0 1
    outer loop
      vertex -6.55585 0.0817871 3
      vertex -4.31412 1.92153 3
      vertex -4.4135 2.05553 3
    endloop
  endfacet
  facet normal 0 0 1
    outer loop
      vertex -6.82475 0.444366 3
      vertex -4.4135 2.05553 3
      vertex -4.49927 2.19862 3
    endloop
  endfacet
  facet normal 0 0 1
    outer loop
      vertex -7.05682 0.831573 3
      vertex -4.49927 2.19862 3
      vertex -4.57059 2.34944 3
    endloop
  endfacet
  facet normal 0 0 1
    outer loop
      vertex -7.24983 1.23965 3
      vertex -4.57059 2.34944 3
      vertex -4.6268 2.50652 3
    endloop
  endfacet
  facet normal 0 0 1
    outer loop
      vertex -7.40192 1.66469 3
      vertex -4.6268 2.50652 3
      vertex -4.66733 2.66835 3
    endloop
  endfacet
  facet normal 0 0 1
    outer loop
      vertex -7.51161 2.10257 3
      vertex -4.66733 2.66835 3
      vertex -4.69181 2.83337 3
    endloop
  endfacet
  facet normal 0 0 1
    outer loop
      vertex -3.65056 1.4294 3
      vertex -4.76033 -1.24983 3
      vertex -4.3353 -1.40192 3
    endloop
  endfacet
  facet normal 0 0 1
    outer loop
      vertex -7.57784 2.54912 3
      vertex -4.69181 2.83337 3
      vertex -4.7 3 3
    endloop
  endfacet
  facet normal 0 0 1
    outer loop
      vertex -4.4135 3.94447 3
      vertex -6.82475 5.55562 3
      vertex -4.49927 3.80137 3
    endloop
  endfacet
  facet normal -0 0 1
    outer loop
      vertex -7.05682 5.16841 3
      vertex -4.49927 3.80137 3
      vertex -6.82475 5.55562 3
    endloop
  endfacet
  facet normal 0 0 1
    outer loop
      vertex -3.80137 1.50073 3
      vertex -5.16841 -1.05682 3
      vertex -4.76033 -1.24983 3
    endloop
  endfacet
  facet normal 0 0 1
    outer loop
      vertex -4.49927 3.80137 3
      vertex -7.05682 5.16841 3
      vertex -4.57059 3.65056 3
    endloop
  endfacet
  facet normal 0 0 1
    outer loop
      vertex -3.94447 1.5865 3
      vertex -5.55562 -0.824753 3
      vertex -5.16841 -1.05682 3
    endloop
  endfacet
  facet normal -0 0 1
    outer loop
      vertex -7.24983 4.76033 3
      vertex -4.57059 3.65056 3
      vertex -7.05682 5.16841 3
    endloop
  endfacet
  facet normal 0 0 1
    outer loop
      vertex -4.07847 1.68588 3
      vertex -5.9182 -0.555847 3
      vertex -5.55562 -0.824753 3
    endloop
  endfacet
  facet normal 0 0 1
    outer loop
      vertex -4.57059 3.65056 3
      vertex -7.24983 4.76033 3
      vertex -4.6268 3.49348 3
    endloop
  endfacet
  facet normal 0 0 1
    outer loop
      vertex -4.20208 1.79792 3
      vertex -6.25269 -0.252686 3
      vertex -5.9182 -0.555847 3
    endloop
  endfacet
  facet normal -0 0 1
    outer loop
      vertex -7.40192 4.3353 3
      vertex -4.6268 3.49348 3
      vertex -7.24983 4.76033 3
    endloop
  endfacet
  facet normal 0 0 1
    outer loop
      vertex -4.31412 1.92153 3
      vertex -6.55585 0.0817871 3
      vertex -6.25269 -0.252686 3
    endloop
  endfacet
  facet normal 0 0 1
    outer loop
      vertex -4.6268 3.49348 3
      vertex -7.40192 4.3353 3
      vertex -4.66733 3.33165 3
    endloop
  endfacet
  facet normal 0 0 1
    outer loop
      vertex -4.4135 2.05553 3
      vertex -6.82475 0.444366 3
      vertex -6.55585 0.0817871 3
    endloop
  endfacet
  facet normal -0 0 1
    outer loop
      vertex -7.51161 3.89742 3
      vertex -4.66733 3.33165 3
      vertex -7.40192 4.3353 3
    endloop
  endfacet
  facet normal 0 0 1
    outer loop
      vertex -4.49927 2.19862 3
      vertex -7.05682 0.831573 3
      vertex -6.82475 0.444366 3
    endloop
  endfacet
  facet normal 0 0 1
    outer loop
      vertex -4.66733 3.33165 3
      vertex -7.51161 3.89742 3
      vertex -4.69181 3.16663 3
    endloop
  endfacet
  facet normal 0 0 1
    outer loop
      vertex -4.57059 2.34944 3
      vertex -7.24983 1.23965 3
      vertex -7.05682 0.831573 3
    endloop
  endfacet
  facet normal -0 0 1
    outer loop
      vertex -7.57784 3.45087 3
      vertex -4.69181 3.16663 3
      vertex -7.51161 3.89742 3
    endloop
  endfacet
  facet normal 0 0 1
    outer loop
      vertex -4.6268 2.50652 3
      vertex -7.40192 1.66469 3
      vertex -7.24983 1.23965 3
    endloop
  endfacet
  facet normal 0 0 1
    outer loop
      vertex -4.69181 3.16663 3
      vertex -7.57784 3.45087 3
      vertex -4.7 3 3
    endloop
  endfacet
  facet normal 0 0 1
    outer loop
      vertex -4.66733 2.66835 3
      vertex -7.51161 2.10257 3
      vertex -7.40192 1.66469 3
    endloop
  endfacet
  facet normal 0 0 1
    outer loop
      vertex -7.59999 3 3
      vertex -4.7 3 3
      vertex -7.57784 3.45087 3
    endloop
  endfacet
  facet normal 0 0 1
    outer loop
      vertex -4.69181 2.83337 3
      vertex -7.57784 2.54912 3
      vertex -7.51161 2.10257 3
    endloop
  endfacet
  facet normal 0 0 1
    outer loop
      vertex -4.7 3 3
      vertex -7.59999 3 3
      vertex -7.57784 2.54912 3
    endloop
  endfacet
  facet normal -0 0 1
    outer loop
      vertex -1.5865 -86.5445 3
      vertex 0.824753 -88.1556 3
      vertex -1.50073 -86.4014 3
    endloop
  endfacet
  facet normal 0 0 1
    outer loop
      vertex 0.824753 -88.1556 3
      vertex -1.5865 -86.5445 3
      vertex 0.555847 -88.5182 3
    endloop
  endfacet
  facet normal -0 0 1
    outer loop
      vertex -1.68588 -86.6785 3
      vertex 0.555847 -88.5182 3
      vertex -1.5865 -86.5445 3
    endloop
  endfacet
  facet normal 0 0 1
    outer loop
      vertex 0.555847 -88.5182 3
      vertex -1.68588 -86.6785 3
      vertex 0.252686 -88.8527 3
    endloop
  endfacet
  facet normal -0 0 1
    outer loop
      vertex -1.79792 -86.8021 3
      vertex 0.252686 -88.8527 3
      vertex -1.68588 -86.6785 3
    endloop
  endfacet
  facet normal 0 0 1
    outer loop
      vertex 0.252686 -88.8527 3
      vertex -1.79792 -86.8021 3
      vertex -0.0817871 -89.1558 3
    endloop
  endfacet
  facet normal -0 0 1
    outer loop
      vertex -1.92153 -86.9141 3
      vertex -0.0817871 -89.1558 3
      vertex -1.79792 -86.8021 3
    endloop
  endfacet
  facet normal 0 0 1
    outer loop
      vertex -0.0817871 -89.1558 3
      vertex -1.92153 -86.9141 3
      vertex -0.444366 -89.4248 3
    endloop
  endfacet
  facet normal -0 0 1
    outer loop
      vertex -2.05553 -87.0135 3
      vertex -0.444366 -89.4248 3
      vertex -1.92153 -86.9141 3
    endloop
  endfacet
  facet normal 0 0 1
    outer loop
      vertex -0.444366 -89.4248 3
      vertex -2.05553 -87.0135 3
      vertex -0.831573 -89.6568 3
    endloop
  endfacet
  facet normal -0 0 1
    outer loop
      vertex -2.19862 -87.0993 3
      vertex -0.831573 -89.6568 3
      vertex -2.05553 -87.0135 3
    endloop
  endfacet
  facet normal 0 0 1
    outer loop
      vertex -0.831573 -89.6568 3
      vertex -2.19862 -87.0993 3
      vertex -1.23965 -89.8498 3
    endloop
  endfacet
  facet normal -0 0 1
    outer loop
      vertex -2.34944 -87.1706 3
      vertex -1.23965 -89.8498 3
      vertex -2.19862 -87.0993 3
    endloop
  endfacet
  facet normal 0 0 1
    outer loop
      vertex -1.23965 -89.8498 3
      vertex -2.34944 -87.1706 3
      vertex -1.66469 -90.0019 3
    endloop
  endfacet
  facet normal -0 0 1
    outer loop
      vertex -2.50652 -87.2268 3
      vertex -1.66469 -90.0019 3
      vertex -2.34944 -87.1706 3
    endloop
  endfacet
  facet normal 0 0 1
    outer loop
      vertex -1.66469 -90.0019 3
      vertex -2.50652 -87.2268 3
      vertex -2.10257 -90.1116 3
    endloop
  endfacet
  facet normal -0 0 1
    outer loop
      vertex -2.66835 -87.2673 3
      vertex -2.10257 -90.1116 3
      vertex -2.50652 -87.2268 3
    endloop
  endfacet
  facet normal 0 0 1
    outer loop
      vertex -2.10257 -90.1116 3
      vertex -2.66835 -87.2673 3
      vertex -2.54912 -90.1778 3
    endloop
  endfacet
  facet normal -0 0 1
    outer loop
      vertex -2.83337 -87.2918 3
      vertex -2.54912 -90.1778 3
      vertex -2.66835 -87.2673 3
    endloop
  endfacet
  facet normal -0 0 1
    outer loop
      vertex -3 -87.3 3
      vertex -2.54912 -90.1778 3
      vertex -2.83337 -87.2918 3
    endloop
  endfacet
  facet normal 0 0 1
    outer loop
      vertex -3 -87.3 3
      vertex -3 -90.2 3
      vertex -2.54912 -90.1778 3
    endloop
  endfacet
  facet normal 0 0 1
    outer loop
      vertex -3.16663 -87.2918 3
      vertex -3 -90.2 3
      vertex -3 -87.3 3
    endloop
  endfacet
  facet normal 0 0 1
    outer loop
      vertex -3.45087 -90.1778 3
      vertex -3.16663 -87.2918 3
      vertex -3.33165 -87.2673 3
    endloop
  endfacet
  facet normal 0 0 1
    outer loop
      vertex -3.16663 -87.2918 3
      vertex -3.45087 -90.1778 3
      vertex -3 -90.2 3
    endloop
  endfacet
  facet normal 0 0 1
    outer loop
      vertex -3.89742 -90.1116 3
      vertex -3.33165 -87.2673 3
      vertex -3.49348 -87.2268 3
    endloop
  endfacet
  facet normal 0 0 1
    outer loop
      vertex -4.3353 -90.0019 3
      vertex -3.49348 -87.2268 3
      vertex -3.65056 -87.1706 3
    endloop
  endfacet
  facet normal 0 0 1
    outer loop
      vertex -4.76033 -89.8498 3
      vertex -3.65056 -87.1706 3
      vertex -3.80137 -87.0993 3
    endloop
  endfacet
  facet normal 0 0 1
    outer loop
      vertex -3.33165 -87.2673 3
      vertex -3.89742 -90.1116 3
      vertex -3.45087 -90.1778 3
    endloop
  endfacet
  facet normal 0 0 1
    outer loop
      vertex -5.16841 -89.6568 3
      vertex -3.80137 -87.0993 3
      vertex -3.94447 -87.0135 3
    endloop
  endfacet
  facet normal 0 0 1
    outer loop
      vertex -5.55562 -89.4248 3
      vertex -3.94447 -87.0135 3
      vertex -4.07847 -86.9141 3
    endloop
  endfacet
  facet normal 0 0 1
    outer loop
      vertex -5.9182 -89.1558 3
      vertex -4.07847 -86.9141 3
      vertex -4.20208 -86.8021 3
    endloop
  endfacet
  facet normal 0 0 1
    outer loop
      vertex -6.25269 -88.8527 3
      vertex -4.20208 -86.8021 3
      vertex -4.31412 -86.6785 3
    endloop
  endfacet
  facet normal 0 0 1
    outer loop
      vertex -3.49348 -87.2268 3
      vertex -4.3353 -90.0019 3
      vertex -3.89742 -90.1116 3
    endloop
  endfacet
  facet normal 0 0 1
    outer loop
      vertex -6.55585 -88.5182 3
      vertex -4.31412 -86.6785 3
      vertex -4.4135 -86.5445 3
    endloop
  endfacet
  facet normal 0 0 1
    outer loop
      vertex -6.82475 -88.1556 3
      vertex -4.4135 -86.5445 3
      vertex -4.49927 -86.4014 3
    endloop
  endfacet
  facet normal 0 0 1
    outer loop
      vertex -7.05682 -87.7684 3
      vertex -4.49927 -86.4014 3
      vertex -4.57059 -86.2506 3
    endloop
  endfacet
  facet normal 0 0 1
    outer loop
      vertex -7.24983 -87.3603 3
      vertex -4.57059 -86.2506 3
      vertex -4.6268 -86.0935 3
    endloop
  endfacet
  facet normal 0 0 1
    outer loop
      vertex -7.40192 -86.9353 3
      vertex -4.6268 -86.0935 3
      vertex -4.66733 -85.9317 3
    endloop
  endfacet
  facet normal 0 0 1
    outer loop
      vertex -7.51161 -86.4974 3
      vertex -4.66733 -85.9317 3
      vertex -4.69181 -85.7666 3
    endloop
  endfacet
  facet normal 0 0 1
    outer loop
      vertex -3.65056 -87.1706 3
      vertex -4.76033 -89.8498 3
      vertex -4.3353 -90.0019 3
    endloop
  endfacet
  facet normal 0 0 1
    outer loop
      vertex -7.57784 -86.0509 3
      vertex -4.69181 -85.7666 3
      vertex -4.7 -85.6 3
    endloop
  endfacet
  facet normal 0 0 1
    outer loop
      vertex -4.4135 -84.6555 3
      vertex -6.82475 -83.0444 3
      vertex -4.49927 -84.7986 3
    endloop
  endfacet
  facet normal -0 0 1
    outer loop
      vertex -7.05682 -83.4316 3
      vertex -4.49927 -84.7986 3
      vertex -6.82475 -83.0444 3
    endloop
  endfacet
  facet normal 0 0 1
    outer loop
      vertex -3.80137 -87.0993 3
      vertex -5.16841 -89.6568 3
      vertex -4.76033 -89.8498 3
    endloop
  endfacet
  facet normal 0 0 1
    outer loop
      vertex -4.49927 -84.7986 3
      vertex -7.05682 -83.4316 3
      vertex -4.57059 -84.9494 3
    endloop
  endfacet
  facet normal 0 0 1
    outer loop
      vertex -3.94447 -87.0135 3
      vertex -5.55562 -89.4248 3
      vertex -5.16841 -89.6568 3
    endloop
  endfacet
  facet normal -0 0 1
    outer loop
      vertex -7.24983 -83.8396 3
      vertex -4.57059 -84.9494 3
      vertex -7.05682 -83.4316 3
    endloop
  endfacet
  facet normal 0 0 1
    outer loop
      vertex -4.07847 -86.9141 3
      vertex -5.9182 -89.1558 3
      vertex -5.55562 -89.4248 3
    endloop
  endfacet
  facet normal 0 0 1
    outer loop
      vertex -4.57059 -84.9494 3
      vertex -7.24983 -83.8396 3
      vertex -4.6268 -85.1065 3
    endloop
  endfacet
  facet normal 0 0 1
    outer loop
      vertex -4.20208 -86.8021 3
      vertex -6.25269 -88.8527 3
      vertex -5.9182 -89.1558 3
    endloop
  endfacet
  facet normal -0 0 1
    outer loop
      vertex -7.40192 -84.2647 3
      vertex -4.6268 -85.1065 3
      vertex -7.24983 -83.8396 3
    endloop
  endfacet
  facet normal 0 0 1
    outer loop
      vertex -4.31412 -86.6785 3
      vertex -6.55585 -88.5182 3
      vertex -6.25269 -88.8527 3
    endloop
  endfacet
  facet normal 0 0 1
    outer loop
      vertex -4.6268 -85.1065 3
      vertex -7.40192 -84.2647 3
      vertex -4.66733 -85.2683 3
    endloop
  endfacet
  facet normal 0 0 1
    outer loop
      vertex -4.4135 -86.5445 3
      vertex -6.82475 -88.1556 3
      vertex -6.55585 -88.5182 3
    endloop
  endfacet
  facet normal -0 0 1
    outer loop
      vertex -7.51161 -84.7026 3
      vertex -4.66733 -85.2683 3
      vertex -7.40192 -84.2647 3
    endloop
  endfacet
  facet normal 0 0 1
    outer loop
      vertex -4.49927 -86.4014 3
      vertex -7.05682 -87.7684 3
      vertex -6.82475 -88.1556 3
    endloop
  endfacet
  facet normal 0 0 1
    outer loop
      vertex -4.66733 -85.2683 3
      vertex -7.51161 -84.7026 3
      vertex -4.69181 -85.4334 3
    endloop
  endfacet
  facet normal 0 0 1
    outer loop
      vertex -4.57059 -86.2506 3
      vertex -7.24983 -87.3603 3
      vertex -7.05682 -87.7684 3
    endloop
  endfacet
  facet normal -0 0 1
    outer loop
      vertex -7.57784 -85.1491 3
      vertex -4.69181 -85.4334 3
      vertex -7.51161 -84.7026 3
    endloop
  endfacet
  facet normal 0 0 1
    outer loop
      vertex -4.6268 -86.0935 3
      vertex -7.40192 -86.9353 3
      vertex -7.24983 -87.3603 3
    endloop
  endfacet
  facet normal 0 0 1
    outer loop
      vertex -4.69181 -85.4334 3
      vertex -7.57784 -85.1491 3
      vertex -4.7 -85.6 3
    endloop
  endfacet
  facet normal 0 0 1
    outer loop
      vertex -4.66733 -85.9317 3
      vertex -7.51161 -86.4974 3
      vertex -7.40192 -86.9353 3
    endloop
  endfacet
  facet normal 0 0 1
    outer loop
      vertex -7.59999 -85.6 3
      vertex -4.7 -85.6 3
      vertex -7.57784 -85.1491 3
    endloop
  endfacet
  facet normal 0 0 1
    outer loop
      vertex -4.69181 -85.7666 3
      vertex -7.57784 -86.0509 3
      vertex -7.51161 -86.4974 3
    endloop
  endfacet
  facet normal 0 0 1
    outer loop
      vertex -4.7 -85.6 3
      vertex -7.59999 -85.6 3
      vertex -7.57784 -86.0509 3
    endloop
  endfacet
  facet normal 0 0 1
    outer loop
      vertex -2.19862 -84.1007 3
      vertex -2.39999 -81.0443 3
      vertex -2.34944 -84.0294 3
    endloop
  endfacet
  facet normal 0 0 1
    outer loop
      vertex -2.39999 -81.0443 3
      vertex -2.50652 -83.9732 3
      vertex -2.34944 -84.0294 3
    endloop
  endfacet
  facet normal 0 0 1
    outer loop
      vertex -2.83337 -83.9082 3
      vertex -2.39999 -81.0443 3
      vertex -2.54912 -81.0221 3
    endloop
  endfacet
  facet normal 0 0 1
    outer loop
      vertex -2.39999 -81.0443 3
      vertex -2.66835 -83.9327 3
      vertex -2.50652 -83.9732 3
    endloop
  endfacet
  facet normal 0 0 1
    outer loop
      vertex -2.39999 -81.0443 3
      vertex -2.83337 -83.9082 3
      vertex -2.66835 -83.9327 3
    endloop
  endfacet
  facet normal 0 0 1
    outer loop
      vertex -3 -81 3
      vertex -2.83337 -83.9082 3
      vertex -2.54912 -81.0221 3
    endloop
  endfacet
  facet normal 0 0 1
    outer loop
      vertex -3 -81 3
      vertex -3 -83.9 3
      vertex -2.83337 -83.9082 3
    endloop
  endfacet
  facet normal 0 0 1
    outer loop
      vertex -3 -81 3
      vertex -3.16663 -83.9082 3
      vertex -3 -83.9 3
    endloop
  endfacet
  facet normal -0 0 1
    outer loop
      vertex -3.45087 -81.0221 3
      vertex -3.16663 -83.9082 3
      vertex -3 -81 3
    endloop
  endfacet
  facet normal 0 0 1
    outer loop
      vertex -3.16663 -83.9082 3
      vertex -3.45087 -81.0221 3
      vertex -3.33165 -83.9327 3
    endloop
  endfacet
  facet normal -0 0 1
    outer loop
      vertex -3.89742 -81.0884 3
      vertex -3.33165 -83.9327 3
      vertex -3.45087 -81.0221 3
    endloop
  endfacet
  facet normal 0 0 1
    outer loop
      vertex -3.33165 -83.9327 3
      vertex -3.89742 -81.0884 3
      vertex -3.49348 -83.9732 3
    endloop
  endfacet
  facet normal -0 0 1
    outer loop
      vertex -4.3353 -81.1981 3
      vertex -3.49348 -83.9732 3
      vertex -3.89742 -81.0884 3
    endloop
  endfacet
  facet normal 0 0 1
    outer loop
      vertex -3.49348 -83.9732 3
      vertex -4.3353 -81.1981 3
      vertex -3.65056 -84.0294 3
    endloop
  endfacet
  facet normal -0 0 1
    outer loop
      vertex -4.76033 -81.3501 3
      vertex -3.65056 -84.0294 3
      vertex -4.3353 -81.1981 3
    endloop
  endfacet
  facet normal 0 0 1
    outer loop
      vertex -3.65056 -84.0294 3
      vertex -4.76033 -81.3501 3
      vertex -3.80137 -84.1007 3
    endloop
  endfacet
  facet normal -0 0 1
    outer loop
      vertex -5.16841 -81.5432 3
      vertex -3.80137 -84.1007 3
      vertex -4.76033 -81.3501 3
    endloop
  endfacet
  facet normal 0 0 1
    outer loop
      vertex -3.80137 -84.1007 3
      vertex -5.16841 -81.5432 3
      vertex -3.94447 -84.1865 3
    endloop
  endfacet
  facet normal -0 0 1
    outer loop
      vertex -5.55562 -81.7752 3
      vertex -3.94447 -84.1865 3
      vertex -5.16841 -81.5432 3
    endloop
  endfacet
  facet normal 0 0 1
    outer loop
      vertex -3.94447 -84.1865 3
      vertex -5.55562 -81.7752 3
      vertex -4.07847 -84.2859 3
    endloop
  endfacet
  facet normal -0 0 1
    outer loop
      vertex -5.9182 -82.0441 3
      vertex -4.07847 -84.2859 3
      vertex -5.55562 -81.7752 3
    endloop
  endfacet
  facet normal 0 0 1
    outer loop
      vertex -4.07847 -84.2859 3
      vertex -5.9182 -82.0441 3
      vertex -4.20208 -84.3979 3
    endloop
  endfacet
  facet normal -0 0 1
    outer loop
      vertex -6.25269 -82.3473 3
      vertex -4.20208 -84.3979 3
      vertex -5.9182 -82.0441 3
    endloop
  endfacet
  facet normal 0 0 1
    outer loop
      vertex -4.20208 -84.3979 3
      vertex -6.25269 -82.3473 3
      vertex -4.31412 -84.5215 3
    endloop
  endfacet
  facet normal -0 0 1
    outer loop
      vertex -6.55585 -82.6818 3
      vertex -4.31412 -84.5215 3
      vertex -6.25269 -82.3473 3
    endloop
  endfacet
  facet normal -0 0 1
    outer loop
      vertex -6.82475 -83.0444 3
      vertex -4.4135 -84.6555 3
      vertex -6.55585 -82.6818 3
    endloop
  endfacet
  facet normal 0 0 1
    outer loop
      vertex -4.31412 -84.5215 3
      vertex -6.55585 -82.6818 3
      vertex -4.4135 -84.6555 3
    endloop
  endfacet
  facet normal 0 0 1
    outer loop
      vertex -1.3 -85.6 3
      vertex 1.57784 -85.1491 3
      vertex 1.55573 -85 3
    endloop
  endfacet
  facet normal 0 0 1
    outer loop
      vertex 1.57784 -85.1491 3
      vertex -1.3 -85.6 3
      vertex 1.59999 -85.6 3
    endloop
  endfacet
  facet normal 0 0 1
    outer loop
      vertex 1.59999 -85.6 3
      vertex -1.3 -85.6 3
      vertex 1.57784 -86.0509 3
    endloop
  endfacet
  facet normal 0 0 1
    outer loop
      vertex 140.1 -0.299999 3
      vertex 158.1 -0.299999 3
      vertex 158.1 1 3
    endloop
  endfacet
  facet normal 0 0 1
    outer loop
      vertex 158.1 -0.299999 3
      vertex 140.1 -0.299999 3
      vertex 158.1 -1.9 3
    endloop
  endfacet
  facet normal 0 0 1
    outer loop
      vertex 140.1 -0.299999 3
      vertex 158.1 1 3
      vertex 140.1 1 3
    endloop
  endfacet
  facet normal 0 0 1
    outer loop
      vertex 140.1 -1.9 3
      vertex 158.1 -1.9 3
      vertex 140.1 -0.299999 3
    endloop
  endfacet
  facet normal 0 0 1
    outer loop
      vertex 158.1 -1.9 3
      vertex 140.1 -1.9 3
      vertex 158.1 -2.9 3
    endloop
  endfacet
  facet normal 0 0 1
    outer loop
      vertex 158.1 -2.9 3
      vertex 140.1 -1.9 3
      vertex 140.1 -2.9 3
    endloop
  endfacet
  facet normal 0 0 1
    outer loop
      vertex 140.1 -0.299999 6
      vertex 1.9 -1.9 6
      vertex 140.1 -1.9 6
    endloop
  endfacet
  facet normal 0 0 1
    outer loop
      vertex 1.9 -1.9 6
      vertex 0.299999 -0.299999 6
      vertex 1.9 -80.7 6
    endloop
  endfacet
  facet normal -0 0 1
    outer loop
      vertex 0.299999 -0.299999 6
      vertex 1.9 -1.9 6
      vertex 140.1 -0.299999 6
    endloop
  endfacet
  facet normal 0 0 1
    outer loop
      vertex 168.3 -0.299999 6
      vertex 166.7 -1.9 6
      vertex 168.3 -82.3 6
    endloop
  endfacet
  facet normal -0 0 1
    outer loop
      vertex 158.1 -0.299999 6
      vertex 166.7 -1.9 6
      vertex 168.3 -0.299999 6
    endloop
  endfacet
  facet normal 0 0 1
    outer loop
      vertex 166.7 -1.9 6
      vertex 158.1 -0.299999 6
      vertex 158.1 -1.9 6
    endloop
  endfacet
  facet normal -0 0 1
    outer loop
      vertex 166.7 -80.7 6
      vertex 168.3 -82.3 6
      vertex 166.7 -1.9 6
    endloop
  endfacet
  facet normal -0 0 1
    outer loop
      vertex 1.9 -80.7 6
      vertex 168.3 -82.3 6
      vertex 166.7 -80.7 6
    endloop
  endfacet
  facet normal 0 0 1
    outer loop
      vertex 1.9 -80.7 6
      vertex 0.299999 -82.3 6
      vertex 168.3 -82.3 6
    endloop
  endfacet
  facet normal 0 0 1
    outer loop
      vertex 0.299999 -82.3 6
      vertex 1.9 -80.7 6
      vertex 0.299999 -0.299999 6
    endloop
  endfacet
  facet normal -1 0 0
    outer loop
      vertex 0.299999 -82.3 3
      vertex 0.299999 -0.299999 6
      vertex 0.299999 -0.299999 3
    endloop
  endfacet
  facet normal -1 -0 0
    outer loop
      vertex 0.299999 -0.299999 6
      vertex 0.299999 -82.3 3
      vertex 0.299999 -82.3 6
    endloop
  endfacet
  facet normal 0 -1 0
    outer loop
      vertex 0.299999 -82.3 3
      vertex 168.3 -82.3 6
      vertex 0.299999 -82.3 6
    endloop
  endfacet
  facet normal 0 -1 -0
    outer loop
      vertex 168.3 -82.3 6
      vertex 0.299999 -82.3 3
      vertex 168.3 -82.3 3
    endloop
  endfacet
  facet normal 0 1 -0
    outer loop
      vertex 140.1 -0.299999 3
      vertex 0.299999 -0.299999 6
      vertex 140.1 -0.299999 6
    endloop
  endfacet
  facet normal 0 1 0
    outer loop
      vertex 0.299999 -0.299999 6
      vertex 140.1 -0.299999 3
      vertex 0.299999 -0.299999 3
    endloop
  endfacet
  facet normal 0 1 -0
    outer loop
      vertex 168.3 -0.299999 3
      vertex 158.1 -0.299999 6
      vertex 168.3 -0.299999 6
    endloop
  endfacet
  facet normal 0 1 0
    outer loop
      vertex 158.1 -0.299999 6
      vertex 168.3 -0.299999 3
      vertex 158.1 -0.299999 3
    endloop
  endfacet
  facet normal -1 0 0
    outer loop
      vertex 166.7 -80.7 3
      vertex 166.7 -1.9 6
      vertex 166.7 -1.9 3
    endloop
  endfacet
  facet normal -1 -0 0
    outer loop
      vertex 166.7 -1.9 6
      vertex 166.7 -80.7 3
      vertex 166.7 -80.7 6
    endloop
  endfacet
  facet normal 1 -0 0
    outer loop
      vertex 1.9 -80.7 6
      vertex 1.9 -1.9 3
      vertex 1.9 -1.9 6
    endloop
  endfacet
  facet normal 1 0 0
    outer loop
      vertex 1.9 -1.9 3
      vertex 1.9 -80.7 6
      vertex 1.9 -80.7 3
    endloop
  endfacet
  facet normal 0 1 -0
    outer loop
      vertex 166.7 -80.7 3
      vertex 1.9 -80.7 6
      vertex 166.7 -80.7 6
    endloop
  endfacet
  facet normal 0 1 0
    outer loop
      vertex 1.9 -80.7 6
      vertex 166.7 -80.7 3
      vertex 1.9 -80.7 3
    endloop
  endfacet
  facet normal 0 -1 0
    outer loop
      vertex 1.9 -1.9 3
      vertex 140.1 -1.9 6
      vertex 1.9 -1.9 6
    endloop
  endfacet
  facet normal 0 -1 -0
    outer loop
      vertex 140.1 -1.9 6
      vertex 1.9 -1.9 3
      vertex 140.1 -1.9 3
    endloop
  endfacet
  facet normal 0 -1 0
    outer loop
      vertex 158.1 -1.9 3
      vertex 166.7 -1.9 6
      vertex 158.1 -1.9 6
    endloop
  endfacet
  facet normal 0 -1 -0
    outer loop
      vertex 166.7 -1.9 6
      vertex 158.1 -1.9 3
      vertex 166.7 -1.9 3
    endloop
  endfacet
  facet normal 1 -0 0
    outer loop
      vertex 116.8 -28.3 19.6
      vertex 116.8 -26.3 3
      vertex 116.8 -26.3 19.6
    endloop
  endfacet
  facet normal 1 0 0
    outer loop
      vertex 116.8 -26.3 3
      vertex 116.8 -28.3 19.6
      vertex 116.8 -28.3 3
    endloop
  endfacet
  facet normal -0 0 1
    outer loop
      vertex 10.8 -26.3 19.6
      vertex 116.8 -28.3 19.6
      vertex 116.8 -26.3 19.6
    endloop
  endfacet
  facet normal 0 0 1
    outer loop
      vertex 116.8 -28.3 19.6
      vertex 10.8 -26.3 19.6
      vertex 10.8 -28.3 19.6
    endloop
  endfacet
  facet normal -1 0 0
    outer loop
      vertex 10.8 -28.3 3
      vertex 10.8 -26.3 19.6
      vertex 10.8 -26.3 3
    endloop
  endfacet
  facet normal -1 -0 0
    outer loop
      vertex 10.8 -26.3 19.6
      vertex 10.8 -28.3 3
      vertex 10.8 -28.3 19.6
    endloop
  endfacet
  facet normal 0 -1 0
    outer loop
      vertex 10.8 -28.3 3
      vertex 116.8 -28.3 19.6
      vertex 10.8 -28.3 19.6
    endloop
  endfacet
  facet normal 0 -1 -0
    outer loop
      vertex 116.8 -28.3 19.6
      vertex 10.8 -28.3 3
      vertex 116.8 -28.3 3
    endloop
  endfacet
  facet normal 0 1 -0
    outer loop
      vertex 116.8 -26.3 3
      vertex 10.8 -26.3 19.6
      vertex 116.8 -26.3 19.6
    endloop
  endfacet
  facet normal 0 1 0
    outer loop
      vertex 10.8 -26.3 19.6
      vertex 116.8 -26.3 3
      vertex 10.8 -26.3 3
    endloop
  endfacet
  facet normal 1 -0 0
    outer loop
      vertex 116.8 -56.3 19.6
      vertex 116.8 -54.3 3
      vertex 116.8 -54.3 19.6
    endloop
  endfacet
  facet normal 1 0 0
    outer loop
      vertex 116.8 -54.3 3
      vertex 116.8 -56.3 19.6
      vertex 116.8 -56.3 3
    endloop
  endfacet
  facet normal -0 0 1
    outer loop
      vertex 10.8 -54.3 19.6
      vertex 116.8 -56.3 19.6
      vertex 116.8 -54.3 19.6
    endloop
  endfacet
  facet normal 0 0 1
    outer loop
      vertex 116.8 -56.3 19.6
      vertex 10.8 -54.3 19.6
      vertex 10.8 -56.3 19.6
    endloop
  endfacet
  facet normal -1 0 0
    outer loop
      vertex 10.8 -56.3 3
      vertex 10.8 -54.3 19.6
      vertex 10.8 -54.3 3
    endloop
  endfacet
  facet normal -1 -0 0
    outer loop
      vertex 10.8 -54.3 19.6
      vertex 10.8 -56.3 3
      vertex 10.8 -56.3 19.6
    endloop
  endfacet
  facet normal 0 -1 0
    outer loop
      vertex 10.8 -56.3 3
      vertex 116.8 -56.3 19.6
      vertex 10.8 -56.3 19.6
    endloop
  endfacet
  facet normal 0 -1 -0
    outer loop
      vertex 116.8 -56.3 19.6
      vertex 10.8 -56.3 3
      vertex 116.8 -56.3 3
    endloop
  endfacet
  facet normal 0 1 -0
    outer loop
      vertex 116.8 -54.3 3
      vertex 10.8 -54.3 19.6
      vertex 116.8 -54.3 19.6
    endloop
  endfacet
  facet normal 0 1 0
    outer loop
      vertex 10.8 -54.3 19.6
      vertex 116.8 -54.3 3
      vertex 10.8 -54.3 3
    endloop
  endfacet
  facet normal 0 0 -1
    outer loop
      vertex 0.0999994 -85.6 0
      vertex 1.59999 -85.6 0
      vertex 1.57784 -86.0509 0
    endloop
  endfacet
  facet normal 0 0 -1
    outer loop
      vertex 1.59999 -85.6 0
      vertex 0.0999994 -85.6 0
      vertex 1.57784 -85.1491 0
    endloop
  endfacet
  facet normal 0 0 -1
    outer loop
      vertex 0.0850725 -85.2961 0
      vertex 1.57784 -85.1491 0
      vertex 0.0999994 -85.6 0
    endloop
  endfacet
  facet normal 0 0 -1
    outer loop
      vertex 0.0999994 -85.6 0
      vertex 1.57784 -86.0509 0
      vertex 1.51161 -86.4974 0
    endloop
  endfacet
  facet normal 0 0 -1
    outer loop
      vertex 174.7 -85.6 0
      vertex 176.2 -85.6 0
      vertex 176.178 -86.0509 0
    endloop
  endfacet
  facet normal 0 0 -1
    outer loop
      vertex 174.685 -85.9039 0
      vertex 176.178 -86.0509 0
      vertex 176.112 -86.4974 0
    endloop
  endfacet
  facet normal 0 0 -1
    outer loop
      vertex 176.2 -85.6 0
      vertex 174.7 -85.6 0
      vertex 176.178 -85.1491 0
    endloop
  endfacet
  facet normal 0 0 -1
    outer loop
      vertex 174.64 -86.2048 0
      vertex 176.112 -86.4974 0
      vertex 176.002 -86.9353 0
    endloop
  endfacet
  facet normal 0 0 -1
    outer loop
      vertex 174.685 -85.2961 0
      vertex 176.178 -85.1491 0
      vertex 174.7 -85.6 0
    endloop
  endfacet
  facet normal 0 0 -1
    outer loop
      vertex 174.567 -86.4999 0
      vertex 176.002 -86.9353 0
      vertex 175.85 -87.3603 0
    endloop
  endfacet
  facet normal -0 0 -1
    outer loop
      vertex 176.178 -85.1491 0
      vertex 174.685 -85.2961 0
      vertex 176.112 -84.7026 0
    endloop
  endfacet
  facet normal 0 0 -1
    outer loop
      vertex 174.464 -86.7863 0
      vertex 175.85 -87.3603 0
      vertex 175.657 -87.7684 0
    endloop
  endfacet
  facet normal 0 0 -1
    outer loop
      vertex 174.64 -84.9952 0
      vertex 176.112 -84.7026 0
      vertex 174.685 -85.2961 0
    endloop
  endfacet
  facet normal 0 0 -1
    outer loop
      vertex 174.334 -87.0613 0
      vertex 175.657 -87.7684 0
      vertex 175.425 -88.1556 0
    endloop
  endfacet
  facet normal -0 0 -1
    outer loop
      vertex 176.112 -84.7026 0
      vertex 174.64 -84.9952 0
      vertex 176.002 -84.2647 0
    endloop
  endfacet
  facet normal 0 0 -1
    outer loop
      vertex 174.178 -87.3223 0
      vertex 175.425 -88.1556 0
      vertex 175.156 -88.5182 0
    endloop
  endfacet
  facet normal 0 0 -1
    outer loop
      vertex 174.567 -84.7001 0
      vertex 176.002 -84.2647 0
      vertex 174.64 -84.9952 0
    endloop
  endfacet
  facet normal 0 0 -1
    outer loop
      vertex 173.996 -87.5666 0
      vertex 175.156 -88.5182 0
      vertex 174.853 -88.8527 0
    endloop
  endfacet
  facet normal -0 0 -1
    outer loop
      vertex 176.002 -84.2647 0
      vertex 174.567 -84.7001 0
      vertex 175.85 -83.8396 0
    endloop
  endfacet
  facet normal 0 0 -1
    outer loop
      vertex 174.464 -84.4137 0
      vertex 175.85 -83.8396 0
      vertex 174.567 -84.7001 0
    endloop
  endfacet
  facet normal 0 0 -1
    outer loop
      vertex 176.178 -86.0509 0
      vertex 174.685 -85.9039 0
      vertex 174.7 -85.6 0
    endloop
  endfacet
  facet normal 0 0 -1
    outer loop
      vertex 176.112 -86.4974 0
      vertex 174.64 -86.2048 0
      vertex 174.685 -85.9039 0
    endloop
  endfacet
  facet normal 0 0 -1
    outer loop
      vertex 176.002 -86.9353 0
      vertex 174.567 -86.4999 0
      vertex 174.64 -86.2048 0
    endloop
  endfacet
  facet normal 0 0 -1
    outer loop
      vertex 173.792 -87.792 0
      vertex 174.853 -88.8527 0
      vertex 174.518 -89.1558 0
    endloop
  endfacet
  facet normal 0 0 -1
    outer loop
      vertex 175.85 -87.3603 0
      vertex 174.464 -86.7863 0
      vertex 174.567 -86.4999 0
    endloop
  endfacet
  facet normal 0 0 -1
    outer loop
      vertex 175.657 -87.7684 0
      vertex 174.334 -87.0613 0
      vertex 174.464 -86.7863 0
    endloop
  endfacet
  facet normal 0 0 -1
    outer loop
      vertex 175.425 -88.1556 0
      vertex 174.178 -87.3223 0
      vertex 174.334 -87.0613 0
    endloop
  endfacet
  facet normal 0 0 -1
    outer loop
      vertex 173.567 -87.9963 0
      vertex 174.518 -89.1558 0
      vertex 174.156 -89.4248 0
    endloop
  endfacet
  facet normal 0 0 -1
    outer loop
      vertex 175.156 -88.5182 0
      vertex 173.996 -87.5666 0
      vertex 174.178 -87.3223 0
    endloop
  endfacet
  facet normal 0 0 -1
    outer loop
      vertex 174.853 -88.8527 0
      vertex 173.792 -87.792 0
      vertex 173.996 -87.5666 0
    endloop
  endfacet
  facet normal 0 0 -1
    outer loop
      vertex 173.322 -88.1776 0
      vertex 174.156 -89.4248 0
      vertex 173.768 -89.6568 0
    endloop
  endfacet
  facet normal 0 0 -1
    outer loop
      vertex 174.518 -89.1558 0
      vertex 173.567 -87.9963 0
      vertex 173.792 -87.792 0
    endloop
  endfacet
  facet normal 0 0 -1
    outer loop
      vertex 173.061 -88.334 0
      vertex 173.768 -89.6568 0
      vertex 173.36 -89.8498 0
    endloop
  endfacet
  facet normal 0 0 -1
    outer loop
      vertex 174.156 -89.4248 0
      vertex 173.322 -88.1776 0
      vertex 173.567 -87.9963 0
    endloop
  endfacet
  facet normal 0 0 -1
    outer loop
      vertex 173.768 -89.6568 0
      vertex 173.061 -88.334 0
      vertex 173.322 -88.1776 0
    endloop
  endfacet
  facet normal 0 0 -1
    outer loop
      vertex 172.786 -88.464 0
      vertex 173.36 -89.8498 0
      vertex 172.935 -90.0019 0
    endloop
  endfacet
  facet normal 0 0 -1
    outer loop
      vertex 173.36 -89.8498 0
      vertex 172.786 -88.464 0
      vertex 173.061 -88.334 0
    endloop
  endfacet
  facet normal 0 0 -1
    outer loop
      vertex 172.935 -90.0019 0
      vertex 172.5 -88.5665 0
      vertex 172.786 -88.464 0
    endloop
  endfacet
  facet normal 0 0 -1
    outer loop
      vertex 172.497 -90.1116 0
      vertex 172.5 -88.5665 0
      vertex 172.935 -90.0019 0
    endloop
  endfacet
  facet normal 0 0 -1
    outer loop
      vertex 172.497 -90.1116 0
      vertex 172.205 -88.6404 0
      vertex 172.5 -88.5665 0
    endloop
  endfacet
  facet normal 0 0 -1
    outer loop
      vertex 172.051 -90.1778 0
      vertex 172.205 -88.6404 0
      vertex 172.497 -90.1116 0
    endloop
  endfacet
  facet normal 0 0 -1
    outer loop
      vertex 172.051 -90.1778 0
      vertex 171.904 -88.6851 0
      vertex 172.205 -88.6404 0
    endloop
  endfacet
  facet normal 0 0 -1
    outer loop
      vertex 172.051 -90.1778 0
      vertex 171.6 -88.7 0
      vertex 171.904 -88.6851 0
    endloop
  endfacet
  facet normal 0 0 -1
    outer loop
      vertex 171.6 -90.2 0
      vertex 171.6 -88.7 0
      vertex 172.051 -90.1778 0
    endloop
  endfacet
  facet normal 0 0 -1
    outer loop
      vertex 171.6 -90.2 0
      vertex 171.296 -88.6851 0
      vertex 171.6 -88.7 0
    endloop
  endfacet
  facet normal 0 0 -1
    outer loop
      vertex 171.149 -90.1778 0
      vertex 171.296 -88.6851 0
      vertex 171.6 -90.2 0
    endloop
  endfacet
  facet normal 0 0 -1
    outer loop
      vertex 171.149 -90.1778 0
      vertex 170.995 -88.6404 0
      vertex 171.296 -88.6851 0
    endloop
  endfacet
  facet normal 0 0 -1
    outer loop
      vertex 170.703 -90.1116 0
      vertex 170.995 -88.6404 0
      vertex 171.149 -90.1778 0
    endloop
  endfacet
  facet normal 0 0 -1
    outer loop
      vertex 170.703 -90.1116 0
      vertex 170.7 -88.5665 0
      vertex 170.995 -88.6404 0
    endloop
  endfacet
  facet normal 0 0 -1
    outer loop
      vertex 170.265 -90.0019 0
      vertex 170.7 -88.5665 0
      vertex 170.703 -90.1116 0
    endloop
  endfacet
  facet normal -0 0 -1
    outer loop
      vertex 170.7 -88.5665 0
      vertex 170.265 -90.0019 0
      vertex 170.414 -88.464 0
    endloop
  endfacet
  facet normal 0 0 -1
    outer loop
      vertex 169.84 -89.8498 0
      vertex 170.414 -88.464 0
      vertex 170.265 -90.0019 0
    endloop
  endfacet
  facet normal -0 0 -1
    outer loop
      vertex 170.414 -88.464 0
      vertex 169.84 -89.8498 0
      vertex 170.139 -88.334 0
    endloop
  endfacet
  facet normal 0 0 -1
    outer loop
      vertex 169.432 -89.6568 0
      vertex 170.139 -88.334 0
      vertex 169.84 -89.8498 0
    endloop
  endfacet
  facet normal -0 0 -1
    outer loop
      vertex 170.139 -88.334 0
      vertex 169.432 -89.6568 0
      vertex 169.878 -88.1776 0
    endloop
  endfacet
  facet normal 0 0 -1
    outer loop
      vertex 169.044 -89.4248 0
      vertex 169.878 -88.1776 0
      vertex 169.432 -89.6568 0
    endloop
  endfacet
  facet normal -0 0 -1
    outer loop
      vertex 169.878 -88.1776 0
      vertex 169.044 -89.4248 0
      vertex 169.633 -87.9963 0
    endloop
  endfacet
  facet normal 0 0 -1
    outer loop
      vertex 168.682 -89.1558 0
      vertex 169.633 -87.9963 0
      vertex 169.044 -89.4248 0
    endloop
  endfacet
  facet normal -0 0 -1
    outer loop
      vertex 169.633 -87.9963 0
      vertex 168.682 -89.1558 0
      vertex 169.408 -87.792 0
    endloop
  endfacet
  facet normal 0 0 -1
    outer loop
      vertex 168.347 -88.8527 0
      vertex 169.408 -87.792 0
      vertex 168.682 -89.1558 0
    endloop
  endfacet
  facet normal -0 0 -1
    outer loop
      vertex 169.408 -87.792 0
      vertex 168.347 -88.8527 0
      vertex 169.204 -87.5666 0
    endloop
  endfacet
  facet normal 0 0 -1
    outer loop
      vertex 168.044 -88.5182 0
      vertex 169.204 -87.5666 0
      vertex 168.347 -88.8527 0
    endloop
  endfacet
  facet normal -0 0 -1
    outer loop
      vertex 169.204 -87.5666 0
      vertex 168.044 -88.5182 0
      vertex 169.022 -87.3223 0
    endloop
  endfacet
  facet normal 0 0 -1
    outer loop
      vertex 167.775 -88.1556 0
      vertex 169.022 -87.3223 0
      vertex 168.044 -88.5182 0
    endloop
  endfacet
  facet normal -0 0 -1
    outer loop
      vertex 169.022 -87.3223 0
      vertex 167.775 -88.1556 0
      vertex 168.866 -87.0613 0
    endloop
  endfacet
  facet normal 0 0 -1
    outer loop
      vertex 167.543 -87.7684 0
      vertex 168.866 -87.0613 0
      vertex 167.775 -88.1556 0
    endloop
  endfacet
  facet normal -0 0 -1
    outer loop
      vertex 168.736 -86.7863 0
      vertex 167.35 -87.3603 0
      vertex 168.633 -86.4999 0
    endloop
  endfacet
  facet normal 0 0 -1
    outer loop
      vertex 167.35 -87.3603 0
      vertex 168.736 -86.7863 0
      vertex 167.543 -87.7684 0
    endloop
  endfacet
  facet normal -0 0 -1
    outer loop
      vertex 168.866 -87.0613 0
      vertex 167.543 -87.7684 0
      vertex 168.736 -86.7863 0
    endloop
  endfacet
  facet normal -0 0 -1
    outer loop
      vertex 175.85 -83.8396 0
      vertex 174.464 -84.4137 0
      vertex 175.657 -83.4316 0
    endloop
  endfacet
  facet normal 0 0 -1
    outer loop
      vertex 174.334 -84.1387 0
      vertex 175.657 -83.4316 0
      vertex 174.464 -84.4137 0
    endloop
  endfacet
  facet normal -0 0 -1
    outer loop
      vertex 175.657 -83.4316 0
      vertex 174.334 -84.1387 0
      vertex 175.425 -83.0444 0
    endloop
  endfacet
  facet normal 0 0 -1
    outer loop
      vertex 174.178 -83.8777 0
      vertex 175.425 -83.0444 0
      vertex 174.334 -84.1387 0
    endloop
  endfacet
  facet normal -0 0 -1
    outer loop
      vertex 175.425 -83.0444 0
      vertex 174.178 -83.8777 0
      vertex 175.156 -82.6818 0
    endloop
  endfacet
  facet normal 0 0 -1
    outer loop
      vertex 173.996 -83.6334 0
      vertex 175.156 -82.6818 0
      vertex 174.178 -83.8777 0
    endloop
  endfacet
  facet normal -0 0 -1
    outer loop
      vertex 175.156 -82.6818 0
      vertex 173.996 -83.6334 0
      vertex 174.853 -82.3473 0
    endloop
  endfacet
  facet normal 0 0 -1
    outer loop
      vertex 173.792 -83.408 0
      vertex 174.853 -82.3473 0
      vertex 173.996 -83.6334 0
    endloop
  endfacet
  facet normal -0 0 -1
    outer loop
      vertex 174.853 -82.3473 0
      vertex 173.792 -83.408 0
      vertex 174.518 -82.0441 0
    endloop
  endfacet
  facet normal 0 0 -1
    outer loop
      vertex 173.567 -83.2037 0
      vertex 174.518 -82.0441 0
      vertex 173.792 -83.408 0
    endloop
  endfacet
  facet normal -0 0 -1
    outer loop
      vertex 174.518 -82.0441 0
      vertex 173.567 -83.2037 0
      vertex 174.156 -81.7752 0
    endloop
  endfacet
  facet normal 0 0 -1
    outer loop
      vertex 173.322 -83.0224 0
      vertex 174.156 -81.7752 0
      vertex 173.567 -83.2037 0
    endloop
  endfacet
  facet normal -0 0 -1
    outer loop
      vertex 174.156 -81.7752 0
      vertex 173.322 -83.0224 0
      vertex 173.768 -81.5432 0
    endloop
  endfacet
  facet normal 0 0 -1
    outer loop
      vertex 173.061 -82.866 0
      vertex 173.768 -81.5432 0
      vertex 173.322 -83.0224 0
    endloop
  endfacet
  facet normal -0 0 -1
    outer loop
      vertex 173.768 -81.5432 0
      vertex 173.061 -82.866 0
      vertex 173.36 -81.3501 0
    endloop
  endfacet
  facet normal 0 0 -1
    outer loop
      vertex 172.786 -82.736 0
      vertex 173.36 -81.3501 0
      vertex 173.061 -82.866 0
    endloop
  endfacet
  facet normal -0 0 -1
    outer loop
      vertex 173.36 -81.3501 0
      vertex 172.786 -82.736 0
      vertex 172.935 -81.1981 0
    endloop
  endfacet
  facet normal 0 0 -1
    outer loop
      vertex 172.5 -82.6335 0
      vertex 172.935 -81.1981 0
      vertex 172.786 -82.736 0
    endloop
  endfacet
  facet normal 0 0 -1
    outer loop
      vertex 172.5 -82.6335 0
      vertex 172.497 -81.0884 0
      vertex 172.935 -81.1981 0
    endloop
  endfacet
  facet normal 0 0 -1
    outer loop
      vertex 172.205 -82.5596 0
      vertex 172.497 -81.0884 0
      vertex 172.5 -82.6335 0
    endloop
  endfacet
  facet normal 0 0 -1
    outer loop
      vertex 172.205 -82.5596 0
      vertex 172.051 -81.0221 0
      vertex 172.497 -81.0884 0
    endloop
  endfacet
  facet normal 0 0 -1
    outer loop
      vertex 171.904 -82.5149 0
      vertex 172.051 -81.0221 0
      vertex 172.205 -82.5596 0
    endloop
  endfacet
  facet normal 0 0 -1
    outer loop
      vertex 171.6 -82.5 0
      vertex 172.051 -81.0221 0
      vertex 171.904 -82.5149 0
    endloop
  endfacet
  facet normal 0 0 -1
    outer loop
      vertex 171.6 -82.5 0
      vertex 171.6 -81 0
      vertex 172.051 -81.0221 0
    endloop
  endfacet
  facet normal 0 0 -1
    outer loop
      vertex 171.296 -82.5149 0
      vertex 171.6 -81 0
      vertex 171.6 -82.5 0
    endloop
  endfacet
  facet normal 0 0 -1
    outer loop
      vertex 171.296 -82.5149 0
      vertex 171.149 -81.0221 0
      vertex 171.6 -81 0
    endloop
  endfacet
  facet normal 0 0 -1
    outer loop
      vertex 171.296 -82.5149 0
      vertex 171 -81.0443 0
      vertex 171.149 -81.0221 0
    endloop
  endfacet
  facet normal 0 0 -1
    outer loop
      vertex 170.7 -82.6335 0
      vertex 171 -81.0443 0
      vertex 170.995 -82.5596 0
    endloop
  endfacet
  facet normal 0 0 -1
    outer loop
      vertex 170.995 -82.5596 0
      vertex 171 -81.0443 0
      vertex 171.296 -82.5149 0
    endloop
  endfacet
  facet normal 0 0 -1
    outer loop
      vertex 174.7 3 0
      vertex 176.2 3 0
      vertex 176.178 2.54912 0
    endloop
  endfacet
  facet normal 0 0 -1
    outer loop
      vertex 174.685 2.69615 0
      vertex 176.178 2.54912 0
      vertex 176.112 2.10257 0
    endloop
  endfacet
  facet normal 0 0 -1
    outer loop
      vertex 176.2 3 0
      vertex 174.7 3 0
      vertex 176.178 3.45087 0
    endloop
  endfacet
  facet normal 0 0 -1
    outer loop
      vertex 174.64 2.39522 0
      vertex 176.112 2.10257 0
      vertex 176.002 1.66469 0
    endloop
  endfacet
  facet normal 0 0 -1
    outer loop
      vertex 174.685 3.30385 0
      vertex 176.178 3.45087 0
      vertex 174.7 3 0
    endloop
  endfacet
  facet normal 0 0 -1
    outer loop
      vertex 174.567 2.10012 0
      vertex 176.002 1.66469 0
      vertex 175.85 1.23965 0
    endloop
  endfacet
  facet normal -0 0 -1
    outer loop
      vertex 176.178 3.45087 0
      vertex 174.685 3.30385 0
      vertex 176.112 3.89742 0
    endloop
  endfacet
  facet normal 0 0 -1
    outer loop
      vertex 174.464 1.81368 0
      vertex 175.85 1.23965 0
      vertex 175.657 0.831573 0
    endloop
  endfacet
  facet normal 0 0 -1
    outer loop
      vertex 174.64 3.60478 0
      vertex 176.112 3.89742 0
      vertex 174.685 3.30385 0
    endloop
  endfacet
  facet normal 0 0 -1
    outer loop
      vertex 174.334 1.53867 0
      vertex 175.657 0.831573 0
      vertex 175.425 0.444366 0
    endloop
  endfacet
  facet normal -0 0 -1
    outer loop
      vertex 176.112 3.89742 0
      vertex 174.64 3.60478 0
      vertex 176.002 4.3353 0
    endloop
  endfacet
  facet normal 0 0 -1
    outer loop
      vertex 174.178 1.27773 0
      vertex 175.425 0.444366 0
      vertex 175.156 0.0817871 0
    endloop
  endfacet
  facet normal 0 0 -1
    outer loop
      vertex 174.567 3.89988 0
      vertex 176.002 4.3353 0
      vertex 174.64 3.60478 0
    endloop
  endfacet
  facet normal 0 0 -1
    outer loop
      vertex 173.996 1.03338 0
      vertex 175.156 0.0817871 0
      vertex 174.853 -0.252686 0
    endloop
  endfacet
  facet normal -0 0 -1
    outer loop
      vertex 176.002 4.3353 0
      vertex 174.567 3.89988 0
      vertex 175.85 4.76033 0
    endloop
  endfacet
  facet normal 0 0 -1
    outer loop
      vertex 174.464 4.18632 0
      vertex 175.85 4.76033 0
      vertex 174.567 3.89988 0
    endloop
  endfacet
  facet normal 0 0 -1
    outer loop
      vertex 176.178 2.54912 0
      vertex 174.685 2.69615 0
      vertex 174.7 3 0
    endloop
  endfacet
  facet normal 0 0 -1
    outer loop
      vertex 176.112 2.10257 0
      vertex 174.64 2.39522 0
      vertex 174.685 2.69615 0
    endloop
  endfacet
  facet normal 0 0 -1
    outer loop
      vertex 176.002 1.66469 0
      vertex 174.567 2.10012 0
      vertex 174.64 2.39522 0
    endloop
  endfacet
  facet normal 0 0 -1
    outer loop
      vertex 173.792 0.807968 0
      vertex 174.853 -0.252686 0
      vertex 174.518 -0.555847 0
    endloop
  endfacet
  facet normal 0 0 -1
    outer loop
      vertex 175.85 1.23965 0
      vertex 174.464 1.81368 0
      vertex 174.567 2.10012 0
    endloop
  endfacet
  facet normal 0 0 -1
    outer loop
      vertex 175.657 0.831573 0
      vertex 174.334 1.53867 0
      vertex 174.464 1.81368 0
    endloop
  endfacet
  facet normal 0 0 -1
    outer loop
      vertex 175.425 0.444366 0
      vertex 174.178 1.27773 0
      vertex 174.334 1.53867 0
    endloop
  endfacet
  facet normal 0 0 -1
    outer loop
      vertex 173.567 0.603667 0
      vertex 174.518 -0.555847 0
      vertex 174.156 -0.824753 0
    endloop
  endfacet
  facet normal 0 0 -1
    outer loop
      vertex 175.156 0.0817871 0
      vertex 173.996 1.03338 0
      vertex 174.178 1.27773 0
    endloop
  endfacet
  facet normal 0 0 -1
    outer loop
      vertex 174.853 -0.252686 0
      vertex 173.792 0.807968 0
      vertex 173.996 1.03338 0
    endloop
  endfacet
  facet normal 0 0 -1
    outer loop
      vertex 173.322 0.422443 0
      vertex 174.156 -0.824753 0
      vertex 173.768 -1.05682 0
    endloop
  endfacet
  facet normal 0 0 -1
    outer loop
      vertex 174.518 -0.555847 0
      vertex 173.567 0.603667 0
      vertex 173.792 0.807968 0
    endloop
  endfacet
  facet normal 0 0 -1
    outer loop
      vertex 173.061 0.266044 0
      vertex 173.768 -1.05682 0
      vertex 173.36 -1.24983 0
    endloop
  endfacet
  facet normal 0 0 -1
    outer loop
      vertex 174.156 -0.824753 0
      vertex 173.322 0.422443 0
      vertex 173.567 0.603667 0
    endloop
  endfacet
  facet normal 0 0 -1
    outer loop
      vertex 173.768 -1.05682 0
      vertex 173.061 0.266044 0
      vertex 173.322 0.422443 0
    endloop
  endfacet
  facet normal 0 0 -1
    outer loop
      vertex 172.786 0.135973 0
      vertex 173.36 -1.24983 0
      vertex 172.935 -1.40192 0
    endloop
  endfacet
  facet normal 0 0 -1
    outer loop
      vertex 173.36 -1.24983 0
      vertex 172.786 0.135973 0
      vertex 173.061 0.266044 0
    endloop
  endfacet
  facet normal 0 0 -1
    outer loop
      vertex 172.935 -1.40192 0
      vertex 172.5 0.0334845 0
      vertex 172.786 0.135973 0
    endloop
  endfacet
  facet normal 0 0 -1
    outer loop
      vertex 172.497 -1.51161 0
      vertex 172.5 0.0334845 0
      vertex 172.935 -1.40192 0
    endloop
  endfacet
  facet normal 0 0 -1
    outer loop
      vertex 172.497 -1.51161 0
      vertex 172.205 -0.0404339 0
      vertex 172.5 0.0334845 0
    endloop
  endfacet
  facet normal 0 0 -1
    outer loop
      vertex 172.051 -1.57784 0
      vertex 172.205 -0.0404339 0
      vertex 172.497 -1.51161 0
    endloop
  endfacet
  facet normal 0 0 -1
    outer loop
      vertex 172.051 -1.57784 0
      vertex 171.904 -0.0850725 0
      vertex 172.205 -0.0404339 0
    endloop
  endfacet
  facet normal 0 0 -1
    outer loop
      vertex 172.051 -1.57784 0
      vertex 171.6 -0.0999994 0
      vertex 171.904 -0.0850725 0
    endloop
  endfacet
  facet normal 0 0 -1
    outer loop
      vertex 171.6 -1.59999 0
      vertex 171.6 -0.0999994 0
      vertex 172.051 -1.57784 0
    endloop
  endfacet
  facet normal 0 0 -1
    outer loop
      vertex 171.6 -1.59999 0
      vertex 171.296 -0.0850725 0
      vertex 171.6 -0.0999994 0
    endloop
  endfacet
  facet normal 0 0 -1
    outer loop
      vertex 171.149 -1.57784 0
      vertex 171.296 -0.0850725 0
      vertex 171.6 -1.59999 0
    endloop
  endfacet
  facet normal 0 0 -1
    outer loop
      vertex 171 -1.55573 0
      vertex 171.296 -0.0850725 0
      vertex 171.149 -1.57784 0
    endloop
  endfacet
  facet normal 0 0 -1
    outer loop
      vertex 171 -1.55573 0
      vertex 170.995 -0.0404339 0
      vertex 171.296 -0.0850725 0
    endloop
  endfacet
  facet normal 0 0 -1
    outer loop
      vertex 170.414 -82.736 0
      vertex 171 -81.0443 0
      vertex 170.7 -82.6335 0
    endloop
  endfacet
  facet normal 0 0 -1
    outer loop
      vertex 170.139 -82.866 0
      vertex 171 -81.0443 0
      vertex 170.414 -82.736 0
    endloop
  endfacet
  facet normal 0 0 -1
    outer loop
      vertex 171 -1.55573 0
      vertex 170.7 0.0334845 0
      vertex 170.995 -0.0404339 0
    endloop
  endfacet
  facet normal 0 0 -1
    outer loop
      vertex 169.878 -83.0224 0
      vertex 171 -81.0443 0
      vertex 170.139 -82.866 0
    endloop
  endfacet
  facet normal 0 0 -1
    outer loop
      vertex 171 -1.55573 0
      vertex 170.414 0.135973 0
      vertex 170.7 0.0334845 0
    endloop
  endfacet
  facet normal 0 0 -1
    outer loop
      vertex 169.633 -83.2037 0
      vertex 171 -81.0443 0
      vertex 169.878 -83.0224 0
    endloop
  endfacet
  facet normal 0 0 -1
    outer loop
      vertex 171 -1.55573 0
      vertex 170.139 0.266044 0
      vertex 170.414 0.135973 0
    endloop
  endfacet
  facet normal 0 0 -1
    outer loop
      vertex 169.408 -83.408 0
      vertex 171 -81.0443 0
      vertex 169.633 -83.2037 0
    endloop
  endfacet
  facet normal 0 0 -1
    outer loop
      vertex 171 -1.55573 0
      vertex 169.878 0.422443 0
      vertex 170.139 0.266044 0
    endloop
  endfacet
  facet normal 0 0 -1
    outer loop
      vertex 169.204 -83.6334 0
      vertex 171 -81.0443 0
      vertex 169.408 -83.408 0
    endloop
  endfacet
  facet normal 0 0 -1
    outer loop
      vertex 171 -1.55573 0
      vertex 169.633 0.603667 0
      vertex 169.878 0.422443 0
    endloop
  endfacet
  facet normal -0 0 -1
    outer loop
      vertex 171 -81.0443 0
      vertex 169.204 -83.6334 0
      vertex 171 -1.55573 0
    endloop
  endfacet
  facet normal 0 0 -1
    outer loop
      vertex 171 -1.55573 0
      vertex 169.408 0.807968 0
      vertex 169.633 0.603667 0
    endloop
  endfacet
  facet normal 0 0 -1
    outer loop
      vertex 169.204 1.03338 0
      vertex 171 -1.55573 0
      vertex 169.204 -83.6334 0
    endloop
  endfacet
  facet normal 0 0 -1
    outer loop
      vertex 171 -1.55573 0
      vertex 169.204 1.03338 0
      vertex 169.408 0.807968 0
    endloop
  endfacet
  facet normal 0 0 -1
    outer loop
      vertex 169.022 -83.8777 0
      vertex 169.204 1.03338 0
      vertex 169.204 -83.6334 0
    endloop
  endfacet
  facet normal 0 0 -1
    outer loop
      vertex 169.022 -83.8777 0
      vertex 169.022 1.27773 0
      vertex 169.204 1.03338 0
    endloop
  endfacet
  facet normal 0 0 -1
    outer loop
      vertex 168.866 -84.1387 0
      vertex 169.022 1.27773 0
      vertex 169.022 -83.8777 0
    endloop
  endfacet
  facet normal 0 0 -1
    outer loop
      vertex 168.866 -84.1387 0
      vertex 168.866 1.53867 0
      vertex 169.022 1.27773 0
    endloop
  endfacet
  facet normal 0 0 -1
    outer loop
      vertex 168.736 -84.4137 0
      vertex 168.866 1.53867 0
      vertex 168.866 -84.1387 0
    endloop
  endfacet
  facet normal 0 0 -1
    outer loop
      vertex 168.736 -84.4137 0
      vertex 168.736 1.81368 0
      vertex 168.866 1.53867 0
    endloop
  endfacet
  facet normal 0 0 -1
    outer loop
      vertex 168.633 -84.7001 0
      vertex 168.736 1.81368 0
      vertex 168.736 -84.4137 0
    endloop
  endfacet
  facet normal 0 0 -1
    outer loop
      vertex 168.633 -84.7001 0
      vertex 168.633 2.10012 0
      vertex 168.736 1.81368 0
    endloop
  endfacet
  facet normal 0 0 -1
    outer loop
      vertex 168.56 -84.9952 0
      vertex 168.633 2.10012 0
      vertex 168.633 -84.7001 0
    endloop
  endfacet
  facet normal 0 0 -1
    outer loop
      vertex 168.56 -84.9952 0
      vertex 168.56 2.39522 0
      vertex 168.633 2.10012 0
    endloop
  endfacet
  facet normal 0 0 -1
    outer loop
      vertex 168.515 -85.2961 0
      vertex 168.56 2.39522 0
      vertex 168.56 -84.9952 0
    endloop
  endfacet
  facet normal 0 0 -1
    outer loop
      vertex 168.515 -85.2961 0
      vertex 168.515 2.69615 0
      vertex 168.56 2.39522 0
    endloop
  endfacet
  facet normal 0 0 -1
    outer loop
      vertex 168.5 -85.6 0
      vertex 168.515 2.69615 0
      vertex 168.515 -85.2961 0
    endloop
  endfacet
  facet normal -0 0 -1
    outer loop
      vertex 168.515 2.69615 0
      vertex 168.5 -85.6 0
      vertex 168.5 3 0
    endloop
  endfacet
  facet normal -0 0 -1
    outer loop
      vertex 175.85 4.76033 0
      vertex 174.464 4.18632 0
      vertex 175.657 5.16841 0
    endloop
  endfacet
  facet normal 0 0 -1
    outer loop
      vertex 174.334 4.46133 0
      vertex 175.657 5.16841 0
      vertex 174.464 4.18632 0
    endloop
  endfacet
  facet normal -0 0 -1
    outer loop
      vertex 175.657 5.16841 0
      vertex 174.334 4.46133 0
      vertex 175.425 5.55562 0
    endloop
  endfacet
  facet normal 0 0 -1
    outer loop
      vertex 174.178 4.72227 0
      vertex 175.425 5.55562 0
      vertex 174.334 4.46133 0
    endloop
  endfacet
  facet normal -0 0 -1
    outer loop
      vertex 175.425 5.55562 0
      vertex 174.178 4.72227 0
      vertex 175.156 5.9182 0
    endloop
  endfacet
  facet normal 0 0 -1
    outer loop
      vertex 173.996 4.96662 0
      vertex 175.156 5.9182 0
      vertex 174.178 4.72227 0
    endloop
  endfacet
  facet normal -0 0 -1
    outer loop
      vertex 175.156 5.9182 0
      vertex 173.996 4.96662 0
      vertex 174.853 6.25269 0
    endloop
  endfacet
  facet normal 0 0 -1
    outer loop
      vertex 173.792 5.19203 0
      vertex 174.853 6.25269 0
      vertex 173.996 4.96662 0
    endloop
  endfacet
  facet normal -0 0 -1
    outer loop
      vertex 174.853 6.25269 0
      vertex 173.792 5.19203 0
      vertex 174.518 6.55585 0
    endloop
  endfacet
  facet normal 0 0 -1
    outer loop
      vertex 173.567 5.39633 0
      vertex 174.518 6.55585 0
      vertex 173.792 5.19203 0
    endloop
  endfacet
  facet normal -0 0 -1
    outer loop
      vertex 174.518 6.55585 0
      vertex 173.567 5.39633 0
      vertex 174.156 6.82475 0
    endloop
  endfacet
  facet normal 0 0 -1
    outer loop
      vertex 173.322 5.57756 0
      vertex 174.156 6.82475 0
      vertex 173.567 5.39633 0
    endloop
  endfacet
  facet normal -0 0 -1
    outer loop
      vertex 174.156 6.82475 0
      vertex 173.322 5.57756 0
      vertex 173.768 7.05682 0
    endloop
  endfacet
  facet normal 0 0 -1
    outer loop
      vertex 173.061 5.73396 0
      vertex 173.768 7.05682 0
      vertex 173.322 5.57756 0
    endloop
  endfacet
  facet normal -0 0 -1
    outer loop
      vertex 173.768 7.05682 0
      vertex 173.061 5.73396 0
      vertex 173.36 7.24983 0
    endloop
  endfacet
  facet normal 0 0 -1
    outer loop
      vertex 172.786 5.86403 0
      vertex 173.36 7.24983 0
      vertex 173.061 5.73396 0
    endloop
  endfacet
  facet normal -0 0 -1
    outer loop
      vertex 173.36 7.24983 0
      vertex 172.786 5.86403 0
      vertex 172.935 7.40192 0
    endloop
  endfacet
  facet normal 0 0 -1
    outer loop
      vertex 172.5 5.96651 0
      vertex 172.935 7.40192 0
      vertex 172.786 5.86403 0
    endloop
  endfacet
  facet normal 0 0 -1
    outer loop
      vertex 172.5 5.96651 0
      vertex 172.497 7.51161 0
      vertex 172.935 7.40192 0
    endloop
  endfacet
  facet normal 0 0 -1
    outer loop
      vertex 172.205 6.04043 0
      vertex 172.497 7.51161 0
      vertex 172.5 5.96651 0
    endloop
  endfacet
  facet normal 0 0 -1
    outer loop
      vertex 172.205 6.04043 0
      vertex 172.051 7.57784 0
      vertex 172.497 7.51161 0
    endloop
  endfacet
  facet normal 0 0 -1
    outer loop
      vertex 171.904 6.08507 0
      vertex 172.051 7.57784 0
      vertex 172.205 6.04043 0
    endloop
  endfacet
  facet normal 0 0 -1
    outer loop
      vertex 171.6 6.1 0
      vertex 172.051 7.57784 0
      vertex 171.904 6.08507 0
    endloop
  endfacet
  facet normal 0 0 -1
    outer loop
      vertex 171.6 6.1 0
      vertex 171.6 7.59999 0
      vertex 172.051 7.57784 0
    endloop
  endfacet
  facet normal 0 0 -1
    outer loop
      vertex 171.296 6.08507 0
      vertex 171.6 7.59999 0
      vertex 171.6 6.1 0
    endloop
  endfacet
  facet normal 0 0 -1
    outer loop
      vertex 171.296 6.08507 0
      vertex 171.149 7.57784 0
      vertex 171.6 7.59999 0
    endloop
  endfacet
  facet normal 0 0 -1
    outer loop
      vertex 170.995 6.04043 0
      vertex 171.149 7.57784 0
      vertex 171.296 6.08507 0
    endloop
  endfacet
  facet normal 0 0 -1
    outer loop
      vertex 170.995 6.04043 0
      vertex 170.703 7.51161 0
      vertex 171.149 7.57784 0
    endloop
  endfacet
  facet normal 0 0 -1
    outer loop
      vertex 170.7 5.96651 0
      vertex 170.703 7.51161 0
      vertex 170.995 6.04043 0
    endloop
  endfacet
  facet normal 0 0 -1
    outer loop
      vertex 170.265 7.40192 0
      vertex 170.7 5.96651 0
      vertex 170.414 5.86403 0
    endloop
  endfacet
  facet normal 0 0 -1
    outer loop
      vertex 170.7 5.96651 0
      vertex 170.265 7.40192 0
      vertex 170.703 7.51161 0
    endloop
  endfacet
  facet normal 0 0 -1
    outer loop
      vertex 169.84 7.24983 0
      vertex 170.414 5.86403 0
      vertex 170.139 5.73396 0
    endloop
  endfacet
  facet normal 0 0 -1
    outer loop
      vertex 169.432 7.05682 0
      vertex 170.139 5.73396 0
      vertex 169.878 5.57756 0
    endloop
  endfacet
  facet normal 0 0 -1
    outer loop
      vertex 170.414 5.86403 0
      vertex 169.84 7.24983 0
      vertex 170.265 7.40192 0
    endloop
  endfacet
  facet normal 0 0 -1
    outer loop
      vertex 169.044 6.82475 0
      vertex 169.878 5.57756 0
      vertex 169.633 5.39633 0
    endloop
  endfacet
  facet normal 0 0 -1
    outer loop
      vertex 170.139 5.73396 0
      vertex 169.432 7.05682 0
      vertex 169.84 7.24983 0
    endloop
  endfacet
  facet normal 0 0 -1
    outer loop
      vertex 168.682 6.55585 0
      vertex 169.633 5.39633 0
      vertex 169.408 5.19203 0
    endloop
  endfacet
  facet normal 0 0 -1
    outer loop
      vertex 168.347 6.25269 0
      vertex 169.408 5.19203 0
      vertex 169.204 4.96662 0
    endloop
  endfacet
  facet normal 0 0 -1
    outer loop
      vertex 169.878 5.57756 0
      vertex 169.044 6.82475 0
      vertex 169.432 7.05682 0
    endloop
  endfacet
  facet normal 0 0 -1
    outer loop
      vertex 168.044 5.9182 0
      vertex 169.204 4.96662 0
      vertex 169.022 4.72227 0
    endloop
  endfacet
  facet normal 0 0 -1
    outer loop
      vertex 167.775 5.55562 0
      vertex 169.022 4.72227 0
      vertex 168.866 4.46133 0
    endloop
  endfacet
  facet normal 0 0 -1
    outer loop
      vertex 167.543 5.16841 0
      vertex 168.866 4.46133 0
      vertex 168.736 4.18632 0
    endloop
  endfacet
  facet normal 0 0 -1
    outer loop
      vertex 169.633 5.39633 0
      vertex 168.682 6.55585 0
      vertex 169.044 6.82475 0
    endloop
  endfacet
  facet normal 0 0 -1
    outer loop
      vertex 167.35 4.76033 0
      vertex 168.736 4.18632 0
      vertex 168.633 3.89988 0
    endloop
  endfacet
  facet normal 0 0 -1
    outer loop
      vertex 167.198 4.3353 0
      vertex 168.633 3.89988 0
      vertex 168.56 3.60478 0
    endloop
  endfacet
  facet normal 0 0 -1
    outer loop
      vertex 167.088 3.89742 0
      vertex 168.56 3.60478 0
      vertex 168.515 3.30385 0
    endloop
  endfacet
  facet normal 0 0 -1
    outer loop
      vertex 169.408 5.19203 0
      vertex 168.347 6.25269 0
      vertex 168.682 6.55585 0
    endloop
  endfacet
  facet normal 0 0 -1
    outer loop
      vertex 167.022 3.45087 0
      vertex 168.515 3.30385 0
      vertex 168.5 3 0
    endloop
  endfacet
  facet normal 0 0 -1
    outer loop
      vertex 157.758 -48.4052 0
      vertex 168.5 -85.6 0
      vertex 167.044 -85 0
    endloop
  endfacet
  facet normal 0 0 -1
    outer loop
      vertex 167.198 -86.9353 0
      vertex 168.633 -86.4999 0
      vertex 167.35 -87.3603 0
    endloop
  endfacet
  facet normal 0 0 -1
    outer loop
      vertex 168.5 -85.6 0
      vertex 160.3 -41.3 0
      vertex 168.5 3 0
    endloop
  endfacet
  facet normal -0 0 -1
    outer loop
      vertex 168.633 -86.4999 0
      vertex 167.198 -86.9353 0
      vertex 168.56 -86.2048 0
    endloop
  endfacet
  facet normal 0 0 -1
    outer loop
      vertex 167.022 2.54912 0
      vertex 168.5 3 0
      vertex 167.044 2.39999 0
    endloop
  endfacet
  facet normal 0 0 -1
    outer loop
      vertex 167.088 -86.4974 0
      vertex 168.56 -86.2048 0
      vertex 167.198 -86.9353 0
    endloop
  endfacet
  facet normal 0 0 -1
    outer loop
      vertex 169.204 4.96662 0
      vertex 168.044 5.9182 0
      vertex 168.347 6.25269 0
    endloop
  endfacet
  facet normal -0 0 -1
    outer loop
      vertex 168.56 -86.2048 0
      vertex 167.088 -86.4974 0
      vertex 168.515 -85.9039 0
    endloop
  endfacet
  facet normal 0 0 -1
    outer loop
      vertex 169.022 4.72227 0
      vertex 167.775 5.55562 0
      vertex 168.044 5.9182 0
    endloop
  endfacet
  facet normal 0 0 -1
    outer loop
      vertex 167.022 -86.0509 0
      vertex 168.515 -85.9039 0
      vertex 167.088 -86.4974 0
    endloop
  endfacet
  facet normal 0 0 -1
    outer loop
      vertex 168.866 4.46133 0
      vertex 167.543 5.16841 0
      vertex 167.775 5.55562 0
    endloop
  endfacet
  facet normal -0 0 -1
    outer loop
      vertex 168.515 -85.9039 0
      vertex 167.022 -86.0509 0
      vertex 168.5 -85.6 0
    endloop
  endfacet
  facet normal 0 0 -1
    outer loop
      vertex 168.736 4.18632 0
      vertex 167.35 4.76033 0
      vertex 167.543 5.16841 0
    endloop
  endfacet
  facet normal 0 0 -1
    outer loop
      vertex 168.633 3.89988 0
      vertex 167.198 4.3353 0
      vertex 167.35 4.76033 0
    endloop
  endfacet
  facet normal 0 0 -1
    outer loop
      vertex 167 -85.6 0
      vertex 168.5 -85.6 0
      vertex 167.022 -86.0509 0
    endloop
  endfacet
  facet normal 0 -0 -1
    outer loop
      vertex 167.022 -85.1491 0
      vertex 168.5 -85.6 0
      vertex 167 -85.6 0
    endloop
  endfacet
  facet normal 0 0 -1
    outer loop
      vertex 168.5 -85.6 0
      vertex 167.022 -85.1491 0
      vertex 167.044 -85 0
    endloop
  endfacet
  facet normal 0 0 -1
    outer loop
      vertex 160.246 -40.2022 0
      vertex 168.5 3 0
      vertex 160.3 -41.3 0
    endloop
  endfacet
  facet normal 0 0 -1
    outer loop
      vertex 168.5 -85.6 0
      vertex 160.246 -42.3978 0
      vertex 160.3 -41.3 0
    endloop
  endfacet
  facet normal 0 0 -1
    outer loop
      vertex 168.5 -85.6 0
      vertex 160.085 -43.485 0
      vertex 160.246 -42.3978 0
    endloop
  endfacet
  facet normal 0 0 -1
    outer loop
      vertex 168.5 -85.6 0
      vertex 159.818 -44.5512 0
      vertex 160.085 -43.485 0
    endloop
  endfacet
  facet normal 0 0 -1
    outer loop
      vertex 168.5 -85.6 0
      vertex 159.447 -45.5861 0
      vertex 159.818 -44.5512 0
    endloop
  endfacet
  facet normal 0 0 -1
    outer loop
      vertex 168.5 -85.6 0
      vertex 158.978 -46.5796 0
      vertex 159.447 -45.5861 0
    endloop
  endfacet
  facet normal 0 0 -1
    outer loop
      vertex 168.5 -85.6 0
      vertex 158.412 -47.5224 0
      vertex 158.978 -46.5796 0
    endloop
  endfacet
  facet normal 0 0 -1
    outer loop
      vertex 168.5 -85.6 0
      vertex 157.758 -48.4052 0
      vertex 158.412 -47.5224 0
    endloop
  endfacet
  facet normal 0 0 -1
    outer loop
      vertex 167.044 -85 0
      vertex 157.02 -49.2196 0
      vertex 157.758 -48.4052 0
    endloop
  endfacet
  facet normal 0 0 -1
    outer loop
      vertex 167.044 -85 0
      vertex 156.205 -49.9577 0
      vertex 157.02 -49.2196 0
    endloop
  endfacet
  facet normal 0 0 -1
    outer loop
      vertex 167.044 -85 0
      vertex 155.322 -50.6125 0
      vertex 156.205 -49.9577 0
    endloop
  endfacet
  facet normal 0 0 -1
    outer loop
      vertex 167.044 -85 0
      vertex 154.38 -51.1775 0
      vertex 155.322 -50.6125 0
    endloop
  endfacet
  facet normal 0 0 -1
    outer loop
      vertex 167.044 -85 0
      vertex 153.386 -51.6474 0
      vertex 154.38 -51.1775 0
    endloop
  endfacet
  facet normal 0 0 -1
    outer loop
      vertex 167.044 -85 0
      vertex 152.351 -52.0177 0
      vertex 153.386 -51.6474 0
    endloop
  endfacet
  facet normal 0 0 -1
    outer loop
      vertex 167.044 -85 0
      vertex 151.285 -52.2848 0
      vertex 152.351 -52.0177 0
    endloop
  endfacet
  facet normal 0 0 -1
    outer loop
      vertex 167.044 -85 0
      vertex 150.198 -52.4461 0
      vertex 151.285 -52.2848 0
    endloop
  endfacet
  facet normal 0 0 -1
    outer loop
      vertex 167.044 -85 0
      vertex 149.1 -52.5 0
      vertex 150.198 -52.4461 0
    endloop
  endfacet
  facet normal 0 0 -1
    outer loop
      vertex 167.044 -85 0
      vertex 148.002 -52.4461 0
      vertex 149.1 -52.5 0
    endloop
  endfacet
  facet normal 0 0 -1
    outer loop
      vertex 167.044 -85 0
      vertex 146.915 -52.2848 0
      vertex 148.002 -52.4461 0
    endloop
  endfacet
  facet normal 0 0 -1
    outer loop
      vertex 167.044 -85 0
      vertex 145.849 -52.0177 0
      vertex 146.915 -52.2848 0
    endloop
  endfacet
  facet normal 0 0 -1
    outer loop
      vertex 167.044 -85 0
      vertex 144.814 -51.6474 0
      vertex 145.849 -52.0177 0
    endloop
  endfacet
  facet normal 0 0 -1
    outer loop
      vertex 167.044 -85 0
      vertex 143.82 -51.1775 0
      vertex 144.814 -51.6474 0
    endloop
  endfacet
  facet normal 0 0 -1
    outer loop
      vertex 167.044 -85 0
      vertex 142.878 -50.6125 0
      vertex 143.82 -51.1775 0
    endloop
  endfacet
  facet normal 0 0 -1
    outer loop
      vertex 167.044 -85 0
      vertex 141.995 -49.9577 0
      vertex 142.878 -50.6125 0
    endloop
  endfacet
  facet normal 0 0 -1
    outer loop
      vertex 1.55573 -85 0
      vertex 141.995 -49.9577 0
      vertex 167.044 -85 0
    endloop
  endfacet
  facet normal -0 0 -1
    outer loop
      vertex 141.995 -49.9577 0
      vertex 1.55573 -85 0
      vertex 141.18 -49.2196 0
    endloop
  endfacet
  facet normal -0 0 -1
    outer loop
      vertex 141.18 -49.2196 0
      vertex 1.55573 -85 0
      vertex 140.442 -48.4052 0
    endloop
  endfacet
  facet normal -0 0 -1
    outer loop
      vertex 137.954 -42.3978 0
      vertex 1.55573 -85 0
      vertex 137.9 -41.3 0
    endloop
  endfacet
  facet normal -0 0 -1
    outer loop
      vertex 138.115 -43.485 0
      vertex 1.55573 -85 0
      vertex 137.954 -42.3978 0
    endloop
  endfacet
  facet normal -0 0 -1
    outer loop
      vertex 138.382 -44.5512 0
      vertex 1.55573 -85 0
      vertex 138.115 -43.485 0
    endloop
  endfacet
  facet normal -0 0 -1
    outer loop
      vertex 138.753 -45.5861 0
      vertex 1.55573 -85 0
      vertex 138.382 -44.5512 0
    endloop
  endfacet
  facet normal -0 0 -1
    outer loop
      vertex 139.222 -46.5796 0
      vertex 1.55573 -85 0
      vertex 138.753 -45.5861 0
    endloop
  endfacet
  facet normal -0 0 -1
    outer loop
      vertex 139.788 -47.5224 0
      vertex 1.55573 -85 0
      vertex 139.222 -46.5796 0
    endloop
  endfacet
  facet normal -0 0 -1
    outer loop
      vertex 140.442 -48.4052 0
      vertex 1.55573 -85 0
      vertex 139.788 -47.5224 0
    endloop
  endfacet
  facet normal 0 0 -1
    outer loop
      vertex 168.56 3.60478 0
      vertex 167.088 3.89742 0
      vertex 167.198 4.3353 0
    endloop
  endfacet
  facet normal -0 0 -1
    outer loop
      vertex 168.5 3 0
      vertex 167.022 2.54912 0
      vertex 167 3 0
    endloop
  endfacet
  facet normal 0 0 -1
    outer loop
      vertex 168.515 3.30385 0
      vertex 167.022 3.45087 0
      vertex 167.088 3.89742 0
    endloop
  endfacet
  facet normal 0 0 -1
    outer loop
      vertex 168.5 3 0
      vertex 167 3 0
      vertex 167.022 3.45087 0
    endloop
  endfacet
  facet normal 0 0 -1
    outer loop
      vertex 0.0999994 3 0
      vertex 1.59999 3 0
      vertex 1.57784 2.54912 0
    endloop
  endfacet
  facet normal 0 0 -1
    outer loop
      vertex 0.0850725 2.69615 0
      vertex 1.57784 2.54912 0
      vertex 1.55573 2.39999 0
    endloop
  endfacet
  facet normal 0 0 -1
    outer loop
      vertex 1.59999 3 0
      vertex 0.0999994 3 0
      vertex 1.57784 3.45087 0
    endloop
  endfacet
  facet normal 0 0 -1
    outer loop
      vertex -0.603667 -83.6334 0
      vertex 1.55573 -85 0
      vertex -0.422443 -83.8777 0
    endloop
  endfacet
  facet normal 0 0 -1
    outer loop
      vertex 0.0404339 -86.2048 0
      vertex 1.51161 -86.4974 0
      vertex 1.40192 -86.9353 0
    endloop
  endfacet
  facet normal 0 0 -1
    outer loop
      vertex 1.55573 -85 0
      vertex -0.266044 -84.1387 0
      vertex -0.422443 -83.8777 0
    endloop
  endfacet
  facet normal 0 0 -1
    outer loop
      vertex -0.0334845 -86.4999 0
      vertex 1.40192 -86.9353 0
      vertex 1.24983 -87.3603 0
    endloop
  endfacet
  facet normal 0 0 -1
    outer loop
      vertex 1.55573 -85 0
      vertex -0.135973 -84.4137 0
      vertex -0.266044 -84.1387 0
    endloop
  endfacet
  facet normal 0 0 -1
    outer loop
      vertex -0.135973 -86.7863 0
      vertex 1.24983 -87.3603 0
      vertex 1.05682 -87.7684 0
    endloop
  endfacet
  facet normal 0 0 -1
    outer loop
      vertex 1.55573 -85 0
      vertex -0.0334845 -84.7001 0
      vertex -0.135973 -84.4137 0
    endloop
  endfacet
  facet normal 0 0 -1
    outer loop
      vertex -0.266044 -87.0613 0
      vertex 1.05682 -87.7684 0
      vertex 0.824753 -88.1556 0
    endloop
  endfacet
  facet normal 0 0 -1
    outer loop
      vertex 1.55573 -85 0
      vertex 0.0404339 -84.9952 0
      vertex -0.0334845 -84.7001 0
    endloop
  endfacet
  facet normal 0 0 -1
    outer loop
      vertex -0.422443 -87.3223 0
      vertex 0.824753 -88.1556 0
      vertex 0.555847 -88.5182 0
    endloop
  endfacet
  facet normal -0 0 -1
    outer loop
      vertex 1.55573 -85 0
      vertex 0.0850725 -85.2961 0
      vertex 0.0404339 -84.9952 0
    endloop
  endfacet
  facet normal 0 0 -1
    outer loop
      vertex -0.603667 -87.5666 0
      vertex 0.555847 -88.5182 0
      vertex 0.252686 -88.8527 0
    endloop
  endfacet
  facet normal -0 0 -1
    outer loop
      vertex 1.57784 -85.1491 0
      vertex 0.0850725 -85.2961 0
      vertex 1.55573 -85 0
    endloop
  endfacet
  facet normal 0 0 -1
    outer loop
      vertex -0.807968 -83.408 0
      vertex 1.55573 -85 0
      vertex -0.603667 -83.6334 0
    endloop
  endfacet
  facet normal 0 0 -1
    outer loop
      vertex 1.51161 -86.4974 0
      vertex 0.0850725 -85.9039 0
      vertex 0.0999994 -85.6 0
    endloop
  endfacet
  facet normal 0 0 -1
    outer loop
      vertex 1.51161 -86.4974 0
      vertex 0.0404339 -86.2048 0
      vertex 0.0850725 -85.9039 0
    endloop
  endfacet
  facet normal 0 0 -1
    outer loop
      vertex 1.40192 -86.9353 0
      vertex -0.0334845 -86.4999 0
      vertex 0.0404339 -86.2048 0
    endloop
  endfacet
  facet normal 0 0 -1
    outer loop
      vertex -0.807968 -87.792 0
      vertex 0.252686 -88.8527 0
      vertex -0.0817871 -89.1558 0
    endloop
  endfacet
  facet normal 0 0 -1
    outer loop
      vertex 1.24983 -87.3603 0
      vertex -0.135973 -86.7863 0
      vertex -0.0334845 -86.4999 0
    endloop
  endfacet
  facet normal 0 0 -1
    outer loop
      vertex 1.05682 -87.7684 0
      vertex -0.266044 -87.0613 0
      vertex -0.135973 -86.7863 0
    endloop
  endfacet
  facet normal 0 0 -1
    outer loop
      vertex 0.824753 -88.1556 0
      vertex -0.422443 -87.3223 0
      vertex -0.266044 -87.0613 0
    endloop
  endfacet
  facet normal 0 0 -1
    outer loop
      vertex -1.03338 -87.9963 0
      vertex -0.0817871 -89.1558 0
      vertex -0.444366 -89.4248 0
    endloop
  endfacet
  facet normal 0 0 -1
    outer loop
      vertex 0.555847 -88.5182 0
      vertex -0.603667 -87.5666 0
      vertex -0.422443 -87.3223 0
    endloop
  endfacet
  facet normal 0 0 -1
    outer loop
      vertex 0.252686 -88.8527 0
      vertex -0.807968 -87.792 0
      vertex -0.603667 -87.5666 0
    endloop
  endfacet
  facet normal 0 0 -1
    outer loop
      vertex -1.27773 -88.1776 0
      vertex -0.444366 -89.4248 0
      vertex -0.831573 -89.6568 0
    endloop
  endfacet
  facet normal 0 0 -1
    outer loop
      vertex -0.0817871 -89.1558 0
      vertex -1.03338 -87.9963 0
      vertex -0.807968 -87.792 0
    endloop
  endfacet
  facet normal 0 0 -1
    outer loop
      vertex -1.53867 -88.334 0
      vertex -0.831573 -89.6568 0
      vertex -1.23965 -89.8498 0
    endloop
  endfacet
  facet normal 0 0 -1
    outer loop
      vertex -0.444366 -89.4248 0
      vertex -1.27773 -88.1776 0
      vertex -1.03338 -87.9963 0
    endloop
  endfacet
  facet normal 0 0 -1
    outer loop
      vertex -0.831573 -89.6568 0
      vertex -1.53867 -88.334 0
      vertex -1.27773 -88.1776 0
    endloop
  endfacet
  facet normal 0 0 -1
    outer loop
      vertex -1.81368 -88.464 0
      vertex -1.23965 -89.8498 0
      vertex -1.66469 -90.0019 0
    endloop
  endfacet
  facet normal 0 0 -1
    outer loop
      vertex -1.23965 -89.8498 0
      vertex -1.81368 -88.464 0
      vertex -1.53867 -88.334 0
    endloop
  endfacet
  facet normal 0 0 -1
    outer loop
      vertex -1.66469 -90.0019 0
      vertex -2.10012 -88.5665 0
      vertex -1.81368 -88.464 0
    endloop
  endfacet
  facet normal 0 0 -1
    outer loop
      vertex -2.10257 -90.1116 0
      vertex -2.10012 -88.5665 0
      vertex -1.66469 -90.0019 0
    endloop
  endfacet
  facet normal 0 0 -1
    outer loop
      vertex -2.10257 -90.1116 0
      vertex -2.39522 -88.6404 0
      vertex -2.10012 -88.5665 0
    endloop
  endfacet
  facet normal 0 0 -1
    outer loop
      vertex -2.54912 -90.1778 0
      vertex -2.39522 -88.6404 0
      vertex -2.10257 -90.1116 0
    endloop
  endfacet
  facet normal 0 0 -1
    outer loop
      vertex -2.54912 -90.1778 0
      vertex -2.69615 -88.6851 0
      vertex -2.39522 -88.6404 0
    endloop
  endfacet
  facet normal 0 0 -1
    outer loop
      vertex -3 -90.2 0
      vertex -2.69615 -88.6851 0
      vertex -2.54912 -90.1778 0
    endloop
  endfacet
  facet normal 0 0 -1
    outer loop
      vertex -3 -90.2 0
      vertex -3 -88.7 0
      vertex -2.69615 -88.6851 0
    endloop
  endfacet
  facet normal 0 0 -1
    outer loop
      vertex -3 -90.2 0
      vertex -3.30385 -88.6851 0
      vertex -3 -88.7 0
    endloop
  endfacet
  facet normal 0 0 -1
    outer loop
      vertex -3.45087 -90.1778 0
      vertex -3.30385 -88.6851 0
      vertex -3 -90.2 0
    endloop
  endfacet
  facet normal 0 0 -1
    outer loop
      vertex -3.45087 -90.1778 0
      vertex -3.60478 -88.6404 0
      vertex -3.30385 -88.6851 0
    endloop
  endfacet
  facet normal 0 0 -1
    outer loop
      vertex -3.89742 -90.1116 0
      vertex -3.60478 -88.6404 0
      vertex -3.45087 -90.1778 0
    endloop
  endfacet
  facet normal 0 0 -1
    outer loop
      vertex -3.89742 -90.1116 0
      vertex -3.89988 -88.5665 0
      vertex -3.60478 -88.6404 0
    endloop
  endfacet
  facet normal 0 0 -1
    outer loop
      vertex -4.3353 -90.0019 0
      vertex -3.89988 -88.5665 0
      vertex -3.89742 -90.1116 0
    endloop
  endfacet
  facet normal -0 0 -1
    outer loop
      vertex -3.89988 -88.5665 0
      vertex -4.3353 -90.0019 0
      vertex -4.18632 -88.464 0
    endloop
  endfacet
  facet normal 0 0 -1
    outer loop
      vertex -4.76033 -89.8498 0
      vertex -4.18632 -88.464 0
      vertex -4.3353 -90.0019 0
    endloop
  endfacet
  facet normal -0 0 -1
    outer loop
      vertex -4.18632 -88.464 0
      vertex -4.76033 -89.8498 0
      vertex -4.46133 -88.334 0
    endloop
  endfacet
  facet normal 0 0 -1
    outer loop
      vertex -5.16841 -89.6568 0
      vertex -4.46133 -88.334 0
      vertex -4.76033 -89.8498 0
    endloop
  endfacet
  facet normal -0 0 -1
    outer loop
      vertex -4.46133 -88.334 0
      vertex -5.16841 -89.6568 0
      vertex -4.72227 -88.1776 0
    endloop
  endfacet
  facet normal 0 0 -1
    outer loop
      vertex -5.55562 -89.4248 0
      vertex -4.72227 -88.1776 0
      vertex -5.16841 -89.6568 0
    endloop
  endfacet
  facet normal -0 0 -1
    outer loop
      vertex -4.72227 -88.1776 0
      vertex -5.55562 -89.4248 0
      vertex -4.96662 -87.9963 0
    endloop
  endfacet
  facet normal 0 0 -1
    outer loop
      vertex -5.9182 -89.1558 0
      vertex -4.96662 -87.9963 0
      vertex -5.55562 -89.4248 0
    endloop
  endfacet
  facet normal -0 0 -1
    outer loop
      vertex -4.96662 -87.9963 0
      vertex -5.9182 -89.1558 0
      vertex -5.19203 -87.792 0
    endloop
  endfacet
  facet normal 0 0 -1
    outer loop
      vertex -6.25269 -88.8527 0
      vertex -5.19203 -87.792 0
      vertex -5.9182 -89.1558 0
    endloop
  endfacet
  facet normal -0 0 -1
    outer loop
      vertex -5.19203 -87.792 0
      vertex -6.25269 -88.8527 0
      vertex -5.39633 -87.5666 0
    endloop
  endfacet
  facet normal 0 0 -1
    outer loop
      vertex -6.55585 -88.5182 0
      vertex -5.39633 -87.5666 0
      vertex -6.25269 -88.8527 0
    endloop
  endfacet
  facet normal -0 0 -1
    outer loop
      vertex -5.39633 -87.5666 0
      vertex -6.55585 -88.5182 0
      vertex -5.57756 -87.3223 0
    endloop
  endfacet
  facet normal 0 0 -1
    outer loop
      vertex -6.82475 -88.1556 0
      vertex -5.57756 -87.3223 0
      vertex -6.55585 -88.5182 0
    endloop
  endfacet
  facet normal -0 0 -1
    outer loop
      vertex -5.57756 -87.3223 0
      vertex -6.82475 -88.1556 0
      vertex -5.73396 -87.0613 0
    endloop
  endfacet
  facet normal 0 0 -1
    outer loop
      vertex -7.05682 -87.7684 0
      vertex -5.73396 -87.0613 0
      vertex -6.82475 -88.1556 0
    endloop
  endfacet
  facet normal 0 0 -1
    outer loop
      vertex -7.24983 -87.3603 0
      vertex -5.86403 -86.7863 0
      vertex -7.05682 -87.7684 0
    endloop
  endfacet
  facet normal -0 0 -1
    outer loop
      vertex -5.73396 -87.0613 0
      vertex -7.05682 -87.7684 0
      vertex -5.86403 -86.7863 0
    endloop
  endfacet
  facet normal 0 0 -1
    outer loop
      vertex -0.0334845 3.89988 0
      vertex 1.40192 4.3353 0
      vertex 0.0404339 3.60478 0
    endloop
  endfacet
  facet normal -0 0 -1
    outer loop
      vertex 1.40192 4.3353 0
      vertex -0.0334845 3.89988 0
      vertex 1.24983 4.76033 0
    endloop
  endfacet
  facet normal 0 0 -1
    outer loop
      vertex 0.0404339 3.60478 0
      vertex 1.51161 3.89742 0
      vertex 0.0850725 3.30385 0
    endloop
  endfacet
  facet normal -0 0 -1
    outer loop
      vertex 1.51161 3.89742 0
      vertex 0.0404339 3.60478 0
      vertex 1.40192 4.3353 0
    endloop
  endfacet
  facet normal 0 0 -1
    outer loop
      vertex 0.0850725 3.30385 0
      vertex 1.57784 3.45087 0
      vertex 0.0999994 3 0
    endloop
  endfacet
  facet normal -0 0 -1
    outer loop
      vertex 1.57784 3.45087 0
      vertex 0.0850725 3.30385 0
      vertex 1.51161 3.89742 0
    endloop
  endfacet
  facet normal 0 -0 -1
    outer loop
      vertex 0.0850725 2.69615 0
      vertex 1.55573 2.39999 0
      vertex 0.0404339 2.39522 0
    endloop
  endfacet
  facet normal 0 0 -1
    outer loop
      vertex 1.57784 2.54912 0
      vertex 0.0850725 2.69615 0
      vertex 0.0999994 3 0
    endloop
  endfacet
  facet normal 0 -0 -1
    outer loop
      vertex -0.0334845 2.10012 0
      vertex 1.55573 2.39999 0
      vertex -0.135973 1.81368 0
    endloop
  endfacet
  facet normal 0 -0 -1
    outer loop
      vertex 0.0404339 2.39522 0
      vertex 1.55573 2.39999 0
      vertex -0.0334845 2.10012 0
    endloop
  endfacet
  facet normal 0 -0 -1
    outer loop
      vertex -0.266044 1.53867 0
      vertex 1.55573 2.39999 0
      vertex -0.422443 1.27773 0
    endloop
  endfacet
  facet normal 0 -0 -1
    outer loop
      vertex -0.135973 1.81368 0
      vertex 1.55573 2.39999 0
      vertex -0.266044 1.53867 0
    endloop
  endfacet
  facet normal 0 0 -1
    outer loop
      vertex 1.55573 -85 0
      vertex -2.39999 -81.0443 0
      vertex 1.55573 2.39999 0
    endloop
  endfacet
  facet normal 0 0 -1
    outer loop
      vertex 1.55573 2.39999 0
      vertex -0.603667 1.03338 0
      vertex -0.422443 1.27773 0
    endloop
  endfacet
  facet normal 0 0 -1
    outer loop
      vertex 1.55573 -85 0
      vertex -0.807968 -83.408 0
      vertex -2.39999 -81.0443 0
    endloop
  endfacet
  facet normal 0 0 -1
    outer loop
      vertex -2.39999 -1.55573 0
      vertex 1.55573 2.39999 0
      vertex -2.39999 -81.0443 0
    endloop
  endfacet
  facet normal 0 0 -1
    outer loop
      vertex -2.39999 -81.0443 0
      vertex -0.807968 -83.408 0
      vertex -1.03338 -83.2037 0
    endloop
  endfacet
  facet normal 0 -0 -1
    outer loop
      vertex -0.807968 0.807968 0
      vertex 1.55573 2.39999 0
      vertex -2.39999 -1.55573 0
    endloop
  endfacet
  facet normal 0 0 -1
    outer loop
      vertex -2.39999 -81.0443 0
      vertex -1.03338 -83.2037 0
      vertex -1.27773 -83.0224 0
    endloop
  endfacet
  facet normal 0 0 -1
    outer loop
      vertex 1.55573 2.39999 0
      vertex -0.807968 0.807968 0
      vertex -0.603667 1.03338 0
    endloop
  endfacet
  facet normal 0 0 -1
    outer loop
      vertex -2.39999 -81.0443 0
      vertex -1.27773 -83.0224 0
      vertex -1.53867 -82.866 0
    endloop
  endfacet
  facet normal 0 0 -1
    outer loop
      vertex -0.807968 0.807968 0
      vertex -2.39999 -1.55573 0
      vertex -1.03338 0.603667 0
    endloop
  endfacet
  facet normal 0 0 -1
    outer loop
      vertex -2.39999 -81.0443 0
      vertex -1.53867 -82.866 0
      vertex -1.81368 -82.736 0
    endloop
  endfacet
  facet normal 0 0 -1
    outer loop
      vertex -1.03338 0.603667 0
      vertex -2.39999 -1.55573 0
      vertex -1.27773 0.422443 0
    endloop
  endfacet
  facet normal 0 0 -1
    outer loop
      vertex -2.39999 -81.0443 0
      vertex -1.81368 -82.736 0
      vertex -2.10012 -82.6335 0
    endloop
  endfacet
  facet normal 0 0 -1
    outer loop
      vertex -1.27773 0.422443 0
      vertex -2.39999 -1.55573 0
      vertex -1.53867 0.266044 0
    endloop
  endfacet
  facet normal 0 0 -1
    outer loop
      vertex -2.39999 -81.0443 0
      vertex -2.10012 -82.6335 0
      vertex -2.39522 -82.5596 0
    endloop
  endfacet
  facet normal 0 0 -1
    outer loop
      vertex -1.53867 0.266044 0
      vertex -2.39999 -1.55573 0
      vertex -1.81368 0.135973 0
    endloop
  endfacet
  facet normal 0 0 -1
    outer loop
      vertex -1.81368 0.135973 0
      vertex -2.39999 -1.55573 0
      vertex -2.10012 0.0334845 0
    endloop
  endfacet
  facet normal 0 0 -1
    outer loop
      vertex -2.69615 -82.5149 0
      vertex -2.39999 -81.0443 0
      vertex -2.39522 -82.5596 0
    endloop
  endfacet
  facet normal -0 0 -1
    outer loop
      vertex -2.39999 -81.0443 0
      vertex -2.69615 -82.5149 0
      vertex -2.54912 -81.0221 0
    endloop
  endfacet
  facet normal 0 0 -1
    outer loop
      vertex -3 -82.5 0
      vertex -2.54912 -81.0221 0
      vertex -2.69615 -82.5149 0
    endloop
  endfacet
  facet normal 0 0 -1
    outer loop
      vertex -3 -82.5 0
      vertex -3 -81 0
      vertex -2.54912 -81.0221 0
    endloop
  endfacet
  facet normal 0 0 -1
    outer loop
      vertex -3.30385 -82.5149 0
      vertex -3 -81 0
      vertex -3 -82.5 0
    endloop
  endfacet
  facet normal 0 0 -1
    outer loop
      vertex -3.30385 -82.5149 0
      vertex -3.45087 -81.0221 0
      vertex -3 -81 0
    endloop
  endfacet
  facet normal 0 0 -1
    outer loop
      vertex -3.60478 -82.5596 0
      vertex -3.45087 -81.0221 0
      vertex -3.30385 -82.5149 0
    endloop
  endfacet
  facet normal 0 0 -1
    outer loop
      vertex -3.60478 -82.5596 0
      vertex -3.89742 -81.0884 0
      vertex -3.45087 -81.0221 0
    endloop
  endfacet
  facet normal 0 0 -1
    outer loop
      vertex -3.89988 -82.6335 0
      vertex -3.89742 -81.0884 0
      vertex -3.60478 -82.5596 0
    endloop
  endfacet
  facet normal 0 0 -1
    outer loop
      vertex -4.3353 -81.1981 0
      vertex -3.89988 -82.6335 0
      vertex -4.18632 -82.736 0
    endloop
  endfacet
  facet normal 0 0 -1
    outer loop
      vertex -3.89988 -82.6335 0
      vertex -4.3353 -81.1981 0
      vertex -3.89742 -81.0884 0
    endloop
  endfacet
  facet normal 0 0 -1
    outer loop
      vertex -4.76033 -81.3501 0
      vertex -4.18632 -82.736 0
      vertex -4.46133 -82.866 0
    endloop
  endfacet
  facet normal 0 0 -1
    outer loop
      vertex -5.16841 -81.5432 0
      vertex -4.46133 -82.866 0
      vertex -4.72227 -83.0224 0
    endloop
  endfacet
  facet normal 0 0 -1
    outer loop
      vertex -4.18632 -82.736 0
      vertex -4.76033 -81.3501 0
      vertex -4.3353 -81.1981 0
    endloop
  endfacet
  facet normal 0 0 -1
    outer loop
      vertex -5.55562 -81.7752 0
      vertex -4.72227 -83.0224 0
      vertex -4.96662 -83.2037 0
    endloop
  endfacet
  facet normal 0 0 -1
    outer loop
      vertex -4.46133 -82.866 0
      vertex -5.16841 -81.5432 0
      vertex -4.76033 -81.3501 0
    endloop
  endfacet
  facet normal 0 0 -1
    outer loop
      vertex -5.9182 -82.0441 0
      vertex -4.96662 -83.2037 0
      vertex -5.19203 -83.408 0
    endloop
  endfacet
  facet normal 0 0 -1
    outer loop
      vertex -6.25269 -82.3473 0
      vertex -5.19203 -83.408 0
      vertex -5.39633 -83.6334 0
    endloop
  endfacet
  facet normal 0 0 -1
    outer loop
      vertex -4.72227 -83.0224 0
      vertex -5.55562 -81.7752 0
      vertex -5.16841 -81.5432 0
    endloop
  endfacet
  facet normal 0 0 -1
    outer loop
      vertex -6.55585 -82.6818 0
      vertex -5.39633 -83.6334 0
      vertex -5.57756 -83.8777 0
    endloop
  endfacet
  facet normal 0 0 -1
    outer loop
      vertex -6.82475 -83.0444 0
      vertex -5.57756 -83.8777 0
      vertex -5.73396 -84.1387 0
    endloop
  endfacet
  facet normal 0 0 -1
    outer loop
      vertex -7.05682 -83.4316 0
      vertex -5.73396 -84.1387 0
      vertex -5.86403 -84.4137 0
    endloop
  endfacet
  facet normal 0 0 -1
    outer loop
      vertex -4.96662 -83.2037 0
      vertex -5.9182 -82.0441 0
      vertex -5.55562 -81.7752 0
    endloop
  endfacet
  facet normal 0 0 -1
    outer loop
      vertex -7.24983 -83.8396 0
      vertex -5.86403 -84.4137 0
      vertex -5.96651 -84.7001 0
    endloop
  endfacet
  facet normal 0 0 -1
    outer loop
      vertex -7.40192 -84.2647 0
      vertex -5.96651 -84.7001 0
      vertex -6.04043 -84.9952 0
    endloop
  endfacet
  facet normal 0 0 -1
    outer loop
      vertex -7.51161 -84.7026 0
      vertex -6.04043 -84.9952 0
      vertex -6.08507 -85.2961 0
    endloop
  endfacet
  facet normal 0 0 -1
    outer loop
      vertex -5.19203 -83.408 0
      vertex -6.25269 -82.3473 0
      vertex -5.9182 -82.0441 0
    endloop
  endfacet
  facet normal 0 0 -1
    outer loop
      vertex -7.57784 -85.1491 0
      vertex -6.08507 -85.2961 0
      vertex -6.1 -85.6 0
    endloop
  endfacet
  facet normal -0 0 -1
    outer loop
      vertex -5.86403 -86.7863 0
      vertex -7.24983 -87.3603 0
      vertex -5.96651 -86.4999 0
    endloop
  endfacet
  facet normal 0 0 -1
    outer loop
      vertex -7.40192 -86.9353 0
      vertex -5.96651 -86.4999 0
      vertex -7.24983 -87.3603 0
    endloop
  endfacet
  facet normal 0 0 -1
    outer loop
      vertex -5.39633 -83.6334 0
      vertex -6.55585 -82.6818 0
      vertex -6.25269 -82.3473 0
    endloop
  endfacet
  facet normal -0 0 -1
    outer loop
      vertex -5.96651 -86.4999 0
      vertex -7.40192 -86.9353 0
      vertex -6.04043 -86.2048 0
    endloop
  endfacet
  facet normal 0 0 -1
    outer loop
      vertex -5.57756 -83.8777 0
      vertex -6.82475 -83.0444 0
      vertex -6.55585 -82.6818 0
    endloop
  endfacet
  facet normal 0 0 -1
    outer loop
      vertex -7.51161 -86.4974 0
      vertex -6.04043 -86.2048 0
      vertex -7.40192 -86.9353 0
    endloop
  endfacet
  facet normal 0 0 -1
    outer loop
      vertex -5.73396 -84.1387 0
      vertex -7.05682 -83.4316 0
      vertex -6.82475 -83.0444 0
    endloop
  endfacet
  facet normal -0 0 -1
    outer loop
      vertex -6.04043 -86.2048 0
      vertex -7.51161 -86.4974 0
      vertex -6.08507 -85.9039 0
    endloop
  endfacet
  facet normal 0 0 -1
    outer loop
      vertex -5.86403 -84.4137 0
      vertex -7.24983 -83.8396 0
      vertex -7.05682 -83.4316 0
    endloop
  endfacet
  facet normal 0 0 -1
    outer loop
      vertex -7.57784 -86.0509 0
      vertex -6.08507 -85.9039 0
      vertex -7.51161 -86.4974 0
    endloop
  endfacet
  facet normal 0 0 -1
    outer loop
      vertex -5.96651 -84.7001 0
      vertex -7.40192 -84.2647 0
      vertex -7.24983 -83.8396 0
    endloop
  endfacet
  facet normal -0 0 -1
    outer loop
      vertex -6.08507 -85.9039 0
      vertex -7.57784 -86.0509 0
      vertex -6.1 -85.6 0
    endloop
  endfacet
  facet normal 0 0 -1
    outer loop
      vertex -6.04043 -84.9952 0
      vertex -7.51161 -84.7026 0
      vertex -7.40192 -84.2647 0
    endloop
  endfacet
  facet normal 0 0 -1
    outer loop
      vertex -7.59999 -85.6 0
      vertex -6.1 -85.6 0
      vertex -7.57784 -86.0509 0
    endloop
  endfacet
  facet normal 0 0 -1
    outer loop
      vertex -6.08507 -85.2961 0
      vertex -7.57784 -85.1491 0
      vertex -7.51161 -84.7026 0
    endloop
  endfacet
  facet normal 0 0 -1
    outer loop
      vertex -6.1 -85.6 0
      vertex -7.59999 -85.6 0
      vertex -7.57784 -85.1491 0
    endloop
  endfacet
  facet normal 0 0 -1
    outer loop
      vertex -0.135973 4.18632 0
      vertex 1.24983 4.76033 0
      vertex -0.0334845 3.89988 0
    endloop
  endfacet
  facet normal -0 0 -1
    outer loop
      vertex 1.24983 4.76033 0
      vertex -0.135973 4.18632 0
      vertex 1.05682 5.16841 0
    endloop
  endfacet
  facet normal 0 0 -1
    outer loop
      vertex -0.266044 4.46133 0
      vertex 1.05682 5.16841 0
      vertex -0.135973 4.18632 0
    endloop
  endfacet
  facet normal -0 0 -1
    outer loop
      vertex 1.05682 5.16841 0
      vertex -0.266044 4.46133 0
      vertex 0.824753 5.55562 0
    endloop
  endfacet
  facet normal 0 0 -1
    outer loop
      vertex -0.422443 4.72227 0
      vertex 0.824753 5.55562 0
      vertex -0.266044 4.46133 0
    endloop
  endfacet
  facet normal -0 0 -1
    outer loop
      vertex 0.824753 5.55562 0
      vertex -0.422443 4.72227 0
      vertex 0.555847 5.9182 0
    endloop
  endfacet
  facet normal 0 0 -1
    outer loop
      vertex -0.603667 4.96662 0
      vertex 0.555847 5.9182 0
      vertex -0.422443 4.72227 0
    endloop
  endfacet
  facet normal -0 0 -1
    outer loop
      vertex 0.555847 5.9182 0
      vertex -0.603667 4.96662 0
      vertex 0.252686 6.25269 0
    endloop
  endfacet
  facet normal 0 0 -1
    outer loop
      vertex -0.807968 5.19203 0
      vertex 0.252686 6.25269 0
      vertex -0.603667 4.96662 0
    endloop
  endfacet
  facet normal -0 0 -1
    outer loop
      vertex 0.252686 6.25269 0
      vertex -0.807968 5.19203 0
      vertex -0.0817871 6.55585 0
    endloop
  endfacet
  facet normal 0 0 -1
    outer loop
      vertex -1.03338 5.39633 0
      vertex -0.0817871 6.55585 0
      vertex -0.807968 5.19203 0
    endloop
  endfacet
  facet normal -0 0 -1
    outer loop
      vertex -0.0817871 6.55585 0
      vertex -1.03338 5.39633 0
      vertex -0.444366 6.82475 0
    endloop
  endfacet
  facet normal 0 0 -1
    outer loop
      vertex -1.27773 5.57756 0
      vertex -0.444366 6.82475 0
      vertex -1.03338 5.39633 0
    endloop
  endfacet
  facet normal -0 0 -1
    outer loop
      vertex -0.444366 6.82475 0
      vertex -1.27773 5.57756 0
      vertex -0.831573 7.05682 0
    endloop
  endfacet
  facet normal 0 0 -1
    outer loop
      vertex -1.53867 5.73396 0
      vertex -0.831573 7.05682 0
      vertex -1.27773 5.57756 0
    endloop
  endfacet
  facet normal -0 0 -1
    outer loop
      vertex -0.831573 7.05682 0
      vertex -1.53867 5.73396 0
      vertex -1.23965 7.24983 0
    endloop
  endfacet
  facet normal 0 0 -1
    outer loop
      vertex -1.81368 5.86403 0
      vertex -1.23965 7.24983 0
      vertex -1.53867 5.73396 0
    endloop
  endfacet
  facet normal -0 0 -1
    outer loop
      vertex -1.23965 7.24983 0
      vertex -1.81368 5.86403 0
      vertex -1.66469 7.40192 0
    endloop
  endfacet
  facet normal 0 0 -1
    outer loop
      vertex -2.10012 5.96651 0
      vertex -1.66469 7.40192 0
      vertex -1.81368 5.86403 0
    endloop
  endfacet
  facet normal 0 0 -1
    outer loop
      vertex -2.10012 5.96651 0
      vertex -2.10257 7.51161 0
      vertex -1.66469 7.40192 0
    endloop
  endfacet
  facet normal 0 0 -1
    outer loop
      vertex -2.39522 6.04043 0
      vertex -2.10257 7.51161 0
      vertex -2.10012 5.96651 0
    endloop
  endfacet
  facet normal 0 0 -1
    outer loop
      vertex -2.39522 6.04043 0
      vertex -2.54912 7.57784 0
      vertex -2.10257 7.51161 0
    endloop
  endfacet
  facet normal 0 0 -1
    outer loop
      vertex -2.69615 6.08507 0
      vertex -2.54912 7.57784 0
      vertex -2.39522 6.04043 0
    endloop
  endfacet
  facet normal 0 0 -1
    outer loop
      vertex -3 6.1 0
      vertex -2.54912 7.57784 0
      vertex -2.69615 6.08507 0
    endloop
  endfacet
  facet normal 0 0 -1
    outer loop
      vertex -3 6.1 0
      vertex -3 7.59999 0
      vertex -2.54912 7.57784 0
    endloop
  endfacet
  facet normal 0 0 -1
    outer loop
      vertex -3.30385 6.08507 0
      vertex -3 7.59999 0
      vertex -3 6.1 0
    endloop
  endfacet
  facet normal 0 0 -1
    outer loop
      vertex -3.30385 6.08507 0
      vertex -3.45087 7.57784 0
      vertex -3 7.59999 0
    endloop
  endfacet
  facet normal 0 0 -1
    outer loop
      vertex -3.60478 6.04043 0
      vertex -3.45087 7.57784 0
      vertex -3.30385 6.08507 0
    endloop
  endfacet
  facet normal 0 0 -1
    outer loop
      vertex -3.60478 6.04043 0
      vertex -3.89742 7.51161 0
      vertex -3.45087 7.57784 0
    endloop
  endfacet
  facet normal 0 0 -1
    outer loop
      vertex -3.89988 5.96651 0
      vertex -3.89742 7.51161 0
      vertex -3.60478 6.04043 0
    endloop
  endfacet
  facet normal 0 0 -1
    outer loop
      vertex -4.3353 7.40192 0
      vertex -3.89988 5.96651 0
      vertex -4.18632 5.86403 0
    endloop
  endfacet
  facet normal 0 0 -1
    outer loop
      vertex -3.89988 5.96651 0
      vertex -4.3353 7.40192 0
      vertex -3.89742 7.51161 0
    endloop
  endfacet
  facet normal 0 0 -1
    outer loop
      vertex -4.76033 7.24983 0
      vertex -4.18632 5.86403 0
      vertex -4.46133 5.73396 0
    endloop
  endfacet
  facet normal 0 0 -1
    outer loop
      vertex -5.16841 7.05682 0
      vertex -4.46133 5.73396 0
      vertex -4.72227 5.57756 0
    endloop
  endfacet
  facet normal 0 0 -1
    outer loop
      vertex -4.18632 5.86403 0
      vertex -4.76033 7.24983 0
      vertex -4.3353 7.40192 0
    endloop
  endfacet
  facet normal 0 0 -1
    outer loop
      vertex -5.55562 6.82475 0
      vertex -4.72227 5.57756 0
      vertex -4.96662 5.39633 0
    endloop
  endfacet
  facet normal 0 0 -1
    outer loop
      vertex -4.46133 5.73396 0
      vertex -5.16841 7.05682 0
      vertex -4.76033 7.24983 0
    endloop
  endfacet
  facet normal 0 0 -1
    outer loop
      vertex -5.9182 6.55585 0
      vertex -4.96662 5.39633 0
      vertex -5.19203 5.19203 0
    endloop
  endfacet
  facet normal 0 0 -1
    outer loop
      vertex -6.25269 6.25269 0
      vertex -5.19203 5.19203 0
      vertex -5.39633 4.96662 0
    endloop
  endfacet
  facet normal 0 0 -1
    outer loop
      vertex -4.72227 5.57756 0
      vertex -5.55562 6.82475 0
      vertex -5.16841 7.05682 0
    endloop
  endfacet
  facet normal 0 0 -1
    outer loop
      vertex -6.55585 5.9182 0
      vertex -5.39633 4.96662 0
      vertex -5.57756 4.72227 0
    endloop
  endfacet
  facet normal 0 0 -1
    outer loop
      vertex -6.82475 5.55562 0
      vertex -5.57756 4.72227 0
      vertex -5.73396 4.46133 0
    endloop
  endfacet
  facet normal 0 0 -1
    outer loop
      vertex -7.05682 5.16841 0
      vertex -5.73396 4.46133 0
      vertex -5.86403 4.18632 0
    endloop
  endfacet
  facet normal 0 0 -1
    outer loop
      vertex -4.96662 5.39633 0
      vertex -5.9182 6.55585 0
      vertex -5.55562 6.82475 0
    endloop
  endfacet
  facet normal 0 0 -1
    outer loop
      vertex -7.24983 4.76033 0
      vertex -5.86403 4.18632 0
      vertex -5.96651 3.89988 0
    endloop
  endfacet
  facet normal 0 0 -1
    outer loop
      vertex -7.40192 4.3353 0
      vertex -5.96651 3.89988 0
      vertex -6.04043 3.60478 0
    endloop
  endfacet
  facet normal 0 0 -1
    outer loop
      vertex -7.51161 3.89742 0
      vertex -6.04043 3.60478 0
      vertex -6.08507 3.30385 0
    endloop
  endfacet
  facet normal 0 0 -1
    outer loop
      vertex -5.19203 5.19203 0
      vertex -6.25269 6.25269 0
      vertex -5.9182 6.55585 0
    endloop
  endfacet
  facet normal 0 0 -1
    outer loop
      vertex -7.57784 3.45087 0
      vertex -6.08507 3.30385 0
      vertex -6.1 3 0
    endloop
  endfacet
  facet normal -0 0 -1
    outer loop
      vertex -5.86403 1.81368 0
      vertex -7.24983 1.23965 0
      vertex -5.96651 2.10012 0
    endloop
  endfacet
  facet normal 0 0 -1
    outer loop
      vertex -7.40192 1.66469 0
      vertex -5.96651 2.10012 0
      vertex -7.24983 1.23965 0
    endloop
  endfacet
  facet normal 0 0 -1
    outer loop
      vertex -5.39633 4.96662 0
      vertex -6.55585 5.9182 0
      vertex -6.25269 6.25269 0
    endloop
  endfacet
  facet normal -0 0 -1
    outer loop
      vertex -5.96651 2.10012 0
      vertex -7.40192 1.66469 0
      vertex -6.04043 2.39522 0
    endloop
  endfacet
  facet normal 0 0 -1
    outer loop
      vertex -5.57756 4.72227 0
      vertex -6.82475 5.55562 0
      vertex -6.55585 5.9182 0
    endloop
  endfacet
  facet normal 0 0 -1
    outer loop
      vertex -7.51161 2.10257 0
      vertex -6.04043 2.39522 0
      vertex -7.40192 1.66469 0
    endloop
  endfacet
  facet normal 0 0 -1
    outer loop
      vertex -5.73396 4.46133 0
      vertex -7.05682 5.16841 0
      vertex -6.82475 5.55562 0
    endloop
  endfacet
  facet normal -0 0 -1
    outer loop
      vertex -6.04043 2.39522 0
      vertex -7.51161 2.10257 0
      vertex -6.08507 2.69615 0
    endloop
  endfacet
  facet normal 0 0 -1
    outer loop
      vertex -5.86403 4.18632 0
      vertex -7.24983 4.76033 0
      vertex -7.05682 5.16841 0
    endloop
  endfacet
  facet normal 0 0 -1
    outer loop
      vertex -7.57784 2.54912 0
      vertex -6.08507 2.69615 0
      vertex -7.51161 2.10257 0
    endloop
  endfacet
  facet normal 0 0 -1
    outer loop
      vertex -5.96651 3.89988 0
      vertex -7.40192 4.3353 0
      vertex -7.24983 4.76033 0
    endloop
  endfacet
  facet normal -0 0 -1
    outer loop
      vertex -6.08507 2.69615 0
      vertex -7.57784 2.54912 0
      vertex -6.1 3 0
    endloop
  endfacet
  facet normal 0 0 -1
    outer loop
      vertex -6.04043 3.60478 0
      vertex -7.51161 3.89742 0
      vertex -7.40192 4.3353 0
    endloop
  endfacet
  facet normal 0 0 -1
    outer loop
      vertex -7.59999 3 0
      vertex -6.1 3 0
      vertex -7.57784 2.54912 0
    endloop
  endfacet
  facet normal 0 0 -1
    outer loop
      vertex -6.08507 3.30385 0
      vertex -7.57784 3.45087 0
      vertex -7.51161 3.89742 0
    endloop
  endfacet
  facet normal 0 0 -1
    outer loop
      vertex -6.1 3 0
      vertex -7.59999 3 0
      vertex -7.57784 3.45087 0
    endloop
  endfacet
  facet normal 0 0 -1
    outer loop
      vertex -2.10012 0.0334845 0
      vertex -2.39999 -1.55573 0
      vertex -2.39522 -0.0404339 0
    endloop
  endfacet
  facet normal 0 0 -1
    outer loop
      vertex -2.69615 -0.0850725 0
      vertex -2.39999 -1.55573 0
      vertex -2.54912 -1.57784 0
    endloop
  endfacet
  facet normal 0 0 -1
    outer loop
      vertex -2.39999 -1.55573 0
      vertex -2.69615 -0.0850725 0
      vertex -2.39522 -0.0404339 0
    endloop
  endfacet
  facet normal 0 0 -1
    outer loop
      vertex -3 -1.59999 0
      vertex -2.69615 -0.0850725 0
      vertex -2.54912 -1.57784 0
    endloop
  endfacet
  facet normal 0 0 -1
    outer loop
      vertex -3 -1.59999 0
      vertex -3 -0.0999994 0
      vertex -2.69615 -0.0850725 0
    endloop
  endfacet
  facet normal 0 0 -1
    outer loop
      vertex -3 -1.59999 0
      vertex -3.30385 -0.0850725 0
      vertex -3 -0.0999994 0
    endloop
  endfacet
  facet normal 0 0 -1
    outer loop
      vertex -3.45087 -1.57784 0
      vertex -3.30385 -0.0850725 0
      vertex -3 -1.59999 0
    endloop
  endfacet
  facet normal 0 0 -1
    outer loop
      vertex -3.45087 -1.57784 0
      vertex -3.60478 -0.0404339 0
      vertex -3.30385 -0.0850725 0
    endloop
  endfacet
  facet normal 0 0 -1
    outer loop
      vertex -3.89742 -1.51161 0
      vertex -3.60478 -0.0404339 0
      vertex -3.45087 -1.57784 0
    endloop
  endfacet
  facet normal 0 0 -1
    outer loop
      vertex -3.89742 -1.51161 0
      vertex -3.89988 0.0334845 0
      vertex -3.60478 -0.0404339 0
    endloop
  endfacet
  facet normal 0 0 -1
    outer loop
      vertex -4.3353 -1.40192 0
      vertex -3.89988 0.0334845 0
      vertex -3.89742 -1.51161 0
    endloop
  endfacet
  facet normal -0 0 -1
    outer loop
      vertex -3.89988 0.0334845 0
      vertex -4.3353 -1.40192 0
      vertex -4.18632 0.135973 0
    endloop
  endfacet
  facet normal 0 0 -1
    outer loop
      vertex -4.76033 -1.24983 0
      vertex -4.18632 0.135973 0
      vertex -4.3353 -1.40192 0
    endloop
  endfacet
  facet normal -0 0 -1
    outer loop
      vertex -4.18632 0.135973 0
      vertex -4.76033 -1.24983 0
      vertex -4.46133 0.266044 0
    endloop
  endfacet
  facet normal 0 0 -1
    outer loop
      vertex -5.16841 -1.05682 0
      vertex -4.46133 0.266044 0
      vertex -4.76033 -1.24983 0
    endloop
  endfacet
  facet normal -0 0 -1
    outer loop
      vertex -4.46133 0.266044 0
      vertex -5.16841 -1.05682 0
      vertex -4.72227 0.422443 0
    endloop
  endfacet
  facet normal 0 0 -1
    outer loop
      vertex -5.55562 -0.824753 0
      vertex -4.72227 0.422443 0
      vertex -5.16841 -1.05682 0
    endloop
  endfacet
  facet normal -0 0 -1
    outer loop
      vertex -4.72227 0.422443 0
      vertex -5.55562 -0.824753 0
      vertex -4.96662 0.603667 0
    endloop
  endfacet
  facet normal 0 0 -1
    outer loop
      vertex -5.9182 -0.555847 0
      vertex -4.96662 0.603667 0
      vertex -5.55562 -0.824753 0
    endloop
  endfacet
  facet normal -0 0 -1
    outer loop
      vertex -4.96662 0.603667 0
      vertex -5.9182 -0.555847 0
      vertex -5.19203 0.807968 0
    endloop
  endfacet
  facet normal 0 0 -1
    outer loop
      vertex -6.25269 -0.252686 0
      vertex -5.19203 0.807968 0
      vertex -5.9182 -0.555847 0
    endloop
  endfacet
  facet normal -0 0 -1
    outer loop
      vertex -5.19203 0.807968 0
      vertex -6.25269 -0.252686 0
      vertex -5.39633 1.03338 0
    endloop
  endfacet
  facet normal 0 0 -1
    outer loop
      vertex -6.55585 0.0817871 0
      vertex -5.39633 1.03338 0
      vertex -6.25269 -0.252686 0
    endloop
  endfacet
  facet normal -0 0 -1
    outer loop
      vertex -5.39633 1.03338 0
      vertex -6.55585 0.0817871 0
      vertex -5.57756 1.27773 0
    endloop
  endfacet
  facet normal 0 0 -1
    outer loop
      vertex -6.82475 0.444366 0
      vertex -5.57756 1.27773 0
      vertex -6.55585 0.0817871 0
    endloop
  endfacet
  facet normal -0 0 -1
    outer loop
      vertex -5.57756 1.27773 0
      vertex -6.82475 0.444366 0
      vertex -5.73396 1.53867 0
    endloop
  endfacet
  facet normal 0 0 -1
    outer loop
      vertex -7.05682 0.831573 0
      vertex -5.73396 1.53867 0
      vertex -6.82475 0.444366 0
    endloop
  endfacet
  facet normal 0 0 -1
    outer loop
      vertex -7.24983 1.23965 0
      vertex -5.86403 1.81368 0
      vertex -7.05682 0.831573 0
    endloop
  endfacet
  facet normal -0 0 -1
    outer loop
      vertex -5.73396 1.53867 0
      vertex -7.05682 0.831573 0
      vertex -5.86403 1.81368 0
    endloop
  endfacet
  facet normal 0 0 -1
    outer loop
      vertex 160.085 -39.115 0
      vertex 168.5 3 0
      vertex 160.246 -40.2022 0
    endloop
  endfacet
  facet normal 0 0 -1
    outer loop
      vertex 159.818 -38.0488 0
      vertex 168.5 3 0
      vertex 160.085 -39.115 0
    endloop
  endfacet
  facet normal 0 0 -1
    outer loop
      vertex 159.447 -37.0139 0
      vertex 168.5 3 0
      vertex 159.818 -38.0488 0
    endloop
  endfacet
  facet normal 0 0 -1
    outer loop
      vertex 158.978 -36.0204 0
      vertex 168.5 3 0
      vertex 159.447 -37.0139 0
    endloop
  endfacet
  facet normal 0 0 -1
    outer loop
      vertex 158.412 -35.0776 0
      vertex 168.5 3 0
      vertex 158.978 -36.0204 0
    endloop
  endfacet
  facet normal 0 0 -1
    outer loop
      vertex 157.758 -34.1948 0
      vertex 168.5 3 0
      vertex 158.412 -35.0776 0
    endloop
  endfacet
  facet normal 0 0 -1
    outer loop
      vertex 168.5 3 0
      vertex 157.758 -34.1948 0
      vertex 167.044 2.39999 0
    endloop
  endfacet
  facet normal 0 0 -1
    outer loop
      vertex 157.02 -33.3804 0
      vertex 167.044 2.39999 0
      vertex 157.758 -34.1948 0
    endloop
  endfacet
  facet normal 0 0 -1
    outer loop
      vertex 156.205 -32.6423 0
      vertex 167.044 2.39999 0
      vertex 157.02 -33.3804 0
    endloop
  endfacet
  facet normal 0 0 -1
    outer loop
      vertex 155.322 -31.9875 0
      vertex 167.044 2.39999 0
      vertex 156.205 -32.6423 0
    endloop
  endfacet
  facet normal 0 0 -1
    outer loop
      vertex 154.38 -31.4225 0
      vertex 167.044 2.39999 0
      vertex 155.322 -31.9875 0
    endloop
  endfacet
  facet normal 0 0 -1
    outer loop
      vertex 153.386 -30.9525 0
      vertex 167.044 2.39999 0
      vertex 154.38 -31.4225 0
    endloop
  endfacet
  facet normal 0 0 -1
    outer loop
      vertex 152.351 -30.5823 0
      vertex 167.044 2.39999 0
      vertex 153.386 -30.9525 0
    endloop
  endfacet
  facet normal 0 0 -1
    outer loop
      vertex 151.285 -30.3152 0
      vertex 167.044 2.39999 0
      vertex 152.351 -30.5823 0
    endloop
  endfacet
  facet normal 0 0 -1
    outer loop
      vertex 150.198 -30.1539 0
      vertex 167.044 2.39999 0
      vertex 151.285 -30.3152 0
    endloop
  endfacet
  facet normal 0 0 -1
    outer loop
      vertex 149.1 -30.1 0
      vertex 167.044 2.39999 0
      vertex 150.198 -30.1539 0
    endloop
  endfacet
  facet normal 0 0 -1
    outer loop
      vertex 148.002 -30.1539 0
      vertex 167.044 2.39999 0
      vertex 149.1 -30.1 0
    endloop
  endfacet
  facet normal 0 0 -1
    outer loop
      vertex 146.915 -30.3152 0
      vertex 167.044 2.39999 0
      vertex 148.002 -30.1539 0
    endloop
  endfacet
  facet normal 0 0 -1
    outer loop
      vertex 145.849 -30.5823 0
      vertex 167.044 2.39999 0
      vertex 146.915 -30.3152 0
    endloop
  endfacet
  facet normal 0 0 -1
    outer loop
      vertex 144.814 -30.9525 0
      vertex 167.044 2.39999 0
      vertex 145.849 -30.5823 0
    endloop
  endfacet
  facet normal 0 0 -1
    outer loop
      vertex 143.82 -31.4225 0
      vertex 167.044 2.39999 0
      vertex 144.814 -30.9525 0
    endloop
  endfacet
  facet normal 0 0 -1
    outer loop
      vertex 142.878 -31.9875 0
      vertex 167.044 2.39999 0
      vertex 143.82 -31.4225 0
    endloop
  endfacet
  facet normal 0 0 -1
    outer loop
      vertex 141.995 -32.6423 0
      vertex 167.044 2.39999 0
      vertex 142.878 -31.9875 0
    endloop
  endfacet
  facet normal 0 0 -1
    outer loop
      vertex 1.55573 2.39999 0
      vertex 141.995 -32.6423 0
      vertex 141.18 -33.3804 0
    endloop
  endfacet
  facet normal 0 0 -1
    outer loop
      vertex 1.55573 2.39999 0
      vertex 141.18 -33.3804 0
      vertex 140.442 -34.1948 0
    endloop
  endfacet
  facet normal 0 0 -1
    outer loop
      vertex 1.55573 2.39999 0
      vertex 140.442 -34.1948 0
      vertex 139.788 -35.0776 0
    endloop
  endfacet
  facet normal 0 0 -1
    outer loop
      vertex 1.55573 2.39999 0
      vertex 137.9 -41.3 0
      vertex 1.55573 -85 0
    endloop
  endfacet
  facet normal 0 0 -1
    outer loop
      vertex 137.9 -41.3 0
      vertex 1.55573 2.39999 0
      vertex 137.954 -40.2022 0
    endloop
  endfacet
  facet normal 0 0 -1
    outer loop
      vertex 137.954 -40.2022 0
      vertex 1.55573 2.39999 0
      vertex 138.115 -39.115 0
    endloop
  endfacet
  facet normal 0 0 -1
    outer loop
      vertex 138.115 -39.115 0
      vertex 1.55573 2.39999 0
      vertex 138.382 -38.0488 0
    endloop
  endfacet
  facet normal 0 0 -1
    outer loop
      vertex 138.382 -38.0488 0
      vertex 1.55573 2.39999 0
      vertex 138.753 -37.0139 0
    endloop
  endfacet
  facet normal 0 0 -1
    outer loop
      vertex 138.753 -37.0139 0
      vertex 1.55573 2.39999 0
      vertex 139.222 -36.0204 0
    endloop
  endfacet
  facet normal 0 0 -1
    outer loop
      vertex 139.222 -36.0204 0
      vertex 1.55573 2.39999 0
      vertex 139.788 -35.0776 0
    endloop
  endfacet
  facet normal 0 0 -1
    outer loop
      vertex 141.995 -32.6423 0
      vertex 1.55573 2.39999 0
      vertex 167.044 2.39999 0
    endloop
  endfacet
  facet normal 0.146887 0.989153 -0
    outer loop
      vertex 172.497 7.51161 0
      vertex 172.051 7.57784 3
      vertex 172.497 7.51161 3
    endloop
  endfacet
  facet normal 0.146887 0.989153 0
    outer loop
      vertex 172.051 7.57784 3
      vertex 172.497 7.51161 0
      vertex 172.051 7.57784 0
    endloop
  endfacet
  facet normal 0.242932 0.970043 -0
    outer loop
      vertex 172.935 7.40192 0
      vertex 172.497 7.51161 3
      vertex 172.935 7.40192 3
    endloop
  endfacet
  facet normal 0.242932 0.970043 0
    outer loop
      vertex 172.497 7.51161 3
      vertex 172.935 7.40192 0
      vertex 172.497 7.51161 0
    endloop
  endfacet
  facet normal 0.336934 0.941528 -0
    outer loop
      vertex 173.36 7.24983 0
      vertex 172.935 7.40192 3
      vertex 173.36 7.24983 3
    endloop
  endfacet
  facet normal 0.336934 0.941528 0
    outer loop
      vertex 172.935 7.40192 3
      vertex 173.36 7.24983 0
      vertex 172.935 7.40192 0
    endloop
  endfacet
  facet normal 0.427628 0.903955 -0
    outer loop
      vertex 173.768 7.05682 0
      vertex 173.36 7.24983 3
      vertex 173.768 7.05682 3
    endloop
  endfacet
  facet normal 0.427628 0.903955 0
    outer loop
      vertex 173.36 7.24983 3
      vertex 173.768 7.05682 0
      vertex 173.36 7.24983 0
    endloop
  endfacet
  facet normal 0.513308 0.858204 -0
    outer loop
      vertex 174.156 6.82475 0
      vertex 173.768 7.05682 3
      vertex 174.156 6.82475 3
    endloop
  endfacet
  facet normal 0.513308 0.858204 0
    outer loop
      vertex 173.768 7.05682 3
      vertex 174.156 6.82475 0
      vertex 173.768 7.05682 0
    endloop
  endfacet
  facet normal 0.596304 0.802759 -0
    outer loop
      vertex 174.518 6.55585 0
      vertex 174.156 6.82475 3
      vertex 174.518 6.55585 3
    endloop
  endfacet
  facet normal 0.596304 0.802759 0
    outer loop
      vertex 174.156 6.82475 3
      vertex 174.518 6.55585 0
      vertex 174.156 6.82475 0
    endloop
  endfacet
  facet normal 0.670992 0.741464 -0
    outer loop
      vertex 174.853 6.25269 0
      vertex 174.518 6.55585 3
      vertex 174.853 6.25269 3
    endloop
  endfacet
  facet normal 0.670992 0.741464 0
    outer loop
      vertex 174.518 6.55585 3
      vertex 174.853 6.25269 0
      vertex 174.518 6.55585 0
    endloop
  endfacet
  facet normal 0.741132 0.671359 0
    outer loop
      vertex 175.156 5.9182 3
      vertex 174.853 6.25269 0
      vertex 174.853 6.25269 3
    endloop
  endfacet
  facet normal 0.741132 0.671359 0
    outer loop
      vertex 174.853 6.25269 0
      vertex 175.156 5.9182 3
      vertex 175.156 5.9182 0
    endloop
  endfacet
  facet normal 0.80311 0.595831 0
    outer loop
      vertex 175.425 5.55562 3
      vertex 175.156 5.9182 0
      vertex 175.156 5.9182 3
    endloop
  endfacet
  facet normal 0.80311 0.595831 0
    outer loop
      vertex 175.156 5.9182 0
      vertex 175.425 5.55562 3
      vertex 175.425 5.55562 0
    endloop
  endfacet
  facet normal 0.857811 0.513965 0
    outer loop
      vertex 175.657 5.16841 3
      vertex 175.425 5.55562 0
      vertex 175.425 5.55562 3
    endloop
  endfacet
  facet normal 0.857811 0.513965 0
    outer loop
      vertex 175.425 5.55562 0
      vertex 175.657 5.16841 3
      vertex 175.657 5.16841 0
    endloop
  endfacet
  facet normal 0.903996 0.427542 0
    outer loop
      vertex 175.85 4.76033 3
      vertex 175.657 5.16841 0
      vertex 175.657 5.16841 3
    endloop
  endfacet
  facet normal 0.903996 0.427542 0
    outer loop
      vertex 175.657 5.16841 0
      vertex 175.85 4.76033 3
      vertex 175.85 4.76033 0
    endloop
  endfacet
  facet normal 0.941599 0.336736 0
    outer loop
      vertex 176.002 4.3353 3
      vertex 175.85 4.76033 0
      vertex 175.85 4.76033 3
    endloop
  endfacet
  facet normal 0.941599 0.336736 0
    outer loop
      vertex 175.85 4.76033 0
      vertex 176.002 4.3353 3
      vertex 176.002 4.3353 0
    endloop
  endfacet
  facet normal 0.969866 0.24364 0
    outer loop
      vertex 176.112 3.89742 3
      vertex 176.002 4.3353 0
      vertex 176.002 4.3353 3
    endloop
  endfacet
  facet normal 0.969866 0.24364 0
    outer loop
      vertex 176.002 4.3353 0
      vertex 176.112 3.89742 3
      vertex 176.112 3.89742 0
    endloop
  endfacet
  facet normal 0.989253 0.146211 0
    outer loop
      vertex 176.178 3.45087 3
      vertex 176.112 3.89742 0
      vertex 176.112 3.89742 3
    endloop
  endfacet
  facet normal 0.989253 0.146211 0
    outer loop
      vertex 176.112 3.89742 0
      vertex 176.178 3.45087 3
      vertex 176.178 3.45087 0
    endloop
  endfacet
  facet normal 0.998812 0.0487366 0
    outer loop
      vertex 176.2 3 3
      vertex 176.178 3.45087 0
      vertex 176.178 3.45087 3
    endloop
  endfacet
  facet normal 0.998812 0.0487366 0
    outer loop
      vertex 176.178 3.45087 0
      vertex 176.2 3 3
      vertex 176.2 3 0
    endloop
  endfacet
  facet normal 0.998812 -0.0487355 0
    outer loop
      vertex 176.178 2.54912 3
      vertex 176.2 3 0
      vertex 176.2 3 3
    endloop
  endfacet
  facet normal 0.998812 -0.0487355 0
    outer loop
      vertex 176.2 3 0
      vertex 176.178 2.54912 3
      vertex 176.178 2.54912 0
    endloop
  endfacet
  facet normal 0.989253 -0.146211 0
    outer loop
      vertex 176.112 2.10257 3
      vertex 176.178 2.54912 0
      vertex 176.178 2.54912 3
    endloop
  endfacet
  facet normal 0.989253 -0.146211 0
    outer loop
      vertex 176.178 2.54912 0
      vertex 176.112 2.10257 3
      vertex 176.112 2.10257 0
    endloop
  endfacet
  facet normal 0.969866 -0.24364 0
    outer loop
      vertex 176.002 1.66469 3
      vertex 176.112 2.10257 0
      vertex 176.112 2.10257 3
    endloop
  endfacet
  facet normal 0.969866 -0.24364 0
    outer loop
      vertex 176.112 2.10257 0
      vertex 176.002 1.66469 3
      vertex 176.002 1.66469 0
    endloop
  endfacet
  facet normal 0.941601 -0.336729 0
    outer loop
      vertex 175.85 1.23965 3
      vertex 176.002 1.66469 0
      vertex 176.002 1.66469 3
    endloop
  endfacet
  facet normal 0.941601 -0.336729 0
    outer loop
      vertex 176.002 1.66469 0
      vertex 175.85 1.23965 3
      vertex 175.85 1.23965 0
    endloop
  endfacet
  facet normal 0.903994 -0.427544 0
    outer loop
      vertex 175.657 0.831573 3
      vertex 175.85 1.23965 0
      vertex 175.85 1.23965 3
    endloop
  endfacet
  facet normal 0.903994 -0.427544 0
    outer loop
      vertex 175.85 1.23965 0
      vertex 175.657 0.831573 3
      vertex 175.657 0.831573 0
    endloop
  endfacet
  facet normal 0.85781 -0.513968 0
    outer loop
      vertex 175.425 0.444366 3
      vertex 175.657 0.831573 0
      vertex 175.657 0.831573 3
    endloop
  endfacet
  facet normal 0.85781 -0.513968 0
    outer loop
      vertex 175.657 0.831573 0
      vertex 175.425 0.444366 3
      vertex 175.425 0.444366 0
    endloop
  endfacet
  facet normal 0.803109 -0.595832 0
    outer loop
      vertex 175.156 0.0817871 3
      vertex 175.425 0.444366 0
      vertex 175.425 0.444366 3
    endloop
  endfacet
  facet normal 0.803109 -0.595832 0
    outer loop
      vertex 175.425 0.444366 0
      vertex 175.156 0.0817871 3
      vertex 175.156 0.0817871 0
    endloop
  endfacet
  facet normal 0.741115 -0.671378 0
    outer loop
      vertex 174.853 -0.252686 3
      vertex 175.156 0.0817871 0
      vertex 175.156 0.0817871 3
    endloop
  endfacet
  facet normal 0.741115 -0.671378 0
    outer loop
      vertex 175.156 0.0817871 0
      vertex 174.853 -0.252686 3
      vertex 174.853 -0.252686 0
    endloop
  endfacet
  facet normal 0.670993 -0.741463 0
    outer loop
      vertex 174.518 -0.555847 0
      vertex 174.853 -0.252686 3
      vertex 174.518 -0.555847 3
    endloop
  endfacet
  facet normal 0.670993 -0.741463 0
    outer loop
      vertex 174.853 -0.252686 3
      vertex 174.518 -0.555847 0
      vertex 174.853 -0.252686 0
    endloop
  endfacet
  facet normal 0.596312 -0.802753 0
    outer loop
      vertex 174.156 -0.824753 0
      vertex 174.518 -0.555847 3
      vertex 174.156 -0.824753 3
    endloop
  endfacet
  facet normal 0.596312 -0.802753 0
    outer loop
      vertex 174.518 -0.555847 3
      vertex 174.156 -0.824753 0
      vertex 174.518 -0.555847 0
    endloop
  endfacet
  facet normal 0.513303 -0.858207 0
    outer loop
      vertex 173.768 -1.05682 0
      vertex 174.156 -0.824753 3
      vertex 173.768 -1.05682 3
    endloop
  endfacet
  facet normal 0.513303 -0.858207 0
    outer loop
      vertex 174.156 -0.824753 3
      vertex 173.768 -1.05682 0
      vertex 174.156 -0.824753 0
    endloop
  endfacet
  facet normal 0.427628 -0.903955 0
    outer loop
      vertex 173.36 -1.24983 0
      vertex 173.768 -1.05682 3
      vertex 173.36 -1.24983 3
    endloop
  endfacet
  facet normal 0.427628 -0.903955 0
    outer loop
      vertex 173.768 -1.05682 3
      vertex 173.36 -1.24983 0
      vertex 173.768 -1.05682 0
    endloop
  endfacet
  facet normal 0.336934 -0.941528 0
    outer loop
      vertex 172.935 -1.40192 0
      vertex 173.36 -1.24983 3
      vertex 172.935 -1.40192 3
    endloop
  endfacet
  facet normal 0.336934 -0.941528 0
    outer loop
      vertex 173.36 -1.24983 3
      vertex 172.935 -1.40192 0
      vertex 173.36 -1.24983 0
    endloop
  endfacet
  facet normal 0.242932 -0.970043 0
    outer loop
      vertex 172.497 -1.51161 0
      vertex 172.935 -1.40192 3
      vertex 172.497 -1.51161 3
    endloop
  endfacet
  facet normal 0.242932 -0.970043 0
    outer loop
      vertex 172.935 -1.40192 3
      vertex 172.497 -1.51161 0
      vertex 172.935 -1.40192 0
    endloop
  endfacet
  facet normal 0.146887 -0.989153 0
    outer loop
      vertex 172.051 -1.57784 0
      vertex 172.497 -1.51161 3
      vertex 172.051 -1.57784 3
    endloop
  endfacet
  facet normal 0.146887 -0.989153 0
    outer loop
      vertex 172.497 -1.51161 3
      vertex 172.051 -1.57784 0
      vertex 172.497 -1.51161 0
    endloop
  endfacet
  facet normal 0.049054 -0.998796 0
    outer loop
      vertex 171.6 -1.59999 0
      vertex 172.051 -1.57784 3
      vertex 171.6 -1.59999 3
    endloop
  endfacet
  facet normal 0.049054 -0.998796 0
    outer loop
      vertex 172.051 -1.57784 3
      vertex 171.6 -1.59999 0
      vertex 172.051 -1.57784 0
    endloop
  endfacet
  facet normal -0.049054 -0.998796 0
    outer loop
      vertex 171.149 -1.57784 0
      vertex 171.6 -1.59999 3
      vertex 171.149 -1.57784 3
    endloop
  endfacet
  facet normal -0.049054 -0.998796 -0
    outer loop
      vertex 171.6 -1.59999 3
      vertex 171.149 -1.57784 0
      vertex 171.6 -1.59999 0
    endloop
  endfacet
  facet normal -0.146782 -0.989169 0
    outer loop
      vertex 171 -1.55573 0
      vertex 171.149 -1.57784 3
      vertex 171 -1.55573 3
    endloop
  endfacet
  facet normal -0.146782 -0.989169 -0
    outer loop
      vertex 171.149 -1.57784 3
      vertex 171 -1.55573 0
      vertex 171.149 -1.57784 0
    endloop
  endfacet
  facet normal 1 -0 0
    outer loop
      vertex 171 -81.0443 3
      vertex 171 -1.55573 0
      vertex 171 -1.55573 3
    endloop
  endfacet
  facet normal 1 0 0
    outer loop
      vertex 171 -1.55573 0
      vertex 171 -81.0443 3
      vertex 171 -81.0443 0
    endloop
  endfacet
  facet normal -0.147367 0.989082 0
    outer loop
      vertex 171.149 -81.0221 0
      vertex 171 -81.0443 3
      vertex 171.149 -81.0221 3
    endloop
  endfacet
  facet normal -0.147367 0.989082 0
    outer loop
      vertex 171 -81.0443 3
      vertex 171.149 -81.0221 0
      vertex 171 -81.0443 0
    endloop
  endfacet
  facet normal -0.0489435 0.998802 0
    outer loop
      vertex 171.6 -81 0
      vertex 171.149 -81.0221 3
      vertex 171.6 -81 3
    endloop
  endfacet
  facet normal -0.0489435 0.998802 0
    outer loop
      vertex 171.149 -81.0221 3
      vertex 171.6 -81 0
      vertex 171.149 -81.0221 0
    endloop
  endfacet
  facet normal 0.0489435 0.998802 -0
    outer loop
      vertex 172.051 -81.0221 0
      vertex 171.6 -81 3
      vertex 172.051 -81.0221 3
    endloop
  endfacet
  facet normal 0.0489435 0.998802 0
    outer loop
      vertex 171.6 -81 3
      vertex 172.051 -81.0221 0
      vertex 171.6 -81 0
    endloop
  endfacet
  facet normal 0.147039 0.989131 -0
    outer loop
      vertex 172.497 -81.0884 0
      vertex 172.051 -81.0221 3
      vertex 172.497 -81.0884 3
    endloop
  endfacet
  facet normal 0.147039 0.989131 0
    outer loop
      vertex 172.051 -81.0221 3
      vertex 172.497 -81.0884 0
      vertex 172.051 -81.0221 0
    endloop
  endfacet
  facet normal 0.242952 0.970038 -0
    outer loop
      vertex 172.935 -81.1981 0
      vertex 172.497 -81.0884 3
      vertex 172.935 -81.1981 3
    endloop
  endfacet
  facet normal 0.242952 0.970038 0
    outer loop
      vertex 172.497 -81.0884 3
      vertex 172.935 -81.1981 0
      vertex 172.497 -81.0884 0
    endloop
  endfacet
  facet normal 0.336757 0.941591 -0
    outer loop
      vertex 173.36 -81.3501 0
      vertex 172.935 -81.1981 3
      vertex 173.36 -81.3501 3
    endloop
  endfacet
  facet normal 0.336757 0.941591 0
    outer loop
      vertex 172.935 -81.1981 3
      vertex 173.36 -81.3501 0
      vertex 172.935 -81.1981 0
    endloop
  endfacet
  facet normal 0.427791 0.903878 -0
    outer loop
      vertex 173.768 -81.5432 0
      vertex 173.36 -81.3501 3
      vertex 173.768 -81.5432 3
    endloop
  endfacet
  facet normal 0.427791 0.903878 0
    outer loop
      vertex 173.36 -81.3501 3
      vertex 173.768 -81.5432 0
      vertex 173.36 -81.3501 0
    endloop
  endfacet
  facet normal 0.513194 0.858273 -0
    outer loop
      vertex 174.156 -81.7752 0
      vertex 173.768 -81.5432 3
      vertex 174.156 -81.7752 3
    endloop
  endfacet
  facet normal 0.513194 0.858273 0
    outer loop
      vertex 173.768 -81.5432 3
      vertex 174.156 -81.7752 0
      vertex 173.768 -81.5432 0
    endloop
  endfacet
  facet normal 0.596304 0.802759 -0
    outer loop
      vertex 174.518 -82.0441 0
      vertex 174.156 -81.7752 3
      vertex 174.518 -82.0441 3
    endloop
  endfacet
  facet normal 0.596304 0.802759 0
    outer loop
      vertex 174.156 -81.7752 3
      vertex 174.518 -82.0441 0
      vertex 174.156 -81.7752 0
    endloop
  endfacet
  facet normal 0.671041 0.74142 -0
    outer loop
      vertex 174.853 -82.3473 0
      vertex 174.518 -82.0441 3
      vertex 174.853 -82.3473 3
    endloop
  endfacet
  facet normal 0.671041 0.74142 0
    outer loop
      vertex 174.518 -82.0441 3
      vertex 174.853 -82.3473 0
      vertex 174.518 -82.0441 0
    endloop
  endfacet
  facet normal 0.741142 0.671348 0
    outer loop
      vertex 175.156 -82.6818 3
      vertex 174.853 -82.3473 0
      vertex 174.853 -82.3473 3
    endloop
  endfacet
  facet normal 0.741142 0.671348 0
    outer loop
      vertex 174.853 -82.3473 0
      vertex 175.156 -82.6818 3
      vertex 175.156 -82.6818 0
    endloop
  endfacet
  facet normal 0.803125 0.59581 0
    outer loop
      vertex 175.425 -83.0444 3
      vertex 175.156 -82.6818 0
      vertex 175.156 -82.6818 3
    endloop
  endfacet
  facet normal 0.803125 0.59581 0
    outer loop
      vertex 175.156 -82.6818 0
      vertex 175.425 -83.0444 3
      vertex 175.425 -83.0444 0
    endloop
  endfacet
  facet normal 0.857806 0.513974 0
    outer loop
      vertex 175.657 -83.4316 3
      vertex 175.425 -83.0444 0
      vertex 175.425 -83.0444 3
    endloop
  endfacet
  facet normal 0.857806 0.513974 0
    outer loop
      vertex 175.425 -83.0444 0
      vertex 175.657 -83.4316 3
      vertex 175.657 -83.4316 0
    endloop
  endfacet
  facet normal 0.903963 0.42761 0
    outer loop
      vertex 175.85 -83.8396 3
      vertex 175.657 -83.4316 0
      vertex 175.657 -83.4316 3
    endloop
  endfacet
  facet normal 0.903963 0.42761 0
    outer loop
      vertex 175.657 -83.4316 0
      vertex 175.85 -83.8396 3
      vertex 175.85 -83.8396 0
    endloop
  endfacet
  facet normal 0.941617 0.336687 0
    outer loop
      vertex 176.002 -84.2647 3
      vertex 175.85 -83.8396 0
      vertex 175.85 -83.8396 3
    endloop
  endfacet
  facet normal 0.941617 0.336687 0
    outer loop
      vertex 175.85 -83.8396 0
      vertex 176.002 -84.2647 3
      vertex 176.002 -84.2647 0
    endloop
  endfacet
  facet normal 0.969868 0.24363 0
    outer loop
      vertex 176.112 -84.7026 3
      vertex 176.002 -84.2647 0
      vertex 176.002 -84.2647 3
    endloop
  endfacet
  facet normal 0.969868 0.24363 0
    outer loop
      vertex 176.002 -84.2647 0
      vertex 176.112 -84.7026 3
      vertex 176.112 -84.7026 0
    endloop
  endfacet
  facet normal 0.989251 0.146227 0
    outer loop
      vertex 176.178 -85.1491 3
      vertex 176.112 -84.7026 0
      vertex 176.112 -84.7026 3
    endloop
  endfacet
  facet normal 0.989251 0.146227 0
    outer loop
      vertex 176.112 -84.7026 0
      vertex 176.178 -85.1491 3
      vertex 176.178 -85.1491 0
    endloop
  endfacet
  facet normal 0.998812 0.0487333 0
    outer loop
      vertex 176.2 -85.6 3
      vertex 176.178 -85.1491 0
      vertex 176.178 -85.1491 3
    endloop
  endfacet
  facet normal 0.998812 0.0487333 0
    outer loop
      vertex 176.178 -85.1491 0
      vertex 176.2 -85.6 3
      vertex 176.2 -85.6 0
    endloop
  endfacet
  facet normal 0.998812 -0.0487333 0
    outer loop
      vertex 176.178 -86.0509 3
      vertex 176.2 -85.6 0
      vertex 176.2 -85.6 3
    endloop
  endfacet
  facet normal 0.998812 -0.0487333 0
    outer loop
      vertex 176.2 -85.6 0
      vertex 176.178 -86.0509 3
      vertex 176.178 -86.0509 0
    endloop
  endfacet
  facet normal 0.989251 -0.146227 0
    outer loop
      vertex 176.112 -86.4974 3
      vertex 176.178 -86.0509 0
      vertex 176.178 -86.0509 3
    endloop
  endfacet
  facet normal 0.989251 -0.146227 0
    outer loop
      vertex 176.178 -86.0509 0
      vertex 176.112 -86.4974 3
      vertex 176.112 -86.4974 0
    endloop
  endfacet
  facet normal 0.969868 -0.24363 0
    outer loop
      vertex 176.002 -86.9353 3
      vertex 176.112 -86.4974 0
      vertex 176.112 -86.4974 3
    endloop
  endfacet
  facet normal 0.969868 -0.24363 0
    outer loop
      vertex 176.112 -86.4974 0
      vertex 176.002 -86.9353 3
      vertex 176.002 -86.9353 0
    endloop
  endfacet
  facet normal 0.941591 -0.336757 0
    outer loop
      vertex 175.85 -87.3603 3
      vertex 176.002 -86.9353 0
      vertex 176.002 -86.9353 3
    endloop
  endfacet
  facet normal 0.941591 -0.336757 0
    outer loop
      vertex 176.002 -86.9353 0
      vertex 175.85 -87.3603 3
      vertex 175.85 -87.3603 0
    endloop
  endfacet
  facet normal 0.904004 -0.427524 0
    outer loop
      vertex 175.657 -87.7684 3
      vertex 175.85 -87.3603 0
      vertex 175.85 -87.3603 3
    endloop
  endfacet
  facet normal 0.904004 -0.427524 0
    outer loop
      vertex 175.85 -87.3603 0
      vertex 175.657 -87.7684 3
      vertex 175.657 -87.7684 0
    endloop
  endfacet
  facet normal 0.857806 -0.513974 0
    outer loop
      vertex 175.425 -88.1556 3
      vertex 175.657 -87.7684 0
      vertex 175.657 -87.7684 3
    endloop
  endfacet
  facet normal 0.857806 -0.513974 0
    outer loop
      vertex 175.657 -87.7684 0
      vertex 175.425 -88.1556 3
      vertex 175.425 -88.1556 0
    endloop
  endfacet
  facet normal 0.803125 -0.59581 0
    outer loop
      vertex 175.156 -88.5182 3
      vertex 175.425 -88.1556 0
      vertex 175.425 -88.1556 3
    endloop
  endfacet
  facet normal 0.803125 -0.59581 0
    outer loop
      vertex 175.425 -88.1556 0
      vertex 175.156 -88.5182 3
      vertex 175.156 -88.5182 0
    endloop
  endfacet
  facet normal 0.741142 -0.671348 0
    outer loop
      vertex 174.853 -88.8527 3
      vertex 175.156 -88.5182 0
      vertex 175.156 -88.5182 3
    endloop
  endfacet
  facet normal 0.741142 -0.671348 0
    outer loop
      vertex 175.156 -88.5182 0
      vertex 174.853 -88.8527 3
      vertex 174.853 -88.8527 0
    endloop
  endfacet
  facet normal 0.670919 -0.741531 0
    outer loop
      vertex 174.518 -89.1558 0
      vertex 174.853 -88.8527 3
      vertex 174.518 -89.1558 3
    endloop
  endfacet
  facet normal 0.670919 -0.741531 0
    outer loop
      vertex 174.853 -88.8527 3
      vertex 174.518 -89.1558 0
      vertex 174.853 -88.8527 0
    endloop
  endfacet
  facet normal 0.596446 -0.802653 0
    outer loop
      vertex 174.156 -89.4248 0
      vertex 174.518 -89.1558 3
      vertex 174.156 -89.4248 3
    endloop
  endfacet
  facet normal 0.596446 -0.802653 0
    outer loop
      vertex 174.518 -89.1558 3
      vertex 174.156 -89.4248 0
      vertex 174.518 -89.1558 0
    endloop
  endfacet
  facet normal 0.513194 -0.858273 0
    outer loop
      vertex 173.768 -89.6568 0
      vertex 174.156 -89.4248 3
      vertex 173.768 -89.6568 3
    endloop
  endfacet
  facet normal 0.513194 -0.858273 0
    outer loop
      vertex 174.156 -89.4248 3
      vertex 173.768 -89.6568 0
      vertex 174.156 -89.4248 0
    endloop
  endfacet
  facet normal 0.42761 -0.903963 0
    outer loop
      vertex 173.36 -89.8498 0
      vertex 173.768 -89.6568 3
      vertex 173.36 -89.8498 3
    endloop
  endfacet
  facet normal 0.42761 -0.903963 0
    outer loop
      vertex 173.768 -89.6568 3
      vertex 173.36 -89.8498 0
      vertex 173.768 -89.6568 0
    endloop
  endfacet
  facet normal 0.336954 -0.941521 0
    outer loop
      vertex 172.935 -90.0019 0
      vertex 173.36 -89.8498 3
      vertex 172.935 -90.0019 3
    endloop
  endfacet
  facet normal 0.336954 -0.941521 0
    outer loop
      vertex 173.36 -89.8498 3
      vertex 172.935 -90.0019 0
      vertex 173.36 -89.8498 0
    endloop
  endfacet
  facet normal 0.242952 -0.970038 0
    outer loop
      vertex 172.497 -90.1116 0
      vertex 172.935 -90.0019 3
      vertex 172.497 -90.1116 3
    endloop
  endfacet
  facet normal 0.242952 -0.970038 0
    outer loop
      vertex 172.935 -90.0019 3
      vertex 172.497 -90.1116 0
      vertex 172.935 -90.0019 0
    endloop
  endfacet
  facet normal 0.146822 -0.989163 0
    outer loop
      vertex 172.051 -90.1778 0
      vertex 172.497 -90.1116 3
      vertex 172.051 -90.1778 3
    endloop
  endfacet
  facet normal 0.146822 -0.989163 0
    outer loop
      vertex 172.497 -90.1116 3
      vertex 172.051 -90.1778 0
      vertex 172.497 -90.1116 0
    endloop
  endfacet
  facet normal 0.0491644 -0.998791 0
    outer loop
      vertex 171.6 -90.2 0
      vertex 172.051 -90.1778 3
      vertex 171.6 -90.2 3
    endloop
  endfacet
  facet normal 0.0491644 -0.998791 0
    outer loop
      vertex 172.051 -90.1778 3
      vertex 171.6 -90.2 0
      vertex 172.051 -90.1778 0
    endloop
  endfacet
  facet normal -0.0491644 -0.998791 0
    outer loop
      vertex 171.149 -90.1778 0
      vertex 171.6 -90.2 3
      vertex 171.149 -90.1778 3
    endloop
  endfacet
  facet normal -0.0491644 -0.998791 -0
    outer loop
      vertex 171.6 -90.2 3
      vertex 171.149 -90.1778 0
      vertex 171.6 -90.2 0
    endloop
  endfacet
  facet normal -0.146822 -0.989163 0
    outer loop
      vertex 170.703 -90.1116 0
      vertex 171.149 -90.1778 3
      vertex 170.703 -90.1116 3
    endloop
  endfacet
  facet normal -0.146822 -0.989163 -0
    outer loop
      vertex 171.149 -90.1778 3
      vertex 170.703 -90.1116 0
      vertex 171.149 -90.1778 0
    endloop
  endfacet
  facet normal -0.242952 -0.970038 0
    outer loop
      vertex 170.265 -90.0019 0
      vertex 170.703 -90.1116 3
      vertex 170.265 -90.0019 3
    endloop
  endfacet
  facet normal -0.242952 -0.970038 -0
    outer loop
      vertex 170.703 -90.1116 3
      vertex 170.265 -90.0019 0
      vertex 170.703 -90.1116 0
    endloop
  endfacet
  facet normal -0.336954 -0.941521 0
    outer loop
      vertex 169.84 -89.8498 0
      vertex 170.265 -90.0019 3
      vertex 169.84 -89.8498 3
    endloop
  endfacet
  facet normal -0.336954 -0.941521 -0
    outer loop
      vertex 170.265 -90.0019 3
      vertex 169.84 -89.8498 0
      vertex 170.265 -90.0019 0
    endloop
  endfacet
  facet normal -0.42761 -0.903963 0
    outer loop
      vertex 169.432 -89.6568 0
      vertex 169.84 -89.8498 3
      vertex 169.432 -89.6568 3
    endloop
  endfacet
  facet normal -0.42761 -0.903963 -0
    outer loop
      vertex 169.84 -89.8498 3
      vertex 169.432 -89.6568 0
      vertex 169.84 -89.8498 0
    endloop
  endfacet
  facet normal -0.513194 -0.858273 0
    outer loop
      vertex 169.044 -89.4248 0
      vertex 169.432 -89.6568 3
      vertex 169.044 -89.4248 3
    endloop
  endfacet
  facet normal -0.513194 -0.858273 -0
    outer loop
      vertex 169.432 -89.6568 3
      vertex 169.044 -89.4248 0
      vertex 169.432 -89.6568 0
    endloop
  endfacet
  facet normal -0.596446 -0.802653 0
    outer loop
      vertex 168.682 -89.1558 0
      vertex 169.044 -89.4248 3
      vertex 168.682 -89.1558 3
    endloop
  endfacet
  facet normal -0.596446 -0.802653 -0
    outer loop
      vertex 169.044 -89.4248 3
      vertex 168.682 -89.1558 0
      vertex 169.044 -89.4248 0
    endloop
  endfacet
  facet normal -0.670919 -0.741531 0
    outer loop
      vertex 168.347 -88.8527 0
      vertex 168.682 -89.1558 3
      vertex 168.347 -88.8527 3
    endloop
  endfacet
  facet normal -0.670919 -0.741531 -0
    outer loop
      vertex 168.682 -89.1558 3
      vertex 168.347 -88.8527 0
      vertex 168.682 -89.1558 0
    endloop
  endfacet
  facet normal -0.741142 -0.671348 0
    outer loop
      vertex 168.347 -88.8527 0
      vertex 168.044 -88.5182 3
      vertex 168.044 -88.5182 0
    endloop
  endfacet
  facet normal -0.741142 -0.671348 0
    outer loop
      vertex 168.044 -88.5182 3
      vertex 168.347 -88.8527 0
      vertex 168.347 -88.8527 3
    endloop
  endfacet
  facet normal -0.803125 -0.59581 0
    outer loop
      vertex 168.044 -88.5182 0
      vertex 167.775 -88.1556 3
      vertex 167.775 -88.1556 0
    endloop
  endfacet
  facet normal -0.803125 -0.59581 0
    outer loop
      vertex 167.775 -88.1556 3
      vertex 168.044 -88.5182 0
      vertex 168.044 -88.5182 3
    endloop
  endfacet
  facet normal -0.857806 -0.513974 0
    outer loop
      vertex 167.775 -88.1556 0
      vertex 167.543 -87.7684 3
      vertex 167.543 -87.7684 0
    endloop
  endfacet
  facet normal -0.857806 -0.513974 0
    outer loop
      vertex 167.543 -87.7684 3
      vertex 167.775 -88.1556 0
      vertex 167.775 -88.1556 3
    endloop
  endfacet
  facet normal -0.904004 -0.427524 0
    outer loop
      vertex 167.543 -87.7684 0
      vertex 167.35 -87.3603 3
      vertex 167.35 -87.3603 0
    endloop
  endfacet
  facet normal -0.904004 -0.427524 0
    outer loop
      vertex 167.35 -87.3603 3
      vertex 167.543 -87.7684 0
      vertex 167.543 -87.7684 3
    endloop
  endfacet
  facet normal -0.941591 -0.336757 0
    outer loop
      vertex 167.35 -87.3603 0
      vertex 167.198 -86.9353 3
      vertex 167.198 -86.9353 0
    endloop
  endfacet
  facet normal -0.941591 -0.336757 0
    outer loop
      vertex 167.198 -86.9353 3
      vertex 167.35 -87.3603 0
      vertex 167.35 -87.3603 3
    endloop
  endfacet
  facet normal -0.969868 -0.24363 0
    outer loop
      vertex 167.198 -86.9353 0
      vertex 167.088 -86.4974 3
      vertex 167.088 -86.4974 0
    endloop
  endfacet
  facet normal -0.969868 -0.24363 0
    outer loop
      vertex 167.088 -86.4974 3
      vertex 167.198 -86.9353 0
      vertex 167.198 -86.9353 3
    endloop
  endfacet
  facet normal -0.989251 -0.146227 0
    outer loop
      vertex 167.088 -86.4974 0
      vertex 167.022 -86.0509 3
      vertex 167.022 -86.0509 0
    endloop
  endfacet
  facet normal -0.989251 -0.146227 0
    outer loop
      vertex 167.022 -86.0509 3
      vertex 167.088 -86.4974 0
      vertex 167.088 -86.4974 3
    endloop
  endfacet
  facet normal -0.998812 -0.0487333 0
    outer loop
      vertex 167.022 -86.0509 0
      vertex 167 -85.6 3
      vertex 167 -85.6 0
    endloop
  endfacet
  facet normal -0.998812 -0.0487333 0
    outer loop
      vertex 167 -85.6 3
      vertex 167.022 -86.0509 0
      vertex 167.022 -86.0509 3
    endloop
  endfacet
  facet normal -0.998812 0.0487333 0
    outer loop
      vertex 167 -85.6 0
      vertex 167.022 -85.1491 3
      vertex 167.022 -85.1491 0
    endloop
  endfacet
  facet normal -0.998812 0.0487333 0
    outer loop
      vertex 167.022 -85.1491 3
      vertex 167 -85.6 0
      vertex 167 -85.6 3
    endloop
  endfacet
  facet normal -0.989289 0.145972 0
    outer loop
      vertex 167.022 -85.1491 0
      vertex 167.044 -85 3
      vertex 167.044 -85 0
    endloop
  endfacet
  facet normal -0.989289 0.145972 0
    outer loop
      vertex 167.044 -85 3
      vertex 167.022 -85.1491 0
      vertex 167.022 -85.1491 3
    endloop
  endfacet
  facet normal 0 -1 0
    outer loop
      vertex 1.55573 -85 0
      vertex 167.044 -85 3
      vertex 1.55573 -85 3
    endloop
  endfacet
  facet normal 0 -1 -0
    outer loop
      vertex 167.044 -85 3
      vertex 1.55573 -85 0
      vertex 167.044 -85 0
    endloop
  endfacet
  facet normal 0.989183 0.146686 0
    outer loop
      vertex 1.57784 -85.1491 3
      vertex 1.55573 -85 0
      vertex 1.55573 -85 3
    endloop
  endfacet
  facet normal 0.989183 0.146686 0
    outer loop
      vertex 1.55573 -85 0
      vertex 1.57784 -85.1491 3
      vertex 1.57784 -85.1491 0
    endloop
  endfacet
  facet normal 0.998796 0.0490648 0
    outer loop
      vertex 1.59999 -85.6 3
      vertex 1.57784 -85.1491 0
      vertex 1.57784 -85.1491 3
    endloop
  endfacet
  facet normal 0.998796 0.0490648 0
    outer loop
      vertex 1.57784 -85.1491 0
      vertex 1.59999 -85.6 3
      vertex 1.59999 -85.6 0
    endloop
  endfacet
  facet normal 0.998796 -0.0490648 0
    outer loop
      vertex 1.57784 -86.0509 3
      vertex 1.59999 -85.6 0
      vertex 1.59999 -85.6 3
    endloop
  endfacet
  facet normal 0.998796 -0.0490648 0
    outer loop
      vertex 1.59999 -85.6 0
      vertex 1.57784 -86.0509 3
      vertex 1.57784 -86.0509 0
    endloop
  endfacet
  facet normal 0.989177 -0.146726 0
    outer loop
      vertex 1.51161 -86.4974 3
      vertex 1.57784 -86.0509 0
      vertex 1.57784 -86.0509 3
    endloop
  endfacet
  facet normal 0.989177 -0.146726 0
    outer loop
      vertex 1.57784 -86.0509 0
      vertex 1.51161 -86.4974 3
      vertex 1.51161 -86.4974 0
    endloop
  endfacet
  facet normal 0.97003 -0.242984 0
    outer loop
      vertex 1.40192 -86.9353 3
      vertex 1.51161 -86.4974 0
      vertex 1.51161 -86.4974 3
    endloop
  endfacet
  facet normal 0.97003 -0.242984 0
    outer loop
      vertex 1.51161 -86.4974 0
      vertex 1.40192 -86.9353 3
      vertex 1.40192 -86.9353 0
    endloop
  endfacet
  facet normal 0.941528 -0.336934 0
    outer loop
      vertex 1.24983 -87.3603 3
      vertex 1.40192 -86.9353 0
      vertex 1.40192 -86.9353 3
    endloop
  endfacet
  facet normal 0.941528 -0.336934 0
    outer loop
      vertex 1.40192 -86.9353 0
      vertex 1.24983 -87.3603 3
      vertex 1.24983 -87.3603 0
    endloop
  endfacet
  facet normal 0.903995 -0.427543 0
    outer loop
      vertex 1.05682 -87.7684 3
      vertex 1.24983 -87.3603 0
      vertex 1.24983 -87.3603 3
    endloop
  endfacet
  facet normal 0.903995 -0.427543 0
    outer loop
      vertex 1.24983 -87.3603 0
      vertex 1.05682 -87.7684 3
      vertex 1.05682 -87.7684 0
    endloop
  endfacet
  facet normal 0.85774 -0.514084 0
    outer loop
      vertex 0.824753 -88.1556 3
      vertex 1.05682 -87.7684 0
      vertex 1.05682 -87.7684 3
    endloop
  endfacet
  facet normal 0.85774 -0.514084 0
    outer loop
      vertex 1.05682 -87.7684 0
      vertex 0.824753 -88.1556 3
      vertex 0.824753 -88.1556 0
    endloop
  endfacet
  facet normal 0.803225 -0.595676 0
    outer loop
      vertex 0.555847 -88.5182 3
      vertex 0.824753 -88.1556 0
      vertex 0.824753 -88.1556 3
    endloop
  endfacet
  facet normal 0.803225 -0.595676 0
    outer loop
      vertex 0.824753 -88.1556 0
      vertex 0.555847 -88.5182 3
      vertex 0.555847 -88.5182 0
    endloop
  endfacet
  facet normal 0.740964 -0.671544 0
    outer loop
      vertex 0.252686 -88.8527 3
      vertex 0.555847 -88.5182 0
      vertex 0.555847 -88.5182 3
    endloop
  endfacet
  facet normal 0.740964 -0.671544 0
    outer loop
      vertex 0.555847 -88.5182 0
      vertex 0.252686 -88.8527 3
      vertex 0.252686 -88.8527 0
    endloop
  endfacet
  facet normal 0.6715 -0.741005 0
    outer loop
      vertex -0.0817871 -89.1558 0
      vertex 0.252686 -88.8527 3
      vertex -0.0817871 -89.1558 3
    endloop
  endfacet
  facet normal 0.6715 -0.741005 0
    outer loop
      vertex 0.252686 -88.8527 3
      vertex -0.0817871 -89.1558 0
      vertex 0.252686 -88.8527 0
    endloop
  endfacet
  facet normal 0.595832 -0.803109 0
    outer loop
      vertex -0.444366 -89.4248 0
      vertex -0.0817871 -89.1558 3
      vertex -0.444366 -89.4248 3
    endloop
  endfacet
  facet normal 0.595832 -0.803109 0
    outer loop
      vertex -0.0817871 -89.1558 3
      vertex -0.444366 -89.4248 0
      vertex -0.0817871 -89.1558 0
    endloop
  endfacet
  facet normal 0.513968 -0.85781 0
    outer loop
      vertex -0.831573 -89.6568 0
      vertex -0.444366 -89.4248 3
      vertex -0.831573 -89.6568 3
    endloop
  endfacet
  facet normal 0.513968 -0.85781 0
    outer loop
      vertex -0.444366 -89.4248 3
      vertex -0.831573 -89.6568 0
      vertex -0.444366 -89.4248 0
    endloop
  endfacet
  facet normal 0.427544 -0.903994 0
    outer loop
      vertex -1.23965 -89.8498 0
      vertex -0.831573 -89.6568 3
      vertex -1.23965 -89.8498 3
    endloop
  endfacet
  facet normal 0.427544 -0.903994 0
    outer loop
      vertex -0.831573 -89.6568 3
      vertex -1.23965 -89.8498 0
      vertex -0.831573 -89.6568 0
    endloop
  endfacet
  facet normal 0.336926 -0.941531 0
    outer loop
      vertex -1.66469 -90.0019 0
      vertex -1.23965 -89.8498 3
      vertex -1.66469 -90.0019 3
    endloop
  endfacet
  facet normal 0.336926 -0.941531 0
    outer loop
      vertex -1.23965 -89.8498 3
      vertex -1.66469 -90.0019 0
      vertex -1.23965 -89.8498 0
    endloop
  endfacet
  facet normal 0.243015 -0.970022 0
    outer loop
      vertex -2.10257 -90.1116 0
      vertex -1.66469 -90.0019 3
      vertex -2.10257 -90.1116 3
    endloop
  endfacet
  facet normal 0.243015 -0.970022 0
    outer loop
      vertex -1.66469 -90.0019 3
      vertex -2.10257 -90.1116 0
      vertex -1.66469 -90.0019 0
    endloop
  endfacet
  facet normal 0.146645 -0.989189 0
    outer loop
      vertex -2.54912 -90.1778 0
      vertex -2.10257 -90.1116 3
      vertex -2.54912 -90.1778 3
    endloop
  endfacet
  facet normal 0.146645 -0.989189 0
    outer loop
      vertex -2.10257 -90.1116 3
      vertex -2.54912 -90.1778 0
      vertex -2.10257 -90.1116 0
    endloop
  endfacet
  facet normal 0.0491775 -0.99879 0
    outer loop
      vertex -3 -90.2 0
      vertex -2.54912 -90.1778 3
      vertex -3 -90.2 3
    endloop
  endfacet
  facet normal 0.0491775 -0.99879 0
    outer loop
      vertex -2.54912 -90.1778 3
      vertex -3 -90.2 0
      vertex -2.54912 -90.1778 0
    endloop
  endfacet
  facet normal -0.0491786 -0.99879 0
    outer loop
      vertex -3.45087 -90.1778 0
      vertex -3 -90.2 3
      vertex -3.45087 -90.1778 3
    endloop
  endfacet
  facet normal -0.0491786 -0.99879 -0
    outer loop
      vertex -3 -90.2 3
      vertex -3.45087 -90.1778 0
      vertex -3 -90.2 0
    endloop
  endfacet
  facet normal -0.146645 -0.989189 0
    outer loop
      vertex -3.89742 -90.1116 0
      vertex -3.45087 -90.1778 3
      vertex -3.89742 -90.1116 3
    endloop
  endfacet
  facet normal -0.146645 -0.989189 -0
    outer loop
      vertex -3.45087 -90.1778 3
      vertex -3.89742 -90.1116 0
      vertex -3.45087 -90.1778 0
    endloop
  endfacet
  facet normal -0.243015 -0.970022 0
    outer loop
      vertex -4.3353 -90.0019 0
      vertex -3.89742 -90.1116 3
      vertex -4.3353 -90.0019 3
    endloop
  endfacet
  facet normal -0.243015 -0.970022 -0
    outer loop
      vertex -3.89742 -90.1116 3
      vertex -4.3353 -90.0019 0
      vertex -3.89742 -90.1116 0
    endloop
  endfacet
  facet normal -0.336933 -0.941529 0
    outer loop
      vertex -4.76033 -89.8498 0
      vertex -4.3353 -90.0019 3
      vertex -4.76033 -89.8498 3
    endloop
  endfacet
  facet normal -0.336933 -0.941529 -0
    outer loop
      vertex -4.3353 -90.0019 3
      vertex -4.76033 -89.8498 0
      vertex -4.3353 -90.0019 0
    endloop
  endfacet
  facet normal -0.427542 -0.903996 0
    outer loop
      vertex -5.16841 -89.6568 0
      vertex -4.76033 -89.8498 3
      vertex -5.16841 -89.6568 3
    endloop
  endfacet
  facet normal -0.427542 -0.903996 -0
    outer loop
      vertex -4.76033 -89.8498 3
      vertex -5.16841 -89.6568 0
      vertex -4.76033 -89.8498 0
    endloop
  endfacet
  facet normal -0.513965 -0.857811 0
    outer loop
      vertex -5.55562 -89.4248 0
      vertex -5.16841 -89.6568 3
      vertex -5.55562 -89.4248 3
    endloop
  endfacet
  facet normal -0.513965 -0.857811 -0
    outer loop
      vertex -5.16841 -89.6568 3
      vertex -5.55562 -89.4248 0
      vertex -5.16841 -89.6568 0
    endloop
  endfacet
  facet normal -0.595831 -0.80311 0
    outer loop
      vertex -5.9182 -89.1558 0
      vertex -5.55562 -89.4248 3
      vertex -5.9182 -89.1558 3
    endloop
  endfacet
  facet normal -0.595831 -0.80311 -0
    outer loop
      vertex -5.55562 -89.4248 3
      vertex -5.9182 -89.1558 0
      vertex -5.55562 -89.4248 0
    endloop
  endfacet
  facet normal -0.671481 -0.741022 0
    outer loop
      vertex -6.25269 -88.8527 0
      vertex -5.9182 -89.1558 3
      vertex -6.25269 -88.8527 3
    endloop
  endfacet
  facet normal -0.671481 -0.741022 -0
    outer loop
      vertex -5.9182 -89.1558 3
      vertex -6.25269 -88.8527 0
      vertex -5.9182 -89.1558 0
    endloop
  endfacet
  facet normal -0.740966 -0.671543 0
    outer loop
      vertex -6.25269 -88.8527 0
      vertex -6.55585 -88.5182 3
      vertex -6.55585 -88.5182 0
    endloop
  endfacet
  facet normal -0.740966 -0.671543 0
    outer loop
      vertex -6.55585 -88.5182 3
      vertex -6.25269 -88.8527 0
      vertex -6.25269 -88.8527 3
    endloop
  endfacet
  facet normal -0.803231 -0.595667 0
    outer loop
      vertex -6.55585 -88.5182 0
      vertex -6.82475 -88.1556 3
      vertex -6.82475 -88.1556 0
    endloop
  endfacet
  facet normal -0.803231 -0.595667 0
    outer loop
      vertex -6.82475 -88.1556 3
      vertex -6.55585 -88.5182 0
      vertex -6.55585 -88.5182 3
    endloop
  endfacet
  facet normal -0.857737 -0.514088 0
    outer loop
      vertex -6.82475 -88.1556 0
      vertex -7.05682 -87.7684 3
      vertex -7.05682 -87.7684 0
    endloop
  endfacet
  facet normal -0.857737 -0.514088 0
    outer loop
      vertex -7.05682 -87.7684 3
      vertex -6.82475 -88.1556 0
      vertex -6.82475 -88.1556 3
    endloop
  endfacet
  facet normal -0.903995 -0.427543 0
    outer loop
      vertex -7.05682 -87.7684 0
      vertex -7.24983 -87.3603 3
      vertex -7.24983 -87.3603 0
    endloop
  endfacet
  facet normal -0.903995 -0.427543 0
    outer loop
      vertex -7.24983 -87.3603 3
      vertex -7.05682 -87.7684 0
      vertex -7.05682 -87.7684 3
    endloop
  endfacet
  facet normal -0.941528 -0.336934 0
    outer loop
      vertex -7.24983 -87.3603 0
      vertex -7.40192 -86.9353 3
      vertex -7.40192 -86.9353 0
    endloop
  endfacet
  facet normal -0.941528 -0.336934 0
    outer loop
      vertex -7.40192 -86.9353 3
      vertex -7.24983 -87.3603 0
      vertex -7.24983 -87.3603 3
    endloop
  endfacet
  facet normal -0.97003 -0.242984 0
    outer loop
      vertex -7.40192 -86.9353 0
      vertex -7.51161 -86.4974 3
      vertex -7.51161 -86.4974 0
    endloop
  endfacet
  facet normal -0.97003 -0.242984 0
    outer loop
      vertex -7.51161 -86.4974 3
      vertex -7.40192 -86.9353 0
      vertex -7.40192 -86.9353 3
    endloop
  endfacet
  facet normal -0.989177 -0.146726 0
    outer loop
      vertex -7.51161 -86.4974 0
      vertex -7.57784 -86.0509 3
      vertex -7.57784 -86.0509 0
    endloop
  endfacet
  facet normal -0.989177 -0.146726 0
    outer loop
      vertex -7.57784 -86.0509 3
      vertex -7.51161 -86.4974 0
      vertex -7.51161 -86.4974 3
    endloop
  endfacet
  facet normal -0.998796 -0.0490648 0
    outer loop
      vertex -7.57784 -86.0509 0
      vertex -7.59999 -85.6 3
      vertex -7.59999 -85.6 0
    endloop
  endfacet
  facet normal -0.998796 -0.0490648 0
    outer loop
      vertex -7.59999 -85.6 3
      vertex -7.57784 -86.0509 0
      vertex -7.57784 -86.0509 3
    endloop
  endfacet
  facet normal -0.998796 0.0490648 0
    outer loop
      vertex -7.59999 -85.6 0
      vertex -7.57784 -85.1491 3
      vertex -7.57784 -85.1491 0
    endloop
  endfacet
  facet normal -0.998796 0.0490648 0
    outer loop
      vertex -7.57784 -85.1491 3
      vertex -7.59999 -85.6 0
      vertex -7.59999 -85.6 3
    endloop
  endfacet
  facet normal -0.989177 0.146726 0
    outer loop
      vertex -7.57784 -85.1491 0
      vertex -7.51161 -84.7026 3
      vertex -7.51161 -84.7026 0
    endloop
  endfacet
  facet normal -0.989177 0.146726 0
    outer loop
      vertex -7.51161 -84.7026 3
      vertex -7.57784 -85.1491 0
      vertex -7.57784 -85.1491 3
    endloop
  endfacet
  facet normal -0.97003 0.242984 0
    outer loop
      vertex -7.51161 -84.7026 0
      vertex -7.40192 -84.2647 3
      vertex -7.40192 -84.2647 0
    endloop
  endfacet
  facet normal -0.97003 0.242984 0
    outer loop
      vertex -7.40192 -84.2647 3
      vertex -7.51161 -84.7026 0
      vertex -7.51161 -84.7026 3
    endloop
  endfacet
  facet normal -0.941553 0.336864 0
    outer loop
      vertex -7.40192 -84.2647 0
      vertex -7.24983 -83.8396 3
      vertex -7.24983 -83.8396 0
    endloop
  endfacet
  facet normal -0.941553 0.336864 0
    outer loop
      vertex -7.24983 -83.8396 3
      vertex -7.40192 -84.2647 0
      vertex -7.40192 -84.2647 3
    endloop
  endfacet
  facet normal -0.903955 0.427628 0
    outer loop
      vertex -7.24983 -83.8396 0
      vertex -7.05682 -83.4316 3
      vertex -7.05682 -83.4316 0
    endloop
  endfacet
  facet normal -0.903955 0.427628 0
    outer loop
      vertex -7.05682 -83.4316 3
      vertex -7.24983 -83.8396 0
      vertex -7.24983 -83.8396 3
    endloop
  endfacet
  facet normal -0.857737 0.514088 0
    outer loop
      vertex -7.05682 -83.4316 0
      vertex -6.82475 -83.0444 3
      vertex -6.82475 -83.0444 0
    endloop
  endfacet
  facet normal -0.857737 0.514088 0
    outer loop
      vertex -6.82475 -83.0444 3
      vertex -7.05682 -83.4316 0
      vertex -7.05682 -83.4316 3
    endloop
  endfacet
  facet normal -0.803231 0.595667 0
    outer loop
      vertex -6.82475 -83.0444 0
      vertex -6.55585 -82.6818 3
      vertex -6.55585 -82.6818 0
    endloop
  endfacet
  facet normal -0.803231 0.595667 0
    outer loop
      vertex -6.55585 -82.6818 3
      vertex -6.82475 -83.0444 0
      vertex -6.82475 -83.0444 3
    endloop
  endfacet
  facet normal -0.740966 0.671543 0
    outer loop
      vertex -6.55585 -82.6818 0
      vertex -6.25269 -82.3473 3
      vertex -6.25269 -82.3473 0
    endloop
  endfacet
  facet normal -0.740966 0.671543 0
    outer loop
      vertex -6.25269 -82.3473 3
      vertex -6.55585 -82.6818 0
      vertex -6.55585 -82.6818 3
    endloop
  endfacet
  facet normal -0.671603 0.740912 0
    outer loop
      vertex -5.9182 -82.0441 0
      vertex -6.25269 -82.3473 3
      vertex -5.9182 -82.0441 3
    endloop
  endfacet
  facet normal -0.671603 0.740912 0
    outer loop
      vertex -6.25269 -82.3473 3
      vertex -5.9182 -82.0441 0
      vertex -6.25269 -82.3473 0
    endloop
  endfacet
  facet normal -0.595688 0.803216 0
    outer loop
      vertex -5.55562 -81.7752 0
      vertex -5.9182 -82.0441 3
      vertex -5.55562 -81.7752 3
    endloop
  endfacet
  facet normal -0.595688 0.803216 0
    outer loop
      vertex -5.9182 -82.0441 3
      vertex -5.55562 -81.7752 0
      vertex -5.9182 -82.0441 0
    endloop
  endfacet
  facet normal -0.513965 0.857811 0
    outer loop
      vertex -5.16841 -81.5432 0
      vertex -5.55562 -81.7752 3
      vertex -5.16841 -81.5432 3
    endloop
  endfacet
  facet normal -0.513965 0.857811 0
    outer loop
      vertex -5.55562 -81.7752 3
      vertex -5.16841 -81.5432 0
      vertex -5.55562 -81.7752 0
    endloop
  endfacet
  facet normal -0.427723 0.90391 0
    outer loop
      vertex -4.76033 -81.3501 0
      vertex -5.16841 -81.5432 3
      vertex -4.76033 -81.3501 3
    endloop
  endfacet
  facet normal -0.427723 0.90391 0
    outer loop
      vertex -5.16841 -81.5432 3
      vertex -4.76033 -81.3501 0
      vertex -5.16841 -81.5432 0
    endloop
  endfacet
  facet normal -0.336736 0.941599 0
    outer loop
      vertex -4.3353 -81.1981 0
      vertex -4.76033 -81.3501 3
      vertex -4.3353 -81.1981 3
    endloop
  endfacet
  facet normal -0.336736 0.941599 0
    outer loop
      vertex -4.76033 -81.3501 3
      vertex -4.3353 -81.1981 0
      vertex -4.76033 -81.3501 0
    endloop
  endfacet
  facet normal -0.243015 0.970022 0
    outer loop
      vertex -3.89742 -81.0884 0
      vertex -4.3353 -81.1981 3
      vertex -3.89742 -81.0884 3
    endloop
  endfacet
  facet normal -0.243015 0.970022 0
    outer loop
      vertex -4.3353 -81.1981 3
      vertex -3.89742 -81.0884 0
      vertex -4.3353 -81.1981 0
    endloop
  endfacet
  facet normal -0.146862 0.989157 0
    outer loop
      vertex -3.45087 -81.0221 0
      vertex -3.89742 -81.0884 3
      vertex -3.45087 -81.0221 3
    endloop
  endfacet
  facet normal -0.146862 0.989157 0
    outer loop
      vertex -3.89742 -81.0884 3
      vertex -3.45087 -81.0221 0
      vertex -3.89742 -81.0884 0
    endloop
  endfacet
  facet normal -0.0489576 0.998801 0
    outer loop
      vertex -3 -81 0
      vertex -3.45087 -81.0221 3
      vertex -3 -81 3
    endloop
  endfacet
  facet normal -0.0489576 0.998801 0
    outer loop
      vertex -3.45087 -81.0221 3
      vertex -3 -81 0
      vertex -3.45087 -81.0221 0
    endloop
  endfacet
  facet normal 0.0489565 0.998801 -0
    outer loop
      vertex -2.54912 -81.0221 0
      vertex -3 -81 3
      vertex -2.54912 -81.0221 3
    endloop
  endfacet
  facet normal 0.0489565 0.998801 0
    outer loop
      vertex -3 -81 3
      vertex -2.54912 -81.0221 0
      vertex -3 -81 0
    endloop
  endfacet
  facet normal 0.147241 0.989101 -0
    outer loop
      vertex -2.39999 -81.0443 0
      vertex -2.54912 -81.0221 3
      vertex -2.39999 -81.0443 3
    endloop
  endfacet
  facet normal 0.147241 0.989101 0
    outer loop
      vertex -2.54912 -81.0221 3
      vertex -2.39999 -81.0443 0
      vertex -2.54912 -81.0221 0
    endloop
  endfacet
  facet normal -1 0 0
    outer loop
      vertex -2.39999 -81.0443 0
      vertex -2.39999 -1.55573 3
      vertex -2.39999 -1.55573 0
    endloop
  endfacet
  facet normal -1 -0 0
    outer loop
      vertex -2.39999 -1.55573 3
      vertex -2.39999 -81.0443 0
      vertex -2.39999 -81.0443 3
    endloop
  endfacet
  facet normal 0.146657 -0.989187 0
    outer loop
      vertex -2.54912 -1.57784 0
      vertex -2.39999 -1.55573 3
      vertex -2.54912 -1.57784 3
    endloop
  endfacet
  facet normal 0.146657 -0.989187 0
    outer loop
      vertex -2.39999 -1.55573 3
      vertex -2.54912 -1.57784 0
      vertex -2.39999 -1.55573 0
    endloop
  endfacet
  facet normal 0.049067 -0.998795 0
    outer loop
      vertex -3 -1.59999 0
      vertex -2.54912 -1.57784 3
      vertex -3 -1.59999 3
    endloop
  endfacet
  facet normal 0.049067 -0.998795 0
    outer loop
      vertex -2.54912 -1.57784 3
      vertex -3 -1.59999 0
      vertex -2.54912 -1.57784 0
    endloop
  endfacet
  facet normal -0.0490681 -0.998795 0
    outer loop
      vertex -3.45087 -1.57784 0
      vertex -3 -1.59999 3
      vertex -3.45087 -1.57784 3
    endloop
  endfacet
  facet normal -0.0490681 -0.998795 -0
    outer loop
      vertex -3 -1.59999 3
      vertex -3.45087 -1.57784 0
      vertex -3 -1.59999 0
    endloop
  endfacet
  facet normal -0.14671 -0.98918 0
    outer loop
      vertex -3.89742 -1.51161 0
      vertex -3.45087 -1.57784 3
      vertex -3.89742 -1.51161 3
    endloop
  endfacet
  facet normal -0.14671 -0.98918 -0
    outer loop
      vertex -3.45087 -1.57784 3
      vertex -3.89742 -1.51161 0
      vertex -3.45087 -1.57784 0
    endloop
  endfacet
  facet normal -0.242994 -0.970028 0
    outer loop
      vertex -4.3353 -1.40192 0
      vertex -3.89742 -1.51161 3
      vertex -4.3353 -1.40192 3
    endloop
  endfacet
  facet normal -0.242994 -0.970028 -0
    outer loop
      vertex -3.89742 -1.51161 3
      vertex -4.3353 -1.40192 0
      vertex -3.89742 -1.51161 0
    endloop
  endfacet
  facet normal -0.336913 -0.941536 0
    outer loop
      vertex -4.76033 -1.24983 0
      vertex -4.3353 -1.40192 3
      vertex -4.76033 -1.24983 3
    endloop
  endfacet
  facet normal -0.336913 -0.941536 -0
    outer loop
      vertex -4.3353 -1.40192 3
      vertex -4.76033 -1.24983 0
      vertex -4.3353 -1.40192 0
    endloop
  endfacet
  facet normal -0.42756 -0.903987 0
    outer loop
      vertex -5.16841 -1.05682 0
      vertex -4.76033 -1.24983 3
      vertex -5.16841 -1.05682 3
    endloop
  endfacet
  facet normal -0.42756 -0.903987 -0
    outer loop
      vertex -4.76033 -1.24983 3
      vertex -5.16841 -1.05682 0
      vertex -4.76033 -1.24983 0
    endloop
  endfacet
  facet normal -0.514074 -0.857746 0
    outer loop
      vertex -5.55562 -0.824753 0
      vertex -5.16841 -1.05682 3
      vertex -5.55562 -0.824753 3
    endloop
  endfacet
  facet normal -0.514074 -0.857746 -0
    outer loop
      vertex -5.16841 -1.05682 3
      vertex -5.55562 -0.824753 0
      vertex -5.16841 -1.05682 0
    endloop
  endfacet
  facet normal -0.595697 -0.803209 0
    outer loop
      vertex -5.9182 -0.555847 0
      vertex -5.55562 -0.824753 3
      vertex -5.9182 -0.555847 3
    endloop
  endfacet
  facet normal -0.595697 -0.803209 -0
    outer loop
      vertex -5.55562 -0.824753 3
      vertex -5.9182 -0.555847 0
      vertex -5.55562 -0.824753 0
    endloop
  endfacet
  facet normal -0.671555 -0.740955 0
    outer loop
      vertex -6.25269 -0.252686 0
      vertex -5.9182 -0.555847 3
      vertex -6.25269 -0.252686 3
    endloop
  endfacet
  facet normal -0.671555 -0.740955 -0
    outer loop
      vertex -5.9182 -0.555847 3
      vertex -6.25269 -0.252686 0
      vertex -5.9182 -0.555847 0
    endloop
  endfacet
  facet normal -0.740939 -0.671573 0
    outer loop
      vertex -6.25269 -0.252686 0
      vertex -6.55585 0.0817871 3
      vertex -6.55585 0.0817871 0
    endloop
  endfacet
  facet normal -0.740939 -0.671573 0
    outer loop
      vertex -6.55585 0.0817871 3
      vertex -6.25269 -0.252686 0
      vertex -6.25269 -0.252686 3
    endloop
  endfacet
  facet normal -0.803215 -0.59569 0
    outer loop
      vertex -6.55585 0.0817871 0
      vertex -6.82475 0.444366 3
      vertex -6.82475 0.444366 0
    endloop
  endfacet
  facet normal -0.803215 -0.59569 0
    outer loop
      vertex -6.82475 0.444366 3
      vertex -6.55585 0.0817871 0
      vertex -6.55585 0.0817871 3
    endloop
  endfacet
  facet normal -0.857741 -0.514082 0
    outer loop
      vertex -6.82475 0.444366 0
      vertex -7.05682 0.831573 3
      vertex -7.05682 0.831573 0
    endloop
  endfacet
  facet normal -0.857741 -0.514082 0
    outer loop
      vertex -7.05682 0.831573 3
      vertex -6.82475 0.444366 0
      vertex -6.82475 0.444366 3
    endloop
  endfacet
  facet normal -0.903986 -0.427562 0
    outer loop
      vertex -7.05682 0.831573 0
      vertex -7.24983 1.23965 3
      vertex -7.24983 1.23965 0
    endloop
  endfacet
  facet normal -0.903986 -0.427562 0
    outer loop
      vertex -7.24983 1.23965 3
      vertex -7.05682 0.831573 0
      vertex -7.05682 0.831573 3
    endloop
  endfacet
  facet normal -0.941538 -0.336906 0
    outer loop
      vertex -7.24983 1.23965 0
      vertex -7.40192 1.66469 3
      vertex -7.40192 1.66469 0
    endloop
  endfacet
  facet normal -0.941538 -0.336906 0
    outer loop
      vertex -7.40192 1.66469 3
      vertex -7.24983 1.23965 0
      vertex -7.24983 1.23965 3
    endloop
  endfacet
  facet normal -0.970028 -0.242994 0
    outer loop
      vertex -7.40192 1.66469 0
      vertex -7.51161 2.10257 3
      vertex -7.51161 2.10257 0
    endloop
  endfacet
  facet normal -0.970028 -0.242994 0
    outer loop
      vertex -7.51161 2.10257 3
      vertex -7.40192 1.66469 0
      vertex -7.40192 1.66469 3
    endloop
  endfacet
  facet normal -0.98918 -0.14671 0
    outer loop
      vertex -7.51161 2.10257 0
      vertex -7.57784 2.54912 3
      vertex -7.57784 2.54912 0
    endloop
  endfacet
  facet normal -0.98918 -0.14671 0
    outer loop
      vertex -7.57784 2.54912 3
      vertex -7.51161 2.10257 0
      vertex -7.51161 2.10257 3
    endloop
  endfacet
  facet normal -0.998795 -0.049067 0
    outer loop
      vertex -7.57784 2.54912 0
      vertex -7.59999 3 3
      vertex -7.59999 3 0
    endloop
  endfacet
  facet normal -0.998795 -0.049067 0
    outer loop
      vertex -7.59999 3 3
      vertex -7.57784 2.54912 0
      vertex -7.57784 2.54912 3
    endloop
  endfacet
  facet normal -0.998795 0.0490681 0
    outer loop
      vertex -7.59999 3 0
      vertex -7.57784 3.45087 3
      vertex -7.57784 3.45087 0
    endloop
  endfacet
  facet normal -0.998795 0.0490681 0
    outer loop
      vertex -7.57784 3.45087 3
      vertex -7.59999 3 0
      vertex -7.59999 3 3
    endloop
  endfacet
  facet normal -0.98918 0.14671 0
    outer loop
      vertex -7.57784 3.45087 0
      vertex -7.51161 3.89742 3
      vertex -7.51161 3.89742 0
    endloop
  endfacet
  facet normal -0.98918 0.14671 0
    outer loop
      vertex -7.51161 3.89742 3
      vertex -7.57784 3.45087 0
      vertex -7.57784 3.45087 3
    endloop
  endfacet
  facet normal -0.970028 0.242994 0
    outer loop
      vertex -7.51161 3.89742 0
      vertex -7.40192 4.3353 3
      vertex -7.40192 4.3353 0
    endloop
  endfacet
  facet normal -0.970028 0.242994 0
    outer loop
      vertex -7.40192 4.3353 3
      vertex -7.51161 3.89742 0
      vertex -7.51161 3.89742 3
    endloop
  endfacet
  facet normal -0.941536 0.336913 0
    outer loop
      vertex -7.40192 4.3353 0
      vertex -7.24983 4.76033 3
      vertex -7.24983 4.76033 0
    endloop
  endfacet
  facet normal -0.941536 0.336913 0
    outer loop
      vertex -7.24983 4.76033 3
      vertex -7.40192 4.3353 0
      vertex -7.40192 4.3353 3
    endloop
  endfacet
  facet normal -0.903987 0.42756 0
    outer loop
      vertex -7.24983 4.76033 0
      vertex -7.05682 5.16841 3
      vertex -7.05682 5.16841 0
    endloop
  endfacet
  facet normal -0.903987 0.42756 0
    outer loop
      vertex -7.05682 5.16841 3
      vertex -7.24983 4.76033 0
      vertex -7.24983 4.76033 3
    endloop
  endfacet
  facet normal -0.857743 0.514079 0
    outer loop
      vertex -7.05682 5.16841 0
      vertex -6.82475 5.55562 3
      vertex -6.82475 5.55562 0
    endloop
  endfacet
  facet normal -0.857743 0.514079 0
    outer loop
      vertex -6.82475 5.55562 3
      vertex -7.05682 5.16841 0
      vertex -7.05682 5.16841 3
    endloop
  endfacet
  facet normal -0.803216 0.595688 0
    outer loop
      vertex -6.82475 5.55562 0
      vertex -6.55585 5.9182 3
      vertex -6.55585 5.9182 0
    endloop
  endfacet
  facet normal -0.803216 0.595688 0
    outer loop
      vertex -6.55585 5.9182 3
      vertex -6.82475 5.55562 0
      vertex -6.82475 5.55562 3
    endloop
  endfacet
  facet normal -0.740956 0.671554 0
    outer loop
      vertex -6.55585 5.9182 0
      vertex -6.25269 6.25269 3
      vertex -6.25269 6.25269 0
    endloop
  endfacet
  facet normal -0.740956 0.671554 0
    outer loop
      vertex -6.25269 6.25269 3
      vertex -6.55585 5.9182 0
      vertex -6.55585 5.9182 3
    endloop
  endfacet
  facet normal -0.671554 0.740956 0
    outer loop
      vertex -5.9182 6.55585 0
      vertex -6.25269 6.25269 3
      vertex -5.9182 6.55585 3
    endloop
  endfacet
  facet normal -0.671554 0.740956 0
    outer loop
      vertex -6.25269 6.25269 3
      vertex -5.9182 6.55585 0
      vertex -6.25269 6.25269 0
    endloop
  endfacet
  facet normal -0.595688 0.803216 0
    outer loop
      vertex -5.55562 6.82475 0
      vertex -5.9182 6.55585 3
      vertex -5.55562 6.82475 3
    endloop
  endfacet
  facet normal -0.595688 0.803216 0
    outer loop
      vertex -5.9182 6.55585 3
      vertex -5.55562 6.82475 0
      vertex -5.9182 6.55585 0
    endloop
  endfacet
  facet normal -0.514079 0.857743 0
    outer loop
      vertex -5.16841 7.05682 0
      vertex -5.55562 6.82475 3
      vertex -5.16841 7.05682 3
    endloop
  endfacet
  facet normal -0.514079 0.857743 0
    outer loop
      vertex -5.55562 6.82475 3
      vertex -5.16841 7.05682 0
      vertex -5.55562 6.82475 0
    endloop
  endfacet
  facet normal -0.42756 0.903987 0
    outer loop
      vertex -4.76033 7.24983 0
      vertex -5.16841 7.05682 3
      vertex -4.76033 7.24983 3
    endloop
  endfacet
  facet normal -0.42756 0.903987 0
    outer loop
      vertex -5.16841 7.05682 3
      vertex -4.76033 7.24983 0
      vertex -5.16841 7.05682 0
    endloop
  endfacet
  facet normal -0.336913 0.941536 0
    outer loop
      vertex -4.3353 7.40192 0
      vertex -4.76033 7.24983 3
      vertex -4.3353 7.40192 3
    endloop
  endfacet
  facet normal -0.336913 0.941536 0
    outer loop
      vertex -4.76033 7.24983 3
      vertex -4.3353 7.40192 0
      vertex -4.76033 7.24983 0
    endloop
  endfacet
  facet normal -0.242994 0.970028 0
    outer loop
      vertex -3.89742 7.51161 0
      vertex -4.3353 7.40192 3
      vertex -3.89742 7.51161 3
    endloop
  endfacet
  facet normal -0.242994 0.970028 0
    outer loop
      vertex -4.3353 7.40192 3
      vertex -3.89742 7.51161 0
      vertex -4.3353 7.40192 0
    endloop
  endfacet
  facet normal -0.14671 0.98918 0
    outer loop
      vertex -3.45087 7.57784 0
      vertex -3.89742 7.51161 3
      vertex -3.45087 7.57784 3
    endloop
  endfacet
  facet normal -0.14671 0.98918 0
    outer loop
      vertex -3.89742 7.51161 3
      vertex -3.45087 7.57784 0
      vertex -3.89742 7.51161 0
    endloop
  endfacet
  facet normal -0.0490681 0.998795 0
    outer loop
      vertex -3 7.59999 0
      vertex -3.45087 7.57784 3
      vertex -3 7.59999 3
    endloop
  endfacet
  facet normal -0.0490681 0.998795 0
    outer loop
      vertex -3.45087 7.57784 3
      vertex -3 7.59999 0
      vertex -3.45087 7.57784 0
    endloop
  endfacet
  facet normal 0.049067 0.998795 -0
    outer loop
      vertex -2.54912 7.57784 0
      vertex -3 7.59999 3
      vertex -2.54912 7.57784 3
    endloop
  endfacet
  facet normal 0.049067 0.998795 0
    outer loop
      vertex -3 7.59999 3
      vertex -2.54912 7.57784 0
      vertex -3 7.59999 0
    endloop
  endfacet
  facet normal 0.14671 0.98918 -0
    outer loop
      vertex -2.10257 7.51161 0
      vertex -2.54912 7.57784 3
      vertex -2.10257 7.51161 3
    endloop
  endfacet
  facet normal 0.14671 0.98918 0
    outer loop
      vertex -2.54912 7.57784 3
      vertex -2.10257 7.51161 0
      vertex -2.54912 7.57784 0
    endloop
  endfacet
  facet normal 0.242994 0.970028 -0
    outer loop
      vertex -1.66469 7.40192 0
      vertex -2.10257 7.51161 3
      vertex -1.66469 7.40192 3
    endloop
  endfacet
  facet normal 0.242994 0.970028 0
    outer loop
      vertex -2.10257 7.51161 3
      vertex -1.66469 7.40192 0
      vertex -2.10257 7.51161 0
    endloop
  endfacet
  facet normal 0.336906 0.941538 -0
    outer loop
      vertex -1.23965 7.24983 0
      vertex -1.66469 7.40192 3
      vertex -1.23965 7.24983 3
    endloop
  endfacet
  facet normal 0.336906 0.941538 0
    outer loop
      vertex -1.66469 7.40192 3
      vertex -1.23965 7.24983 0
      vertex -1.66469 7.40192 0
    endloop
  endfacet
  facet normal 0.427562 0.903986 -0
    outer loop
      vertex -0.831573 7.05682 0
      vertex -1.23965 7.24983 3
      vertex -0.831573 7.05682 3
    endloop
  endfacet
  facet normal 0.427562 0.903986 0
    outer loop
      vertex -1.23965 7.24983 3
      vertex -0.831573 7.05682 0
      vertex -1.23965 7.24983 0
    endloop
  endfacet
  facet normal 0.514082 0.857741 -0
    outer loop
      vertex -0.444366 6.82475 0
      vertex -0.831573 7.05682 3
      vertex -0.444366 6.82475 3
    endloop
  endfacet
  facet normal 0.514082 0.857741 0
    outer loop
      vertex -0.831573 7.05682 3
      vertex -0.444366 6.82475 0
      vertex -0.831573 7.05682 0
    endloop
  endfacet
  facet normal 0.59569 0.803215 -0
    outer loop
      vertex -0.0817871 6.55585 0
      vertex -0.444366 6.82475 3
      vertex -0.0817871 6.55585 3
    endloop
  endfacet
  facet normal 0.59569 0.803215 0
    outer loop
      vertex -0.444366 6.82475 3
      vertex -0.0817871 6.55585 0
      vertex -0.444366 6.82475 0
    endloop
  endfacet
  facet normal 0.671573 0.740939 -0
    outer loop
      vertex 0.252686 6.25269 0
      vertex -0.0817871 6.55585 3
      vertex 0.252686 6.25269 3
    endloop
  endfacet
  facet normal 0.671573 0.740939 0
    outer loop
      vertex -0.0817871 6.55585 3
      vertex 0.252686 6.25269 0
      vertex -0.0817871 6.55585 0
    endloop
  endfacet
  facet normal 0.740955 0.671555 0
    outer loop
      vertex 0.555847 5.9182 3
      vertex 0.252686 6.25269 0
      vertex 0.252686 6.25269 3
    endloop
  endfacet
  facet normal 0.740955 0.671555 0
    outer loop
      vertex 0.252686 6.25269 0
      vertex 0.555847 5.9182 3
      vertex 0.555847 5.9182 0
    endloop
  endfacet
  facet normal 0.803209 0.595697 0
    outer loop
      vertex 0.824753 5.55562 3
      vertex 0.555847 5.9182 0
      vertex 0.555847 5.9182 3
    endloop
  endfacet
  facet normal 0.803209 0.595697 0
    outer loop
      vertex 0.555847 5.9182 0
      vertex 0.824753 5.55562 3
      vertex 0.824753 5.55562 0
    endloop
  endfacet
  facet normal 0.857746 0.514074 0
    outer loop
      vertex 1.05682 5.16841 3
      vertex 0.824753 5.55562 0
      vertex 0.824753 5.55562 3
    endloop
  endfacet
  facet normal 0.857746 0.514074 0
    outer loop
      vertex 0.824753 5.55562 0
      vertex 1.05682 5.16841 3
      vertex 1.05682 5.16841 0
    endloop
  endfacet
  facet normal 0.903987 0.42756 0
    outer loop
      vertex 1.24983 4.76033 3
      vertex 1.05682 5.16841 0
      vertex 1.05682 5.16841 3
    endloop
  endfacet
  facet normal 0.903987 0.42756 0
    outer loop
      vertex 1.05682 5.16841 0
      vertex 1.24983 4.76033 3
      vertex 1.24983 4.76033 0
    endloop
  endfacet
  facet normal 0.941536 0.336913 0
    outer loop
      vertex 1.40192 4.3353 3
      vertex 1.24983 4.76033 0
      vertex 1.24983 4.76033 3
    endloop
  endfacet
  facet normal 0.941536 0.336913 0
    outer loop
      vertex 1.24983 4.76033 0
      vertex 1.40192 4.3353 3
      vertex 1.40192 4.3353 0
    endloop
  endfacet
  facet normal 0.970028 0.242994 0
    outer loop
      vertex 1.51161 3.89742 3
      vertex 1.40192 4.3353 0
      vertex 1.40192 4.3353 3
    endloop
  endfacet
  facet normal 0.970028 0.242994 0
    outer loop
      vertex 1.40192 4.3353 0
      vertex 1.51161 3.89742 3
      vertex 1.51161 3.89742 0
    endloop
  endfacet
  facet normal 0.98918 0.14671 0
    outer loop
      vertex 1.57784 3.45087 3
      vertex 1.51161 3.89742 0
      vertex 1.51161 3.89742 3
    endloop
  endfacet
  facet normal 0.98918 0.14671 0
    outer loop
      vertex 1.51161 3.89742 0
      vertex 1.57784 3.45087 3
      vertex 1.57784 3.45087 0
    endloop
  endfacet
  facet normal 0.998795 0.0490681 0
    outer loop
      vertex 1.59999 3 3
      vertex 1.57784 3.45087 0
      vertex 1.57784 3.45087 3
    endloop
  endfacet
  facet normal 0.998795 0.0490681 0
    outer loop
      vertex 1.57784 3.45087 0
      vertex 1.59999 3 3
      vertex 1.59999 3 0
    endloop
  endfacet
  facet normal 0.998795 -0.049067 0
    outer loop
      vertex 1.57784 2.54912 3
      vertex 1.59999 3 0
      vertex 1.59999 3 3
    endloop
  endfacet
  facet normal 0.998795 -0.049067 0
    outer loop
      vertex 1.59999 3 0
      vertex 1.57784 2.54912 3
      vertex 1.57784 2.54912 0
    endloop
  endfacet
  facet normal 0.989187 -0.146657 0
    outer loop
      vertex 1.55573 2.39999 3
      vertex 1.57784 2.54912 0
      vertex 1.57784 2.54912 3
    endloop
  endfacet
  facet normal 0.989187 -0.146657 0
    outer loop
      vertex 1.57784 2.54912 0
      vertex 1.55573 2.39999 3
      vertex 1.55573 2.39999 0
    endloop
  endfacet
  facet normal 0 1 -0
    outer loop
      vertex 167.044 2.39999 0
      vertex 1.55573 2.39999 3
      vertex 167.044 2.39999 3
    endloop
  endfacet
  facet normal 0 1 0
    outer loop
      vertex 1.55573 2.39999 3
      vertex 167.044 2.39999 0
      vertex 1.55573 2.39999 0
    endloop
  endfacet
  facet normal -0.989293 -0.145943 0
    outer loop
      vertex 167.044 2.39999 0
      vertex 167.022 2.54912 3
      vertex 167.022 2.54912 0
    endloop
  endfacet
  facet normal -0.989293 -0.145943 0
    outer loop
      vertex 167.022 2.54912 3
      vertex 167.044 2.39999 0
      vertex 167.044 2.39999 3
    endloop
  endfacet
  facet normal -0.998812 -0.0487355 0
    outer loop
      vertex 167.022 2.54912 0
      vertex 167 3 3
      vertex 167 3 0
    endloop
  endfacet
  facet normal -0.998812 -0.0487355 0
    outer loop
      vertex 167 3 3
      vertex 167.022 2.54912 0
      vertex 167.022 2.54912 3
    endloop
  endfacet
  facet normal -0.998812 0.0487366 0
    outer loop
      vertex 167 3 0
      vertex 167.022 3.45087 3
      vertex 167.022 3.45087 0
    endloop
  endfacet
  facet normal -0.998812 0.0487366 0
    outer loop
      vertex 167.022 3.45087 3
      vertex 167 3 0
      vertex 167 3 3
    endloop
  endfacet
  facet normal -0.989253 0.146211 0
    outer loop
      vertex 167.022 3.45087 0
      vertex 167.088 3.89742 3
      vertex 167.088 3.89742 0
    endloop
  endfacet
  facet normal -0.989253 0.146211 0
    outer loop
      vertex 167.088 3.89742 3
      vertex 167.022 3.45087 0
      vertex 167.022 3.45087 3
    endloop
  endfacet
  facet normal -0.969866 0.24364 0
    outer loop
      vertex 167.088 3.89742 0
      vertex 167.198 4.3353 3
      vertex 167.198 4.3353 0
    endloop
  endfacet
  facet normal -0.969866 0.24364 0
    outer loop
      vertex 167.198 4.3353 3
      vertex 167.088 3.89742 0
      vertex 167.088 3.89742 3
    endloop
  endfacet
  facet normal -0.941599 0.336736 0
    outer loop
      vertex 167.198 4.3353 0
      vertex 167.35 4.76033 3
      vertex 167.35 4.76033 0
    endloop
  endfacet
  facet normal -0.941599 0.336736 0
    outer loop
      vertex 167.35 4.76033 3
      vertex 167.198 4.3353 0
      vertex 167.198 4.3353 3
    endloop
  endfacet
  facet normal -0.903996 0.427542 0
    outer loop
      vertex 167.35 4.76033 0
      vertex 167.543 5.16841 3
      vertex 167.543 5.16841 0
    endloop
  endfacet
  facet normal -0.903996 0.427542 0
    outer loop
      vertex 167.543 5.16841 3
      vertex 167.35 4.76033 0
      vertex 167.35 4.76033 3
    endloop
  endfacet
  facet normal -0.857811 0.513965 0
    outer loop
      vertex 167.543 5.16841 0
      vertex 167.775 5.55562 3
      vertex 167.775 5.55562 0
    endloop
  endfacet
  facet normal -0.857811 0.513965 0
    outer loop
      vertex 167.775 5.55562 3
      vertex 167.543 5.16841 0
      vertex 167.543 5.16841 3
    endloop
  endfacet
  facet normal -0.80311 0.595831 0
    outer loop
      vertex 167.775 5.55562 0
      vertex 168.044 5.9182 3
      vertex 168.044 5.9182 0
    endloop
  endfacet
  facet normal -0.80311 0.595831 0
    outer loop
      vertex 168.044 5.9182 3
      vertex 167.775 5.55562 0
      vertex 167.775 5.55562 3
    endloop
  endfacet
  facet normal -0.741132 0.671359 0
    outer loop
      vertex 168.044 5.9182 0
      vertex 168.347 6.25269 3
      vertex 168.347 6.25269 0
    endloop
  endfacet
  facet normal -0.741132 0.671359 0
    outer loop
      vertex 168.347 6.25269 3
      vertex 168.044 5.9182 0
      vertex 168.044 5.9182 3
    endloop
  endfacet
  facet normal -0.670992 0.741464 0
    outer loop
      vertex 168.682 6.55585 0
      vertex 168.347 6.25269 3
      vertex 168.682 6.55585 3
    endloop
  endfacet
  facet normal -0.670992 0.741464 0
    outer loop
      vertex 168.347 6.25269 3
      vertex 168.682 6.55585 0
      vertex 168.347 6.25269 0
    endloop
  endfacet
  facet normal -0.596304 0.802759 0
    outer loop
      vertex 169.044 6.82475 0
      vertex 168.682 6.55585 3
      vertex 169.044 6.82475 3
    endloop
  endfacet
  facet normal -0.596304 0.802759 0
    outer loop
      vertex 168.682 6.55585 3
      vertex 169.044 6.82475 0
      vertex 168.682 6.55585 0
    endloop
  endfacet
  facet normal -0.513308 0.858204 0
    outer loop
      vertex 169.432 7.05682 0
      vertex 169.044 6.82475 3
      vertex 169.432 7.05682 3
    endloop
  endfacet
  facet normal -0.513308 0.858204 0
    outer loop
      vertex 169.044 6.82475 3
      vertex 169.432 7.05682 0
      vertex 169.044 6.82475 0
    endloop
  endfacet
  facet normal -0.427628 0.903955 0
    outer loop
      vertex 169.84 7.24983 0
      vertex 169.432 7.05682 3
      vertex 169.84 7.24983 3
    endloop
  endfacet
  facet normal -0.427628 0.903955 0
    outer loop
      vertex 169.432 7.05682 3
      vertex 169.84 7.24983 0
      vertex 169.432 7.05682 0
    endloop
  endfacet
  facet normal -0.336934 0.941528 0
    outer loop
      vertex 170.265 7.40192 0
      vertex 169.84 7.24983 3
      vertex 170.265 7.40192 3
    endloop
  endfacet
  facet normal -0.336934 0.941528 0
    outer loop
      vertex 169.84 7.24983 3
      vertex 170.265 7.40192 0
      vertex 169.84 7.24983 0
    endloop
  endfacet
  facet normal -0.242932 0.970043 0
    outer loop
      vertex 170.703 7.51161 0
      vertex 170.265 7.40192 3
      vertex 170.703 7.51161 3
    endloop
  endfacet
  facet normal -0.242932 0.970043 0
    outer loop
      vertex 170.265 7.40192 3
      vertex 170.703 7.51161 0
      vertex 170.265 7.40192 0
    endloop
  endfacet
  facet normal -0.146887 0.989153 0
    outer loop
      vertex 171.149 7.57784 0
      vertex 170.703 7.51161 3
      vertex 171.149 7.57784 3
    endloop
  endfacet
  facet normal -0.146887 0.989153 0
    outer loop
      vertex 170.703 7.51161 3
      vertex 171.149 7.57784 0
      vertex 170.703 7.51161 0
    endloop
  endfacet
  facet normal -0.049054 0.998796 0
    outer loop
      vertex 171.6 7.59999 0
      vertex 171.149 7.57784 3
      vertex 171.6 7.59999 3
    endloop
  endfacet
  facet normal -0.049054 0.998796 0
    outer loop
      vertex 171.149 7.57784 3
      vertex 171.6 7.59999 0
      vertex 171.149 7.57784 0
    endloop
  endfacet
  facet normal 0.049054 0.998796 -0
    outer loop
      vertex 172.051 7.57784 0
      vertex 171.6 7.59999 3
      vertex 172.051 7.57784 3
    endloop
  endfacet
  facet normal 0.049054 0.998796 0
    outer loop
      vertex 171.6 7.59999 3
      vertex 172.051 7.57784 0
      vertex 171.6 7.59999 0
    endloop
  endfacet
  facet normal -0.67158 -0.740932 0
    outer loop
      vertex -1.92153 4.31412 1.6
      vertex -1.79792 4.20208 3
      vertex -1.92153 4.31412 3
    endloop
  endfacet
  facet normal -0.67158 -0.740932 -0
    outer loop
      vertex -1.79792 4.20208 3
      vertex -1.92153 4.31412 1.6
      vertex -1.79792 4.20208 1.6
    endloop
  endfacet
  facet normal -0.989184 0.146681 0
    outer loop
      vertex -1.33266 2.66835 1.6
      vertex -1.30819 2.83337 3
      vertex -1.30819 2.83337 1.6
    endloop
  endfacet
  facet normal -0.989184 0.146681 0
    outer loop
      vertex -1.30819 2.83337 3
      vertex -1.33266 2.66835 1.6
      vertex -1.33266 2.66835 3
    endloop
  endfacet
  facet normal -0.998794 0.0490916 0
    outer loop
      vertex -1.30819 2.83337 1.6
      vertex -1.3 3 3
      vertex -1.3 3 1.6
    endloop
  endfacet
  facet normal -0.998794 0.0490916 0
    outer loop
      vertex -1.3 3 3
      vertex -1.30819 2.83337 1.6
      vertex -1.30819 2.83337 3
    endloop
  endfacet
  facet normal -0.970026 0.243001 0
    outer loop
      vertex -1.3732 2.50652 1.6
      vertex -1.33266 2.66835 3
      vertex -1.33266 2.66835 1.6
    endloop
  endfacet
  facet normal -0.970026 0.243001 0
    outer loop
      vertex -1.33266 2.66835 3
      vertex -1.3732 2.50652 1.6
      vertex -1.3732 2.50652 3
    endloop
  endfacet
  facet normal -0.427494 -0.904018 0
    outer loop
      vertex -2.34944 4.57059 1.6
      vertex -2.19862 4.49927 3
      vertex -2.34944 4.57059 3
    endloop
  endfacet
  facet normal -0.427494 -0.904018 -0
    outer loop
      vertex -2.19862 4.49927 3
      vertex -2.34944 4.57059 1.6
      vertex -2.19862 4.49927 1.6
    endloop
  endfacet
  facet normal 0.0490916 0.998794 -0
    outer loop
      vertex -3 1.3 1.6
      vertex -3.16663 1.30819 3
      vertex -3 1.3 3
    endloop
  endfacet
  facet normal 0.0490916 0.998794 0
    outer loop
      vertex -3.16663 1.30819 3
      vertex -3 1.3 1.6
      vertex -3.16663 1.30819 1.6
    endloop
  endfacet
  facet normal 0.427566 0.903984 -0
    outer loop
      vertex -3.65056 1.4294 1.6
      vertex -3.80137 1.50073 3
      vertex -3.65056 1.4294 3
    endloop
  endfacet
  facet normal 0.427566 0.903984 0
    outer loop
      vertex -3.80137 1.50073 3
      vertex -3.65056 1.4294 1.6
      vertex -3.80137 1.50073 1.6
    endloop
  endfacet
  facet normal -0.740932 0.67158 0
    outer loop
      vertex -1.79792 1.79792 1.6
      vertex -1.68588 1.92153 3
      vertex -1.68588 1.92153 1.6
    endloop
  endfacet
  facet normal -0.740932 0.67158 0
    outer loop
      vertex -1.68588 1.92153 3
      vertex -1.79792 1.79792 1.6
      vertex -1.79792 1.79792 3
    endloop
  endfacet
  facet normal 0.14674 -0.989175 0
    outer loop
      vertex -3.33165 4.66733 1.6
      vertex -3.16663 4.69181 3
      vertex -3.33165 4.66733 3
    endloop
  endfacet
  facet normal 0.14674 -0.989175 0
    outer loop
      vertex -3.16663 4.69181 3
      vertex -3.33165 4.66733 1.6
      vertex -3.16663 4.69181 1.6
    endloop
  endfacet
  facet normal -0.427543 0.903995 0
    outer loop
      vertex -2.19862 1.50073 1.6
      vertex -2.34944 1.4294 3
      vertex -2.19862 1.50073 3
    endloop
  endfacet
  facet normal -0.427543 0.903995 0
    outer loop
      vertex -2.34944 1.4294 3
      vertex -2.19862 1.50073 1.6
      vertex -2.34944 1.4294 1.6
    endloop
  endfacet
  facet normal 0.146681 0.989184 -0
    outer loop
      vertex -3.16663 1.30819 1.6
      vertex -3.33165 1.33266 3
      vertex -3.16663 1.30819 3
    endloop
  endfacet
  facet normal 0.146681 0.989184 0
    outer loop
      vertex -3.33165 1.33266 3
      vertex -3.16663 1.30819 1.6
      vertex -3.33165 1.33266 1.6
    endloop
  endfacet
  facet normal -0.242945 -0.97004 0
    outer loop
      vertex -2.66835 4.66733 1.6
      vertex -2.50652 4.6268 3
      vertex -2.66835 4.66733 3
    endloop
  endfacet
  facet normal -0.242945 -0.97004 -0
    outer loop
      vertex -2.50652 4.6268 3
      vertex -2.66835 4.66733 1.6
      vertex -2.50652 4.6268 1.6
    endloop
  endfacet
  facet normal 0.595695 0.803211 -0
    outer loop
      vertex -3.94447 1.5865 1.6
      vertex -4.07847 1.68588 3
      vertex -3.94447 1.5865 3
    endloop
  endfacet
  facet normal 0.595695 0.803211 0
    outer loop
      vertex -4.07847 1.68588 3
      vertex -3.94447 1.5865 1.6
      vertex -4.07847 1.68588 1.6
    endloop
  endfacet
  facet normal 0.904018 0.427494 0
    outer loop
      vertex -4.49927 2.19862 3
      vertex -4.57059 2.34944 1.6
      vertex -4.57059 2.34944 3
    endloop
  endfacet
  facet normal 0.904018 0.427494 0
    outer loop
      vertex -4.57059 2.34944 1.6
      vertex -4.49927 2.19862 3
      vertex -4.49927 2.19862 1.6
    endloop
  endfacet
  facet normal 0.427517 -0.904007 0
    outer loop
      vertex -3.80137 4.49927 1.6
      vertex -3.65056 4.57059 3
      vertex -3.80137 4.49927 3
    endloop
  endfacet
  facet normal 0.427517 -0.904007 0
    outer loop
      vertex -3.65056 4.57059 3
      vertex -3.80137 4.49927 1.6
      vertex -3.65056 4.57059 1.6
    endloop
  endfacet
  facet normal 0.595695 -0.803211 0
    outer loop
      vertex -4.07847 4.31412 1.6
      vertex -3.94447 4.4135 3
      vertex -4.07847 4.31412 3
    endloop
  endfacet
  facet normal 0.595695 -0.803211 0
    outer loop
      vertex -3.94447 4.4135 3
      vertex -4.07847 4.31412 1.6
      vertex -3.94447 4.4135 1.6
    endloop
  endfacet
  facet normal 0.904007 -0.427517 0
    outer loop
      vertex -4.57059 3.65056 3
      vertex -4.49927 3.80137 1.6
      vertex -4.49927 3.80137 3
    endloop
  endfacet
  facet normal 0.904007 -0.427517 0
    outer loop
      vertex -4.49927 3.80137 1.6
      vertex -4.57059 3.65056 3
      vertex -4.57059 3.65056 1.6
    endloop
  endfacet
  facet normal -0.514125 0.857715 0
    outer loop
      vertex -2.05553 1.5865 1.6
      vertex -2.19862 1.50073 3
      vertex -2.05553 1.5865 3
    endloop
  endfacet
  facet normal -0.514125 0.857715 0
    outer loop
      vertex -2.19862 1.50073 3
      vertex -2.05553 1.5865 1.6
      vertex -2.19862 1.50073 1.6
    endloop
  endfacet
  facet normal 0.998794 -0.0490916 0
    outer loop
      vertex -4.7 3 3
      vertex -4.69181 3.16663 1.6
      vertex -4.69181 3.16663 3
    endloop
  endfacet
  facet normal 0.998794 -0.0490916 0
    outer loop
      vertex -4.69181 3.16663 1.6
      vertex -4.7 3 3
      vertex -4.7 3 1.6
    endloop
  endfacet
  facet normal 0.336921 -0.941533 0
    outer loop
      vertex -3.65056 4.57059 1.6
      vertex -3.49348 4.6268 3
      vertex -3.65056 4.57059 3
    endloop
  endfacet
  facet normal 0.336921 -0.941533 0
    outer loop
      vertex -3.49348 4.6268 3
      vertex -3.65056 4.57059 1.6
      vertex -3.49348 4.6268 1.6
    endloop
  endfacet
  facet normal -0.595695 0.803211 0
    outer loop
      vertex -1.92153 1.68588 1.6
      vertex -2.05553 1.5865 3
      vertex -1.92153 1.68588 3
    endloop
  endfacet
  facet normal -0.595695 0.803211 0
    outer loop
      vertex -2.05553 1.5865 3
      vertex -1.92153 1.68588 1.6
      vertex -2.05553 1.5865 1.6
    endloop
  endfacet
  facet normal -0.970026 -0.243001 0
    outer loop
      vertex -1.33266 3.33165 1.6
      vertex -1.3732 3.49348 3
      vertex -1.3732 3.49348 1.6
    endloop
  endfacet
  facet normal -0.970026 -0.243001 0
    outer loop
      vertex -1.3732 3.49348 3
      vertex -1.33266 3.33165 1.6
      vertex -1.33266 3.33165 3
    endloop
  endfacet
  facet normal 0.941533 -0.336921 0
    outer loop
      vertex -4.6268 3.49348 3
      vertex -4.57059 3.65056 1.6
      vertex -4.57059 3.65056 3
    endloop
  endfacet
  facet normal 0.941533 -0.336921 0
    outer loop
      vertex -4.57059 3.65056 1.6
      vertex -4.6268 3.49348 3
      vertex -4.6268 3.49348 1.6
    endloop
  endfacet
  facet normal -0.243001 0.970026 0
    outer loop
      vertex -2.50652 1.3732 1.6
      vertex -2.66835 1.33266 3
      vertex -2.50652 1.3732 3
    endloop
  endfacet
  facet normal -0.243001 0.970026 0
    outer loop
      vertex -2.66835 1.33266 3
      vertex -2.50652 1.3732 1.6
      vertex -2.66835 1.33266 1.6
    endloop
  endfacet
  facet normal 0.740932 0.67158 0
    outer loop
      vertex -4.20208 1.79792 3
      vertex -4.31412 1.92153 1.6
      vertex -4.31412 1.92153 3
    endloop
  endfacet
  facet normal 0.740932 0.67158 0
    outer loop
      vertex -4.31412 1.92153 1.6
      vertex -4.20208 1.79792 3
      vertex -4.20208 1.79792 1.6
    endloop
  endfacet
  facet normal -0.0490916 -0.998794 0
    outer loop
      vertex -3 4.7 1.6
      vertex -2.83337 4.69181 3
      vertex -3 4.7 3
    endloop
  endfacet
  facet normal -0.0490916 -0.998794 -0
    outer loop
      vertex -2.83337 4.69181 3
      vertex -3 4.7 1.6
      vertex -2.83337 4.69181 1.6
    endloop
  endfacet
  facet normal -0.803211 0.595695 0
    outer loop
      vertex -1.68588 1.92153 1.6
      vertex -1.5865 2.05553 3
      vertex -1.5865 2.05553 1.6
    endloop
  endfacet
  facet normal -0.803211 0.595695 0
    outer loop
      vertex -1.5865 2.05553 3
      vertex -1.68588 1.92153 1.6
      vertex -1.68588 1.92153 3
    endloop
  endfacet
  facet normal 0.97004 -0.242945 0
    outer loop
      vertex -4.66733 3.33165 3
      vertex -4.6268 3.49348 1.6
      vertex -4.6268 3.49348 3
    endloop
  endfacet
  facet normal 0.97004 -0.242945 0
    outer loop
      vertex -4.6268 3.49348 1.6
      vertex -4.66733 3.33165 3
      vertex -4.66733 3.33165 1.6
    endloop
  endfacet
  facet normal -0.989184 -0.146681 0
    outer loop
      vertex -1.30819 3.16663 1.6
      vertex -1.33266 3.33165 3
      vertex -1.33266 3.33165 1.6
    endloop
  endfacet
  facet normal -0.989184 -0.146681 0
    outer loop
      vertex -1.33266 3.33165 3
      vertex -1.30819 3.16663 1.6
      vertex -1.30819 3.16663 3
    endloop
  endfacet
  facet normal -0.514125 -0.857715 0
    outer loop
      vertex -2.19862 4.49927 1.6
      vertex -2.05553 4.4135 3
      vertex -2.19862 4.49927 3
    endloop
  endfacet
  facet normal -0.514125 -0.857715 -0
    outer loop
      vertex -2.05553 4.4135 3
      vertex -2.19862 4.49927 1.6
      vertex -2.05553 4.4135 1.6
    endloop
  endfacet
  facet normal 0.941533 0.336921 0
    outer loop
      vertex -4.57059 2.34944 3
      vertex -4.6268 2.50652 1.6
      vertex -4.6268 2.50652 3
    endloop
  endfacet
  facet normal 0.941533 0.336921 0
    outer loop
      vertex -4.6268 2.50652 1.6
      vertex -4.57059 2.34944 3
      vertex -4.57059 2.34944 1.6
    endloop
  endfacet
  facet normal -0.67158 0.740932 0
    outer loop
      vertex -1.79792 1.79792 1.6
      vertex -1.92153 1.68588 3
      vertex -1.79792 1.79792 3
    endloop
  endfacet
  facet normal -0.67158 0.740932 0
    outer loop
      vertex -1.92153 1.68588 3
      vertex -1.79792 1.79792 1.6
      vertex -1.92153 1.68588 1.6
    endloop
  endfacet
  facet normal 0.989175 0.14674 0
    outer loop
      vertex -4.66733 2.66835 3
      vertex -4.69181 2.83337 1.6
      vertex -4.69181 2.83337 3
    endloop
  endfacet
  facet normal 0.989175 0.14674 0
    outer loop
      vertex -4.69181 2.83337 1.6
      vertex -4.66733 2.66835 3
      vertex -4.66733 2.66835 1.6
    endloop
  endfacet
  facet normal -0.903984 -0.427566 0
    outer loop
      vertex -1.4294 3.65056 1.6
      vertex -1.50073 3.80137 3
      vertex -1.50073 3.80137 1.6
    endloop
  endfacet
  facet normal -0.903984 -0.427566 0
    outer loop
      vertex -1.50073 3.80137 3
      vertex -1.4294 3.65056 1.6
      vertex -1.4294 3.65056 3
    endloop
  endfacet
  facet normal -0.336868 0.941552 0
    outer loop
      vertex -2.34944 1.4294 1.6
      vertex -2.50652 1.3732 3
      vertex -2.34944 1.4294 3
    endloop
  endfacet
  facet normal -0.336868 0.941552 0
    outer loop
      vertex -2.50652 1.3732 3
      vertex -2.34944 1.4294 1.6
      vertex -2.50652 1.3732 1.6
    endloop
  endfacet
  facet normal -0.998794 -0.0490916 0
    outer loop
      vertex -1.3 3 1.6
      vertex -1.30819 3.16663 3
      vertex -1.30819 3.16663 1.6
    endloop
  endfacet
  facet normal -0.998794 -0.0490916 0
    outer loop
      vertex -1.30819 3.16663 3
      vertex -1.3 3 1.6
      vertex -1.3 3 3
    endloop
  endfacet
  facet normal -0.14674 -0.989175 0
    outer loop
      vertex -2.83337 4.69181 1.6
      vertex -2.66835 4.66733 3
      vertex -2.83337 4.69181 3
    endloop
  endfacet
  facet normal -0.14674 -0.989175 -0
    outer loop
      vertex -2.66835 4.66733 3
      vertex -2.83337 4.69181 1.6
      vertex -2.66835 4.66733 1.6
    endloop
  endfacet
  facet normal -0.941552 0.336868 0
    outer loop
      vertex -1.4294 2.34944 1.6
      vertex -1.3732 2.50652 3
      vertex -1.3732 2.50652 1.6
    endloop
  endfacet
  facet normal -0.941552 0.336868 0
    outer loop
      vertex -1.3732 2.50652 3
      vertex -1.4294 2.34944 1.6
      vertex -1.4294 2.34944 3
    endloop
  endfacet
  facet normal -0.803211 -0.595695 0
    outer loop
      vertex -1.5865 3.94447 1.6
      vertex -1.68588 4.07847 3
      vertex -1.68588 4.07847 1.6
    endloop
  endfacet
  facet normal -0.803211 -0.595695 0
    outer loop
      vertex -1.68588 4.07847 3
      vertex -1.5865 3.94447 1.6
      vertex -1.5865 3.94447 3
    endloop
  endfacet
  facet normal -0.857731 -0.514099 0
    outer loop
      vertex -1.50073 3.80137 1.6
      vertex -1.5865 3.94447 3
      vertex -1.5865 3.94447 1.6
    endloop
  endfacet
  facet normal -0.857731 -0.514099 0
    outer loop
      vertex -1.5865 3.94447 3
      vertex -1.50073 3.80137 1.6
      vertex -1.50073 3.80137 3
    endloop
  endfacet
  facet normal 0.243001 0.970026 -0
    outer loop
      vertex -3.33165 1.33266 1.6
      vertex -3.49348 1.3732 3
      vertex -3.33165 1.33266 3
    endloop
  endfacet
  facet normal 0.243001 0.970026 0
    outer loop
      vertex -3.49348 1.3732 3
      vertex -3.33165 1.33266 1.6
      vertex -3.49348 1.3732 1.6
    endloop
  endfacet
  facet normal -0.941552 -0.336868 0
    outer loop
      vertex -1.3732 3.49348 1.6
      vertex -1.4294 3.65056 3
      vertex -1.4294 3.65056 1.6
    endloop
  endfacet
  facet normal -0.941552 -0.336868 0
    outer loop
      vertex -1.4294 3.65056 3
      vertex -1.3732 3.49348 1.6
      vertex -1.3732 3.49348 3
    endloop
  endfacet
  facet normal -0.0490916 0.998794 0
    outer loop
      vertex -2.83337 1.30819 1.6
      vertex -3 1.3 3
      vertex -2.83337 1.30819 3
    endloop
  endfacet
  facet normal -0.0490916 0.998794 0
    outer loop
      vertex -3 1.3 3
      vertex -2.83337 1.30819 1.6
      vertex -3 1.3 1.6
    endloop
  endfacet
  facet normal 0.514099 0.857731 -0
    outer loop
      vertex -3.80137 1.50073 1.6
      vertex -3.94447 1.5865 3
      vertex -3.80137 1.50073 3
    endloop
  endfacet
  facet normal 0.514099 0.857731 0
    outer loop
      vertex -3.94447 1.5865 3
      vertex -3.80137 1.50073 1.6
      vertex -3.94447 1.5865 1.6
    endloop
  endfacet
  facet normal -0.903995 0.427543 0
    outer loop
      vertex -1.50073 2.19862 1.6
      vertex -1.4294 2.34944 3
      vertex -1.4294 2.34944 1.6
    endloop
  endfacet
  facet normal -0.903995 0.427543 0
    outer loop
      vertex -1.4294 2.34944 3
      vertex -1.50073 2.19862 1.6
      vertex -1.50073 2.19862 3
    endloop
  endfacet
  facet normal -0.146681 0.989184 0
    outer loop
      vertex -2.66835 1.33266 1.6
      vertex -2.83337 1.30819 3
      vertex -2.66835 1.33266 3
    endloop
  endfacet
  facet normal -0.146681 0.989184 0
    outer loop
      vertex -2.83337 1.30819 3
      vertex -2.66835 1.33266 1.6
      vertex -2.83337 1.30819 1.6
    endloop
  endfacet
  facet normal 0.242945 -0.97004 0
    outer loop
      vertex -3.49348 4.6268 1.6
      vertex -3.33165 4.66733 3
      vertex -3.49348 4.6268 3
    endloop
  endfacet
  facet normal 0.242945 -0.97004 0
    outer loop
      vertex -3.33165 4.66733 3
      vertex -3.49348 4.6268 1.6
      vertex -3.33165 4.66733 1.6
    endloop
  endfacet
  facet normal 0.857731 -0.514099 0
    outer loop
      vertex -4.49927 3.80137 3
      vertex -4.4135 3.94447 1.6
      vertex -4.4135 3.94447 3
    endloop
  endfacet
  facet normal 0.857731 -0.514099 0
    outer loop
      vertex -4.4135 3.94447 1.6
      vertex -4.49927 3.80137 3
      vertex -4.49927 3.80137 1.6
    endloop
  endfacet
  facet normal -0.857715 0.514125 0
    outer loop
      vertex -1.5865 2.05553 1.6
      vertex -1.50073 2.19862 3
      vertex -1.50073 2.19862 1.6
    endloop
  endfacet
  facet normal -0.857715 0.514125 0
    outer loop
      vertex -1.50073 2.19862 3
      vertex -1.5865 2.05553 1.6
      vertex -1.5865 2.05553 3
    endloop
  endfacet
  facet normal 0.336868 0.941552 -0
    outer loop
      vertex -3.49348 1.3732 1.6
      vertex -3.65056 1.4294 3
      vertex -3.49348 1.3732 3
    endloop
  endfacet
  facet normal 0.336868 0.941552 0
    outer loop
      vertex -3.65056 1.4294 3
      vertex -3.49348 1.3732 1.6
      vertex -3.65056 1.4294 1.6
    endloop
  endfacet
  facet normal 0.740932 -0.67158 0
    outer loop
      vertex -4.31412 4.07847 3
      vertex -4.20208 4.20208 1.6
      vertex -4.20208 4.20208 3
    endloop
  endfacet
  facet normal 0.740932 -0.67158 0
    outer loop
      vertex -4.20208 4.20208 1.6
      vertex -4.31412 4.07847 3
      vertex -4.31412 4.07847 1.6
    endloop
  endfacet
  facet normal 0.67158 0.740932 -0
    outer loop
      vertex -4.07847 1.68588 1.6
      vertex -4.20208 1.79792 3
      vertex -4.07847 1.68588 3
    endloop
  endfacet
  facet normal 0.67158 0.740932 0
    outer loop
      vertex -4.20208 1.79792 3
      vertex -4.07847 1.68588 1.6
      vertex -4.20208 1.79792 1.6
    endloop
  endfacet
  facet normal 0.514099 -0.857731 0
    outer loop
      vertex -3.94447 4.4135 1.6
      vertex -3.80137 4.49927 3
      vertex -3.94447 4.4135 3
    endloop
  endfacet
  facet normal 0.514099 -0.857731 0
    outer loop
      vertex -3.80137 4.49927 3
      vertex -3.94447 4.4135 1.6
      vertex -3.80137 4.49927 1.6
    endloop
  endfacet
  facet normal 0.97004 0.242945 0
    outer loop
      vertex -4.6268 2.50652 3
      vertex -4.66733 2.66835 1.6
      vertex -4.66733 2.66835 3
    endloop
  endfacet
  facet normal 0.97004 0.242945 0
    outer loop
      vertex -4.66733 2.66835 1.6
      vertex -4.6268 2.50652 3
      vertex -4.6268 2.50652 1.6
    endloop
  endfacet
  facet normal -0.336921 -0.941533 0
    outer loop
      vertex -2.50652 4.6268 1.6
      vertex -2.34944 4.57059 3
      vertex -2.50652 4.6268 3
    endloop
  endfacet
  facet normal -0.336921 -0.941533 -0
    outer loop
      vertex -2.34944 4.57059 3
      vertex -2.50652 4.6268 1.6
      vertex -2.34944 4.57059 1.6
    endloop
  endfacet
  facet normal 0.803211 -0.595695 0
    outer loop
      vertex -4.4135 3.94447 3
      vertex -4.31412 4.07847 1.6
      vertex -4.31412 4.07847 3
    endloop
  endfacet
  facet normal 0.803211 -0.595695 0
    outer loop
      vertex -4.31412 4.07847 1.6
      vertex -4.4135 3.94447 3
      vertex -4.4135 3.94447 1.6
    endloop
  endfacet
  facet normal 0.989175 -0.14674 0
    outer loop
      vertex -4.69181 3.16663 3
      vertex -4.66733 3.33165 1.6
      vertex -4.66733 3.33165 3
    endloop
  endfacet
  facet normal 0.989175 -0.14674 0
    outer loop
      vertex -4.66733 3.33165 1.6
      vertex -4.69181 3.16663 3
      vertex -4.69181 3.16663 1.6
    endloop
  endfacet
  facet normal -0.595695 -0.803211 0
    outer loop
      vertex -2.05553 4.4135 1.6
      vertex -1.92153 4.31412 3
      vertex -2.05553 4.4135 3
    endloop
  endfacet
  facet normal -0.595695 -0.803211 -0
    outer loop
      vertex -1.92153 4.31412 3
      vertex -2.05553 4.4135 1.6
      vertex -1.92153 4.31412 1.6
    endloop
  endfacet
  facet normal 0.67158 -0.740932 0
    outer loop
      vertex -4.20208 4.20208 1.6
      vertex -4.07847 4.31412 3
      vertex -4.20208 4.20208 3
    endloop
  endfacet
  facet normal 0.67158 -0.740932 0
    outer loop
      vertex -4.07847 4.31412 3
      vertex -4.20208 4.20208 1.6
      vertex -4.07847 4.31412 1.6
    endloop
  endfacet
  facet normal 0.803211 0.595695 0
    outer loop
      vertex -4.31412 1.92153 3
      vertex -4.4135 2.05553 1.6
      vertex -4.4135 2.05553 3
    endloop
  endfacet
  facet normal 0.803211 0.595695 0
    outer loop
      vertex -4.4135 2.05553 1.6
      vertex -4.31412 1.92153 3
      vertex -4.31412 1.92153 1.6
    endloop
  endfacet
  facet normal 0.857715 0.514125 0
    outer loop
      vertex -4.4135 2.05553 3
      vertex -4.49927 2.19862 1.6
      vertex -4.49927 2.19862 3
    endloop
  endfacet
  facet normal 0.857715 0.514125 0
    outer loop
      vertex -4.49927 2.19862 1.6
      vertex -4.4135 2.05553 3
      vertex -4.4135 2.05553 1.6
    endloop
  endfacet
  facet normal 0.0490916 -0.998794 0
    outer loop
      vertex -3.16663 4.69181 1.6
      vertex -3 4.7 3
      vertex -3.16663 4.69181 3
    endloop
  endfacet
  facet normal 0.0490916 -0.998794 0
    outer loop
      vertex -3 4.7 3
      vertex -3.16663 4.69181 1.6
      vertex -3 4.7 1.6
    endloop
  endfacet
  facet normal 0.998794 0.0490916 0
    outer loop
      vertex -4.69181 2.83337 3
      vertex -4.7 3 1.6
      vertex -4.7 3 3
    endloop
  endfacet
  facet normal 0.998794 0.0490916 0
    outer loop
      vertex -4.7 3 1.6
      vertex -4.69181 2.83337 3
      vertex -4.69181 2.83337 1.6
    endloop
  endfacet
  facet normal -0.740932 -0.67158 0
    outer loop
      vertex -1.68588 4.07847 1.6
      vertex -1.79792 4.20208 3
      vertex -1.79792 4.20208 1.6
    endloop
  endfacet
  facet normal -0.740932 -0.67158 0
    outer loop
      vertex -1.79792 4.20208 3
      vertex -1.68588 4.07847 1.6
      vertex -1.68588 4.07847 3
    endloop
  endfacet
  facet normal -0.336886 0.941545 0
    outer loop
      vertex -1.81368 0.135973 0
      vertex -2.10012 0.0334845 1.6
      vertex -1.81368 0.135973 1.6
    endloop
  endfacet
  facet normal -0.336886 0.941545 0
    outer loop
      vertex -2.10012 0.0334845 1.6
      vertex -1.81368 0.135973 0
      vertex -2.10012 0.0334845 0
    endloop
  endfacet
  facet normal -0.242979 0.970031 0
    outer loop
      vertex -2.10012 0.0334845 0
      vertex -2.39522 -0.0404339 1.6
      vertex -2.10012 0.0334845 1.6
    endloop
  endfacet
  facet normal -0.242979 0.970031 0
    outer loop
      vertex -2.39522 -0.0404339 1.6
      vertex -2.10012 0.0334845 0
      vertex -2.39522 -0.0404339 0
    endloop
  endfacet
  facet normal 0.803195 -0.595716 0
    outer loop
      vertex -5.57756 4.72227 1.6
      vertex -5.39633 4.96662 0
      vertex -5.39633 4.96662 1.6
    endloop
  endfacet
  facet normal 0.803195 -0.595716 0
    outer loop
      vertex -5.39633 4.96662 0
      vertex -5.57756 4.72227 1.6
      vertex -5.57756 4.72227 0
    endloop
  endfacet
  facet normal -0.514097 0.857732 0
    outer loop
      vertex -1.27773 0.422443 0
      vertex -1.53867 0.266044 1.6
      vertex -1.27773 0.422443 1.6
    endloop
  endfacet
  facet normal -0.514097 0.857732 0
    outer loop
      vertex -1.53867 0.266044 1.6
      vertex -1.27773 0.422443 0
      vertex -1.53867 0.266044 0
    endloop
  endfacet
  facet normal 0.97003 0.242984 0
    outer loop
      vertex -5.96651 2.10012 1.6
      vertex -6.04043 2.39522 0
      vertex -6.04043 2.39522 1.6
    endloop
  endfacet
  facet normal 0.97003 0.242984 0
    outer loop
      vertex -6.04043 2.39522 0
      vertex -5.96651 2.10012 1.6
      vertex -5.96651 2.10012 0
    endloop
  endfacet
  facet normal -0.803205 0.595703 0
    outer loop
      vertex -0.603667 1.03338 0
      vertex -0.422443 1.27773 1.6
      vertex -0.422443 1.27773 0
    endloop
  endfacet
  facet normal -0.803205 0.595703 0
    outer loop
      vertex -0.422443 1.27773 1.6
      vertex -0.603667 1.03338 0
      vertex -0.603667 1.03338 1.6
    endloop
  endfacet
  facet normal -0.989177 0.14673 0
    outer loop
      vertex 0.0404339 2.39522 0
      vertex 0.0850725 2.69615 1.6
      vertex 0.0850725 2.69615 0
    endloop
  endfacet
  facet normal -0.989177 0.14673 0
    outer loop
      vertex 0.0850725 2.69615 1.6
      vertex 0.0404339 2.39522 0
      vertex 0.0404339 2.39522 1.6
    endloop
  endfacet
  facet normal -0.336861 -0.941554 0
    outer loop
      vertex -2.10012 5.96651 0
      vertex -1.81368 5.86403 1.6
      vertex -2.10012 5.96651 1.6
    endloop
  endfacet
  facet normal -0.336861 -0.941554 -0
    outer loop
      vertex -1.81368 5.86403 1.6
      vertex -2.10012 5.96651 0
      vertex -1.81368 5.86403 0
    endloop
  endfacet
  facet normal 0 0 -1
    outer loop
      vertex -1.3 3 1.6
      vertex 0.0999994 3 1.6
      vertex 0.0850725 2.69615 1.6
    endloop
  endfacet
  facet normal 0 0 -1
    outer loop
      vertex -1.30819 2.83337 1.6
      vertex 0.0850725 2.69615 1.6
      vertex 0.0404339 2.39522 1.6
    endloop
  endfacet
  facet normal 0 0 -1
    outer loop
      vertex 0.0999994 3 1.6
      vertex -1.3 3 1.6
      vertex 0.0850725 3.30385 1.6
    endloop
  endfacet
  facet normal 0 0 -1
    outer loop
      vertex -1.33266 2.66835 1.6
      vertex 0.0404339 2.39522 1.6
      vertex -0.0334845 2.10012 1.6
    endloop
  endfacet
  facet normal 0 0 -1
    outer loop
      vertex -1.30819 3.16663 1.6
      vertex 0.0850725 3.30385 1.6
      vertex -1.3 3 1.6
    endloop
  endfacet
  facet normal 0 0 -1
    outer loop
      vertex -1.3732 2.50652 1.6
      vertex -0.0334845 2.10012 1.6
      vertex -0.135973 1.81368 1.6
    endloop
  endfacet
  facet normal -0 0 -1
    outer loop
      vertex 0.0850725 3.30385 1.6
      vertex -1.30819 3.16663 1.6
      vertex 0.0404339 3.60478 1.6
    endloop
  endfacet
  facet normal 0 0 -1
    outer loop
      vertex -1.4294 2.34944 1.6
      vertex -0.135973 1.81368 1.6
      vertex -0.266044 1.53867 1.6
    endloop
  endfacet
  facet normal 0 0 -1
    outer loop
      vertex -1.33266 3.33165 1.6
      vertex 0.0404339 3.60478 1.6
      vertex -1.30819 3.16663 1.6
    endloop
  endfacet
  facet normal 0 0 -1
    outer loop
      vertex -1.50073 2.19862 1.6
      vertex -0.266044 1.53867 1.6
      vertex -0.422443 1.27773 1.6
    endloop
  endfacet
  facet normal -0 0 -1
    outer loop
      vertex 0.0404339 3.60478 1.6
      vertex -1.33266 3.33165 1.6
      vertex -0.0334845 3.89988 1.6
    endloop
  endfacet
  facet normal 0 0 -1
    outer loop
      vertex -1.5865 2.05553 1.6
      vertex -0.422443 1.27773 1.6
      vertex -0.603667 1.03338 1.6
    endloop
  endfacet
  facet normal 0 0 -1
    outer loop
      vertex -1.3732 3.49348 1.6
      vertex -0.0334845 3.89988 1.6
      vertex -1.33266 3.33165 1.6
    endloop
  endfacet
  facet normal 0 0 -1
    outer loop
      vertex -1.68588 1.92153 1.6
      vertex -0.603667 1.03338 1.6
      vertex -0.807968 0.807968 1.6
    endloop
  endfacet
  facet normal -0 0 -1
    outer loop
      vertex -0.0334845 3.89988 1.6
      vertex -1.3732 3.49348 1.6
      vertex -0.135973 4.18632 1.6
    endloop
  endfacet
  facet normal 0 0 -1
    outer loop
      vertex -1.79792 1.79792 1.6
      vertex -0.807968 0.807968 1.6
      vertex -1.03338 0.603667 1.6
    endloop
  endfacet
  facet normal 0 0 -1
    outer loop
      vertex -1.4294 3.65056 1.6
      vertex -0.135973 4.18632 1.6
      vertex -1.3732 3.49348 1.6
    endloop
  endfacet
  facet normal 0 0 -1
    outer loop
      vertex -1.92153 1.68588 1.6
      vertex -1.03338 0.603667 1.6
      vertex -1.27773 0.422443 1.6
    endloop
  endfacet
  facet normal -0 0 -1
    outer loop
      vertex -0.135973 4.18632 1.6
      vertex -1.4294 3.65056 1.6
      vertex -0.266044 4.46133 1.6
    endloop
  endfacet
  facet normal 0 0 -1
    outer loop
      vertex -1.50073 3.80137 1.6
      vertex -0.266044 4.46133 1.6
      vertex -1.4294 3.65056 1.6
    endloop
  endfacet
  facet normal 0 0 -1
    outer loop
      vertex 0.0850725 2.69615 1.6
      vertex -1.30819 2.83337 1.6
      vertex -1.3 3 1.6
    endloop
  endfacet
  facet normal 0 0 -1
    outer loop
      vertex 0.0404339 2.39522 1.6
      vertex -1.33266 2.66835 1.6
      vertex -1.30819 2.83337 1.6
    endloop
  endfacet
  facet normal 0 0 -1
    outer loop
      vertex -0.0334845 2.10012 1.6
      vertex -1.3732 2.50652 1.6
      vertex -1.33266 2.66835 1.6
    endloop
  endfacet
  facet normal 0 0 -1
    outer loop
      vertex -0.135973 1.81368 1.6
      vertex -1.4294 2.34944 1.6
      vertex -1.3732 2.50652 1.6
    endloop
  endfacet
  facet normal 0 0 -1
    outer loop
      vertex -0.266044 1.53867 1.6
      vertex -1.50073 2.19862 1.6
      vertex -1.4294 2.34944 1.6
    endloop
  endfacet
  facet normal 0 0 -1
    outer loop
      vertex -2.05553 1.5865 1.6
      vertex -1.27773 0.422443 1.6
      vertex -1.53867 0.266044 1.6
    endloop
  endfacet
  facet normal 0 0 -1
    outer loop
      vertex -0.422443 1.27773 1.6
      vertex -1.5865 2.05553 1.6
      vertex -1.50073 2.19862 1.6
    endloop
  endfacet
  facet normal 0 0 -1
    outer loop
      vertex -0.603667 1.03338 1.6
      vertex -1.68588 1.92153 1.6
      vertex -1.5865 2.05553 1.6
    endloop
  endfacet
  facet normal 0 0 -1
    outer loop
      vertex -0.807968 0.807968 1.6
      vertex -1.79792 1.79792 1.6
      vertex -1.68588 1.92153 1.6
    endloop
  endfacet
  facet normal 0 0 -1
    outer loop
      vertex -2.19862 1.50073 1.6
      vertex -1.53867 0.266044 1.6
      vertex -1.81368 0.135973 1.6
    endloop
  endfacet
  facet normal 0 0 -1
    outer loop
      vertex -1.03338 0.603667 1.6
      vertex -1.92153 1.68588 1.6
      vertex -1.79792 1.79792 1.6
    endloop
  endfacet
  facet normal 0 0 -1
    outer loop
      vertex -1.27773 0.422443 1.6
      vertex -2.05553 1.5865 1.6
      vertex -1.92153 1.68588 1.6
    endloop
  endfacet
  facet normal 0 0 -1
    outer loop
      vertex -2.34944 1.4294 1.6
      vertex -1.81368 0.135973 1.6
      vertex -2.10012 0.0334845 1.6
    endloop
  endfacet
  facet normal 0 0 -1
    outer loop
      vertex -1.53867 0.266044 1.6
      vertex -2.19862 1.50073 1.6
      vertex -2.05553 1.5865 1.6
    endloop
  endfacet
  facet normal 0 0 -1
    outer loop
      vertex -1.81368 0.135973 1.6
      vertex -2.34944 1.4294 1.6
      vertex -2.19862 1.50073 1.6
    endloop
  endfacet
  facet normal 0 0 -1
    outer loop
      vertex -2.50652 1.3732 1.6
      vertex -2.10012 0.0334845 1.6
      vertex -2.39522 -0.0404339 1.6
    endloop
  endfacet
  facet normal 0 0 -1
    outer loop
      vertex -2.10012 0.0334845 1.6
      vertex -2.50652 1.3732 1.6
      vertex -2.34944 1.4294 1.6
    endloop
  endfacet
  facet normal 0 0 -1
    outer loop
      vertex -2.39522 -0.0404339 1.6
      vertex -2.66835 1.33266 1.6
      vertex -2.50652 1.3732 1.6
    endloop
  endfacet
  facet normal 0 0 -1
    outer loop
      vertex -2.69615 -0.0850725 1.6
      vertex -2.66835 1.33266 1.6
      vertex -2.39522 -0.0404339 1.6
    endloop
  endfacet
  facet normal 0 0 -1
    outer loop
      vertex -2.69615 -0.0850725 1.6
      vertex -2.83337 1.30819 1.6
      vertex -2.66835 1.33266 1.6
    endloop
  endfacet
  facet normal 0 0 -1
    outer loop
      vertex -3 -0.0999994 1.6
      vertex -2.83337 1.30819 1.6
      vertex -2.69615 -0.0850725 1.6
    endloop
  endfacet
  facet normal 0 0 -1
    outer loop
      vertex -3 -0.0999994 1.6
      vertex -3 1.3 1.6
      vertex -2.83337 1.30819 1.6
    endloop
  endfacet
  facet normal 0 0 -1
    outer loop
      vertex -3 -0.0999994 1.6
      vertex -3.16663 1.30819 1.6
      vertex -3 1.3 1.6
    endloop
  endfacet
  facet normal 0 0 -1
    outer loop
      vertex -3.30385 -0.0850725 1.6
      vertex -3.16663 1.30819 1.6
      vertex -3 -0.0999994 1.6
    endloop
  endfacet
  facet normal 0 0 -1
    outer loop
      vertex -3.30385 -0.0850725 1.6
      vertex -3.33165 1.33266 1.6
      vertex -3.16663 1.30819 1.6
    endloop
  endfacet
  facet normal 0 0 -1
    outer loop
      vertex -3.60478 -0.0404339 1.6
      vertex -3.33165 1.33266 1.6
      vertex -3.30385 -0.0850725 1.6
    endloop
  endfacet
  facet normal -0 0 -1
    outer loop
      vertex -3.33165 1.33266 1.6
      vertex -3.60478 -0.0404339 1.6
      vertex -3.49348 1.3732 1.6
    endloop
  endfacet
  facet normal 0 0 -1
    outer loop
      vertex -3.89988 0.0334845 1.6
      vertex -3.49348 1.3732 1.6
      vertex -3.60478 -0.0404339 1.6
    endloop
  endfacet
  facet normal -0 0 -1
    outer loop
      vertex -3.49348 1.3732 1.6
      vertex -3.89988 0.0334845 1.6
      vertex -3.65056 1.4294 1.6
    endloop
  endfacet
  facet normal 0 0 -1
    outer loop
      vertex -4.18632 0.135973 1.6
      vertex -3.65056 1.4294 1.6
      vertex -3.89988 0.0334845 1.6
    endloop
  endfacet
  facet normal -0 0 -1
    outer loop
      vertex -3.65056 1.4294 1.6
      vertex -4.18632 0.135973 1.6
      vertex -3.80137 1.50073 1.6
    endloop
  endfacet
  facet normal 0 0 -1
    outer loop
      vertex -4.46133 0.266044 1.6
      vertex -3.80137 1.50073 1.6
      vertex -4.18632 0.135973 1.6
    endloop
  endfacet
  facet normal -0 0 -1
    outer loop
      vertex -3.80137 1.50073 1.6
      vertex -4.46133 0.266044 1.6
      vertex -3.94447 1.5865 1.6
    endloop
  endfacet
  facet normal 0 0 -1
    outer loop
      vertex -4.72227 0.422443 1.6
      vertex -3.94447 1.5865 1.6
      vertex -4.46133 0.266044 1.6
    endloop
  endfacet
  facet normal -0 0 -1
    outer loop
      vertex -3.94447 1.5865 1.6
      vertex -4.72227 0.422443 1.6
      vertex -4.07847 1.68588 1.6
    endloop
  endfacet
  facet normal 0 0 -1
    outer loop
      vertex -4.96662 0.603667 1.6
      vertex -4.07847 1.68588 1.6
      vertex -4.72227 0.422443 1.6
    endloop
  endfacet
  facet normal -0 0 -1
    outer loop
      vertex -4.07847 1.68588 1.6
      vertex -4.96662 0.603667 1.6
      vertex -4.20208 1.79792 1.6
    endloop
  endfacet
  facet normal 0 0 -1
    outer loop
      vertex -5.19203 0.807968 1.6
      vertex -4.20208 1.79792 1.6
      vertex -4.96662 0.603667 1.6
    endloop
  endfacet
  facet normal -0 0 -1
    outer loop
      vertex -4.20208 1.79792 1.6
      vertex -5.19203 0.807968 1.6
      vertex -4.31412 1.92153 1.6
    endloop
  endfacet
  facet normal 0 0 -1
    outer loop
      vertex -5.39633 1.03338 1.6
      vertex -4.31412 1.92153 1.6
      vertex -5.19203 0.807968 1.6
    endloop
  endfacet
  facet normal -0 0 -1
    outer loop
      vertex -4.31412 1.92153 1.6
      vertex -5.39633 1.03338 1.6
      vertex -4.4135 2.05553 1.6
    endloop
  endfacet
  facet normal 0 0 -1
    outer loop
      vertex -5.57756 1.27773 1.6
      vertex -4.4135 2.05553 1.6
      vertex -5.39633 1.03338 1.6
    endloop
  endfacet
  facet normal 0 0 -1
    outer loop
      vertex -5.73396 1.53867 1.6
      vertex -4.49927 2.19862 1.6
      vertex -5.57756 1.27773 1.6
    endloop
  endfacet
  facet normal -0 0 -1
    outer loop
      vertex -4.4135 2.05553 1.6
      vertex -5.57756 1.27773 1.6
      vertex -4.49927 2.19862 1.6
    endloop
  endfacet
  facet normal -0 0 -1
    outer loop
      vertex -0.266044 4.46133 1.6
      vertex -1.50073 3.80137 1.6
      vertex -0.422443 4.72227 1.6
    endloop
  endfacet
  facet normal 0 0 -1
    outer loop
      vertex -1.5865 3.94447 1.6
      vertex -0.422443 4.72227 1.6
      vertex -1.50073 3.80137 1.6
    endloop
  endfacet
  facet normal -0 0 -1
    outer loop
      vertex -0.422443 4.72227 1.6
      vertex -1.5865 3.94447 1.6
      vertex -0.603667 4.96662 1.6
    endloop
  endfacet
  facet normal 0 0 -1
    outer loop
      vertex -1.68588 4.07847 1.6
      vertex -0.603667 4.96662 1.6
      vertex -1.5865 3.94447 1.6
    endloop
  endfacet
  facet normal -0 0 -1
    outer loop
      vertex -0.603667 4.96662 1.6
      vertex -1.68588 4.07847 1.6
      vertex -0.807968 5.19203 1.6
    endloop
  endfacet
  facet normal 0 0 -1
    outer loop
      vertex -1.79792 4.20208 1.6
      vertex -0.807968 5.19203 1.6
      vertex -1.68588 4.07847 1.6
    endloop
  endfacet
  facet normal -0 0 -1
    outer loop
      vertex -0.807968 5.19203 1.6
      vertex -1.79792 4.20208 1.6
      vertex -1.03338 5.39633 1.6
    endloop
  endfacet
  facet normal 0 0 -1
    outer loop
      vertex -1.92153 4.31412 1.6
      vertex -1.03338 5.39633 1.6
      vertex -1.79792 4.20208 1.6
    endloop
  endfacet
  facet normal -0 0 -1
    outer loop
      vertex -1.03338 5.39633 1.6
      vertex -1.92153 4.31412 1.6
      vertex -1.27773 5.57756 1.6
    endloop
  endfacet
  facet normal 0 0 -1
    outer loop
      vertex -2.05553 4.4135 1.6
      vertex -1.27773 5.57756 1.6
      vertex -1.92153 4.31412 1.6
    endloop
  endfacet
  facet normal -0 0 -1
    outer loop
      vertex -1.27773 5.57756 1.6
      vertex -2.05553 4.4135 1.6
      vertex -1.53867 5.73396 1.6
    endloop
  endfacet
  facet normal 0 0 -1
    outer loop
      vertex -2.19862 4.49927 1.6
      vertex -1.53867 5.73396 1.6
      vertex -2.05553 4.4135 1.6
    endloop
  endfacet
  facet normal -0 0 -1
    outer loop
      vertex -1.53867 5.73396 1.6
      vertex -2.19862 4.49927 1.6
      vertex -1.81368 5.86403 1.6
    endloop
  endfacet
  facet normal 0 0 -1
    outer loop
      vertex -2.34944 4.57059 1.6
      vertex -1.81368 5.86403 1.6
      vertex -2.19862 4.49927 1.6
    endloop
  endfacet
  facet normal -0 0 -1
    outer loop
      vertex -1.81368 5.86403 1.6
      vertex -2.34944 4.57059 1.6
      vertex -2.10012 5.96651 1.6
    endloop
  endfacet
  facet normal 0 0 -1
    outer loop
      vertex -2.50652 4.6268 1.6
      vertex -2.10012 5.96651 1.6
      vertex -2.34944 4.57059 1.6
    endloop
  endfacet
  facet normal -0 0 -1
    outer loop
      vertex -2.10012 5.96651 1.6
      vertex -2.50652 4.6268 1.6
      vertex -2.39522 6.04043 1.6
    endloop
  endfacet
  facet normal 0 0 -1
    outer loop
      vertex -2.66835 4.66733 1.6
      vertex -2.39522 6.04043 1.6
      vertex -2.50652 4.6268 1.6
    endloop
  endfacet
  facet normal 0 0 -1
    outer loop
      vertex -2.66835 4.66733 1.6
      vertex -2.69615 6.08507 1.6
      vertex -2.39522 6.04043 1.6
    endloop
  endfacet
  facet normal 0 0 -1
    outer loop
      vertex -2.83337 4.69181 1.6
      vertex -2.69615 6.08507 1.6
      vertex -2.66835 4.66733 1.6
    endloop
  endfacet
  facet normal 0 0 -1
    outer loop
      vertex -3 4.7 1.6
      vertex -2.69615 6.08507 1.6
      vertex -2.83337 4.69181 1.6
    endloop
  endfacet
  facet normal 0 0 -1
    outer loop
      vertex -3 4.7 1.6
      vertex -3 6.1 1.6
      vertex -2.69615 6.08507 1.6
    endloop
  endfacet
  facet normal 0 0 -1
    outer loop
      vertex -3.16663 4.69181 1.6
      vertex -3 6.1 1.6
      vertex -3 4.7 1.6
    endloop
  endfacet
  facet normal 0 0 -1
    outer loop
      vertex -3.16663 4.69181 1.6
      vertex -3.30385 6.08507 1.6
      vertex -3 6.1 1.6
    endloop
  endfacet
  facet normal 0 0 -1
    outer loop
      vertex -3.33165 4.66733 1.6
      vertex -3.30385 6.08507 1.6
      vertex -3.16663 4.69181 1.6
    endloop
  endfacet
  facet normal 0 0 -1
    outer loop
      vertex -3.60478 6.04043 1.6
      vertex -3.33165 4.66733 1.6
      vertex -3.49348 4.6268 1.6
    endloop
  endfacet
  facet normal 0 0 -1
    outer loop
      vertex -3.33165 4.66733 1.6
      vertex -3.60478 6.04043 1.6
      vertex -3.30385 6.08507 1.6
    endloop
  endfacet
  facet normal 0 0 -1
    outer loop
      vertex -3.89988 5.96651 1.6
      vertex -3.49348 4.6268 1.6
      vertex -3.65056 4.57059 1.6
    endloop
  endfacet
  facet normal 0 0 -1
    outer loop
      vertex -4.18632 5.86403 1.6
      vertex -3.65056 4.57059 1.6
      vertex -3.80137 4.49927 1.6
    endloop
  endfacet
  facet normal 0 0 -1
    outer loop
      vertex -3.49348 4.6268 1.6
      vertex -3.89988 5.96651 1.6
      vertex -3.60478 6.04043 1.6
    endloop
  endfacet
  facet normal 0 0 -1
    outer loop
      vertex -4.46133 5.73396 1.6
      vertex -3.80137 4.49927 1.6
      vertex -3.94447 4.4135 1.6
    endloop
  endfacet
  facet normal 0 0 -1
    outer loop
      vertex -4.72227 5.57756 1.6
      vertex -3.94447 4.4135 1.6
      vertex -4.07847 4.31412 1.6
    endloop
  endfacet
  facet normal 0 0 -1
    outer loop
      vertex -3.65056 4.57059 1.6
      vertex -4.18632 5.86403 1.6
      vertex -3.89988 5.96651 1.6
    endloop
  endfacet
  facet normal 0 0 -1
    outer loop
      vertex -4.96662 5.39633 1.6
      vertex -4.07847 4.31412 1.6
      vertex -4.20208 4.20208 1.6
    endloop
  endfacet
  facet normal 0 0 -1
    outer loop
      vertex -5.19203 5.19203 1.6
      vertex -4.20208 4.20208 1.6
      vertex -4.31412 4.07847 1.6
    endloop
  endfacet
  facet normal 0 0 -1
    outer loop
      vertex -5.39633 4.96662 1.6
      vertex -4.31412 4.07847 1.6
      vertex -4.4135 3.94447 1.6
    endloop
  endfacet
  facet normal 0 0 -1
    outer loop
      vertex -3.80137 4.49927 1.6
      vertex -4.46133 5.73396 1.6
      vertex -4.18632 5.86403 1.6
    endloop
  endfacet
  facet normal 0 0 -1
    outer loop
      vertex -5.57756 4.72227 1.6
      vertex -4.4135 3.94447 1.6
      vertex -4.49927 3.80137 1.6
    endloop
  endfacet
  facet normal 0 0 -1
    outer loop
      vertex -5.73396 4.46133 1.6
      vertex -4.49927 3.80137 1.6
      vertex -4.57059 3.65056 1.6
    endloop
  endfacet
  facet normal 0 0 -1
    outer loop
      vertex -5.86403 4.18632 1.6
      vertex -4.57059 3.65056 1.6
      vertex -4.6268 3.49348 1.6
    endloop
  endfacet
  facet normal 0 0 -1
    outer loop
      vertex -5.96651 3.89988 1.6
      vertex -4.6268 3.49348 1.6
      vertex -4.66733 3.33165 1.6
    endloop
  endfacet
  facet normal 0 0 -1
    outer loop
      vertex -6.04043 3.60478 1.6
      vertex -4.66733 3.33165 1.6
      vertex -4.69181 3.16663 1.6
    endloop
  endfacet
  facet normal 0 0 -1
    outer loop
      vertex -3.94447 4.4135 1.6
      vertex -4.72227 5.57756 1.6
      vertex -4.46133 5.73396 1.6
    endloop
  endfacet
  facet normal 0 0 -1
    outer loop
      vertex -6.08507 3.30385 1.6
      vertex -4.69181 3.16663 1.6
      vertex -4.7 3 1.6
    endloop
  endfacet
  facet normal -0 0 -1
    outer loop
      vertex -4.49927 2.19862 1.6
      vertex -5.73396 1.53867 1.6
      vertex -4.57059 2.34944 1.6
    endloop
  endfacet
  facet normal 0 0 -1
    outer loop
      vertex -5.86403 1.81368 1.6
      vertex -4.57059 2.34944 1.6
      vertex -5.73396 1.53867 1.6
    endloop
  endfacet
  facet normal 0 0 -1
    outer loop
      vertex -4.07847 4.31412 1.6
      vertex -4.96662 5.39633 1.6
      vertex -4.72227 5.57756 1.6
    endloop
  endfacet
  facet normal -0 0 -1
    outer loop
      vertex -4.57059 2.34944 1.6
      vertex -5.86403 1.81368 1.6
      vertex -4.6268 2.50652 1.6
    endloop
  endfacet
  facet normal 0 0 -1
    outer loop
      vertex -4.20208 4.20208 1.6
      vertex -5.19203 5.19203 1.6
      vertex -4.96662 5.39633 1.6
    endloop
  endfacet
  facet normal 0 0 -1
    outer loop
      vertex -5.96651 2.10012 1.6
      vertex -4.6268 2.50652 1.6
      vertex -5.86403 1.81368 1.6
    endloop
  endfacet
  facet normal 0 0 -1
    outer loop
      vertex -4.31412 4.07847 1.6
      vertex -5.39633 4.96662 1.6
      vertex -5.19203 5.19203 1.6
    endloop
  endfacet
  facet normal -0 0 -1
    outer loop
      vertex -4.6268 2.50652 1.6
      vertex -5.96651 2.10012 1.6
      vertex -4.66733 2.66835 1.6
    endloop
  endfacet
  facet normal 0 0 -1
    outer loop
      vertex -4.4135 3.94447 1.6
      vertex -5.57756 4.72227 1.6
      vertex -5.39633 4.96662 1.6
    endloop
  endfacet
  facet normal 0 0 -1
    outer loop
      vertex -6.04043 2.39522 1.6
      vertex -4.66733 2.66835 1.6
      vertex -5.96651 2.10012 1.6
    endloop
  endfacet
  facet normal 0 0 -1
    outer loop
      vertex -4.49927 3.80137 1.6
      vertex -5.73396 4.46133 1.6
      vertex -5.57756 4.72227 1.6
    endloop
  endfacet
  facet normal -0 0 -1
    outer loop
      vertex -4.66733 2.66835 1.6
      vertex -6.04043 2.39522 1.6
      vertex -4.69181 2.83337 1.6
    endloop
  endfacet
  facet normal 0 0 -1
    outer loop
      vertex -4.57059 3.65056 1.6
      vertex -5.86403 4.18632 1.6
      vertex -5.73396 4.46133 1.6
    endloop
  endfacet
  facet normal 0 0 -1
    outer loop
      vertex -6.08507 2.69615 1.6
      vertex -4.69181 2.83337 1.6
      vertex -6.04043 2.39522 1.6
    endloop
  endfacet
  facet normal 0 0 -1
    outer loop
      vertex -4.6268 3.49348 1.6
      vertex -5.96651 3.89988 1.6
      vertex -5.86403 4.18632 1.6
    endloop
  endfacet
  facet normal -0 0 -1
    outer loop
      vertex -4.69181 2.83337 1.6
      vertex -6.08507 2.69615 1.6
      vertex -4.7 3 1.6
    endloop
  endfacet
  facet normal 0 0 -1
    outer loop
      vertex -4.66733 3.33165 1.6
      vertex -6.04043 3.60478 1.6
      vertex -5.96651 3.89988 1.6
    endloop
  endfacet
  facet normal 0 0 -1
    outer loop
      vertex -6.1 3 1.6
      vertex -4.7 3 1.6
      vertex -6.08507 2.69615 1.6
    endloop
  endfacet
  facet normal 0 0 -1
    outer loop
      vertex -4.69181 3.16663 1.6
      vertex -6.08507 3.30385 1.6
      vertex -6.04043 3.60478 1.6
    endloop
  endfacet
  facet normal 0 0 -1
    outer loop
      vertex -4.7 3 1.6
      vertex -6.1 3 1.6
      vertex -6.08507 3.30385 1.6
    endloop
  endfacet
  facet normal 0.857731 -0.514099 0
    outer loop
      vertex -5.73396 4.46133 1.6
      vertex -5.57756 4.72227 0
      vertex -5.57756 4.72227 1.6
    endloop
  endfacet
  facet normal 0.857731 -0.514099 0
    outer loop
      vertex -5.57756 4.72227 0
      vertex -5.73396 4.46133 1.6
      vertex -5.73396 4.46133 0
    endloop
  endfacet
  facet normal 0.740954 0.671556 0
    outer loop
      vertex -5.19203 0.807968 1.6
      vertex -5.39633 1.03338 0
      vertex -5.39633 1.03338 1.6
    endloop
  endfacet
  facet normal 0.740954 0.671556 0
    outer loop
      vertex -5.39633 1.03338 0
      vertex -5.19203 0.807968 1.6
      vertex -5.19203 0.807968 0
    endloop
  endfacet
  facet normal -0.903988 0.427558 0
    outer loop
      vertex -0.266044 1.53867 0
      vertex -0.135973 1.81368 1.6
      vertex -0.135973 1.81368 0
    endloop
  endfacet
  facet normal -0.903988 0.427558 0
    outer loop
      vertex -0.135973 1.81368 1.6
      vertex -0.266044 1.53867 0
      vertex -0.266044 1.53867 1.6
    endloop
  endfacet
  facet normal -0.941545 0.336886 0
    outer loop
      vertex -0.135973 1.81368 0
      vertex -0.0334845 2.10012 1.6
      vertex -0.0334845 2.10012 0
    endloop
  endfacet
  facet normal -0.941545 0.336886 0
    outer loop
      vertex -0.0334845 2.10012 1.6
      vertex -0.135973 1.81368 0
      vertex -0.135973 1.81368 1.6
    endloop
  endfacet
  facet normal -0.998796 0.0490667 0
    outer loop
      vertex 0.0850725 2.69615 0
      vertex 0.0999994 3 1.6
      vertex 0.0999994 3 0
    endloop
  endfacet
  facet normal -0.998796 0.0490667 0
    outer loop
      vertex 0.0999994 3 1.6
      vertex 0.0850725 2.69615 0
      vertex 0.0850725 2.69615 1.6
    endloop
  endfacet
  facet normal 0.242979 0.970031 -0
    outer loop
      vertex -3.60478 -0.0404339 0
      vertex -3.89988 0.0334845 1.6
      vertex -3.60478 -0.0404339 1.6
    endloop
  endfacet
  facet normal 0.242979 0.970031 0
    outer loop
      vertex -3.89988 0.0334845 1.6
      vertex -3.60478 -0.0404339 0
      vertex -3.89988 0.0334845 0
    endloop
  endfacet
  facet normal -0.989177 -0.14673 0
    outer loop
      vertex 0.0850725 3.30385 0
      vertex 0.0404339 3.60478 1.6
      vertex 0.0404339 3.60478 0
    endloop
  endfacet
  facet normal -0.989177 -0.14673 0
    outer loop
      vertex 0.0404339 3.60478 1.6
      vertex 0.0850725 3.30385 0
      vertex 0.0850725 3.30385 1.6
    endloop
  endfacet
  facet normal 0.903989 0.427555 0
    outer loop
      vertex -5.73396 1.53867 1.6
      vertex -5.86403 1.81368 0
      vertex -5.86403 1.81368 1.6
    endloop
  endfacet
  facet normal 0.903989 0.427555 0
    outer loop
      vertex -5.86403 1.81368 0
      vertex -5.73396 1.53867 1.6
      vertex -5.73396 1.53867 0
    endloop
  endfacet
  facet normal -0.514099 -0.857731 0
    outer loop
      vertex -1.53867 5.73396 0
      vertex -1.27773 5.57756 1.6
      vertex -1.53867 5.73396 1.6
    endloop
  endfacet
  facet normal -0.514099 -0.857731 -0
    outer loop
      vertex -1.27773 5.57756 1.6
      vertex -1.53867 5.73396 0
      vertex -1.27773 5.57756 0
    endloop
  endfacet
  facet normal 0.0490769 -0.998795 0
    outer loop
      vertex -3.30385 6.08507 0
      vertex -3 6.1 1.6
      vertex -3.30385 6.08507 1.6
    endloop
  endfacet
  facet normal 0.0490769 -0.998795 0
    outer loop
      vertex -3 6.1 1.6
      vertex -3.30385 6.08507 0
      vertex -3 6.1 0
    endloop
  endfacet
  facet normal -0.903988 -0.427558 0
    outer loop
      vertex -0.135973 4.18632 0
      vertex -0.266044 4.46133 1.6
      vertex -0.266044 4.46133 0
    endloop
  endfacet
  facet normal -0.903988 -0.427558 0
    outer loop
      vertex -0.266044 4.46133 1.6
      vertex -0.135973 4.18632 0
      vertex -0.135973 4.18632 1.6
    endloop
  endfacet
  facet normal 0.242984 -0.97003 0
    outer loop
      vertex -3.89988 5.96651 0
      vertex -3.60478 6.04043 1.6
      vertex -3.89988 5.96651 1.6
    endloop
  endfacet
  facet normal 0.242984 -0.97003 0
    outer loop
      vertex -3.60478 6.04043 1.6
      vertex -3.89988 5.96651 0
      vertex -3.60478 6.04043 0
    endloop
  endfacet
  facet normal 0.14673 0.989177 -0
    outer loop
      vertex -3.30385 -0.0850725 0
      vertex -3.60478 -0.0404339 1.6
      vertex -3.30385 -0.0850725 1.6
    endloop
  endfacet
  facet normal 0.14673 0.989177 0
    outer loop
      vertex -3.60478 -0.0404339 1.6
      vertex -3.30385 -0.0850725 0
      vertex -3.60478 -0.0404339 0
    endloop
  endfacet
  facet normal -0.998796 -0.0490667 0
    outer loop
      vertex 0.0999994 3 0
      vertex 0.0850725 3.30385 1.6
      vertex 0.0850725 3.30385 0
    endloop
  endfacet
  facet normal -0.998796 -0.0490667 0
    outer loop
      vertex 0.0850725 3.30385 1.6
      vertex 0.0999994 3 0
      vertex 0.0999994 3 1.6
    endloop
  endfacet
  facet normal -0.14673 0.989177 0
    outer loop
      vertex -2.39522 -0.0404339 0
      vertex -2.69615 -0.0850725 1.6
      vertex -2.39522 -0.0404339 1.6
    endloop
  endfacet
  facet normal -0.14673 0.989177 0
    outer loop
      vertex -2.69615 -0.0850725 1.6
      vertex -2.39522 -0.0404339 0
      vertex -2.69615 -0.0850725 0
    endloop
  endfacet
  facet normal -0.970031 0.242979 0
    outer loop
      vertex -0.0334845 2.10012 0
      vertex 0.0404339 2.39522 1.6
      vertex 0.0404339 2.39522 0
    endloop
  endfacet
  facet normal -0.970031 0.242979 0
    outer loop
      vertex 0.0404339 2.39522 1.6
      vertex -0.0334845 2.10012 0
      vertex -0.0334845 2.10012 1.6
    endloop
  endfacet
  facet normal -0.671558 0.740952 0
    outer loop
      vertex -0.807968 0.807968 0
      vertex -1.03338 0.603667 1.6
      vertex -0.807968 0.807968 1.6
    endloop
  endfacet
  facet normal -0.671558 0.740952 0
    outer loop
      vertex -1.03338 0.603667 1.6
      vertex -0.807968 0.807968 0
      vertex -1.03338 0.603667 0
    endloop
  endfacet
  facet normal 0.740951 -0.671559 0
    outer loop
      vertex -5.39633 4.96662 1.6
      vertex -5.19203 5.19203 0
      vertex -5.19203 5.19203 1.6
    endloop
  endfacet
  facet normal 0.740951 -0.671559 0
    outer loop
      vertex -5.19203 5.19203 0
      vertex -5.39633 4.96662 1.6
      vertex -5.39633 4.96662 0
    endloop
  endfacet
  facet normal 0.671561 0.740949 -0
    outer loop
      vertex -4.96662 0.603667 0
      vertex -5.19203 0.807968 1.6
      vertex -4.96662 0.603667 1.6
    endloop
  endfacet
  facet normal 0.671561 0.740949 0
    outer loop
      vertex -5.19203 0.807968 1.6
      vertex -4.96662 0.603667 0
      vertex -5.19203 0.807968 0
    endloop
  endfacet
  facet normal 0.989176 -0.146734 0
    outer loop
      vertex -6.08507 3.30385 1.6
      vertex -6.04043 3.60478 0
      vertex -6.04043 3.60478 1.6
    endloop
  endfacet
  facet normal 0.989176 -0.146734 0
    outer loop
      vertex -6.04043 3.60478 0
      vertex -6.08507 3.30385 1.6
      vertex -6.08507 3.30385 0
    endloop
  endfacet
  facet normal -0.146734 -0.989176 0
    outer loop
      vertex -2.69615 6.08507 0
      vertex -2.39522 6.04043 1.6
      vertex -2.69615 6.08507 1.6
    endloop
  endfacet
  facet normal -0.146734 -0.989176 -0
    outer loop
      vertex -2.39522 6.04043 1.6
      vertex -2.69615 6.08507 0
      vertex -2.39522 6.04043 0
    endloop
  endfacet
  facet normal 0.998795 0.0490769 0
    outer loop
      vertex -6.08507 2.69615 1.6
      vertex -6.1 3 0
      vertex -6.1 3 1.6
    endloop
  endfacet
  facet normal 0.998795 0.0490769 0
    outer loop
      vertex -6.1 3 0
      vertex -6.08507 2.69615 1.6
      vertex -6.08507 2.69615 0
    endloop
  endfacet
  facet normal -0.595703 0.803205 0
    outer loop
      vertex -1.03338 0.603667 0
      vertex -1.27773 0.422443 1.6
      vertex -1.03338 0.603667 1.6
    endloop
  endfacet
  facet normal -0.595703 0.803205 0
    outer loop
      vertex -1.27773 0.422443 1.6
      vertex -1.03338 0.603667 0
      vertex -1.27773 0.422443 0
    endloop
  endfacet
  facet normal -0.427558 0.903988 0
    outer loop
      vertex -1.53867 0.266044 0
      vertex -1.81368 0.135973 1.6
      vertex -1.53867 0.266044 1.6
    endloop
  endfacet
  facet normal -0.427558 0.903988 0
    outer loop
      vertex -1.81368 0.135973 1.6
      vertex -1.53867 0.266044 0
      vertex -1.81368 0.135973 0
    endloop
  endfacet
  facet normal 0.336886 0.941545 -0
    outer loop
      vertex -3.89988 0.0334845 0
      vertex -4.18632 0.135973 1.6
      vertex -3.89988 0.0334845 1.6
    endloop
  endfacet
  facet normal 0.336886 0.941545 0
    outer loop
      vertex -4.18632 0.135973 1.6
      vertex -3.89988 0.0334845 0
      vertex -4.18632 0.135973 0
    endloop
  endfacet
  facet normal -0.242984 -0.97003 0
    outer loop
      vertex -2.39522 6.04043 0
      vertex -2.10012 5.96651 1.6
      vertex -2.39522 6.04043 1.6
    endloop
  endfacet
  facet normal -0.242984 -0.97003 -0
    outer loop
      vertex -2.10012 5.96651 1.6
      vertex -2.39522 6.04043 0
      vertex -2.10012 5.96651 0
    endloop
  endfacet
  facet normal -0.803205 -0.595703 0
    outer loop
      vertex -0.422443 4.72227 0
      vertex -0.603667 4.96662 1.6
      vertex -0.603667 4.96662 0
    endloop
  endfacet
  facet normal -0.803205 -0.595703 0
    outer loop
      vertex -0.603667 4.96662 1.6
      vertex -0.422443 4.72227 0
      vertex -0.422443 4.72227 1.6
    endloop
  endfacet
  facet normal -0.857732 0.514097 0
    outer loop
      vertex -0.422443 1.27773 0
      vertex -0.266044 1.53867 1.6
      vertex -0.266044 1.53867 0
    endloop
  endfacet
  facet normal -0.857732 0.514097 0
    outer loop
      vertex -0.266044 1.53867 1.6
      vertex -0.422443 1.27773 0
      vertex -0.422443 1.27773 1.6
    endloop
  endfacet
  facet normal 0.427555 -0.903989 0
    outer loop
      vertex -4.46133 5.73396 0
      vertex -4.18632 5.86403 1.6
      vertex -4.46133 5.73396 1.6
    endloop
  endfacet
  facet normal 0.427555 -0.903989 0
    outer loop
      vertex -4.18632 5.86403 1.6
      vertex -4.46133 5.73396 0
      vertex -4.18632 5.86403 0
    endloop
  endfacet
  facet normal -0.671556 -0.740954 0
    outer loop
      vertex -1.03338 5.39633 0
      vertex -0.807968 5.19203 1.6
      vertex -1.03338 5.39633 1.6
    endloop
  endfacet
  facet normal -0.671556 -0.740954 -0
    outer loop
      vertex -0.807968 5.19203 1.6
      vertex -1.03338 5.39633 0
      vertex -0.807968 5.19203 0
    endloop
  endfacet
  facet normal -0.857732 -0.514097 0
    outer loop
      vertex -0.266044 4.46133 0
      vertex -0.422443 4.72227 1.6
      vertex -0.422443 4.72227 0
    endloop
  endfacet
  facet normal -0.857732 -0.514097 0
    outer loop
      vertex -0.422443 4.72227 1.6
      vertex -0.266044 4.46133 0
      vertex -0.266044 4.46133 1.6
    endloop
  endfacet
  facet normal -0.427555 -0.903989 0
    outer loop
      vertex -1.81368 5.86403 0
      vertex -1.53867 5.73396 1.6
      vertex -1.81368 5.86403 1.6
    endloop
  endfacet
  facet normal -0.427555 -0.903989 -0
    outer loop
      vertex -1.53867 5.73396 1.6
      vertex -1.81368 5.86403 0
      vertex -1.53867 5.73396 0
    endloop
  endfacet
  facet normal 0.514097 0.857732 -0
    outer loop
      vertex -4.46133 0.266044 0
      vertex -4.72227 0.422443 1.6
      vertex -4.46133 0.266044 1.6
    endloop
  endfacet
  facet normal 0.514097 0.857732 0
    outer loop
      vertex -4.72227 0.422443 1.6
      vertex -4.46133 0.266044 0
      vertex -4.72227 0.422443 0
    endloop
  endfacet
  facet normal -0.740949 -0.671561 0
    outer loop
      vertex -0.603667 4.96662 0
      vertex -0.807968 5.19203 1.6
      vertex -0.807968 5.19203 0
    endloop
  endfacet
  facet normal -0.740949 -0.671561 0
    outer loop
      vertex -0.807968 5.19203 1.6
      vertex -0.603667 4.96662 0
      vertex -0.603667 4.96662 1.6
    endloop
  endfacet
  facet normal 0.595703 0.803205 -0
    outer loop
      vertex -4.72227 0.422443 0
      vertex -4.96662 0.603667 1.6
      vertex -4.72227 0.422443 1.6
    endloop
  endfacet
  facet normal 0.595703 0.803205 0
    outer loop
      vertex -4.96662 0.603667 1.6
      vertex -4.72227 0.422443 0
      vertex -4.96662 0.603667 0
    endloop
  endfacet
  facet normal 0.803195 0.595716 0
    outer loop
      vertex -5.39633 1.03338 1.6
      vertex -5.57756 1.27773 0
      vertex -5.57756 1.27773 1.6
    endloop
  endfacet
  facet normal 0.803195 0.595716 0
    outer loop
      vertex -5.57756 1.27773 0
      vertex -5.39633 1.03338 1.6
      vertex -5.39633 1.03338 0
    endloop
  endfacet
  facet normal 0.903989 -0.427555 0
    outer loop
      vertex -5.86403 4.18632 1.6
      vertex -5.73396 4.46133 0
      vertex -5.73396 4.46133 1.6
    endloop
  endfacet
  facet normal 0.903989 -0.427555 0
    outer loop
      vertex -5.73396 4.46133 0
      vertex -5.86403 4.18632 1.6
      vertex -5.86403 4.18632 0
    endloop
  endfacet
  facet normal 0.998795 -0.0490769 0
    outer loop
      vertex -6.1 3 1.6
      vertex -6.08507 3.30385 0
      vertex -6.08507 3.30385 1.6
    endloop
  endfacet
  facet normal 0.998795 -0.0490769 0
    outer loop
      vertex -6.08507 3.30385 0
      vertex -6.1 3 1.6
      vertex -6.1 3 0
    endloop
  endfacet
  facet normal 0.0490667 0.998796 -0
    outer loop
      vertex -3 -0.0999994 0
      vertex -3.30385 -0.0850725 1.6
      vertex -3 -0.0999994 1.6
    endloop
  endfacet
  facet normal 0.0490667 0.998796 0
    outer loop
      vertex -3.30385 -0.0850725 1.6
      vertex -3 -0.0999994 0
      vertex -3.30385 -0.0850725 0
    endloop
  endfacet
  facet normal 0.941554 -0.336861 0
    outer loop
      vertex -5.96651 3.89988 1.6
      vertex -5.86403 4.18632 0
      vertex -5.86403 4.18632 1.6
    endloop
  endfacet
  facet normal 0.941554 -0.336861 0
    outer loop
      vertex -5.86403 4.18632 0
      vertex -5.96651 3.89988 1.6
      vertex -5.96651 3.89988 0
    endloop
  endfacet
  facet normal 0.941554 0.336861 0
    outer loop
      vertex -5.86403 1.81368 1.6
      vertex -5.96651 2.10012 0
      vertex -5.96651 2.10012 1.6
    endloop
  endfacet
  facet normal 0.941554 0.336861 0
    outer loop
      vertex -5.96651 2.10012 0
      vertex -5.86403 1.81368 1.6
      vertex -5.86403 1.81368 0
    endloop
  endfacet
  facet normal -0.740952 0.671558 0
    outer loop
      vertex -0.807968 0.807968 0
      vertex -0.603667 1.03338 1.6
      vertex -0.603667 1.03338 0
    endloop
  endfacet
  facet normal -0.740952 0.671558 0
    outer loop
      vertex -0.603667 1.03338 1.6
      vertex -0.807968 0.807968 0
      vertex -0.807968 0.807968 1.6
    endloop
  endfacet
  facet normal -0.595716 -0.803195 0
    outer loop
      vertex -1.27773 5.57756 0
      vertex -1.03338 5.39633 1.6
      vertex -1.27773 5.57756 1.6
    endloop
  endfacet
  facet normal -0.595716 -0.803195 -0
    outer loop
      vertex -1.03338 5.39633 1.6
      vertex -1.27773 5.57756 0
      vertex -1.03338 5.39633 0
    endloop
  endfacet
  facet normal -0.970031 -0.242979 0
    outer loop
      vertex 0.0404339 3.60478 0
      vertex -0.0334845 3.89988 1.6
      vertex -0.0334845 3.89988 0
    endloop
  endfacet
  facet normal -0.970031 -0.242979 0
    outer loop
      vertex -0.0334845 3.89988 1.6
      vertex 0.0404339 3.60478 0
      vertex 0.0404339 3.60478 1.6
    endloop
  endfacet
  facet normal -0.941545 -0.336886 0
    outer loop
      vertex -0.0334845 3.89988 0
      vertex -0.135973 4.18632 1.6
      vertex -0.135973 4.18632 0
    endloop
  endfacet
  facet normal -0.941545 -0.336886 0
    outer loop
      vertex -0.135973 4.18632 1.6
      vertex -0.0334845 3.89988 0
      vertex -0.0334845 3.89988 1.6
    endloop
  endfacet
  facet normal 0.989176 0.146734 0
    outer loop
      vertex -6.04043 2.39522 1.6
      vertex -6.08507 2.69615 0
      vertex -6.08507 2.69615 1.6
    endloop
  endfacet
  facet normal 0.989176 0.146734 0
    outer loop
      vertex -6.08507 2.69615 0
      vertex -6.04043 2.39522 1.6
      vertex -6.04043 2.39522 0
    endloop
  endfacet
  facet normal -0.0490769 -0.998795 0
    outer loop
      vertex -3 6.1 0
      vertex -2.69615 6.08507 1.6
      vertex -3 6.1 1.6
    endloop
  endfacet
  facet normal -0.0490769 -0.998795 -0
    outer loop
      vertex -2.69615 6.08507 1.6
      vertex -3 6.1 0
      vertex -2.69615 6.08507 0
    endloop
  endfacet
  facet normal 0.514099 -0.857731 0
    outer loop
      vertex -4.72227 5.57756 0
      vertex -4.46133 5.73396 1.6
      vertex -4.72227 5.57756 1.6
    endloop
  endfacet
  facet normal 0.514099 -0.857731 0
    outer loop
      vertex -4.46133 5.73396 1.6
      vertex -4.72227 5.57756 0
      vertex -4.46133 5.73396 0
    endloop
  endfacet
  facet normal 0.671559 -0.740951 0
    outer loop
      vertex -5.19203 5.19203 0
      vertex -4.96662 5.39633 1.6
      vertex -5.19203 5.19203 1.6
    endloop
  endfacet
  facet normal 0.671559 -0.740951 0
    outer loop
      vertex -4.96662 5.39633 1.6
      vertex -5.19203 5.19203 0
      vertex -4.96662 5.39633 0
    endloop
  endfacet
  facet normal -0.0490667 0.998796 0
    outer loop
      vertex -2.69615 -0.0850725 0
      vertex -3 -0.0999994 1.6
      vertex -2.69615 -0.0850725 1.6
    endloop
  endfacet
  facet normal -0.0490667 0.998796 0
    outer loop
      vertex -3 -0.0999994 1.6
      vertex -2.69615 -0.0850725 0
      vertex -3 -0.0999994 0
    endloop
  endfacet
  facet normal 0.97003 -0.242984 0
    outer loop
      vertex -6.04043 3.60478 1.6
      vertex -5.96651 3.89988 0
      vertex -5.96651 3.89988 1.6
    endloop
  endfacet
  facet normal 0.97003 -0.242984 0
    outer loop
      vertex -5.96651 3.89988 0
      vertex -6.04043 3.60478 1.6
      vertex -6.04043 3.60478 0
    endloop
  endfacet
  facet normal 0.336861 -0.941554 0
    outer loop
      vertex -4.18632 5.86403 0
      vertex -3.89988 5.96651 1.6
      vertex -4.18632 5.86403 1.6
    endloop
  endfacet
  facet normal 0.336861 -0.941554 0
    outer loop
      vertex -3.89988 5.96651 1.6
      vertex -4.18632 5.86403 0
      vertex -3.89988 5.96651 0
    endloop
  endfacet
  facet normal 0.857731 0.514099 0
    outer loop
      vertex -5.57756 1.27773 1.6
      vertex -5.73396 1.53867 0
      vertex -5.73396 1.53867 1.6
    endloop
  endfacet
  facet normal 0.857731 0.514099 0
    outer loop
      vertex -5.73396 1.53867 0
      vertex -5.57756 1.27773 1.6
      vertex -5.57756 1.27773 0
    endloop
  endfacet
  facet normal 0.146734 -0.989176 0
    outer loop
      vertex -3.60478 6.04043 0
      vertex -3.30385 6.08507 1.6
      vertex -3.60478 6.04043 1.6
    endloop
  endfacet
  facet normal 0.146734 -0.989176 0
    outer loop
      vertex -3.30385 6.08507 1.6
      vertex -3.60478 6.04043 0
      vertex -3.30385 6.08507 0
    endloop
  endfacet
  facet normal 0.427558 0.903988 -0
    outer loop
      vertex -4.18632 0.135973 0
      vertex -4.46133 0.266044 1.6
      vertex -4.18632 0.135973 1.6
    endloop
  endfacet
  facet normal 0.427558 0.903988 0
    outer loop
      vertex -4.46133 0.266044 1.6
      vertex -4.18632 0.135973 0
      vertex -4.46133 0.266044 0
    endloop
  endfacet
  facet normal 0.595716 -0.803195 0
    outer loop
      vertex -4.96662 5.39633 0
      vertex -4.72227 5.57756 1.6
      vertex -4.96662 5.39633 1.6
    endloop
  endfacet
  facet normal 0.595716 -0.803195 0
    outer loop
      vertex -4.72227 5.57756 1.6
      vertex -4.96662 5.39633 0
      vertex -4.72227 5.57756 0
    endloop
  endfacet
  facet normal -0.988718 -0.149788 0
    outer loop
      vertex 173.292 3.16663 1.6
      vertex 173.267 3.33165 3
      vertex 173.267 3.33165 1.6
    endloop
  endfacet
  facet normal -0.988718 -0.149788 0
    outer loop
      vertex 173.267 3.33165 3
      vertex 173.292 3.16663 1.6
      vertex 173.292 3.16663 3
    endloop
  endfacet
  facet normal 0.988718 -0.149788 0
    outer loop
      vertex 169.908 3.16663 3
      vertex 169.933 3.33165 1.6
      vertex 169.933 3.33165 3
    endloop
  endfacet
  facet normal 0.988718 -0.149788 0
    outer loop
      vertex 169.933 3.33165 1.6
      vertex 169.908 3.16663 3
      vertex 169.908 3.16663 1.6
    endloop
  endfacet
  facet normal -0.988718 0.149788 0
    outer loop
      vertex 173.267 2.66835 1.6
      vertex 173.292 2.83337 3
      vertex 173.292 2.83337 1.6
    endloop
  endfacet
  facet normal -0.988718 0.149788 0
    outer loop
      vertex 173.292 2.83337 3
      vertex 173.267 2.66835 1.6
      vertex 173.267 2.66835 3
    endloop
  endfacet
  facet normal 0.857123 -0.515112 0
    outer loop
      vertex 170.101 3.80137 3
      vertex 170.187 3.94447 1.6
      vertex 170.187 3.94447 3
    endloop
  endfacet
  facet normal 0.857123 -0.515112 0
    outer loop
      vertex 170.187 3.94447 1.6
      vertex 170.101 3.80137 3
      vertex 170.101 3.80137 1.6
    endloop
  endfacet
  facet normal 0.048983 0.9988 -0
    outer loop
      vertex 171.6 1.3 1.6
      vertex 171.433 1.30819 3
      vertex 171.6 1.3 3
    endloop
  endfacet
  facet normal 0.048983 0.9988 0
    outer loop
      vertex 171.433 1.30819 3
      vertex 171.6 1.3 1.6
      vertex 171.433 1.30819 1.6
    endloop
  endfacet
  facet normal 0.335127 0.942173 -0
    outer loop
      vertex 171.107 1.3732 1.6
      vertex 170.949 1.4294 3
      vertex 171.107 1.3732 3
    endloop
  endfacet
  facet normal 0.335127 0.942173 0
    outer loop
      vertex 170.949 1.4294 3
      vertex 171.107 1.3732 1.6
      vertex 170.949 1.4294 1.6
    endloop
  endfacet
  facet normal 0.595695 0.803211 -0
    outer loop
      vertex 170.656 1.5865 1.6
      vertex 170.522 1.68588 3
      vertex 170.656 1.5865 3
    endloop
  endfacet
  facet normal 0.595695 0.803211 0
    outer loop
      vertex 170.522 1.68588 3
      vertex 170.656 1.5865 1.6
      vertex 170.522 1.68588 1.6
    endloop
  endfacet
  facet normal -0.998849 -0.0479553 0
    outer loop
      vertex 173.3 3 1.6
      vertex 173.292 3.16663 3
      vertex 173.292 3.16663 1.6
    endloop
  endfacet
  facet normal -0.998849 -0.0479553 0
    outer loop
      vertex 173.292 3.16663 3
      vertex 173.3 3 1.6
      vertex 173.3 3 3
    endloop
  endfacet
  facet normal 0.146757 -0.989173 0
    outer loop
      vertex 171.268 4.66733 1.6
      vertex 171.433 4.69181 3
      vertex 171.268 4.66733 3
    endloop
  endfacet
  facet normal 0.146757 -0.989173 0
    outer loop
      vertex 171.433 4.69181 3
      vertex 171.268 4.66733 1.6
      vertex 171.433 4.69181 1.6
    endloop
  endfacet
  facet normal -0.941932 0.335805 0
    outer loop
      vertex 173.171 2.34944 1.6
      vertex 173.227 2.50652 3
      vertex 173.227 2.50652 1.6
    endloop
  endfacet
  facet normal -0.941932 0.335805 0
    outer loop
      vertex 173.227 2.50652 3
      vertex 173.171 2.34944 1.6
      vertex 173.171 2.34944 3
    endloop
  endfacet
  facet normal 0.90244 0.430816 0
    outer loop
      vertex 170.101 2.19862 3
      vertex 170.029 2.34944 1.6
      vertex 170.029 2.34944 3
    endloop
  endfacet
  facet normal 0.90244 0.430816 0
    outer loop
      vertex 170.029 2.34944 1.6
      vertex 170.101 2.19862 3
      vertex 170.101 2.19862 1.6
    endloop
  endfacet
  facet normal 0.941932 0.335805 0
    outer loop
      vertex 170.029 2.34944 3
      vertex 169.973 2.50652 1.6
      vertex 169.973 2.50652 3
    endloop
  endfacet
  facet normal 0.941932 0.335805 0
    outer loop
      vertex 169.973 2.50652 1.6
      vertex 170.029 2.34944 3
      vertex 170.029 2.34944 1.6
    endloop
  endfacet
  facet normal -0.42945 0.903091 0
    outer loop
      vertex 172.401 1.50073 1.6
      vertex 172.251 1.4294 3
      vertex 172.401 1.50073 3
    endloop
  endfacet
  facet normal -0.42945 0.903091 0
    outer loop
      vertex 172.251 1.4294 3
      vertex 172.401 1.50073 1.6
      vertex 172.251 1.4294 1.6
    endloop
  endfacet
  facet normal -0.998849 0.0479553 0
    outer loop
      vertex 173.292 2.83337 1.6
      vertex 173.3 3 3
      vertex 173.3 3 1.6
    endloop
  endfacet
  facet normal -0.998849 0.0479553 0
    outer loop
      vertex 173.3 3 3
      vertex 173.292 2.83337 1.6
      vertex 173.292 2.83337 3
    endloop
  endfacet
  facet normal -0.335127 0.942173 0
    outer loop
      vertex 172.251 1.4294 1.6
      vertex 172.093 1.3732 3
      vertex 172.251 1.4294 3
    endloop
  endfacet
  facet normal -0.335127 0.942173 0
    outer loop
      vertex 172.093 1.3732 3
      vertex 172.251 1.4294 1.6
      vertex 172.093 1.3732 1.6
    endloop
  endfacet
  facet normal -0.595695 0.803211 0
    outer loop
      vertex 172.678 1.68588 1.6
      vertex 172.544 1.5865 3
      vertex 172.678 1.68588 3
    endloop
  endfacet
  facet normal -0.595695 0.803211 0
    outer loop
      vertex 172.544 1.5865 3
      vertex 172.678 1.68588 1.6
      vertex 172.544 1.5865 1.6
    endloop
  endfacet
  facet normal -0.970785 0.239952 0
    outer loop
      vertex 173.227 2.50652 1.6
      vertex 173.267 2.66835 3
      vertex 173.267 2.66835 1.6
    endloop
  endfacet
  facet normal -0.970785 0.239952 0
    outer loop
      vertex 173.267 2.66835 3
      vertex 173.227 2.50652 1.6
      vertex 173.227 2.50652 3
    endloop
  endfacet
  facet normal 0.146699 0.989181 -0
    outer loop
      vertex 171.433 1.30819 1.6
      vertex 171.268 1.33266 3
      vertex 171.433 1.30819 3
    endloop
  endfacet
  facet normal 0.146699 0.989181 0
    outer loop
      vertex 171.268 1.33266 3
      vertex 171.433 1.30819 1.6
      vertex 171.268 1.33266 1.6
    endloop
  endfacet
  facet normal 0.244123 -0.969744 0
    outer loop
      vertex 171.107 4.6268 1.6
      vertex 171.268 4.66733 3
      vertex 171.107 4.6268 3
    endloop
  endfacet
  facet normal 0.244123 -0.969744 0
    outer loop
      vertex 171.268 4.66733 3
      vertex 171.107 4.6268 1.6
      vertex 171.268 4.66733 1.6
    endloop
  endfacet
  facet normal 0.998849 0.0479553 0
    outer loop
      vertex 169.908 2.83337 3
      vertex 169.9 3 1.6
      vertex 169.9 3 3
    endloop
  endfacet
  facet normal 0.998849 0.0479553 0
    outer loop
      vertex 169.9 3 1.6
      vertex 169.908 2.83337 3
      vertex 169.908 2.83337 1.6
    endloop
  endfacet
  facet normal -0.670418 -0.741984 0
    outer loop
      vertex 172.678 4.31412 1.6
      vertex 172.802 4.20208 3
      vertex 172.678 4.31412 3
    endloop
  endfacet
  facet normal -0.670418 -0.741984 -0
    outer loop
      vertex 172.802 4.20208 3
      vertex 172.678 4.31412 1.6
      vertex 172.802 4.20208 1.6
    endloop
  endfacet
  facet normal 0.33518 -0.942154 0
    outer loop
      vertex 170.949 4.57059 1.6
      vertex 171.107 4.6268 3
      vertex 170.949 4.57059 3
    endloop
  endfacet
  facet normal 0.33518 -0.942154 0
    outer loop
      vertex 171.107 4.6268 3
      vertex 170.949 4.57059 1.6
      vertex 171.107 4.6268 1.6
    endloop
  endfacet
  facet normal -0.670418 0.741984 0
    outer loop
      vertex 172.802 1.79792 1.6
      vertex 172.678 1.68588 3
      vertex 172.802 1.79792 3
    endloop
  endfacet
  facet normal -0.670418 0.741984 0
    outer loop
      vertex 172.678 1.68588 3
      vertex 172.802 1.79792 1.6
      vertex 172.678 1.68588 1.6
    endloop
  endfacet
  facet normal 0.741051 0.671448 0
    outer loop
      vertex 170.398 1.79792 3
      vertex 170.286 1.92153 1.6
      vertex 170.286 1.92153 3
    endloop
  endfacet
  facet normal 0.741051 0.671448 0
    outer loop
      vertex 170.286 1.92153 1.6
      vertex 170.398 1.79792 3
      vertex 170.398 1.79792 1.6
    endloop
  endfacet
  facet normal 0.670418 -0.741984 0
    outer loop
      vertex 170.398 4.20208 1.6
      vertex 170.522 4.31412 3
      vertex 170.398 4.20208 3
    endloop
  endfacet
  facet normal 0.670418 -0.741984 0
    outer loop
      vertex 170.522 4.31412 3
      vertex 170.398 4.20208 1.6
      vertex 170.522 4.31412 1.6
    endloop
  endfacet
  facet normal -0.33518 -0.942154 0
    outer loop
      vertex 172.093 4.6268 1.6
      vertex 172.251 4.57059 3
      vertex 172.093 4.6268 3
    endloop
  endfacet
  facet normal -0.33518 -0.942154 -0
    outer loop
      vertex 172.251 4.57059 3
      vertex 172.093 4.6268 1.6
      vertex 172.251 4.57059 1.6
    endloop
  endfacet
  facet normal -0.970785 -0.239952 0
    outer loop
      vertex 173.267 3.33165 1.6
      vertex 173.227 3.49348 3
      vertex 173.227 3.49348 1.6
    endloop
  endfacet
  facet normal -0.970785 -0.239952 0
    outer loop
      vertex 173.227 3.49348 3
      vertex 173.267 3.33165 1.6
      vertex 173.267 3.33165 3
    endloop
  endfacet
  facet normal -0.048983 0.9988 0
    outer loop
      vertex 171.767 1.30819 1.6
      vertex 171.6 1.3 3
      vertex 171.767 1.30819 3
    endloop
  endfacet
  facet normal -0.048983 0.9988 0
    outer loop
      vertex 171.6 1.3 3
      vertex 171.767 1.30819 1.6
      vertex 171.6 1.3 1.6
    endloop
  endfacet
  facet normal -0.941932 -0.335805 0
    outer loop
      vertex 173.227 3.49348 1.6
      vertex 173.171 3.65056 3
      vertex 173.171 3.65056 1.6
    endloop
  endfacet
  facet normal -0.941932 -0.335805 0
    outer loop
      vertex 173.171 3.65056 3
      vertex 173.227 3.49348 1.6
      vertex 173.227 3.49348 3
    endloop
  endfacet
  facet normal -0.801433 -0.598084 0
    outer loop
      vertex 173.014 3.94447 1.6
      vertex 172.914 4.07847 3
      vertex 172.914 4.07847 1.6
    endloop
  endfacet
  facet normal -0.801433 -0.598084 0
    outer loop
      vertex 172.914 4.07847 3
      vertex 173.014 3.94447 1.6
      vertex 173.014 3.94447 3
    endloop
  endfacet
  facet normal -0.741051 0.671448 0
    outer loop
      vertex 172.802 1.79792 1.6
      vertex 172.914 1.92153 3
      vertex 172.914 1.92153 1.6
    endloop
  endfacet
  facet normal -0.741051 0.671448 0
    outer loop
      vertex 172.914 1.92153 3
      vertex 172.802 1.79792 1.6
      vertex 172.802 1.79792 3
    endloop
  endfacet
  facet normal -0.146757 -0.989173 0
    outer loop
      vertex 171.767 4.69181 1.6
      vertex 171.932 4.66733 3
      vertex 171.767 4.69181 3
    endloop
  endfacet
  facet normal -0.146757 -0.989173 -0
    outer loop
      vertex 171.932 4.66733 3
      vertex 171.767 4.69181 1.6
      vertex 171.932 4.66733 1.6
    endloop
  endfacet
  facet normal 0.804301 0.594222 0
    outer loop
      vertex 170.286 1.92153 3
      vertex 170.187 2.05553 1.6
      vertex 170.187 2.05553 3
    endloop
  endfacet
  facet normal 0.804301 0.594222 0
    outer loop
      vertex 170.187 2.05553 1.6
      vertex 170.286 1.92153 3
      vertex 170.286 1.92153 1.6
    endloop
  endfacet
  facet normal -0.514363 0.857572 0
    outer loop
      vertex 172.544 1.5865 1.6
      vertex 172.401 1.50073 3
      vertex 172.544 1.5865 3
    endloop
  endfacet
  facet normal -0.514363 0.857572 0
    outer loop
      vertex 172.401 1.50073 3
      vertex 172.544 1.5865 1.6
      vertex 172.401 1.50073 1.6
    endloop
  endfacet
  facet normal 0.970785 0.239952 0
    outer loop
      vertex 169.973 2.50652 3
      vertex 169.933 2.66835 1.6
      vertex 169.933 2.66835 3
    endloop
  endfacet
  facet normal 0.970785 0.239952 0
    outer loop
      vertex 169.933 2.66835 1.6
      vertex 169.973 2.50652 3
      vertex 169.973 2.50652 1.6
    endloop
  endfacet
  facet normal -0.90244 0.430816 0
    outer loop
      vertex 173.099 2.19862 1.6
      vertex 173.171 2.34944 3
      vertex 173.171 2.34944 1.6
    endloop
  endfacet
  facet normal -0.90244 0.430816 0
    outer loop
      vertex 173.171 2.34944 3
      vertex 173.099 2.19862 1.6
      vertex 173.099 2.19862 3
    endloop
  endfacet
  facet normal -0.048983 -0.9988 0
    outer loop
      vertex 171.6 4.7 1.6
      vertex 171.767 4.69181 3
      vertex 171.6 4.7 3
    endloop
  endfacet
  facet normal -0.048983 -0.9988 -0
    outer loop
      vertex 171.767 4.69181 3
      vertex 171.6 4.7 1.6
      vertex 171.767 4.69181 1.6
    endloop
  endfacet
  facet normal 0.998849 -0.0479553 0
    outer loop
      vertex 169.9 3 3
      vertex 169.908 3.16663 1.6
      vertex 169.908 3.16663 3
    endloop
  endfacet
  facet normal 0.998849 -0.0479553 0
    outer loop
      vertex 169.908 3.16663 1.6
      vertex 169.9 3 3
      vertex 169.9 3 1.6
    endloop
  endfacet
  facet normal 0.804301 -0.594222 0
    outer loop
      vertex 170.187 3.94447 3
      vertex 170.286 4.07847 1.6
      vertex 170.286 4.07847 3
    endloop
  endfacet
  facet normal 0.804301 -0.594222 0
    outer loop
      vertex 170.286 4.07847 1.6
      vertex 170.187 3.94447 3
      vertex 170.187 3.94447 1.6
    endloop
  endfacet
  facet normal 0.670418 0.741984 -0
    outer loop
      vertex 170.522 1.68588 1.6
      vertex 170.398 1.79792 3
      vertex 170.522 1.68588 3
    endloop
  endfacet
  facet normal 0.670418 0.741984 0
    outer loop
      vertex 170.398 1.79792 3
      vertex 170.522 1.68588 1.6
      vertex 170.398 1.79792 1.6
    endloop
  endfacet
  facet normal 0.514363 -0.857572 0
    outer loop
      vertex 170.656 4.4135 1.6
      vertex 170.799 4.49927 3
      vertex 170.656 4.4135 3
    endloop
  endfacet
  facet normal 0.514363 -0.857572 0
    outer loop
      vertex 170.799 4.49927 3
      vertex 170.656 4.4135 1.6
      vertex 170.799 4.49927 1.6
    endloop
  endfacet
  facet normal -0.801433 0.598084 0
    outer loop
      vertex 172.914 1.92153 1.6
      vertex 173.014 2.05553 3
      vertex 173.014 2.05553 1.6
    endloop
  endfacet
  facet normal -0.801433 0.598084 0
    outer loop
      vertex 173.014 2.05553 3
      vertex 172.914 1.92153 1.6
      vertex 172.914 1.92153 3
    endloop
  endfacet
  facet normal 0.048983 -0.9988 0
    outer loop
      vertex 171.433 4.69181 1.6
      vertex 171.6 4.7 3
      vertex 171.433 4.69181 3
    endloop
  endfacet
  facet normal 0.048983 -0.9988 0
    outer loop
      vertex 171.6 4.7 3
      vertex 171.433 4.69181 1.6
      vertex 171.6 4.7 1.6
    endloop
  endfacet
  facet normal 0.988718 0.149788 0
    outer loop
      vertex 169.933 2.66835 3
      vertex 169.908 2.83337 1.6
      vertex 169.908 2.83337 3
    endloop
  endfacet
  facet normal 0.988718 0.149788 0
    outer loop
      vertex 169.908 2.83337 1.6
      vertex 169.933 2.66835 3
      vertex 169.933 2.66835 1.6
    endloop
  endfacet
  facet normal -0.902429 -0.430839 0
    outer loop
      vertex 173.171 3.65056 1.6
      vertex 173.099 3.80137 3
      vertex 173.099 3.80137 1.6
    endloop
  endfacet
  facet normal -0.902429 -0.430839 0
    outer loop
      vertex 173.099 3.80137 3
      vertex 173.171 3.65056 1.6
      vertex 173.171 3.65056 3
    endloop
  endfacet
  facet normal -0.244179 0.96973 0
    outer loop
      vertex 172.093 1.3732 1.6
      vertex 171.932 1.33266 3
      vertex 172.093 1.3732 3
    endloop
  endfacet
  facet normal -0.244179 0.96973 0
    outer loop
      vertex 171.932 1.33266 3
      vertex 172.093 1.3732 1.6
      vertex 171.932 1.33266 1.6
    endloop
  endfacet
  facet normal -0.859748 0.510718 0
    outer loop
      vertex 173.014 2.05553 1.6
      vertex 173.099 2.19862 3
      vertex 173.099 2.19862 1.6
    endloop
  endfacet
  facet normal -0.859748 0.510718 0
    outer loop
      vertex 173.099 2.19862 3
      vertex 173.014 2.05553 1.6
      vertex 173.014 2.05553 3
    endloop
  endfacet
  facet normal -0.741051 -0.671448 0
    outer loop
      vertex 172.914 4.07847 1.6
      vertex 172.802 4.20208 3
      vertex 172.802 4.20208 1.6
    endloop
  endfacet
  facet normal -0.741051 -0.671448 0
    outer loop
      vertex 172.802 4.20208 3
      vertex 172.914 4.07847 1.6
      vertex 172.914 4.07847 3
    endloop
  endfacet
  facet normal -0.595695 -0.803211 0
    outer loop
      vertex 172.544 4.4135 1.6
      vertex 172.678 4.31412 3
      vertex 172.544 4.4135 3
    endloop
  endfacet
  facet normal -0.595695 -0.803211 -0
    outer loop
      vertex 172.678 4.31412 3
      vertex 172.544 4.4135 1.6
      vertex 172.678 4.31412 1.6
    endloop
  endfacet
  facet normal -0.429401 -0.903114 0
    outer loop
      vertex 172.251 4.57059 1.6
      vertex 172.401 4.49927 3
      vertex 172.251 4.57059 3
    endloop
  endfacet
  facet normal -0.429401 -0.903114 -0
    outer loop
      vertex 172.401 4.49927 3
      vertex 172.251 4.57059 1.6
      vertex 172.401 4.49927 1.6
    endloop
  endfacet
  facet normal 0.902429 -0.430839 0
    outer loop
      vertex 170.029 3.65056 3
      vertex 170.101 3.80137 1.6
      vertex 170.101 3.80137 3
    endloop
  endfacet
  facet normal 0.902429 -0.430839 0
    outer loop
      vertex 170.101 3.80137 1.6
      vertex 170.029 3.65056 3
      vertex 170.029 3.65056 1.6
    endloop
  endfacet
  facet normal 0.970785 -0.239952 0
    outer loop
      vertex 169.933 3.33165 3
      vertex 169.973 3.49348 1.6
      vertex 169.973 3.49348 3
    endloop
  endfacet
  facet normal 0.970785 -0.239952 0
    outer loop
      vertex 169.973 3.49348 1.6
      vertex 169.933 3.33165 3
      vertex 169.933 3.33165 1.6
    endloop
  endfacet
  facet normal 0.941932 -0.335805 0
    outer loop
      vertex 169.973 3.49348 3
      vertex 170.029 3.65056 1.6
      vertex 170.029 3.65056 3
    endloop
  endfacet
  facet normal 0.941932 -0.335805 0
    outer loop
      vertex 170.029 3.65056 1.6
      vertex 169.973 3.49348 3
      vertex 169.973 3.49348 1.6
    endloop
  endfacet
  facet normal 0.244179 0.96973 -0
    outer loop
      vertex 171.268 1.33266 1.6
      vertex 171.107 1.3732 3
      vertex 171.268 1.33266 3
    endloop
  endfacet
  facet normal 0.244179 0.96973 0
    outer loop
      vertex 171.107 1.3732 3
      vertex 171.268 1.33266 1.6
      vertex 171.107 1.3732 1.6
    endloop
  endfacet
  facet normal -0.859764 -0.510691 0
    outer loop
      vertex 173.099 3.80137 1.6
      vertex 173.014 3.94447 3
      vertex 173.014 3.94447 1.6
    endloop
  endfacet
  facet normal -0.859764 -0.510691 0
    outer loop
      vertex 173.014 3.94447 3
      vertex 173.099 3.80137 1.6
      vertex 173.099 3.80137 3
    endloop
  endfacet
  facet normal 0.741051 -0.671448 0
    outer loop
      vertex 170.286 4.07847 3
      vertex 170.398 4.20208 1.6
      vertex 170.398 4.20208 3
    endloop
  endfacet
  facet normal 0.741051 -0.671448 0
    outer loop
      vertex 170.398 4.20208 1.6
      vertex 170.286 4.07847 3
      vertex 170.286 4.07847 1.6
    endloop
  endfacet
  facet normal 0.857107 0.515139 0
    outer loop
      vertex 170.187 2.05553 3
      vertex 170.101 2.19862 1.6
      vertex 170.101 2.19862 3
    endloop
  endfacet
  facet normal 0.857107 0.515139 0
    outer loop
      vertex 170.101 2.19862 1.6
      vertex 170.187 2.05553 3
      vertex 170.187 2.05553 1.6
    endloop
  endfacet
  facet normal -0.244123 -0.969744 0
    outer loop
      vertex 171.932 4.66733 1.6
      vertex 172.093 4.6268 3
      vertex 171.932 4.66733 3
    endloop
  endfacet
  facet normal -0.244123 -0.969744 -0
    outer loop
      vertex 172.093 4.6268 3
      vertex 171.932 4.66733 1.6
      vertex 172.093 4.6268 1.6
    endloop
  endfacet
  facet normal 0.429401 -0.903114 0
    outer loop
      vertex 170.799 4.49927 1.6
      vertex 170.949 4.57059 3
      vertex 170.799 4.49927 3
    endloop
  endfacet
  facet normal 0.429401 -0.903114 0
    outer loop
      vertex 170.949 4.57059 3
      vertex 170.799 4.49927 1.6
      vertex 170.949 4.57059 1.6
    endloop
  endfacet
  facet normal 0.595695 -0.803211 0
    outer loop
      vertex 170.522 4.31412 1.6
      vertex 170.656 4.4135 3
      vertex 170.522 4.31412 3
    endloop
  endfacet
  facet normal 0.595695 -0.803211 0
    outer loop
      vertex 170.656 4.4135 3
      vertex 170.522 4.31412 1.6
      vertex 170.656 4.4135 1.6
    endloop
  endfacet
  facet normal -0.514363 -0.857572 0
    outer loop
      vertex 172.401 4.49927 1.6
      vertex 172.544 4.4135 3
      vertex 172.401 4.49927 3
    endloop
  endfacet
  facet normal -0.514363 -0.857572 -0
    outer loop
      vertex 172.544 4.4135 3
      vertex 172.401 4.49927 1.6
      vertex 172.544 4.4135 1.6
    endloop
  endfacet
  facet normal -0.146699 0.989181 0
    outer loop
      vertex 171.932 1.33266 1.6
      vertex 171.767 1.30819 3
      vertex 171.932 1.33266 3
    endloop
  endfacet
  facet normal -0.146699 0.989181 0
    outer loop
      vertex 171.767 1.30819 3
      vertex 171.932 1.33266 1.6
      vertex 171.767 1.30819 1.6
    endloop
  endfacet
  facet normal 0.514363 0.857572 -0
    outer loop
      vertex 170.799 1.50073 1.6
      vertex 170.656 1.5865 3
      vertex 170.799 1.50073 3
    endloop
  endfacet
  facet normal 0.514363 0.857572 0
    outer loop
      vertex 170.656 1.5865 3
      vertex 170.799 1.50073 1.6
      vertex 170.656 1.5865 1.6
    endloop
  endfacet
  facet normal 0.42945 0.903091 -0
    outer loop
      vertex 170.949 1.4294 1.6
      vertex 170.799 1.50073 3
      vertex 170.949 1.4294 3
    endloop
  endfacet
  facet normal 0.42945 0.903091 0
    outer loop
      vertex 170.799 1.50073 3
      vertex 170.949 1.4294 1.6
      vertex 170.799 1.50073 1.6
    endloop
  endfacet
  facet normal 0.33732 -0.94139 0
    outer loop
      vertex 170.414 5.86403 0
      vertex 170.7 5.96651 1.6
      vertex 170.414 5.86403 1.6
    endloop
  endfacet
  facet normal 0.33732 -0.94139 0
    outer loop
      vertex 170.7 5.96651 1.6
      vertex 170.414 5.86403 0
      vertex 170.7 5.96651 0
    endloop
  endfacet
  facet normal -0.989004 0.147892 0
    outer loop
      vertex 174.64 2.39522 0
      vertex 174.685 2.69615 1.6
      vertex 174.685 2.69615 0
    endloop
  endfacet
  facet normal -0.989004 0.147892 0
    outer loop
      vertex 174.685 2.69615 1.6
      vertex 174.64 2.39522 0
      vertex 174.64 2.39522 1.6
    endloop
  endfacet
  facet normal -0.998784 0.0493064 0
    outer loop
      vertex 174.685 2.69615 0
      vertex 174.7 3 1.6
      vertex 174.7 3 0
    endloop
  endfacet
  facet normal -0.998784 0.0493064 0
    outer loop
      vertex 174.7 3 1.6
      vertex 174.685 2.69615 0
      vertex 174.685 2.69615 1.6
    endloop
  endfacet
  facet normal -0.970739 0.240135 0
    outer loop
      vertex 174.567 2.10012 0
      vertex 174.64 2.39522 1.6
      vertex 174.64 2.39522 0
    endloop
  endfacet
  facet normal -0.970739 0.240135 0
    outer loop
      vertex 174.64 2.39522 1.6
      vertex 174.567 2.10012 0
      vertex 174.567 2.10012 1.6
    endloop
  endfacet
  facet normal 0.989004 0.147892 0
    outer loop
      vertex 168.56 2.39522 1.6
      vertex 168.515 2.69615 0
      vertex 168.515 2.69615 1.6
    endloop
  endfacet
  facet normal 0.989004 0.147892 0
    outer loop
      vertex 168.515 2.69615 0
      vertex 168.56 2.39522 1.6
      vertex 168.56 2.39522 0
    endloop
  endfacet
  facet normal 0.243062 -0.970011 0
    outer loop
      vertex 170.7 5.96651 0
      vertex 170.995 6.04043 1.6
      vertex 170.7 5.96651 1.6
    endloop
  endfacet
  facet normal 0.243062 -0.970011 0
    outer loop
      vertex 170.995 6.04043 1.6
      vertex 170.7 5.96651 0
      vertex 170.995 6.04043 0
    endloop
  endfacet
  facet normal -0.337345 0.941381 0
    outer loop
      vertex 172.786 0.135973 0
      vertex 172.5 0.0334845 1.6
      vertex 172.786 0.135973 1.6
    endloop
  endfacet
  facet normal -0.337345 0.941381 0
    outer loop
      vertex 172.5 0.0334845 1.6
      vertex 172.786 0.135973 0
      vertex 172.5 0.0334845 0
    endloop
  endfacet
  facet normal 0.51401 0.857784 -0
    outer loop
      vertex 170.139 0.266044 0
      vertex 169.878 0.422443 1.6
      vertex 170.139 0.266044 1.6
    endloop
  endfacet
  facet normal 0.51401 0.857784 0
    outer loop
      vertex 169.878 0.422443 1.6
      vertex 170.139 0.266044 0
      vertex 169.878 0.422443 0
    endloop
  endfacet
  facet normal 0.904078 -0.427367 0
    outer loop
      vertex 168.736 4.18632 1.6
      vertex 168.866 4.46133 0
      vertex 168.866 4.46133 1.6
    endloop
  endfacet
  facet normal 0.904078 -0.427367 0
    outer loop
      vertex 168.866 4.46133 0
      vertex 168.736 4.18632 1.6
      vertex 168.736 4.18632 0
    endloop
  endfacet
  facet normal 0.243057 0.970012 -0
    outer loop
      vertex 170.995 -0.0404339 0
      vertex 170.7 0.0334845 1.6
      vertex 170.995 -0.0404339 1.6
    endloop
  endfacet
  facet normal 0.243057 0.970012 0
    outer loop
      vertex 170.7 0.0334845 1.6
      vertex 170.995 -0.0404339 0
      vertex 170.7 0.0334845 0
    endloop
  endfacet
  facet normal 0.85831 -0.513131 0
    outer loop
      vertex 168.866 4.46133 1.6
      vertex 169.022 4.72227 0
      vertex 169.022 4.72227 1.6
    endloop
  endfacet
  facet normal 0.85831 -0.513131 0
    outer loop
      vertex 169.022 4.72227 0
      vertex 168.866 4.46133 1.6
      vertex 168.866 4.46133 0
    endloop
  endfacet
  facet normal -0.243062 -0.970011 0
    outer loop
      vertex 172.205 6.04043 0
      vertex 172.5 5.96651 1.6
      vertex 172.205 6.04043 1.6
    endloop
  endfacet
  facet normal -0.243062 -0.970011 -0
    outer loop
      vertex 172.5 5.96651 1.6
      vertex 172.205 6.04043 0
      vertex 172.5 5.96651 0
    endloop
  endfacet
  facet normal 0.594695 -0.803952 0
    outer loop
      vertex 169.633 5.39633 0
      vertex 169.878 5.57756 1.6
      vertex 169.633 5.39633 1.6
    endloop
  endfacet
  facet normal 0.594695 -0.803952 0
    outer loop
      vertex 169.878 5.57756 1.6
      vertex 169.633 5.39633 0
      vertex 169.878 5.57756 0
    endloop
  endfacet
  facet normal -0.514012 -0.857783 0
    outer loop
      vertex 173.061 5.73396 0
      vertex 173.322 5.57756 1.6
      vertex 173.061 5.73396 1.6
    endloop
  endfacet
  facet normal -0.514012 -0.857783 -0
    outer loop
      vertex 173.322 5.57756 1.6
      vertex 173.061 5.73396 0
      vertex 173.322 5.57756 0
    endloop
  endfacet
  facet normal -0.801985 -0.597345 0
    outer loop
      vertex 174.178 4.72227 0
      vertex 173.996 4.96662 1.6
      vertex 173.996 4.96662 0
    endloop
  endfacet
  facet normal -0.801985 -0.597345 0
    outer loop
      vertex 173.996 4.96662 1.6
      vertex 174.178 4.72227 0
      vertex 174.178 4.72227 1.6
    endloop
  endfacet
  facet normal -0.146697 0.989182 0
    outer loop
      vertex 172.205 -0.0404339 0
      vertex 171.904 -0.0850725 1.6
      vertex 172.205 -0.0404339 1.6
    endloop
  endfacet
  facet normal -0.146697 0.989182 0
    outer loop
      vertex 171.904 -0.0850725 1.6
      vertex 172.205 -0.0404339 0
      vertex 171.904 -0.0850725 0
    endloop
  endfacet
  facet normal 0.594682 0.803961 -0
    outer loop
      vertex 169.878 0.422443 0
      vertex 169.633 0.603667 1.6
      vertex 169.878 0.422443 1.6
    endloop
  endfacet
  facet normal 0.594682 0.803961 0
    outer loop
      vertex 169.633 0.603667 1.6
      vertex 169.878 0.422443 0
      vertex 169.633 0.603667 0
    endloop
  endfacet
  facet normal 0.801985 0.597345 0
    outer loop
      vertex 169.204 1.03338 1.6
      vertex 169.022 1.27773 0
      vertex 169.022 1.27773 1.6
    endloop
  endfacet
  facet normal 0.801985 0.597345 0
    outer loop
      vertex 169.022 1.27773 0
      vertex 169.204 1.03338 1.6
      vertex 169.204 1.03338 0
    endloop
  endfacet
  facet normal -0.989004 -0.147892 0
    outer loop
      vertex 174.685 3.30385 0
      vertex 174.64 3.60478 1.6
      vertex 174.64 3.60478 0
    endloop
  endfacet
  facet normal -0.989004 -0.147892 0
    outer loop
      vertex 174.64 3.60478 1.6
      vertex 174.685 3.30385 0
      vertex 174.685 3.30385 1.6
    endloop
  endfacet
  facet normal 0.941011 0.338375 0
    outer loop
      vertex 168.736 1.81368 1.6
      vertex 168.633 2.10012 0
      vertex 168.633 2.10012 1.6
    endloop
  endfacet
  facet normal 0.941011 0.338375 0
    outer loop
      vertex 168.633 2.10012 0
      vertex 168.736 1.81368 1.6
      vertex 168.736 1.81368 0
    endloop
  endfacet
  facet normal -0.42757 0.903982 0
    outer loop
      vertex 173.061 0.266044 0
      vertex 172.786 0.135973 1.6
      vertex 173.061 0.266044 1.6
    endloop
  endfacet
  facet normal -0.42757 0.903982 0
    outer loop
      vertex 172.786 0.135973 1.6
      vertex 173.061 0.266044 0
      vertex 172.786 0.135973 0
    endloop
  endfacet
  facet normal 0.941011 -0.338375 0
    outer loop
      vertex 168.633 3.89988 1.6
      vertex 168.736 4.18632 0
      vertex 168.736 4.18632 1.6
    endloop
  endfacet
  facet normal 0.941011 -0.338375 0
    outer loop
      vertex 168.736 4.18632 0
      vertex 168.633 3.89988 1.6
      vertex 168.633 3.89988 0
    endloop
  endfacet
  facet normal -0.970739 -0.240135 0
    outer loop
      vertex 174.64 3.60478 0
      vertex 174.567 3.89988 1.6
      vertex 174.567 3.89988 0
    endloop
  endfacet
  facet normal -0.970739 -0.240135 0
    outer loop
      vertex 174.567 3.89988 1.6
      vertex 174.64 3.60478 0
      vertex 174.64 3.60478 1.6
    endloop
  endfacet
  facet normal 0.0490426 0.998797 -0
    outer loop
      vertex 171.6 -0.0999994 0
      vertex 171.296 -0.0850725 1.6
      vertex 171.6 -0.0999994 1.6
    endloop
  endfacet
  facet normal 0.0490426 0.998797 0
    outer loop
      vertex 171.296 -0.0850725 1.6
      vertex 171.6 -0.0999994 0
      vertex 171.296 -0.0850725 0
    endloop
  endfacet
  facet normal -0.672232 0.74034 0
    outer loop
      vertex 173.792 0.807968 0
      vertex 173.567 0.603667 1.6
      vertex 173.792 0.807968 1.6
    endloop
  endfacet
  facet normal -0.672232 0.74034 0
    outer loop
      vertex 173.567 0.603667 1.6
      vertex 173.792 0.807968 0
      vertex 173.567 0.603667 0
    endloop
  endfacet
  facet normal 0.42757 0.903982 -0
    outer loop
      vertex 170.414 0.135973 0
      vertex 170.139 0.266044 1.6
      vertex 170.414 0.135973 1.6
    endloop
  endfacet
  facet normal 0.42757 0.903982 0
    outer loop
      vertex 170.139 0.266044 1.6
      vertex 170.414 0.135973 0
      vertex 170.139 0.266044 0
    endloop
  endfacet
  facet normal 0.672232 0.74034 -0
    outer loop
      vertex 169.633 0.603667 0
      vertex 169.408 0.807968 1.6
      vertex 169.633 0.603667 1.6
    endloop
  endfacet
  facet normal 0.672232 0.74034 0
    outer loop
      vertex 169.408 0.807968 1.6
      vertex 169.633 0.603667 0
      vertex 169.408 0.807968 0
    endloop
  endfacet
  facet normal -0.33732 -0.94139 0
    outer loop
      vertex 172.5 5.96651 0
      vertex 172.786 5.86403 1.6
      vertex 172.5 5.96651 1.6
    endloop
  endfacet
  facet normal -0.33732 -0.94139 -0
    outer loop
      vertex 172.786 5.86403 1.6
      vertex 172.5 5.96651 0
      vertex 172.786 5.86403 0
    endloop
  endfacet
  facet normal 0.337345 0.941381 -0
    outer loop
      vertex 170.7 0.0334845 0
      vertex 170.414 0.135973 1.6
      vertex 170.7 0.0334845 1.6
    endloop
  endfacet
  facet normal 0.337345 0.941381 0
    outer loop
      vertex 170.414 0.135973 1.6
      vertex 170.7 0.0334845 0
      vertex 170.414 0.135973 0
    endloop
  endfacet
  facet normal -0.801985 0.597345 0
    outer loop
      vertex 173.996 1.03338 0
      vertex 174.178 1.27773 1.6
      vertex 174.178 1.27773 0
    endloop
  endfacet
  facet normal -0.801985 0.597345 0
    outer loop
      vertex 174.178 1.27773 1.6
      vertex 173.996 1.03338 0
      vertex 173.996 1.03338 1.6
    endloop
  endfacet
  facet normal 0.85831 0.513131 0
    outer loop
      vertex 169.022 1.27773 1.6
      vertex 168.866 1.53867 0
      vertex 168.866 1.53867 1.6
    endloop
  endfacet
  facet normal 0.85831 0.513131 0
    outer loop
      vertex 168.866 1.53867 0
      vertex 169.022 1.27773 1.6
      vertex 169.022 1.27773 0
    endloop
  endfacet
  facet normal -0.998784 -0.0493064 0
    outer loop
      vertex 174.7 3 0
      vertex 174.685 3.30385 1.6
      vertex 174.685 3.30385 0
    endloop
  endfacet
  facet normal -0.998784 -0.0493064 0
    outer loop
      vertex 174.685 3.30385 1.6
      vertex 174.7 3 0
      vertex 174.7 3 1.6
    endloop
  endfacet
  facet normal -0.904078 -0.427367 0
    outer loop
      vertex 174.464 4.18632 0
      vertex 174.334 4.46133 1.6
      vertex 174.334 4.46133 0
    endloop
  endfacet
  facet normal -0.904078 -0.427367 0
    outer loop
      vertex 174.334 4.46133 1.6
      vertex 174.464 4.18632 0
      vertex 174.464 4.18632 1.6
    endloop
  endfacet
  facet normal -0.85831 0.513131 0
    outer loop
      vertex 174.178 1.27773 0
      vertex 174.334 1.53867 1.6
      vertex 174.334 1.53867 0
    endloop
  endfacet
  facet normal -0.85831 0.513131 0
    outer loop
      vertex 174.334 1.53867 1.6
      vertex 174.178 1.27773 0
      vertex 174.178 1.27773 1.6
    endloop
  endfacet
  facet normal 0.67223 -0.740342 0
    outer loop
      vertex 169.408 5.19203 0
      vertex 169.633 5.39633 1.6
      vertex 169.408 5.19203 1.6
    endloop
  endfacet
  facet normal 0.67223 -0.740342 0
    outer loop
      vertex 169.633 5.39633 1.6
      vertex 169.408 5.19203 0
      vertex 169.633 5.39633 0
    endloop
  endfacet
  facet normal -0.594682 0.803961 0
    outer loop
      vertex 173.567 0.603667 0
      vertex 173.322 0.422443 1.6
      vertex 173.567 0.603667 1.6
    endloop
  endfacet
  facet normal -0.594682 0.803961 0
    outer loop
      vertex 173.322 0.422443 1.6
      vertex 173.567 0.603667 0
      vertex 173.322 0.422443 0
    endloop
  endfacet
  facet normal 0.514012 -0.857783 0
    outer loop
      vertex 169.878 5.57756 0
      vertex 170.139 5.73396 1.6
      vertex 169.878 5.57756 1.6
    endloop
  endfacet
  facet normal 0.514012 -0.857783 0
    outer loop
      vertex 170.139 5.73396 1.6
      vertex 169.878 5.57756 0
      vertex 170.139 5.73396 0
    endloop
  endfacet
  facet normal -0.51401 0.857784 0
    outer loop
      vertex 173.322 0.422443 0
      vertex 173.061 0.266044 1.6
      vertex 173.322 0.422443 1.6
    endloop
  endfacet
  facet normal -0.51401 0.857784 0
    outer loop
      vertex 173.061 0.266044 1.6
      vertex 173.322 0.422443 0
      vertex 173.061 0.266044 0
    endloop
  endfacet
  facet normal -0.146701 -0.989181 0
    outer loop
      vertex 171.904 6.08507 0
      vertex 172.205 6.04043 1.6
      vertex 171.904 6.08507 1.6
    endloop
  endfacet
  facet normal -0.146701 -0.989181 -0
    outer loop
      vertex 172.205 6.04043 1.6
      vertex 171.904 6.08507 0
      vertex 172.205 6.04043 0
    endloop
  endfacet
  facet normal -0.941011 0.338375 0
    outer loop
      vertex 174.464 1.81368 0
      vertex 174.567 2.10012 1.6
      vertex 174.567 2.10012 0
    endloop
  endfacet
  facet normal -0.941011 0.338375 0
    outer loop
      vertex 174.567 2.10012 1.6
      vertex 174.464 1.81368 0
      vertex 174.464 1.81368 1.6
    endloop
  endfacet
  facet normal -0.85831 -0.513131 0
    outer loop
      vertex 174.334 4.46133 0
      vertex 174.178 4.72227 1.6
      vertex 174.178 4.72227 0
    endloop
  endfacet
  facet normal -0.85831 -0.513131 0
    outer loop
      vertex 174.178 4.72227 1.6
      vertex 174.334 4.46133 0
      vertex 174.334 4.46133 1.6
    endloop
  endfacet
  facet normal 0.998784 -0.0493064 0
    outer loop
      vertex 168.5 3 1.6
      vertex 168.515 3.30385 0
      vertex 168.515 3.30385 1.6
    endloop
  endfacet
  facet normal 0.998784 -0.0493064 0
    outer loop
      vertex 168.515 3.30385 0
      vertex 168.5 3 1.6
      vertex 168.5 3 0
    endloop
  endfacet
  facet normal -0.941011 -0.338375 0
    outer loop
      vertex 174.567 3.89988 0
      vertex 174.464 4.18632 1.6
      vertex 174.464 4.18632 0
    endloop
  endfacet
  facet normal -0.941011 -0.338375 0
    outer loop
      vertex 174.464 4.18632 1.6
      vertex 174.567 3.89988 0
      vertex 174.567 3.89988 1.6
    endloop
  endfacet
  facet normal -0.741444 0.671014 0
    outer loop
      vertex 173.792 0.807968 0
      vertex 173.996 1.03338 1.6
      vertex 173.996 1.03338 0
    endloop
  endfacet
  facet normal -0.741444 0.671014 0
    outer loop
      vertex 173.996 1.03338 1.6
      vertex 173.792 0.807968 0
      vertex 173.792 0.807968 1.6
    endloop
  endfacet
  facet normal -0.0490426 0.998797 0
    outer loop
      vertex 171.904 -0.0850725 0
      vertex 171.6 -0.0999994 1.6
      vertex 171.904 -0.0850725 1.6
    endloop
  endfacet
  facet normal -0.0490426 0.998797 0
    outer loop
      vertex 171.6 -0.0999994 1.6
      vertex 171.904 -0.0850725 0
      vertex 171.6 -0.0999994 0
    endloop
  endfacet
  facet normal -0.904078 0.427367 0
    outer loop
      vertex 174.334 1.53867 0
      vertex 174.464 1.81368 1.6
      vertex 174.464 1.81368 0
    endloop
  endfacet
  facet normal -0.904078 0.427367 0
    outer loop
      vertex 174.464 1.81368 1.6
      vertex 174.334 1.53867 0
      vertex 174.334 1.53867 1.6
    endloop
  endfacet
  facet normal 0.146701 -0.989181 0
    outer loop
      vertex 170.995 6.04043 0
      vertex 171.296 6.08507 1.6
      vertex 170.995 6.04043 1.6
    endloop
  endfacet
  facet normal 0.146701 -0.989181 0
    outer loop
      vertex 171.296 6.08507 1.6
      vertex 170.995 6.04043 0
      vertex 171.296 6.08507 0
    endloop
  endfacet
  facet normal -0.67223 -0.740342 0
    outer loop
      vertex 173.567 5.39633 0
      vertex 173.792 5.19203 1.6
      vertex 173.567 5.39633 1.6
    endloop
  endfacet
  facet normal -0.67223 -0.740342 -0
    outer loop
      vertex 173.792 5.19203 1.6
      vertex 173.567 5.39633 0
      vertex 173.792 5.19203 0
    endloop
  endfacet
  facet normal 0.0490527 -0.998796 0
    outer loop
      vertex 171.296 6.08507 0
      vertex 171.6 6.1 1.6
      vertex 171.296 6.08507 1.6
    endloop
  endfacet
  facet normal 0.0490527 -0.998796 0
    outer loop
      vertex 171.6 6.1 1.6
      vertex 171.296 6.08507 0
      vertex 171.6 6.1 0
    endloop
  endfacet
  facet normal 0.741444 0.671014 0
    outer loop
      vertex 169.408 0.807968 1.6
      vertex 169.204 1.03338 0
      vertex 169.204 1.03338 1.6
    endloop
  endfacet
  facet normal 0.741444 0.671014 0
    outer loop
      vertex 169.204 1.03338 0
      vertex 169.408 0.807968 1.6
      vertex 169.408 0.807968 0
    endloop
  endfacet
  facet normal 0.146697 0.989182 -0
    outer loop
      vertex 171.296 -0.0850725 0
      vertex 170.995 -0.0404339 1.6
      vertex 171.296 -0.0850725 1.6
    endloop
  endfacet
  facet normal 0.146697 0.989182 0
    outer loop
      vertex 170.995 -0.0404339 1.6
      vertex 171.296 -0.0850725 0
      vertex 170.995 -0.0404339 0
    endloop
  endfacet
  facet normal 0.904078 0.427367 0
    outer loop
      vertex 168.866 1.53867 1.6
      vertex 168.736 1.81368 0
      vertex 168.736 1.81368 1.6
    endloop
  endfacet
  facet normal 0.904078 0.427367 0
    outer loop
      vertex 168.736 1.81368 0
      vertex 168.866 1.53867 1.6
      vertex 168.866 1.53867 0
    endloop
  endfacet
  facet normal 0.970739 0.240135 0
    outer loop
      vertex 168.633 2.10012 1.6
      vertex 168.56 2.39522 0
      vertex 168.56 2.39522 1.6
    endloop
  endfacet
  facet normal 0.970739 0.240135 0
    outer loop
      vertex 168.56 2.39522 0
      vertex 168.633 2.10012 1.6
      vertex 168.633 2.10012 0
    endloop
  endfacet
  facet normal -0.243057 0.970012 0
    outer loop
      vertex 172.5 0.0334845 0
      vertex 172.205 -0.0404339 1.6
      vertex 172.5 0.0334845 1.6
    endloop
  endfacet
  facet normal -0.243057 0.970012 0
    outer loop
      vertex 172.205 -0.0404339 1.6
      vertex 172.5 0.0334845 0
      vertex 172.205 -0.0404339 0
    endloop
  endfacet
  facet normal 0.970739 -0.240135 0
    outer loop
      vertex 168.56 3.60478 1.6
      vertex 168.633 3.89988 0
      vertex 168.633 3.89988 1.6
    endloop
  endfacet
  facet normal 0.970739 -0.240135 0
    outer loop
      vertex 168.633 3.89988 0
      vertex 168.56 3.60478 1.6
      vertex 168.56 3.60478 0
    endloop
  endfacet
  facet normal 0.427568 -0.903983 0
    outer loop
      vertex 170.139 5.73396 0
      vertex 170.414 5.86403 1.6
      vertex 170.139 5.73396 1.6
    endloop
  endfacet
  facet normal 0.427568 -0.903983 0
    outer loop
      vertex 170.414 5.86403 1.6
      vertex 170.139 5.73396 0
      vertex 170.414 5.86403 0
    endloop
  endfacet
  facet normal 0.741441 -0.671018 0
    outer loop
      vertex 169.204 4.96662 1.6
      vertex 169.408 5.19203 0
      vertex 169.408 5.19203 1.6
    endloop
  endfacet
  facet normal 0.741441 -0.671018 0
    outer loop
      vertex 169.408 5.19203 0
      vertex 169.204 4.96662 1.6
      vertex 169.204 4.96662 0
    endloop
  endfacet
  facet normal -0.427568 -0.903983 0
    outer loop
      vertex 172.786 5.86403 0
      vertex 173.061 5.73396 1.6
      vertex 172.786 5.86403 1.6
    endloop
  endfacet
  facet normal -0.427568 -0.903983 -0
    outer loop
      vertex 173.061 5.73396 1.6
      vertex 172.786 5.86403 0
      vertex 173.061 5.73396 0
    endloop
  endfacet
  facet normal -0.0490527 -0.998796 0
    outer loop
      vertex 171.6 6.1 0
      vertex 171.904 6.08507 1.6
      vertex 171.6 6.1 1.6
    endloop
  endfacet
  facet normal -0.0490527 -0.998796 -0
    outer loop
      vertex 171.904 6.08507 1.6
      vertex 171.6 6.1 0
      vertex 171.904 6.08507 0
    endloop
  endfacet
  facet normal 0.989004 -0.147892 0
    outer loop
      vertex 168.515 3.30385 1.6
      vertex 168.56 3.60478 0
      vertex 168.56 3.60478 1.6
    endloop
  endfacet
  facet normal 0.989004 -0.147892 0
    outer loop
      vertex 168.56 3.60478 0
      vertex 168.515 3.30385 1.6
      vertex 168.515 3.30385 0
    endloop
  endfacet
  facet normal -0.594695 -0.803952 0
    outer loop
      vertex 173.322 5.57756 0
      vertex 173.567 5.39633 1.6
      vertex 173.322 5.57756 1.6
    endloop
  endfacet
  facet normal -0.594695 -0.803952 -0
    outer loop
      vertex 173.567 5.39633 1.6
      vertex 173.322 5.57756 0
      vertex 173.567 5.39633 0
    endloop
  endfacet
  facet normal 0 0 -1
    outer loop
      vertex 173.3 3 1.6
      vertex 174.7 3 1.6
      vertex 174.685 2.69615 1.6
    endloop
  endfacet
  facet normal 0 0 -1
    outer loop
      vertex 173.292 2.83337 1.6
      vertex 174.685 2.69615 1.6
      vertex 174.64 2.39522 1.6
    endloop
  endfacet
  facet normal 0 0 -1
    outer loop
      vertex 174.7 3 1.6
      vertex 173.3 3 1.6
      vertex 174.685 3.30385 1.6
    endloop
  endfacet
  facet normal 0 0 -1
    outer loop
      vertex 173.267 2.66835 1.6
      vertex 174.64 2.39522 1.6
      vertex 174.567 2.10012 1.6
    endloop
  endfacet
  facet normal 0 0 -1
    outer loop
      vertex 173.292 3.16663 1.6
      vertex 174.685 3.30385 1.6
      vertex 173.3 3 1.6
    endloop
  endfacet
  facet normal 0 0 -1
    outer loop
      vertex 173.227 2.50652 1.6
      vertex 174.567 2.10012 1.6
      vertex 174.464 1.81368 1.6
    endloop
  endfacet
  facet normal -0 0 -1
    outer loop
      vertex 174.685 3.30385 1.6
      vertex 173.292 3.16663 1.6
      vertex 174.64 3.60478 1.6
    endloop
  endfacet
  facet normal 0 0 -1
    outer loop
      vertex 173.171 2.34944 1.6
      vertex 174.464 1.81368 1.6
      vertex 174.334 1.53867 1.6
    endloop
  endfacet
  facet normal 0 0 -1
    outer loop
      vertex 173.267 3.33165 1.6
      vertex 174.64 3.60478 1.6
      vertex 173.292 3.16663 1.6
    endloop
  endfacet
  facet normal 0 0 -1
    outer loop
      vertex 173.099 2.19862 1.6
      vertex 174.334 1.53867 1.6
      vertex 174.178 1.27773 1.6
    endloop
  endfacet
  facet normal -0 0 -1
    outer loop
      vertex 174.64 3.60478 1.6
      vertex 173.267 3.33165 1.6
      vertex 174.567 3.89988 1.6
    endloop
  endfacet
  facet normal 0 0 -1
    outer loop
      vertex 173.014 2.05553 1.6
      vertex 174.178 1.27773 1.6
      vertex 173.996 1.03338 1.6
    endloop
  endfacet
  facet normal 0 0 -1
    outer loop
      vertex 173.227 3.49348 1.6
      vertex 174.567 3.89988 1.6
      vertex 173.267 3.33165 1.6
    endloop
  endfacet
  facet normal 0 0 -1
    outer loop
      vertex 172.914 1.92153 1.6
      vertex 173.996 1.03338 1.6
      vertex 173.792 0.807968 1.6
    endloop
  endfacet
  facet normal -0 0 -1
    outer loop
      vertex 174.567 3.89988 1.6
      vertex 173.227 3.49348 1.6
      vertex 174.464 4.18632 1.6
    endloop
  endfacet
  facet normal 0 0 -1
    outer loop
      vertex 172.802 1.79792 1.6
      vertex 173.792 0.807968 1.6
      vertex 173.567 0.603667 1.6
    endloop
  endfacet
  facet normal 0 0 -1
    outer loop
      vertex 173.171 3.65056 1.6
      vertex 174.464 4.18632 1.6
      vertex 173.227 3.49348 1.6
    endloop
  endfacet
  facet normal 0 0 -1
    outer loop
      vertex 172.678 1.68588 1.6
      vertex 173.567 0.603667 1.6
      vertex 173.322 0.422443 1.6
    endloop
  endfacet
  facet normal -0 0 -1
    outer loop
      vertex 174.464 4.18632 1.6
      vertex 173.171 3.65056 1.6
      vertex 174.334 4.46133 1.6
    endloop
  endfacet
  facet normal 0 0 -1
    outer loop
      vertex 173.099 3.80137 1.6
      vertex 174.334 4.46133 1.6
      vertex 173.171 3.65056 1.6
    endloop
  endfacet
  facet normal 0 0 -1
    outer loop
      vertex 174.685 2.69615 1.6
      vertex 173.292 2.83337 1.6
      vertex 173.3 3 1.6
    endloop
  endfacet
  facet normal 0 0 -1
    outer loop
      vertex 174.64 2.39522 1.6
      vertex 173.267 2.66835 1.6
      vertex 173.292 2.83337 1.6
    endloop
  endfacet
  facet normal 0 0 -1
    outer loop
      vertex 174.567 2.10012 1.6
      vertex 173.227 2.50652 1.6
      vertex 173.267 2.66835 1.6
    endloop
  endfacet
  facet normal 0 0 -1
    outer loop
      vertex 174.464 1.81368 1.6
      vertex 173.171 2.34944 1.6
      vertex 173.227 2.50652 1.6
    endloop
  endfacet
  facet normal 0 0 -1
    outer loop
      vertex 174.334 1.53867 1.6
      vertex 173.099 2.19862 1.6
      vertex 173.171 2.34944 1.6
    endloop
  endfacet
  facet normal 0 0 -1
    outer loop
      vertex 172.544 1.5865 1.6
      vertex 173.322 0.422443 1.6
      vertex 173.061 0.266044 1.6
    endloop
  endfacet
  facet normal 0 0 -1
    outer loop
      vertex 174.178 1.27773 1.6
      vertex 173.014 2.05553 1.6
      vertex 173.099 2.19862 1.6
    endloop
  endfacet
  facet normal 0 0 -1
    outer loop
      vertex 173.996 1.03338 1.6
      vertex 172.914 1.92153 1.6
      vertex 173.014 2.05553 1.6
    endloop
  endfacet
  facet normal 0 0 -1
    outer loop
      vertex 173.792 0.807968 1.6
      vertex 172.802 1.79792 1.6
      vertex 172.914 1.92153 1.6
    endloop
  endfacet
  facet normal 0 0 -1
    outer loop
      vertex 172.401 1.50073 1.6
      vertex 173.061 0.266044 1.6
      vertex 172.786 0.135973 1.6
    endloop
  endfacet
  facet normal 0 0 -1
    outer loop
      vertex 173.567 0.603667 1.6
      vertex 172.678 1.68588 1.6
      vertex 172.802 1.79792 1.6
    endloop
  endfacet
  facet normal 0 0 -1
    outer loop
      vertex 173.322 0.422443 1.6
      vertex 172.544 1.5865 1.6
      vertex 172.678 1.68588 1.6
    endloop
  endfacet
  facet normal 0 0 -1
    outer loop
      vertex 172.251 1.4294 1.6
      vertex 172.786 0.135973 1.6
      vertex 172.5 0.0334845 1.6
    endloop
  endfacet
  facet normal 0 0 -1
    outer loop
      vertex 173.061 0.266044 1.6
      vertex 172.401 1.50073 1.6
      vertex 172.544 1.5865 1.6
    endloop
  endfacet
  facet normal 0 0 -1
    outer loop
      vertex 172.786 0.135973 1.6
      vertex 172.251 1.4294 1.6
      vertex 172.401 1.50073 1.6
    endloop
  endfacet
  facet normal 0 0 -1
    outer loop
      vertex 172.093 1.3732 1.6
      vertex 172.5 0.0334845 1.6
      vertex 172.205 -0.0404339 1.6
    endloop
  endfacet
  facet normal 0 0 -1
    outer loop
      vertex 172.5 0.0334845 1.6
      vertex 172.093 1.3732 1.6
      vertex 172.251 1.4294 1.6
    endloop
  endfacet
  facet normal 0 0 -1
    outer loop
      vertex 172.205 -0.0404339 1.6
      vertex 171.932 1.33266 1.6
      vertex 172.093 1.3732 1.6
    endloop
  endfacet
  facet normal 0 0 -1
    outer loop
      vertex 171.904 -0.0850725 1.6
      vertex 171.932 1.33266 1.6
      vertex 172.205 -0.0404339 1.6
    endloop
  endfacet
  facet normal 0 0 -1
    outer loop
      vertex 171.904 -0.0850725 1.6
      vertex 171.767 1.30819 1.6
      vertex 171.932 1.33266 1.6
    endloop
  endfacet
  facet normal 0 0 -1
    outer loop
      vertex 171.6 -0.0999994 1.6
      vertex 171.767 1.30819 1.6
      vertex 171.904 -0.0850725 1.6
    endloop
  endfacet
  facet normal 0 0 -1
    outer loop
      vertex 171.6 -0.0999994 1.6
      vertex 171.6 1.3 1.6
      vertex 171.767 1.30819 1.6
    endloop
  endfacet
  facet normal 0 0 -1
    outer loop
      vertex 171.6 -0.0999994 1.6
      vertex 171.433 1.30819 1.6
      vertex 171.6 1.3 1.6
    endloop
  endfacet
  facet normal 0 0 -1
    outer loop
      vertex 171.296 -0.0850725 1.6
      vertex 171.433 1.30819 1.6
      vertex 171.6 -0.0999994 1.6
    endloop
  endfacet
  facet normal 0 0 -1
    outer loop
      vertex 171.296 -0.0850725 1.6
      vertex 171.268 1.33266 1.6
      vertex 171.433 1.30819 1.6
    endloop
  endfacet
  facet normal 0 0 -1
    outer loop
      vertex 170.995 -0.0404339 1.6
      vertex 171.268 1.33266 1.6
      vertex 171.296 -0.0850725 1.6
    endloop
  endfacet
  facet normal -0 0 -1
    outer loop
      vertex 171.268 1.33266 1.6
      vertex 170.995 -0.0404339 1.6
      vertex 171.107 1.3732 1.6
    endloop
  endfacet
  facet normal 0 0 -1
    outer loop
      vertex 170.7 0.0334845 1.6
      vertex 171.107 1.3732 1.6
      vertex 170.995 -0.0404339 1.6
    endloop
  endfacet
  facet normal -0 0 -1
    outer loop
      vertex 171.107 1.3732 1.6
      vertex 170.7 0.0334845 1.6
      vertex 170.949 1.4294 1.6
    endloop
  endfacet
  facet normal 0 0 -1
    outer loop
      vertex 170.414 0.135973 1.6
      vertex 170.949 1.4294 1.6
      vertex 170.7 0.0334845 1.6
    endloop
  endfacet
  facet normal -0 0 -1
    outer loop
      vertex 170.949 1.4294 1.6
      vertex 170.414 0.135973 1.6
      vertex 170.799 1.50073 1.6
    endloop
  endfacet
  facet normal 0 0 -1
    outer loop
      vertex 170.139 0.266044 1.6
      vertex 170.799 1.50073 1.6
      vertex 170.414 0.135973 1.6
    endloop
  endfacet
  facet normal -0 0 -1
    outer loop
      vertex 170.799 1.50073 1.6
      vertex 170.139 0.266044 1.6
      vertex 170.656 1.5865 1.6
    endloop
  endfacet
  facet normal 0 0 -1
    outer loop
      vertex 169.878 0.422443 1.6
      vertex 170.656 1.5865 1.6
      vertex 170.139 0.266044 1.6
    endloop
  endfacet
  facet normal -0 0 -1
    outer loop
      vertex 170.656 1.5865 1.6
      vertex 169.878 0.422443 1.6
      vertex 170.522 1.68588 1.6
    endloop
  endfacet
  facet normal 0 0 -1
    outer loop
      vertex 169.633 0.603667 1.6
      vertex 170.522 1.68588 1.6
      vertex 169.878 0.422443 1.6
    endloop
  endfacet
  facet normal -0 0 -1
    outer loop
      vertex 170.522 1.68588 1.6
      vertex 169.633 0.603667 1.6
      vertex 170.398 1.79792 1.6
    endloop
  endfacet
  facet normal 0 0 -1
    outer loop
      vertex 169.408 0.807968 1.6
      vertex 170.398 1.79792 1.6
      vertex 169.633 0.603667 1.6
    endloop
  endfacet
  facet normal -0 0 -1
    outer loop
      vertex 170.398 1.79792 1.6
      vertex 169.408 0.807968 1.6
      vertex 170.286 1.92153 1.6
    endloop
  endfacet
  facet normal 0 0 -1
    outer loop
      vertex 169.204 1.03338 1.6
      vertex 170.286 1.92153 1.6
      vertex 169.408 0.807968 1.6
    endloop
  endfacet
  facet normal -0 0 -1
    outer loop
      vertex 170.286 1.92153 1.6
      vertex 169.204 1.03338 1.6
      vertex 170.187 2.05553 1.6
    endloop
  endfacet
  facet normal 0 0 -1
    outer loop
      vertex 169.022 1.27773 1.6
      vertex 170.187 2.05553 1.6
      vertex 169.204 1.03338 1.6
    endloop
  endfacet
  facet normal 0 0 -1
    outer loop
      vertex 168.866 1.53867 1.6
      vertex 170.101 2.19862 1.6
      vertex 169.022 1.27773 1.6
    endloop
  endfacet
  facet normal -0 0 -1
    outer loop
      vertex 170.187 2.05553 1.6
      vertex 169.022 1.27773 1.6
      vertex 170.101 2.19862 1.6
    endloop
  endfacet
  facet normal -0 0 -1
    outer loop
      vertex 174.334 4.46133 1.6
      vertex 173.099 3.80137 1.6
      vertex 174.178 4.72227 1.6
    endloop
  endfacet
  facet normal 0 0 -1
    outer loop
      vertex 173.014 3.94447 1.6
      vertex 174.178 4.72227 1.6
      vertex 173.099 3.80137 1.6
    endloop
  endfacet
  facet normal -0 0 -1
    outer loop
      vertex 174.178 4.72227 1.6
      vertex 173.014 3.94447 1.6
      vertex 173.996 4.96662 1.6
    endloop
  endfacet
  facet normal 0 0 -1
    outer loop
      vertex 172.914 4.07847 1.6
      vertex 173.996 4.96662 1.6
      vertex 173.014 3.94447 1.6
    endloop
  endfacet
  facet normal -0 0 -1
    outer loop
      vertex 173.996 4.96662 1.6
      vertex 172.914 4.07847 1.6
      vertex 173.792 5.19203 1.6
    endloop
  endfacet
  facet normal 0 0 -1
    outer loop
      vertex 172.802 4.20208 1.6
      vertex 173.792 5.19203 1.6
      vertex 172.914 4.07847 1.6
    endloop
  endfacet
  facet normal -0 0 -1
    outer loop
      vertex 173.792 5.19203 1.6
      vertex 172.802 4.20208 1.6
      vertex 173.567 5.39633 1.6
    endloop
  endfacet
  facet normal 0 0 -1
    outer loop
      vertex 172.678 4.31412 1.6
      vertex 173.567 5.39633 1.6
      vertex 172.802 4.20208 1.6
    endloop
  endfacet
  facet normal -0 0 -1
    outer loop
      vertex 173.567 5.39633 1.6
      vertex 172.678 4.31412 1.6
      vertex 173.322 5.57756 1.6
    endloop
  endfacet
  facet normal 0 0 -1
    outer loop
      vertex 172.544 4.4135 1.6
      vertex 173.322 5.57756 1.6
      vertex 172.678 4.31412 1.6
    endloop
  endfacet
  facet normal -0 0 -1
    outer loop
      vertex 173.322 5.57756 1.6
      vertex 172.544 4.4135 1.6
      vertex 173.061 5.73396 1.6
    endloop
  endfacet
  facet normal 0 0 -1
    outer loop
      vertex 172.401 4.49927 1.6
      vertex 173.061 5.73396 1.6
      vertex 172.544 4.4135 1.6
    endloop
  endfacet
  facet normal -0 0 -1
    outer loop
      vertex 173.061 5.73396 1.6
      vertex 172.401 4.49927 1.6
      vertex 172.786 5.86403 1.6
    endloop
  endfacet
  facet normal 0 0 -1
    outer loop
      vertex 172.251 4.57059 1.6
      vertex 172.786 5.86403 1.6
      vertex 172.401 4.49927 1.6
    endloop
  endfacet
  facet normal -0 0 -1
    outer loop
      vertex 172.786 5.86403 1.6
      vertex 172.251 4.57059 1.6
      vertex 172.5 5.96651 1.6
    endloop
  endfacet
  facet normal 0 0 -1
    outer loop
      vertex 172.093 4.6268 1.6
      vertex 172.5 5.96651 1.6
      vertex 172.251 4.57059 1.6
    endloop
  endfacet
  facet normal -0 0 -1
    outer loop
      vertex 172.5 5.96651 1.6
      vertex 172.093 4.6268 1.6
      vertex 172.205 6.04043 1.6
    endloop
  endfacet
  facet normal 0 0 -1
    outer loop
      vertex 171.932 4.66733 1.6
      vertex 172.205 6.04043 1.6
      vertex 172.093 4.6268 1.6
    endloop
  endfacet
  facet normal 0 0 -1
    outer loop
      vertex 171.932 4.66733 1.6
      vertex 171.904 6.08507 1.6
      vertex 172.205 6.04043 1.6
    endloop
  endfacet
  facet normal 0 0 -1
    outer loop
      vertex 171.767 4.69181 1.6
      vertex 171.904 6.08507 1.6
      vertex 171.932 4.66733 1.6
    endloop
  endfacet
  facet normal 0 0 -1
    outer loop
      vertex 171.6 4.7 1.6
      vertex 171.904 6.08507 1.6
      vertex 171.767 4.69181 1.6
    endloop
  endfacet
  facet normal 0 0 -1
    outer loop
      vertex 171.6 4.7 1.6
      vertex 171.6 6.1 1.6
      vertex 171.904 6.08507 1.6
    endloop
  endfacet
  facet normal 0 0 -1
    outer loop
      vertex 171.433 4.69181 1.6
      vertex 171.6 6.1 1.6
      vertex 171.6 4.7 1.6
    endloop
  endfacet
  facet normal 0 0 -1
    outer loop
      vertex 171.433 4.69181 1.6
      vertex 171.296 6.08507 1.6
      vertex 171.6 6.1 1.6
    endloop
  endfacet
  facet normal 0 0 -1
    outer loop
      vertex 171.268 4.66733 1.6
      vertex 171.296 6.08507 1.6
      vertex 171.433 4.69181 1.6
    endloop
  endfacet
  facet normal 0 0 -1
    outer loop
      vertex 170.995 6.04043 1.6
      vertex 171.268 4.66733 1.6
      vertex 171.107 4.6268 1.6
    endloop
  endfacet
  facet normal 0 0 -1
    outer loop
      vertex 171.268 4.66733 1.6
      vertex 170.995 6.04043 1.6
      vertex 171.296 6.08507 1.6
    endloop
  endfacet
  facet normal 0 0 -1
    outer loop
      vertex 170.7 5.96651 1.6
      vertex 171.107 4.6268 1.6
      vertex 170.949 4.57059 1.6
    endloop
  endfacet
  facet normal 0 0 -1
    outer loop
      vertex 170.414 5.86403 1.6
      vertex 170.949 4.57059 1.6
      vertex 170.799 4.49927 1.6
    endloop
  endfacet
  facet normal 0 0 -1
    outer loop
      vertex 171.107 4.6268 1.6
      vertex 170.7 5.96651 1.6
      vertex 170.995 6.04043 1.6
    endloop
  endfacet
  facet normal 0 0 -1
    outer loop
      vertex 170.139 5.73396 1.6
      vertex 170.799 4.49927 1.6
      vertex 170.656 4.4135 1.6
    endloop
  endfacet
  facet normal 0 0 -1
    outer loop
      vertex 169.878 5.57756 1.6
      vertex 170.656 4.4135 1.6
      vertex 170.522 4.31412 1.6
    endloop
  endfacet
  facet normal 0 0 -1
    outer loop
      vertex 170.949 4.57059 1.6
      vertex 170.414 5.86403 1.6
      vertex 170.7 5.96651 1.6
    endloop
  endfacet
  facet normal 0 0 -1
    outer loop
      vertex 169.633 5.39633 1.6
      vertex 170.522 4.31412 1.6
      vertex 170.398 4.20208 1.6
    endloop
  endfacet
  facet normal 0 0 -1
    outer loop
      vertex 169.408 5.19203 1.6
      vertex 170.398 4.20208 1.6
      vertex 170.286 4.07847 1.6
    endloop
  endfacet
  facet normal 0 0 -1
    outer loop
      vertex 169.204 4.96662 1.6
      vertex 170.286 4.07847 1.6
      vertex 170.187 3.94447 1.6
    endloop
  endfacet
  facet normal 0 0 -1
    outer loop
      vertex 170.799 4.49927 1.6
      vertex 170.139 5.73396 1.6
      vertex 170.414 5.86403 1.6
    endloop
  endfacet
  facet normal 0 0 -1
    outer loop
      vertex 169.022 4.72227 1.6
      vertex 170.187 3.94447 1.6
      vertex 170.101 3.80137 1.6
    endloop
  endfacet
  facet normal 0 0 -1
    outer loop
      vertex 168.866 4.46133 1.6
      vertex 170.101 3.80137 1.6
      vertex 170.029 3.65056 1.6
    endloop
  endfacet
  facet normal 0 0 -1
    outer loop
      vertex 168.736 4.18632 1.6
      vertex 170.029 3.65056 1.6
      vertex 169.973 3.49348 1.6
    endloop
  endfacet
  facet normal 0 0 -1
    outer loop
      vertex 168.633 3.89988 1.6
      vertex 169.973 3.49348 1.6
      vertex 169.933 3.33165 1.6
    endloop
  endfacet
  facet normal 0 0 -1
    outer loop
      vertex 168.56 3.60478 1.6
      vertex 169.933 3.33165 1.6
      vertex 169.908 3.16663 1.6
    endloop
  endfacet
  facet normal 0 0 -1
    outer loop
      vertex 170.656 4.4135 1.6
      vertex 169.878 5.57756 1.6
      vertex 170.139 5.73396 1.6
    endloop
  endfacet
  facet normal 0 0 -1
    outer loop
      vertex 168.515 3.30385 1.6
      vertex 169.908 3.16663 1.6
      vertex 169.9 3 1.6
    endloop
  endfacet
  facet normal -0 0 -1
    outer loop
      vertex 170.101 2.19862 1.6
      vertex 168.866 1.53867 1.6
      vertex 170.029 2.34944 1.6
    endloop
  endfacet
  facet normal 0 0 -1
    outer loop
      vertex 168.736 1.81368 1.6
      vertex 170.029 2.34944 1.6
      vertex 168.866 1.53867 1.6
    endloop
  endfacet
  facet normal 0 0 -1
    outer loop
      vertex 170.522 4.31412 1.6
      vertex 169.633 5.39633 1.6
      vertex 169.878 5.57756 1.6
    endloop
  endfacet
  facet normal -0 0 -1
    outer loop
      vertex 170.029 2.34944 1.6
      vertex 168.736 1.81368 1.6
      vertex 169.973 2.50652 1.6
    endloop
  endfacet
  facet normal 0 0 -1
    outer loop
      vertex 170.398 4.20208 1.6
      vertex 169.408 5.19203 1.6
      vertex 169.633 5.39633 1.6
    endloop
  endfacet
  facet normal 0 0 -1
    outer loop
      vertex 168.633 2.10012 1.6
      vertex 169.973 2.50652 1.6
      vertex 168.736 1.81368 1.6
    endloop
  endfacet
  facet normal 0 0 -1
    outer loop
      vertex 170.286 4.07847 1.6
      vertex 169.204 4.96662 1.6
      vertex 169.408 5.19203 1.6
    endloop
  endfacet
  facet normal -0 0 -1
    outer loop
      vertex 169.973 2.50652 1.6
      vertex 168.633 2.10012 1.6
      vertex 169.933 2.66835 1.6
    endloop
  endfacet
  facet normal 0 0 -1
    outer loop
      vertex 170.187 3.94447 1.6
      vertex 169.022 4.72227 1.6
      vertex 169.204 4.96662 1.6
    endloop
  endfacet
  facet normal 0 0 -1
    outer loop
      vertex 168.56 2.39522 1.6
      vertex 169.933 2.66835 1.6
      vertex 168.633 2.10012 1.6
    endloop
  endfacet
  facet normal 0 0 -1
    outer loop
      vertex 170.101 3.80137 1.6
      vertex 168.866 4.46133 1.6
      vertex 169.022 4.72227 1.6
    endloop
  endfacet
  facet normal -0 0 -1
    outer loop
      vertex 169.933 2.66835 1.6
      vertex 168.56 2.39522 1.6
      vertex 169.908 2.83337 1.6
    endloop
  endfacet
  facet normal 0 0 -1
    outer loop
      vertex 170.029 3.65056 1.6
      vertex 168.736 4.18632 1.6
      vertex 168.866 4.46133 1.6
    endloop
  endfacet
  facet normal 0 0 -1
    outer loop
      vertex 168.515 2.69615 1.6
      vertex 169.908 2.83337 1.6
      vertex 168.56 2.39522 1.6
    endloop
  endfacet
  facet normal 0 0 -1
    outer loop
      vertex 169.973 3.49348 1.6
      vertex 168.633 3.89988 1.6
      vertex 168.736 4.18632 1.6
    endloop
  endfacet
  facet normal -0 0 -1
    outer loop
      vertex 169.908 2.83337 1.6
      vertex 168.515 2.69615 1.6
      vertex 169.9 3 1.6
    endloop
  endfacet
  facet normal 0 0 -1
    outer loop
      vertex 169.933 3.33165 1.6
      vertex 168.56 3.60478 1.6
      vertex 168.633 3.89988 1.6
    endloop
  endfacet
  facet normal 0 0 -1
    outer loop
      vertex 168.5 3 1.6
      vertex 169.9 3 1.6
      vertex 168.515 2.69615 1.6
    endloop
  endfacet
  facet normal 0 0 -1
    outer loop
      vertex 169.908 3.16663 1.6
      vertex 168.515 3.30385 1.6
      vertex 168.56 3.60478 1.6
    endloop
  endfacet
  facet normal 0 0 -1
    outer loop
      vertex 169.9 3 1.6
      vertex 168.5 3 1.6
      vertex 168.515 3.30385 1.6
    endloop
  endfacet
  facet normal 0.801985 -0.597345 0
    outer loop
      vertex 169.022 4.72227 1.6
      vertex 169.204 4.96662 0
      vertex 169.204 4.96662 1.6
    endloop
  endfacet
  facet normal 0.801985 -0.597345 0
    outer loop
      vertex 169.204 4.96662 0
      vertex 169.022 4.72227 1.6
      vertex 169.022 4.72227 0
    endloop
  endfacet
  facet normal 0.998784 0.0493064 0
    outer loop
      vertex 168.515 2.69615 1.6
      vertex 168.5 3 0
      vertex 168.5 3 1.6
    endloop
  endfacet
  facet normal 0.998784 0.0493064 0
    outer loop
      vertex 168.5 3 0
      vertex 168.515 2.69615 1.6
      vertex 168.515 2.69615 0
    endloop
  endfacet
  facet normal -0.741441 -0.671018 0
    outer loop
      vertex 173.996 4.96662 0
      vertex 173.792 5.19203 1.6
      vertex 173.792 5.19203 0
    endloop
  endfacet
  facet normal -0.741441 -0.671018 0
    outer loop
      vertex 173.792 5.19203 1.6
      vertex 173.996 4.96662 0
      vertex 173.996 4.96662 1.6
    endloop
  endfacet
  facet normal 0.989185 0.14667 0
    outer loop
      vertex -4.66733 -85.9317 3
      vertex -4.69181 -85.7666 1.6
      vertex -4.69181 -85.7666 3
    endloop
  endfacet
  facet normal 0.989185 0.14667 0
    outer loop
      vertex -4.69181 -85.7666 1.6
      vertex -4.66733 -85.9317 3
      vertex -4.66733 -85.9317 1.6
    endloop
  endfacet
  facet normal -0.989194 0.146612 0
    outer loop
      vertex -1.33266 -85.9317 1.6
      vertex -1.30819 -85.7666 3
      vertex -1.30819 -85.7666 1.6
    endloop
  endfacet
  facet normal -0.989194 0.146612 0
    outer loop
      vertex -1.30819 -85.7666 3
      vertex -1.33266 -85.9317 1.6
      vertex -1.33266 -85.9317 3
    endloop
  endfacet
  facet normal -0.998794 0.0491004 0
    outer loop
      vertex -1.30819 -85.7666 1.6
      vertex -1.3 -85.6 3
      vertex -1.3 -85.6 1.6
    endloop
  endfacet
  facet normal -0.998794 0.0491004 0
    outer loop
      vertex -1.3 -85.6 3
      vertex -1.30819 -85.7666 1.6
      vertex -1.30819 -85.7666 3
    endloop
  endfacet
  facet normal -0.970015 0.243043 0
    outer loop
      vertex -1.3732 -86.0935 1.6
      vertex -1.33266 -85.9317 3
      vertex -1.33266 -85.9317 1.6
    endloop
  endfacet
  facet normal -0.970015 0.243043 0
    outer loop
      vertex -1.33266 -85.9317 3
      vertex -1.3732 -86.0935 1.6
      vertex -1.3732 -86.0935 3
    endloop
  endfacet
  facet normal -0.336868 0.941552 0
    outer loop
      vertex -2.34944 -87.1706 1.6
      vertex -2.50652 -87.2268 3
      vertex -2.34944 -87.1706 3
    endloop
  endfacet
  facet normal -0.336868 0.941552 0
    outer loop
      vertex -2.50652 -87.2268 3
      vertex -2.34944 -87.1706 1.6
      vertex -2.50652 -87.2268 1.6
    endloop
  endfacet
  facet normal 0.97003 0.242987 0
    outer loop
      vertex -4.6268 -86.0935 3
      vertex -4.66733 -85.9317 1.6
      vertex -4.66733 -85.9317 3
    endloop
  endfacet
  facet normal 0.97003 0.242987 0
    outer loop
      vertex -4.66733 -85.9317 1.6
      vertex -4.6268 -86.0935 3
      vertex -4.6268 -86.0935 1.6
    endloop
  endfacet
  facet normal 0.941546 -0.336883 0
    outer loop
      vertex -4.6268 -85.1065 3
      vertex -4.57059 -84.9494 1.6
      vertex -4.57059 -84.9494 3
    endloop
  endfacet
  facet normal 0.941546 -0.336883 0
    outer loop
      vertex -4.57059 -84.9494 1.6
      vertex -4.6268 -85.1065 3
      vertex -4.6268 -85.1065 1.6
    endloop
  endfacet
  facet normal 0.242775 0.970083 -0
    outer loop
      vertex -3.33165 -87.2673 1.6
      vertex -3.49348 -87.2268 3
      vertex -3.33165 -87.2673 3
    endloop
  endfacet
  facet normal 0.242775 0.970083 0
    outer loop
      vertex -3.49348 -87.2268 3
      vertex -3.33165 -87.2673 1.6
      vertex -3.49348 -87.2268 1.6
    endloop
  endfacet
  facet normal -0.242775 0.970083 0
    outer loop
      vertex -2.50652 -87.2268 1.6
      vertex -2.66835 -87.2673 3
      vertex -2.50652 -87.2268 3
    endloop
  endfacet
  facet normal -0.242775 0.970083 0
    outer loop
      vertex -2.66835 -87.2673 3
      vertex -2.50652 -87.2268 1.6
      vertex -2.66835 -87.2673 1.6
    endloop
  endfacet
  facet normal 0.595772 0.803154 -0
    outer loop
      vertex -3.94447 -87.0135 1.6
      vertex -4.07847 -86.9141 3
      vertex -3.94447 -87.0135 3
    endloop
  endfacet
  facet normal 0.595772 0.803154 0
    outer loop
      vertex -4.07847 -86.9141 3
      vertex -3.94447 -87.0135 1.6
      vertex -4.07847 -86.9141 1.6
    endloop
  endfacet
  facet normal 0.671448 -0.741051 0
    outer loop
      vertex -4.20208 -84.3979 1.6
      vertex -4.07847 -84.2859 3
      vertex -4.20208 -84.3979 3
    endloop
  endfacet
  facet normal 0.671448 -0.741051 0
    outer loop
      vertex -4.07847 -84.2859 3
      vertex -4.20208 -84.3979 1.6
      vertex -4.07847 -84.2859 1.6
    endloop
  endfacet
  facet normal 0.903996 -0.42754 0
    outer loop
      vertex -4.57059 -84.9494 3
      vertex -4.49927 -84.7986 1.6
      vertex -4.49927 -84.7986 3
    endloop
  endfacet
  facet normal 0.903996 -0.42754 0
    outer loop
      vertex -4.49927 -84.7986 1.6
      vertex -4.57059 -84.9494 3
      vertex -4.57059 -84.9494 1.6
    endloop
  endfacet
  facet normal -0.146857 -0.989158 0
    outer loop
      vertex -2.83337 -83.9082 1.6
      vertex -2.66835 -83.9327 3
      vertex -2.83337 -83.9082 3
    endloop
  endfacet
  facet normal -0.146857 -0.989158 -0
    outer loop
      vertex -2.66835 -83.9327 3
      vertex -2.83337 -83.9082 1.6
      vertex -2.66835 -83.9327 1.6
    endloop
  endfacet
  facet normal -0.514258 -0.857636 0
    outer loop
      vertex -2.19862 -84.1007 1.6
      vertex -2.05553 -84.1865 3
      vertex -2.19862 -84.1007 3
    endloop
  endfacet
  facet normal -0.514258 -0.857636 -0
    outer loop
      vertex -2.05553 -84.1865 3
      vertex -2.19862 -84.1007 1.6
      vertex -2.05553 -84.1865 1.6
    endloop
  endfacet
  facet normal 0.0491513 0.998791 -0
    outer loop
      vertex -3 -87.3 1.6
      vertex -3.16663 -87.2918 3
      vertex -3 -87.3 3
    endloop
  endfacet
  facet normal 0.0491513 0.998791 0
    outer loop
      vertex -3.16663 -87.2918 3
      vertex -3 -87.3 1.6
      vertex -3.16663 -87.2918 1.6
    endloop
  endfacet
  facet normal -0.803211 -0.595695 0
    outer loop
      vertex -1.5865 -84.6555 1.6
      vertex -1.68588 -84.5215 3
      vertex -1.68588 -84.5215 1.6
    endloop
  endfacet
  facet normal -0.803211 -0.595695 0
    outer loop
      vertex -1.68588 -84.5215 3
      vertex -1.5865 -84.6555 1.6
      vertex -1.5865 -84.6555 3
    endloop
  endfacet
  facet normal -0.242775 -0.970083 0
    outer loop
      vertex -2.66835 -83.9327 1.6
      vertex -2.50652 -83.9732 3
      vertex -2.66835 -83.9327 3
    endloop
  endfacet
  facet normal -0.242775 -0.970083 -0
    outer loop
      vertex -2.50652 -83.9732 3
      vertex -2.66835 -83.9327 1.6
      vertex -2.50652 -83.9732 1.6
    endloop
  endfacet
  facet normal 0.427419 -0.904054 0
    outer loop
      vertex -3.80137 -84.1007 1.6
      vertex -3.65056 -84.0294 3
      vertex -3.80137 -84.1007 3
    endloop
  endfacet
  facet normal 0.427419 -0.904054 0
    outer loop
      vertex -3.65056 -84.0294 3
      vertex -3.80137 -84.1007 1.6
      vertex -3.65056 -84.0294 1.6
    endloop
  endfacet
  facet normal 0.0491513 -0.998791 0
    outer loop
      vertex -3.16663 -83.9082 1.6
      vertex -3 -83.9 3
      vertex -3.16663 -83.9082 3
    endloop
  endfacet
  facet normal 0.0491513 -0.998791 0
    outer loop
      vertex -3 -83.9 3
      vertex -3.16663 -83.9082 1.6
      vertex -3 -83.9 1.6
    endloop
  endfacet
  facet normal -0.989194 -0.146612 0
    outer loop
      vertex -1.30819 -85.4334 1.6
      vertex -1.33266 -85.2683 3
      vertex -1.33266 -85.2683 1.6
    endloop
  endfacet
  facet normal -0.989194 -0.146612 0
    outer loop
      vertex -1.33266 -85.2683 3
      vertex -1.30819 -85.4334 1.6
      vertex -1.30819 -85.4334 3
    endloop
  endfacet
  facet normal 0.146857 -0.989158 0
    outer loop
      vertex -3.33165 -83.9327 1.6
      vertex -3.16663 -83.9082 3
      vertex -3.33165 -83.9327 3
    endloop
  endfacet
  facet normal 0.146857 -0.989158 0
    outer loop
      vertex -3.16663 -83.9082 3
      vertex -3.33165 -83.9327 1.6
      vertex -3.16663 -83.9082 1.6
    endloop
  endfacet
  facet normal -0.427396 0.904065 0
    outer loop
      vertex -2.19862 -87.0993 1.6
      vertex -2.34944 -87.1706 3
      vertex -2.19862 -87.0993 3
    endloop
  endfacet
  facet normal -0.427396 0.904065 0
    outer loop
      vertex -2.34944 -87.1706 3
      vertex -2.19862 -87.0993 1.6
      vertex -2.34944 -87.1706 1.6
    endloop
  endfacet
  facet normal 0.857731 0.514099 0
    outer loop
      vertex -4.4135 -86.5445 3
      vertex -4.49927 -86.4014 1.6
      vertex -4.49927 -86.4014 3
    endloop
  endfacet
  facet normal 0.857731 0.514099 0
    outer loop
      vertex -4.49927 -86.4014 1.6
      vertex -4.4135 -86.5445 3
      vertex -4.4135 -86.5445 1.6
    endloop
  endfacet
  facet normal 0.903996 0.42754 0
    outer loop
      vertex -4.49927 -86.4014 3
      vertex -4.57059 -86.2506 1.6
      vertex -4.57059 -86.2506 3
    endloop
  endfacet
  facet normal 0.903996 0.42754 0
    outer loop
      vertex -4.57059 -86.2506 1.6
      vertex -4.49927 -86.4014 3
      vertex -4.49927 -86.4014 1.6
    endloop
  endfacet
  facet normal 0.97003 -0.242987 0
    outer loop
      vertex -4.66733 -85.2683 3
      vertex -4.6268 -85.1065 1.6
      vertex -4.6268 -85.1065 3
    endloop
  endfacet
  facet normal 0.97003 -0.242987 0
    outer loop
      vertex -4.6268 -85.1065 1.6
      vertex -4.66733 -85.2683 3
      vertex -4.66733 -85.2683 1.6
    endloop
  endfacet
  facet normal -0.970015 -0.243043 0
    outer loop
      vertex -1.33266 -85.2683 1.6
      vertex -1.3732 -85.1065 3
      vertex -1.3732 -85.1065 1.6
    endloop
  endfacet
  facet normal -0.970015 -0.243043 0
    outer loop
      vertex -1.3732 -85.1065 3
      vertex -1.33266 -85.2683 1.6
      vertex -1.33266 -85.2683 3
    endloop
  endfacet
  facet normal 0.427419 0.904054 -0
    outer loop
      vertex -3.65056 -87.1706 1.6
      vertex -3.80137 -87.0993 3
      vertex -3.65056 -87.1706 3
    endloop
  endfacet
  facet normal 0.427419 0.904054 0
    outer loop
      vertex -3.80137 -87.0993 3
      vertex -3.65056 -87.1706 1.6
      vertex -3.80137 -87.0993 1.6
    endloop
  endfacet
  facet normal 0.671448 0.741051 -0
    outer loop
      vertex -4.07847 -86.9141 1.6
      vertex -4.20208 -86.8021 3
      vertex -4.07847 -86.9141 3
    endloop
  endfacet
  facet normal 0.671448 0.741051 0
    outer loop
      vertex -4.20208 -86.8021 3
      vertex -4.07847 -86.9141 1.6
      vertex -4.20208 -86.8021 1.6
    endloop
  endfacet
  facet normal -0.336868 -0.941552 0
    outer loop
      vertex -2.50652 -83.9732 1.6
      vertex -2.34944 -84.0294 3
      vertex -2.50652 -83.9732 3
    endloop
  endfacet
  facet normal -0.336868 -0.941552 -0
    outer loop
      vertex -2.34944 -84.0294 3
      vertex -2.50652 -83.9732 1.6
      vertex -2.34944 -84.0294 1.6
    endloop
  endfacet
  facet normal 0.336868 0.941552 -0
    outer loop
      vertex -3.49348 -87.2268 1.6
      vertex -3.65056 -87.1706 3
      vertex -3.49348 -87.2268 3
    endloop
  endfacet
  facet normal 0.336868 0.941552 0
    outer loop
      vertex -3.65056 -87.1706 3
      vertex -3.49348 -87.2268 1.6
      vertex -3.65056 -87.1706 1.6
    endloop
  endfacet
  facet normal -0.803211 0.595695 0
    outer loop
      vertex -1.68588 -86.6785 1.6
      vertex -1.5865 -86.5445 3
      vertex -1.5865 -86.5445 1.6
    endloop
  endfacet
  facet normal -0.803211 0.595695 0
    outer loop
      vertex -1.5865 -86.5445 3
      vertex -1.68588 -86.6785 1.6
      vertex -1.68588 -86.6785 3
    endloop
  endfacet
  facet normal -0.998794 -0.0491004 0
    outer loop
      vertex -1.3 -85.6 1.6
      vertex -1.30819 -85.4334 3
      vertex -1.30819 -85.4334 1.6
    endloop
  endfacet
  facet normal -0.998794 -0.0491004 0
    outer loop
      vertex -1.30819 -85.4334 3
      vertex -1.3 -85.6 1.6
      vertex -1.3 -85.6 3
    endloop
  endfacet
  facet normal -0.903973 -0.427589 0
    outer loop
      vertex -1.4294 -84.9494 1.6
      vertex -1.50073 -84.7986 3
      vertex -1.50073 -84.7986 1.6
    endloop
  endfacet
  facet normal -0.903973 -0.427589 0
    outer loop
      vertex -1.50073 -84.7986 3
      vertex -1.4294 -84.9494 1.6
      vertex -1.4294 -84.9494 3
    endloop
  endfacet
  facet normal -0.857731 0.514099 0
    outer loop
      vertex -1.5865 -86.5445 1.6
      vertex -1.50073 -86.4014 3
      vertex -1.50073 -86.4014 1.6
    endloop
  endfacet
  facet normal -0.857731 0.514099 0
    outer loop
      vertex -1.50073 -86.4014 3
      vertex -1.5865 -86.5445 1.6
      vertex -1.5865 -86.5445 3
    endloop
  endfacet
  facet normal -0.740905 0.67161 0
    outer loop
      vertex -1.79792 -86.8021 1.6
      vertex -1.68588 -86.6785 3
      vertex -1.68588 -86.6785 1.6
    endloop
  endfacet
  facet normal -0.740905 0.67161 0
    outer loop
      vertex -1.68588 -86.6785 3
      vertex -1.79792 -86.8021 1.6
      vertex -1.79792 -86.8021 3
    endloop
  endfacet
  facet normal 0.803211 0.595695 0
    outer loop
      vertex -4.31412 -86.6785 3
      vertex -4.4135 -86.5445 1.6
      vertex -4.4135 -86.5445 3
    endloop
  endfacet
  facet normal 0.803211 0.595695 0
    outer loop
      vertex -4.4135 -86.5445 1.6
      vertex -4.31412 -86.6785 3
      vertex -4.31412 -86.6785 1.6
    endloop
  endfacet
  facet normal -0.146857 0.989158 0
    outer loop
      vertex -2.66835 -87.2673 1.6
      vertex -2.83337 -87.2918 3
      vertex -2.66835 -87.2673 3
    endloop
  endfacet
  facet normal -0.146857 0.989158 0
    outer loop
      vertex -2.83337 -87.2918 3
      vertex -2.66835 -87.2673 1.6
      vertex -2.83337 -87.2918 1.6
    endloop
  endfacet
  facet normal 0.595772 -0.803154 0
    outer loop
      vertex -4.07847 -84.2859 1.6
      vertex -3.94447 -84.1865 3
      vertex -4.07847 -84.2859 3
    endloop
  endfacet
  facet normal 0.595772 -0.803154 0
    outer loop
      vertex -3.94447 -84.1865 3
      vertex -4.07847 -84.2859 1.6
      vertex -3.94447 -84.1865 1.6
    endloop
  endfacet
  facet normal -0.595772 0.803154 0
    outer loop
      vertex -1.92153 -86.9141 1.6
      vertex -2.05553 -87.0135 3
      vertex -1.92153 -86.9141 3
    endloop
  endfacet
  facet normal -0.595772 0.803154 0
    outer loop
      vertex -2.05553 -87.0135 3
      vertex -1.92153 -86.9141 1.6
      vertex -2.05553 -87.0135 1.6
    endloop
  endfacet
  facet normal -0.514258 0.857636 0
    outer loop
      vertex -2.05553 -87.0135 1.6
      vertex -2.19862 -87.0993 3
      vertex -2.05553 -87.0135 3
    endloop
  endfacet
  facet normal -0.514258 0.857636 0
    outer loop
      vertex -2.19862 -87.0993 3
      vertex -2.05553 -87.0135 1.6
      vertex -2.19862 -87.0993 1.6
    endloop
  endfacet
  facet normal -0.0491513 -0.998791 0
    outer loop
      vertex -3 -83.9 1.6
      vertex -2.83337 -83.9082 3
      vertex -3 -83.9 3
    endloop
  endfacet
  facet normal -0.0491513 -0.998791 -0
    outer loop
      vertex -2.83337 -83.9082 3
      vertex -3 -83.9 1.6
      vertex -2.83337 -83.9082 1.6
    endloop
  endfacet
  facet normal -0.941566 0.33683 0
    outer loop
      vertex -1.4294 -86.2506 1.6
      vertex -1.3732 -86.0935 3
      vertex -1.3732 -86.0935 1.6
    endloop
  endfacet
  facet normal -0.941566 0.33683 0
    outer loop
      vertex -1.3732 -86.0935 3
      vertex -1.4294 -86.2506 1.6
      vertex -1.4294 -86.2506 3
    endloop
  endfacet
  facet normal -0.857731 -0.514099 0
    outer loop
      vertex -1.50073 -84.7986 1.6
      vertex -1.5865 -84.6555 3
      vertex -1.5865 -84.6555 1.6
    endloop
  endfacet
  facet normal -0.857731 -0.514099 0
    outer loop
      vertex -1.5865 -84.6555 3
      vertex -1.50073 -84.7986 1.6
      vertex -1.50073 -84.7986 3
    endloop
  endfacet
  facet normal -0.671448 0.741051 0
    outer loop
      vertex -1.79792 -86.8021 1.6
      vertex -1.92153 -86.9141 3
      vertex -1.79792 -86.8021 3
    endloop
  endfacet
  facet normal -0.671448 0.741051 0
    outer loop
      vertex -1.92153 -86.9141 3
      vertex -1.79792 -86.8021 1.6
      vertex -1.92153 -86.9141 1.6
    endloop
  endfacet
  facet normal -0.941566 -0.33683 0
    outer loop
      vertex -1.3732 -85.1065 1.6
      vertex -1.4294 -84.9494 3
      vertex -1.4294 -84.9494 1.6
    endloop
  endfacet
  facet normal -0.941566 -0.33683 0
    outer loop
      vertex -1.4294 -84.9494 3
      vertex -1.3732 -85.1065 1.6
      vertex -1.3732 -85.1065 3
    endloop
  endfacet
  facet normal -0.903973 0.427589 0
    outer loop
      vertex -1.50073 -86.4014 1.6
      vertex -1.4294 -86.2506 3
      vertex -1.4294 -86.2506 1.6
    endloop
  endfacet
  facet normal -0.903973 0.427589 0
    outer loop
      vertex -1.4294 -86.2506 3
      vertex -1.50073 -86.4014 1.6
      vertex -1.50073 -86.4014 3
    endloop
  endfacet
  facet normal -0.0491513 0.998791 0
    outer loop
      vertex -2.83337 -87.2918 1.6
      vertex -3 -87.3 3
      vertex -2.83337 -87.2918 3
    endloop
  endfacet
  facet normal -0.0491513 0.998791 0
    outer loop
      vertex -3 -87.3 3
      vertex -2.83337 -87.2918 1.6
      vertex -3 -87.3 1.6
    endloop
  endfacet
  facet normal 0.242775 -0.970083 0
    outer loop
      vertex -3.49348 -83.9732 1.6
      vertex -3.33165 -83.9327 3
      vertex -3.49348 -83.9732 3
    endloop
  endfacet
  facet normal 0.242775 -0.970083 0
    outer loop
      vertex -3.33165 -83.9327 3
      vertex -3.49348 -83.9732 1.6
      vertex -3.33165 -83.9327 1.6
    endloop
  endfacet
  facet normal 0.740905 0.67161 0
    outer loop
      vertex -4.20208 -86.8021 3
      vertex -4.31412 -86.6785 1.6
      vertex -4.31412 -86.6785 3
    endloop
  endfacet
  facet normal 0.740905 0.67161 0
    outer loop
      vertex -4.31412 -86.6785 1.6
      vertex -4.20208 -86.8021 3
      vertex -4.20208 -86.8021 1.6
    endloop
  endfacet
  facet normal 0.857731 -0.514099 0
    outer loop
      vertex -4.49927 -84.7986 3
      vertex -4.4135 -84.6555 1.6
      vertex -4.4135 -84.6555 3
    endloop
  endfacet
  facet normal 0.857731 -0.514099 0
    outer loop
      vertex -4.4135 -84.6555 1.6
      vertex -4.49927 -84.7986 3
      vertex -4.49927 -84.7986 1.6
    endloop
  endfacet
  facet normal 0.146857 0.989158 -0
    outer loop
      vertex -3.16663 -87.2918 1.6
      vertex -3.33165 -87.2673 3
      vertex -3.16663 -87.2918 3
    endloop
  endfacet
  facet normal 0.146857 0.989158 0
    outer loop
      vertex -3.33165 -87.2673 3
      vertex -3.16663 -87.2918 1.6
      vertex -3.33165 -87.2673 1.6
    endloop
  endfacet
  facet normal 0.989185 -0.14667 0
    outer loop
      vertex -4.69181 -85.4334 3
      vertex -4.66733 -85.2683 1.6
      vertex -4.66733 -85.2683 3
    endloop
  endfacet
  facet normal 0.989185 -0.14667 0
    outer loop
      vertex -4.66733 -85.2683 1.6
      vertex -4.69181 -85.4334 3
      vertex -4.69181 -85.4334 1.6
    endloop
  endfacet
  facet normal -0.671448 -0.741051 0
    outer loop
      vertex -1.92153 -84.2859 1.6
      vertex -1.79792 -84.3979 3
      vertex -1.92153 -84.2859 3
    endloop
  endfacet
  facet normal -0.671448 -0.741051 -0
    outer loop
      vertex -1.79792 -84.3979 3
      vertex -1.92153 -84.2859 1.6
      vertex -1.79792 -84.3979 1.6
    endloop
  endfacet
  facet normal 0.740905 -0.67161 0
    outer loop
      vertex -4.31412 -84.5215 3
      vertex -4.20208 -84.3979 1.6
      vertex -4.20208 -84.3979 3
    endloop
  endfacet
  facet normal 0.740905 -0.67161 0
    outer loop
      vertex -4.20208 -84.3979 1.6
      vertex -4.31412 -84.5215 3
      vertex -4.31412 -84.5215 1.6
    endloop
  endfacet
  facet normal 0.803211 -0.595695 0
    outer loop
      vertex -4.4135 -84.6555 3
      vertex -4.31412 -84.5215 1.6
      vertex -4.31412 -84.5215 3
    endloop
  endfacet
  facet normal 0.803211 -0.595695 0
    outer loop
      vertex -4.31412 -84.5215 1.6
      vertex -4.4135 -84.6555 3
      vertex -4.4135 -84.6555 1.6
    endloop
  endfacet
  facet normal -0.427396 -0.904065 0
    outer loop
      vertex -2.34944 -84.0294 1.6
      vertex -2.19862 -84.1007 3
      vertex -2.34944 -84.0294 3
    endloop
  endfacet
  facet normal -0.427396 -0.904065 -0
    outer loop
      vertex -2.19862 -84.1007 3
      vertex -2.34944 -84.0294 1.6
      vertex -2.19862 -84.1007 1.6
    endloop
  endfacet
  facet normal 0.336868 -0.941552 0
    outer loop
      vertex -3.65056 -84.0294 1.6
      vertex -3.49348 -83.9732 3
      vertex -3.65056 -84.0294 3
    endloop
  endfacet
  facet normal 0.336868 -0.941552 0
    outer loop
      vertex -3.49348 -83.9732 3
      vertex -3.65056 -84.0294 1.6
      vertex -3.49348 -83.9732 1.6
    endloop
  endfacet
  facet normal 0.998794 -0.0491004 0
    outer loop
      vertex -4.7 -85.6 3
      vertex -4.69181 -85.4334 1.6
      vertex -4.69181 -85.4334 3
    endloop
  endfacet
  facet normal 0.998794 -0.0491004 0
    outer loop
      vertex -4.69181 -85.4334 1.6
      vertex -4.7 -85.6 3
      vertex -4.7 -85.6 1.6
    endloop
  endfacet
  facet normal -0.595772 -0.803154 0
    outer loop
      vertex -2.05553 -84.1865 1.6
      vertex -1.92153 -84.2859 3
      vertex -2.05553 -84.1865 3
    endloop
  endfacet
  facet normal -0.595772 -0.803154 -0
    outer loop
      vertex -1.92153 -84.2859 3
      vertex -2.05553 -84.1865 1.6
      vertex -1.92153 -84.2859 1.6
    endloop
  endfacet
  facet normal 0.514231 0.857652 -0
    outer loop
      vertex -3.80137 -87.0993 1.6
      vertex -3.94447 -87.0135 3
      vertex -3.80137 -87.0993 3
    endloop
  endfacet
  facet normal 0.514231 0.857652 0
    outer loop
      vertex -3.94447 -87.0135 3
      vertex -3.80137 -87.0993 1.6
      vertex -3.94447 -87.0135 1.6
    endloop
  endfacet
  facet normal 0.514231 -0.857652 0
    outer loop
      vertex -3.94447 -84.1865 1.6
      vertex -3.80137 -84.1007 3
      vertex -3.94447 -84.1865 3
    endloop
  endfacet
  facet normal 0.514231 -0.857652 0
    outer loop
      vertex -3.80137 -84.1007 3
      vertex -3.94447 -84.1865 1.6
      vertex -3.80137 -84.1007 1.6
    endloop
  endfacet
  facet normal 0.941546 0.336883 0
    outer loop
      vertex -4.57059 -86.2506 3
      vertex -4.6268 -86.0935 1.6
      vertex -4.6268 -86.0935 3
    endloop
  endfacet
  facet normal 0.941546 0.336883 0
    outer loop
      vertex -4.6268 -86.0935 1.6
      vertex -4.57059 -86.2506 3
      vertex -4.57059 -86.2506 1.6
    endloop
  endfacet
  facet normal 0.998794 0.0491004 0
    outer loop
      vertex -4.69181 -85.7666 3
      vertex -4.7 -85.6 1.6
      vertex -4.7 -85.6 3
    endloop
  endfacet
  facet normal 0.998794 0.0491004 0
    outer loop
      vertex -4.7 -85.6 1.6
      vertex -4.69181 -85.7666 3
      vertex -4.69181 -85.7666 1.6
    endloop
  endfacet
  facet normal -0.740905 -0.67161 0
    outer loop
      vertex -1.68588 -84.5215 1.6
      vertex -1.79792 -84.3979 3
      vertex -1.79792 -84.3979 1.6
    endloop
  endfacet
  facet normal -0.740905 -0.67161 0
    outer loop
      vertex -1.79792 -84.3979 3
      vertex -1.68588 -84.5215 1.6
      vertex -1.68588 -84.5215 3
    endloop
  endfacet
  facet normal -0.989174 0.146744 0
    outer loop
      vertex 0.0404339 -86.2048 0
      vertex 0.0850725 -85.9039 1.6
      vertex 0.0850725 -85.9039 0
    endloop
  endfacet
  facet normal -0.989174 0.146744 0
    outer loop
      vertex 0.0850725 -85.9039 1.6
      vertex 0.0404339 -86.2048 0
      vertex 0.0404339 -86.2048 1.6
    endloop
  endfacet
  facet normal -0.998796 0.0490587 0
    outer loop
      vertex 0.0850725 -85.9039 0
      vertex 0.0999994 -85.6 1.6
      vertex 0.0999994 -85.6 0
    endloop
  endfacet
  facet normal -0.998796 0.0490587 0
    outer loop
      vertex 0.0999994 -85.6 1.6
      vertex 0.0850725 -85.9039 0
      vertex 0.0850725 -85.9039 1.6
    endloop
  endfacet
  facet normal -0.970031 0.242979 0
    outer loop
      vertex -0.0334845 -86.4999 0
      vertex 0.0404339 -86.2048 1.6
      vertex 0.0404339 -86.2048 0
    endloop
  endfacet
  facet normal -0.970031 0.242979 0
    outer loop
      vertex 0.0404339 -86.2048 1.6
      vertex -0.0334845 -86.4999 0
      vertex -0.0334845 -86.4999 1.6
    endloop
  endfacet
  facet normal -0.998796 -0.0490587 0
    outer loop
      vertex 0.0999994 -85.6 0
      vertex 0.0850725 -85.2961 1.6
      vertex 0.0850725 -85.2961 0
    endloop
  endfacet
  facet normal -0.998796 -0.0490587 0
    outer loop
      vertex 0.0850725 -85.2961 1.6
      vertex 0.0999994 -85.6 0
      vertex 0.0999994 -85.6 1.6
    endloop
  endfacet
  facet normal -0.857784 0.51401 0
    outer loop
      vertex -0.422443 -87.3223 0
      vertex -0.266044 -87.0613 1.6
      vertex -0.266044 -87.0613 0
    endloop
  endfacet
  facet normal -0.857784 0.51401 0
    outer loop
      vertex -0.266044 -87.0613 1.6
      vertex -0.422443 -87.3223 0
      vertex -0.422443 -87.3223 1.6
    endloop
  endfacet
  facet normal 0.595864 -0.803085 0
    outer loop
      vertex -4.96662 -83.2037 0
      vertex -4.72227 -83.0224 1.6
      vertex -4.96662 -83.2037 1.6
    endloop
  endfacet
  facet normal 0.595864 -0.803085 0
    outer loop
      vertex -4.72227 -83.0224 1.6
      vertex -4.96662 -83.2037 0
      vertex -4.72227 -83.0224 0
    endloop
  endfacet
  facet normal 0.595864 0.803085 -0
    outer loop
      vertex -4.72227 -88.1776 0
      vertex -4.96662 -87.9963 1.6
      vertex -4.72227 -88.1776 1.6
    endloop
  endfacet
  facet normal 0.595864 0.803085 0
    outer loop
      vertex -4.96662 -87.9963 1.6
      vertex -4.72227 -88.1776 0
      vertex -4.96662 -87.9963 0
    endloop
  endfacet
  facet normal 0.242922 -0.970046 0
    outer loop
      vertex -3.89988 -82.6335 0
      vertex -3.60478 -82.5596 1.6
      vertex -3.89988 -82.6335 1.6
    endloop
  endfacet
  facet normal 0.242922 -0.970046 0
    outer loop
      vertex -3.60478 -82.5596 1.6
      vertex -3.89988 -82.6335 0
      vertex -3.60478 -82.5596 0
    endloop
  endfacet
  facet normal -0.146927 0.989147 0
    outer loop
      vertex -2.39522 -88.6404 0
      vertex -2.69615 -88.6851 1.6
      vertex -2.39522 -88.6404 1.6
    endloop
  endfacet
  facet normal -0.146927 0.989147 0
    outer loop
      vertex -2.69615 -88.6851 1.6
      vertex -2.39522 -88.6404 0
      vertex -2.69615 -88.6851 0
    endloop
  endfacet
  facet normal -0.857784 -0.51401 0
    outer loop
      vertex -0.266044 -84.1387 0
      vertex -0.422443 -83.8777 1.6
      vertex -0.422443 -83.8777 0
    endloop
  endfacet
  facet normal -0.857784 -0.51401 0
    outer loop
      vertex -0.422443 -83.8777 1.6
      vertex -0.266044 -84.1387 0
      vertex -0.266044 -84.1387 1.6
    endloop
  endfacet
  facet normal 0.146927 0.989147 -0
    outer loop
      vertex -3.30385 -88.6851 0
      vertex -3.60478 -88.6404 1.6
      vertex -3.30385 -88.6851 1.6
    endloop
  endfacet
  facet normal 0.146927 0.989147 0
    outer loop
      vertex -3.60478 -88.6404 1.6
      vertex -3.30385 -88.6851 0
      vertex -3.60478 -88.6404 0
    endloop
  endfacet
  facet normal -0.242922 0.970046 0
    outer loop
      vertex -2.10012 -88.5665 0
      vertex -2.39522 -88.6404 1.6
      vertex -2.10012 -88.5665 1.6
    endloop
  endfacet
  facet normal -0.242922 0.970046 0
    outer loop
      vertex -2.39522 -88.6404 1.6
      vertex -2.10012 -88.5665 0
      vertex -2.39522 -88.6404 0
    endloop
  endfacet
  facet normal -0.336919 -0.941534 0
    outer loop
      vertex -2.10012 -82.6335 0
      vertex -1.81368 -82.736 1.6
      vertex -2.10012 -82.6335 1.6
    endloop
  endfacet
  facet normal -0.336919 -0.941534 -0
    outer loop
      vertex -1.81368 -82.736 1.6
      vertex -2.10012 -82.6335 0
      vertex -1.81368 -82.736 0
    endloop
  endfacet
  facet normal 0.989174 -0.146749 0
    outer loop
      vertex -6.08507 -85.2961 1.6
      vertex -6.04043 -84.9952 0
      vertex -6.04043 -84.9952 1.6
    endloop
  endfacet
  facet normal 0.989174 -0.146749 0
    outer loop
      vertex -6.04043 -84.9952 0
      vertex -6.08507 -85.2961 1.6
      vertex -6.08507 -85.2961 0
    endloop
  endfacet
  facet normal 0.740936 -0.671576 0
    outer loop
      vertex -5.39633 -83.6334 1.6
      vertex -5.19203 -83.408 0
      vertex -5.19203 -83.408 1.6
    endloop
  endfacet
  facet normal 0.740936 -0.671576 0
    outer loop
      vertex -5.19203 -83.408 0
      vertex -5.39633 -83.6334 1.6
      vertex -5.39633 -83.6334 0
    endloop
  endfacet
  facet normal -0.0489785 0.9988 0
    outer loop
      vertex -2.69615 -88.6851 0
      vertex -3 -88.7 1.6
      vertex -2.69615 -88.6851 1.6
    endloop
  endfacet
  facet normal -0.0489785 0.9988 0
    outer loop
      vertex -3 -88.7 1.6
      vertex -2.69615 -88.6851 0
      vertex -3 -88.7 0
    endloop
  endfacet
  facet normal 0.989174 0.146749 0
    outer loop
      vertex -6.04043 -86.2048 1.6
      vertex -6.08507 -85.9039 0
      vertex -6.08507 -85.9039 1.6
    endloop
  endfacet
  facet normal 0.989174 0.146749 0
    outer loop
      vertex -6.08507 -85.9039 0
      vertex -6.04043 -86.2048 1.6
      vertex -6.04043 -86.2048 0
    endloop
  endfacet
  facet normal -0.941531 0.336928 0
    outer loop
      vertex -0.135973 -86.7863 0
      vertex -0.0334845 -86.4999 1.6
      vertex -0.0334845 -86.4999 0
    endloop
  endfacet
  facet normal -0.941531 0.336928 0
    outer loop
      vertex -0.0334845 -86.4999 1.6
      vertex -0.135973 -86.7863 0
      vertex -0.135973 -86.7863 1.6
    endloop
  endfacet
  facet normal 0.671559 -0.740951 0
    outer loop
      vertex -5.19203 -83.408 0
      vertex -4.96662 -83.2037 1.6
      vertex -5.19203 -83.408 1.6
    endloop
  endfacet
  facet normal 0.671559 -0.740951 0
    outer loop
      vertex -4.96662 -83.2037 1.6
      vertex -5.19203 -83.408 0
      vertex -4.96662 -83.2037 0
    endloop
  endfacet
  facet normal 0.146927 -0.989147 0
    outer loop
      vertex -3.60478 -82.5596 0
      vertex -3.30385 -82.5149 1.6
      vertex -3.60478 -82.5596 1.6
    endloop
  endfacet
  facet normal 0.146927 -0.989147 0
    outer loop
      vertex -3.30385 -82.5149 1.6
      vertex -3.60478 -82.5596 0
      vertex -3.30385 -82.5149 0
    endloop
  endfacet
  facet normal -0.514099 0.857731 0
    outer loop
      vertex -1.27773 -88.1776 0
      vertex -1.53867 -88.334 1.6
      vertex -1.27773 -88.1776 1.6
    endloop
  endfacet
  facet normal -0.514099 0.857731 0
    outer loop
      vertex -1.53867 -88.334 1.6
      vertex -1.27773 -88.1776 0
      vertex -1.53867 -88.334 0
    endloop
  endfacet
  facet normal 0.941539 -0.336903 0
    outer loop
      vertex -5.96651 -84.7001 1.6
      vertex -5.86403 -84.4137 0
      vertex -5.86403 -84.4137 1.6
    endloop
  endfacet
  facet normal 0.941539 -0.336903 0
    outer loop
      vertex -5.86403 -84.4137 0
      vertex -5.96651 -84.7001 1.6
      vertex -5.96651 -84.7001 0
    endloop
  endfacet
  facet normal 0.857783 0.514012 0
    outer loop
      vertex -5.57756 -87.3223 1.6
      vertex -5.73396 -87.0613 0
      vertex -5.73396 -87.0613 1.6
    endloop
  endfacet
  facet normal 0.857783 0.514012 0
    outer loop
      vertex -5.73396 -87.0613 0
      vertex -5.57756 -87.3223 1.6
      vertex -5.57756 -87.3223 0
    endloop
  endfacet
  facet normal -0.336919 0.941534 0
    outer loop
      vertex -1.81368 -88.464 0
      vertex -2.10012 -88.5665 1.6
      vertex -1.81368 -88.464 1.6
    endloop
  endfacet
  facet normal -0.336919 0.941534 0
    outer loop
      vertex -2.10012 -88.5665 1.6
      vertex -1.81368 -88.464 0
      vertex -2.10012 -88.5665 0
    endloop
  endfacet
  facet normal -0.970031 -0.242979 0
    outer loop
      vertex 0.0404339 -84.9952 0
      vertex -0.0334845 -84.7001 1.6
      vertex -0.0334845 -84.7001 0
    endloop
  endfacet
  facet normal -0.970031 -0.242979 0
    outer loop
      vertex -0.0334845 -84.7001 1.6
      vertex 0.0404339 -84.9952 0
      vertex 0.0404339 -84.9952 1.6
    endloop
  endfacet
  facet normal 0.336919 0.941534 -0
    outer loop
      vertex -3.89988 -88.5665 0
      vertex -4.18632 -88.464 1.6
      vertex -3.89988 -88.5665 1.6
    endloop
  endfacet
  facet normal 0.336919 0.941534 0
    outer loop
      vertex -4.18632 -88.464 1.6
      vertex -3.89988 -88.5665 0
      vertex -4.18632 -88.464 0
    endloop
  endfacet
  facet normal 0.803137 -0.595794 0
    outer loop
      vertex -5.57756 -83.8777 1.6
      vertex -5.39633 -83.6334 0
      vertex -5.39633 -83.6334 1.6
    endloop
  endfacet
  facet normal 0.803137 -0.595794 0
    outer loop
      vertex -5.39633 -83.6334 0
      vertex -5.57756 -83.8777 1.6
      vertex -5.57756 -83.8777 0
    endloop
  endfacet
  facet normal 0.998795 0.0490688 0
    outer loop
      vertex -6.08507 -85.9039 1.6
      vertex -6.1 -85.6 0
      vertex -6.1 -85.6 1.6
    endloop
  endfacet
  facet normal 0.998795 0.0490688 0
    outer loop
      vertex -6.1 -85.6 0
      vertex -6.08507 -85.9039 1.6
      vertex -6.08507 -85.9039 0
    endloop
  endfacet
  facet normal -0.903982 0.42757 0
    outer loop
      vertex -0.266044 -87.0613 0
      vertex -0.135973 -86.7863 1.6
      vertex -0.135973 -86.7863 0
    endloop
  endfacet
  facet normal -0.903982 0.42757 0
    outer loop
      vertex -0.135973 -86.7863 1.6
      vertex -0.266044 -87.0613 0
      vertex -0.266044 -87.0613 1.6
    endloop
  endfacet
  facet normal -0.671556 0.740954 0
    outer loop
      vertex -0.807968 -87.792 0
      vertex -1.03338 -87.9963 1.6
      vertex -0.807968 -87.792 1.6
    endloop
  endfacet
  facet normal -0.671556 0.740954 0
    outer loop
      vertex -1.03338 -87.9963 1.6
      vertex -0.807968 -87.792 0
      vertex -1.03338 -87.9963 0
    endloop
  endfacet
  facet normal 0.803137 0.595794 0
    outer loop
      vertex -5.39633 -87.5666 1.6
      vertex -5.57756 -87.3223 0
      vertex -5.57756 -87.3223 1.6
    endloop
  endfacet
  facet normal 0.803137 0.595794 0
    outer loop
      vertex -5.57756 -87.3223 0
      vertex -5.39633 -87.5666 1.6
      vertex -5.39633 -87.5666 0
    endloop
  endfacet
  facet normal -0.803147 -0.595782 0
    outer loop
      vertex -0.422443 -83.8777 0
      vertex -0.603667 -83.6334 1.6
      vertex -0.603667 -83.6334 0
    endloop
  endfacet
  facet normal -0.803147 -0.595782 0
    outer loop
      vertex -0.603667 -83.6334 1.6
      vertex -0.422443 -83.8777 0
      vertex -0.422443 -83.8777 1.6
    endloop
  endfacet
  facet normal 0.740936 0.671576 0
    outer loop
      vertex -5.19203 -87.792 1.6
      vertex -5.39633 -87.5666 0
      vertex -5.39633 -87.5666 1.6
    endloop
  endfacet
  facet normal 0.740936 0.671576 0
    outer loop
      vertex -5.39633 -87.5666 0
      vertex -5.19203 -87.792 1.6
      vertex -5.19203 -87.792 0
    endloop
  endfacet
  facet normal -0.903982 -0.42757 0
    outer loop
      vertex -0.135973 -84.4137 0
      vertex -0.266044 -84.1387 1.6
      vertex -0.266044 -84.1387 0
    endloop
  endfacet
  facet normal -0.903982 -0.42757 0
    outer loop
      vertex -0.266044 -84.1387 1.6
      vertex -0.135973 -84.4137 0
      vertex -0.135973 -84.4137 1.6
    endloop
  endfacet
  facet normal -0.427367 -0.904078 0
    outer loop
      vertex -1.81368 -82.736 0
      vertex -1.53867 -82.866 1.6
      vertex -1.81368 -82.736 1.6
    endloop
  endfacet
  facet normal -0.427367 -0.904078 -0
    outer loop
      vertex -1.53867 -82.866 1.6
      vertex -1.81368 -82.736 0
      vertex -1.53867 -82.866 0
    endloop
  endfacet
  facet normal 0.336919 -0.941534 0
    outer loop
      vertex -4.18632 -82.736 0
      vertex -3.89988 -82.6335 1.6
      vertex -4.18632 -82.736 1.6
    endloop
  endfacet
  facet normal 0.336919 -0.941534 0
    outer loop
      vertex -3.89988 -82.6335 1.6
      vertex -4.18632 -82.736 0
      vertex -3.89988 -82.6335 0
    endloop
  endfacet
  facet normal 0.514099 0.857731 -0
    outer loop
      vertex -4.46133 -88.334 0
      vertex -4.72227 -88.1776 1.6
      vertex -4.46133 -88.334 1.6
    endloop
  endfacet
  facet normal 0.514099 0.857731 0
    outer loop
      vertex -4.72227 -88.1776 1.6
      vertex -4.46133 -88.334 0
      vertex -4.72227 -88.1776 0
    endloop
  endfacet
  facet normal 0.427367 0.904078 -0
    outer loop
      vertex -4.18632 -88.464 0
      vertex -4.46133 -88.334 1.6
      vertex -4.18632 -88.464 1.6
    endloop
  endfacet
  facet normal 0.427367 0.904078 0
    outer loop
      vertex -4.46133 -88.334 1.6
      vertex -4.18632 -88.464 0
      vertex -4.46133 -88.334 0
    endloop
  endfacet
  facet normal -0.427367 0.904078 0
    outer loop
      vertex -1.53867 -88.334 0
      vertex -1.81368 -88.464 1.6
      vertex -1.53867 -88.334 1.6
    endloop
  endfacet
  facet normal -0.427367 0.904078 0
    outer loop
      vertex -1.81368 -88.464 1.6
      vertex -1.53867 -88.334 0
      vertex -1.81368 -88.464 0
    endloop
  endfacet
  facet normal 0.242922 0.970046 -0
    outer loop
      vertex -3.60478 -88.6404 0
      vertex -3.89988 -88.5665 1.6
      vertex -3.60478 -88.6404 1.6
    endloop
  endfacet
  facet normal 0.242922 0.970046 0
    outer loop
      vertex -3.89988 -88.5665 1.6
      vertex -3.60478 -88.6404 0
      vertex -3.89988 -88.5665 0
    endloop
  endfacet
  facet normal 0.97003 0.242984 0
    outer loop
      vertex -5.96651 -86.4999 1.6
      vertex -6.04043 -86.2048 0
      vertex -6.04043 -86.2048 1.6
    endloop
  endfacet
  facet normal 0.97003 0.242984 0
    outer loop
      vertex -6.04043 -86.2048 0
      vertex -5.96651 -86.4999 1.6
      vertex -5.96651 -86.4999 0
    endloop
  endfacet
  facet normal 0.941539 0.336903 0
    outer loop
      vertex -5.86403 -86.7863 1.6
      vertex -5.96651 -86.4999 0
      vertex -5.96651 -86.4999 1.6
    endloop
  endfacet
  facet normal 0.941539 0.336903 0
    outer loop
      vertex -5.96651 -86.4999 0
      vertex -5.86403 -86.7863 1.6
      vertex -5.86403 -86.7863 0
    endloop
  endfacet
  facet normal -0.595864 0.803085 0
    outer loop
      vertex -1.03338 -87.9963 0
      vertex -1.27773 -88.1776 1.6
      vertex -1.03338 -87.9963 1.6
    endloop
  endfacet
  facet normal -0.595864 0.803085 0
    outer loop
      vertex -1.27773 -88.1776 1.6
      vertex -1.03338 -87.9963 0
      vertex -1.27773 -88.1776 0
    endloop
  endfacet
  facet normal -0.989174 -0.146744 0
    outer loop
      vertex 0.0850725 -85.2961 0
      vertex 0.0404339 -84.9952 1.6
      vertex 0.0404339 -84.9952 0
    endloop
  endfacet
  facet normal -0.989174 -0.146744 0
    outer loop
      vertex 0.0404339 -84.9952 1.6
      vertex 0.0850725 -85.2961 0
      vertex 0.0850725 -85.2961 1.6
    endloop
  endfacet
  facet normal -0.242922 -0.970046 0
    outer loop
      vertex -2.39522 -82.5596 0
      vertex -2.10012 -82.6335 1.6
      vertex -2.39522 -82.5596 1.6
    endloop
  endfacet
  facet normal -0.242922 -0.970046 -0
    outer loop
      vertex -2.10012 -82.6335 1.6
      vertex -2.39522 -82.5596 0
      vertex -2.10012 -82.6335 0
    endloop
  endfacet
  facet normal 0.0489785 0.9988 -0
    outer loop
      vertex -3 -88.7 0
      vertex -3.30385 -88.6851 1.6
      vertex -3 -88.7 1.6
    endloop
  endfacet
  facet normal 0.0489785 0.9988 0
    outer loop
      vertex -3.30385 -88.6851 1.6
      vertex -3 -88.7 0
      vertex -3.30385 -88.6851 0
    endloop
  endfacet
  facet normal 0.514099 -0.857731 0
    outer loop
      vertex -4.72227 -83.0224 0
      vertex -4.46133 -82.866 1.6
      vertex -4.72227 -83.0224 1.6
    endloop
  endfacet
  facet normal 0.514099 -0.857731 0
    outer loop
      vertex -4.46133 -82.866 1.6
      vertex -4.72227 -83.0224 0
      vertex -4.46133 -82.866 0
    endloop
  endfacet
  facet normal 0.903983 -0.427568 0
    outer loop
      vertex -5.86403 -84.4137 1.6
      vertex -5.73396 -84.1387 0
      vertex -5.73396 -84.1387 1.6
    endloop
  endfacet
  facet normal 0.903983 -0.427568 0
    outer loop
      vertex -5.73396 -84.1387 0
      vertex -5.86403 -84.4137 1.6
      vertex -5.86403 -84.4137 0
    endloop
  endfacet
  facet normal 0.671559 0.740951 -0
    outer loop
      vertex -4.96662 -87.9963 0
      vertex -5.19203 -87.792 1.6
      vertex -4.96662 -87.9963 1.6
    endloop
  endfacet
  facet normal 0.671559 0.740951 0
    outer loop
      vertex -5.19203 -87.792 1.6
      vertex -4.96662 -87.9963 0
      vertex -5.19203 -87.792 0
    endloop
  endfacet
  facet normal 0.97003 -0.242984 0
    outer loop
      vertex -6.04043 -84.9952 1.6
      vertex -5.96651 -84.7001 0
      vertex -5.96651 -84.7001 1.6
    endloop
  endfacet
  facet normal 0.97003 -0.242984 0
    outer loop
      vertex -5.96651 -84.7001 0
      vertex -6.04043 -84.9952 1.6
      vertex -6.04043 -84.9952 0
    endloop
  endfacet
  facet normal -0.146927 -0.989147 0
    outer loop
      vertex -2.69615 -82.5149 0
      vertex -2.39522 -82.5596 1.6
      vertex -2.69615 -82.5149 1.6
    endloop
  endfacet
  facet normal -0.146927 -0.989147 -0
    outer loop
      vertex -2.39522 -82.5596 1.6
      vertex -2.69615 -82.5149 0
      vertex -2.39522 -82.5596 0
    endloop
  endfacet
  facet normal -0.740934 -0.671578 0
    outer loop
      vertex -0.603667 -83.6334 0
      vertex -0.807968 -83.408 1.6
      vertex -0.807968 -83.408 0
    endloop
  endfacet
  facet normal -0.740934 -0.671578 0
    outer loop
      vertex -0.807968 -83.408 1.6
      vertex -0.603667 -83.6334 0
      vertex -0.603667 -83.6334 1.6
    endloop
  endfacet
  facet normal -0.803147 0.595782 0
    outer loop
      vertex -0.603667 -87.5666 0
      vertex -0.422443 -87.3223 1.6
      vertex -0.422443 -87.3223 0
    endloop
  endfacet
  facet normal -0.803147 0.595782 0
    outer loop
      vertex -0.422443 -87.3223 1.6
      vertex -0.603667 -87.5666 0
      vertex -0.603667 -87.5666 1.6
    endloop
  endfacet
  facet normal -0.740934 0.671578 0
    outer loop
      vertex -0.807968 -87.792 0
      vertex -0.603667 -87.5666 1.6
      vertex -0.603667 -87.5666 0
    endloop
  endfacet
  facet normal -0.740934 0.671578 0
    outer loop
      vertex -0.603667 -87.5666 1.6
      vertex -0.807968 -87.792 0
      vertex -0.807968 -87.792 1.6
    endloop
  endfacet
  facet normal 0.0489785 -0.9988 0
    outer loop
      vertex -3.30385 -82.5149 0
      vertex -3 -82.5 1.6
      vertex -3.30385 -82.5149 1.6
    endloop
  endfacet
  facet normal 0.0489785 -0.9988 0
    outer loop
      vertex -3 -82.5 1.6
      vertex -3.30385 -82.5149 0
      vertex -3 -82.5 0
    endloop
  endfacet
  facet normal -0.0489785 -0.9988 0
    outer loop
      vertex -3 -82.5 0
      vertex -2.69615 -82.5149 1.6
      vertex -3 -82.5 1.6
    endloop
  endfacet
  facet normal -0.0489785 -0.9988 -0
    outer loop
      vertex -2.69615 -82.5149 1.6
      vertex -3 -82.5 0
      vertex -2.69615 -82.5149 0
    endloop
  endfacet
  facet normal 0.998795 -0.0490688 0
    outer loop
      vertex -6.1 -85.6 1.6
      vertex -6.08507 -85.2961 0
      vertex -6.08507 -85.2961 1.6
    endloop
  endfacet
  facet normal 0.998795 -0.0490688 0
    outer loop
      vertex -6.08507 -85.2961 0
      vertex -6.1 -85.6 1.6
      vertex -6.1 -85.6 0
    endloop
  endfacet
  facet normal -0.941531 -0.336928 0
    outer loop
      vertex -0.0334845 -84.7001 0
      vertex -0.135973 -84.4137 1.6
      vertex -0.135973 -84.4137 0
    endloop
  endfacet
  facet normal -0.941531 -0.336928 0
    outer loop
      vertex -0.135973 -84.4137 1.6
      vertex -0.0334845 -84.7001 0
      vertex -0.0334845 -84.7001 1.6
    endloop
  endfacet
  facet normal -0.595864 -0.803085 0
    outer loop
      vertex -1.27773 -83.0224 0
      vertex -1.03338 -83.2037 1.6
      vertex -1.27773 -83.0224 1.6
    endloop
  endfacet
  facet normal -0.595864 -0.803085 -0
    outer loop
      vertex -1.03338 -83.2037 1.6
      vertex -1.27773 -83.0224 0
      vertex -1.03338 -83.2037 0
    endloop
  endfacet
  facet normal -0.514099 -0.857731 0
    outer loop
      vertex -1.53867 -82.866 0
      vertex -1.27773 -83.0224 1.6
      vertex -1.53867 -82.866 1.6
    endloop
  endfacet
  facet normal -0.514099 -0.857731 -0
    outer loop
      vertex -1.27773 -83.0224 1.6
      vertex -1.53867 -82.866 0
      vertex -1.27773 -83.0224 0
    endloop
  endfacet
  facet normal 0.903983 0.427568 0
    outer loop
      vertex -5.73396 -87.0613 1.6
      vertex -5.86403 -86.7863 0
      vertex -5.86403 -86.7863 1.6
    endloop
  endfacet
  facet normal 0.903983 0.427568 0
    outer loop
      vertex -5.86403 -86.7863 0
      vertex -5.73396 -87.0613 1.6
      vertex -5.73396 -87.0613 0
    endloop
  endfacet
  facet normal 0.857783 -0.514012 0
    outer loop
      vertex -5.73396 -84.1387 1.6
      vertex -5.57756 -83.8777 0
      vertex -5.57756 -83.8777 1.6
    endloop
  endfacet
  facet normal 0.857783 -0.514012 0
    outer loop
      vertex -5.57756 -83.8777 0
      vertex -5.73396 -84.1387 1.6
      vertex -5.73396 -84.1387 0
    endloop
  endfacet
  facet normal 0.427367 -0.904078 0
    outer loop
      vertex -4.46133 -82.866 0
      vertex -4.18632 -82.736 1.6
      vertex -4.46133 -82.866 1.6
    endloop
  endfacet
  facet normal 0.427367 -0.904078 0
    outer loop
      vertex -4.18632 -82.736 1.6
      vertex -4.46133 -82.866 0
      vertex -4.18632 -82.736 0
    endloop
  endfacet
  facet normal -0.671556 -0.740954 0
    outer loop
      vertex -1.03338 -83.2037 0
      vertex -0.807968 -83.408 1.6
      vertex -1.03338 -83.2037 1.6
    endloop
  endfacet
  facet normal -0.671556 -0.740954 -0
    outer loop
      vertex -0.807968 -83.408 1.6
      vertex -1.03338 -83.2037 0
      vertex -0.807968 -83.408 0
    endloop
  endfacet
  facet normal 0 0 -1
    outer loop
      vertex -1.3 -85.6 1.6
      vertex 0.0999994 -85.6 1.6
      vertex 0.0850725 -85.9039 1.6
    endloop
  endfacet
  facet normal 0 0 -1
    outer loop
      vertex -1.30819 -85.7666 1.6
      vertex 0.0850725 -85.9039 1.6
      vertex 0.0404339 -86.2048 1.6
    endloop
  endfacet
  facet normal 0 0 -1
    outer loop
      vertex 0.0999994 -85.6 1.6
      vertex -1.3 -85.6 1.6
      vertex 0.0850725 -85.2961 1.6
    endloop
  endfacet
  facet normal 0 0 -1
    outer loop
      vertex -1.33266 -85.9317 1.6
      vertex 0.0404339 -86.2048 1.6
      vertex -0.0334845 -86.4999 1.6
    endloop
  endfacet
  facet normal 0 0 -1
    outer loop
      vertex -1.30819 -85.4334 1.6
      vertex 0.0850725 -85.2961 1.6
      vertex -1.3 -85.6 1.6
    endloop
  endfacet
  facet normal 0 0 -1
    outer loop
      vertex -1.3732 -86.0935 1.6
      vertex -0.0334845 -86.4999 1.6
      vertex -0.135973 -86.7863 1.6
    endloop
  endfacet
  facet normal -0 0 -1
    outer loop
      vertex 0.0850725 -85.2961 1.6
      vertex -1.30819 -85.4334 1.6
      vertex 0.0404339 -84.9952 1.6
    endloop
  endfacet
  facet normal 0 0 -1
    outer loop
      vertex -1.4294 -86.2506 1.6
      vertex -0.135973 -86.7863 1.6
      vertex -0.266044 -87.0613 1.6
    endloop
  endfacet
  facet normal 0 0 -1
    outer loop
      vertex -1.33266 -85.2683 1.6
      vertex 0.0404339 -84.9952 1.6
      vertex -1.30819 -85.4334 1.6
    endloop
  endfacet
  facet normal 0 0 -1
    outer loop
      vertex -1.50073 -86.4014 1.6
      vertex -0.266044 -87.0613 1.6
      vertex -0.422443 -87.3223 1.6
    endloop
  endfacet
  facet normal -0 0 -1
    outer loop
      vertex 0.0404339 -84.9952 1.6
      vertex -1.33266 -85.2683 1.6
      vertex -0.0334845 -84.7001 1.6
    endloop
  endfacet
  facet normal 0 0 -1
    outer loop
      vertex -1.5865 -86.5445 1.6
      vertex -0.422443 -87.3223 1.6
      vertex -0.603667 -87.5666 1.6
    endloop
  endfacet
  facet normal 0 0 -1
    outer loop
      vertex -1.3732 -85.1065 1.6
      vertex -0.0334845 -84.7001 1.6
      vertex -1.33266 -85.2683 1.6
    endloop
  endfacet
  facet normal 0 0 -1
    outer loop
      vertex -1.68588 -86.6785 1.6
      vertex -0.603667 -87.5666 1.6
      vertex -0.807968 -87.792 1.6
    endloop
  endfacet
  facet normal -0 0 -1
    outer loop
      vertex -0.0334845 -84.7001 1.6
      vertex -1.3732 -85.1065 1.6
      vertex -0.135973 -84.4137 1.6
    endloop
  endfacet
  facet normal 0 0 -1
    outer loop
      vertex -1.79792 -86.8021 1.6
      vertex -0.807968 -87.792 1.6
      vertex -1.03338 -87.9963 1.6
    endloop
  endfacet
  facet normal 0 0 -1
    outer loop
      vertex -1.4294 -84.9494 1.6
      vertex -0.135973 -84.4137 1.6
      vertex -1.3732 -85.1065 1.6
    endloop
  endfacet
  facet normal 0 0 -1
    outer loop
      vertex -1.92153 -86.9141 1.6
      vertex -1.03338 -87.9963 1.6
      vertex -1.27773 -88.1776 1.6
    endloop
  endfacet
  facet normal -0 0 -1
    outer loop
      vertex -0.135973 -84.4137 1.6
      vertex -1.4294 -84.9494 1.6
      vertex -0.266044 -84.1387 1.6
    endloop
  endfacet
  facet normal 0 0 -1
    outer loop
      vertex -1.50073 -84.7986 1.6
      vertex -0.266044 -84.1387 1.6
      vertex -1.4294 -84.9494 1.6
    endloop
  endfacet
  facet normal 0 0 -1
    outer loop
      vertex 0.0850725 -85.9039 1.6
      vertex -1.30819 -85.7666 1.6
      vertex -1.3 -85.6 1.6
    endloop
  endfacet
  facet normal 0 0 -1
    outer loop
      vertex 0.0404339 -86.2048 1.6
      vertex -1.33266 -85.9317 1.6
      vertex -1.30819 -85.7666 1.6
    endloop
  endfacet
  facet normal 0 0 -1
    outer loop
      vertex -0.0334845 -86.4999 1.6
      vertex -1.3732 -86.0935 1.6
      vertex -1.33266 -85.9317 1.6
    endloop
  endfacet
  facet normal 0 0 -1
    outer loop
      vertex -0.135973 -86.7863 1.6
      vertex -1.4294 -86.2506 1.6
      vertex -1.3732 -86.0935 1.6
    endloop
  endfacet
  facet normal 0 0 -1
    outer loop
      vertex -0.266044 -87.0613 1.6
      vertex -1.50073 -86.4014 1.6
      vertex -1.4294 -86.2506 1.6
    endloop
  endfacet
  facet normal 0 0 -1
    outer loop
      vertex -2.05553 -87.0135 1.6
      vertex -1.27773 -88.1776 1.6
      vertex -1.53867 -88.334 1.6
    endloop
  endfacet
  facet normal 0 0 -1
    outer loop
      vertex -0.422443 -87.3223 1.6
      vertex -1.5865 -86.5445 1.6
      vertex -1.50073 -86.4014 1.6
    endloop
  endfacet
  facet normal 0 0 -1
    outer loop
      vertex -0.603667 -87.5666 1.6
      vertex -1.68588 -86.6785 1.6
      vertex -1.5865 -86.5445 1.6
    endloop
  endfacet
  facet normal 0 0 -1
    outer loop
      vertex -0.807968 -87.792 1.6
      vertex -1.79792 -86.8021 1.6
      vertex -1.68588 -86.6785 1.6
    endloop
  endfacet
  facet normal 0 0 -1
    outer loop
      vertex -2.19862 -87.0993 1.6
      vertex -1.53867 -88.334 1.6
      vertex -1.81368 -88.464 1.6
    endloop
  endfacet
  facet normal 0 0 -1
    outer loop
      vertex -1.03338 -87.9963 1.6
      vertex -1.92153 -86.9141 1.6
      vertex -1.79792 -86.8021 1.6
    endloop
  endfacet
  facet normal 0 0 -1
    outer loop
      vertex -1.27773 -88.1776 1.6
      vertex -2.05553 -87.0135 1.6
      vertex -1.92153 -86.9141 1.6
    endloop
  endfacet
  facet normal 0 0 -1
    outer loop
      vertex -2.34944 -87.1706 1.6
      vertex -1.81368 -88.464 1.6
      vertex -2.10012 -88.5665 1.6
    endloop
  endfacet
  facet normal 0 0 -1
    outer loop
      vertex -1.53867 -88.334 1.6
      vertex -2.19862 -87.0993 1.6
      vertex -2.05553 -87.0135 1.6
    endloop
  endfacet
  facet normal 0 0 -1
    outer loop
      vertex -1.81368 -88.464 1.6
      vertex -2.34944 -87.1706 1.6
      vertex -2.19862 -87.0993 1.6
    endloop
  endfacet
  facet normal 0 0 -1
    outer loop
      vertex -2.50652 -87.2268 1.6
      vertex -2.10012 -88.5665 1.6
      vertex -2.39522 -88.6404 1.6
    endloop
  endfacet
  facet normal 0 0 -1
    outer loop
      vertex -2.10012 -88.5665 1.6
      vertex -2.50652 -87.2268 1.6
      vertex -2.34944 -87.1706 1.6
    endloop
  endfacet
  facet normal 0 0 -1
    outer loop
      vertex -2.39522 -88.6404 1.6
      vertex -2.66835 -87.2673 1.6
      vertex -2.50652 -87.2268 1.6
    endloop
  endfacet
  facet normal 0 0 -1
    outer loop
      vertex -2.69615 -88.6851 1.6
      vertex -2.66835 -87.2673 1.6
      vertex -2.39522 -88.6404 1.6
    endloop
  endfacet
  facet normal 0 0 -1
    outer loop
      vertex -2.69615 -88.6851 1.6
      vertex -2.83337 -87.2918 1.6
      vertex -2.66835 -87.2673 1.6
    endloop
  endfacet
  facet normal 0 0 -1
    outer loop
      vertex -3 -88.7 1.6
      vertex -2.83337 -87.2918 1.6
      vertex -2.69615 -88.6851 1.6
    endloop
  endfacet
  facet normal 0 0 -1
    outer loop
      vertex -3 -88.7 1.6
      vertex -3 -87.3 1.6
      vertex -2.83337 -87.2918 1.6
    endloop
  endfacet
  facet normal 0 0 -1
    outer loop
      vertex -3 -88.7 1.6
      vertex -3.16663 -87.2918 1.6
      vertex -3 -87.3 1.6
    endloop
  endfacet
  facet normal 0 0 -1
    outer loop
      vertex -3.30385 -88.6851 1.6
      vertex -3.16663 -87.2918 1.6
      vertex -3 -88.7 1.6
    endloop
  endfacet
  facet normal 0 0 -1
    outer loop
      vertex -3.30385 -88.6851 1.6
      vertex -3.33165 -87.2673 1.6
      vertex -3.16663 -87.2918 1.6
    endloop
  endfacet
  facet normal 0 0 -1
    outer loop
      vertex -3.60478 -88.6404 1.6
      vertex -3.33165 -87.2673 1.6
      vertex -3.30385 -88.6851 1.6
    endloop
  endfacet
  facet normal -0 0 -1
    outer loop
      vertex -3.33165 -87.2673 1.6
      vertex -3.60478 -88.6404 1.6
      vertex -3.49348 -87.2268 1.6
    endloop
  endfacet
  facet normal 0 0 -1
    outer loop
      vertex -3.89988 -88.5665 1.6
      vertex -3.49348 -87.2268 1.6
      vertex -3.60478 -88.6404 1.6
    endloop
  endfacet
  facet normal -0 0 -1
    outer loop
      vertex -3.49348 -87.2268 1.6
      vertex -3.89988 -88.5665 1.6
      vertex -3.65056 -87.1706 1.6
    endloop
  endfacet
  facet normal 0 0 -1
    outer loop
      vertex -4.18632 -88.464 1.6
      vertex -3.65056 -87.1706 1.6
      vertex -3.89988 -88.5665 1.6
    endloop
  endfacet
  facet normal -0 0 -1
    outer loop
      vertex -3.65056 -87.1706 1.6
      vertex -4.18632 -88.464 1.6
      vertex -3.80137 -87.0993 1.6
    endloop
  endfacet
  facet normal 0 0 -1
    outer loop
      vertex -4.46133 -88.334 1.6
      vertex -3.80137 -87.0993 1.6
      vertex -4.18632 -88.464 1.6
    endloop
  endfacet
  facet normal -0 0 -1
    outer loop
      vertex -3.80137 -87.0993 1.6
      vertex -4.46133 -88.334 1.6
      vertex -3.94447 -87.0135 1.6
    endloop
  endfacet
  facet normal 0 0 -1
    outer loop
      vertex -4.72227 -88.1776 1.6
      vertex -3.94447 -87.0135 1.6
      vertex -4.46133 -88.334 1.6
    endloop
  endfacet
  facet normal -0 0 -1
    outer loop
      vertex -3.94447 -87.0135 1.6
      vertex -4.72227 -88.1776 1.6
      vertex -4.07847 -86.9141 1.6
    endloop
  endfacet
  facet normal 0 0 -1
    outer loop
      vertex -4.96662 -87.9963 1.6
      vertex -4.07847 -86.9141 1.6
      vertex -4.72227 -88.1776 1.6
    endloop
  endfacet
  facet normal -0 0 -1
    outer loop
      vertex -4.07847 -86.9141 1.6
      vertex -4.96662 -87.9963 1.6
      vertex -4.20208 -86.8021 1.6
    endloop
  endfacet
  facet normal 0 0 -1
    outer loop
      vertex -5.19203 -87.792 1.6
      vertex -4.20208 -86.8021 1.6
      vertex -4.96662 -87.9963 1.6
    endloop
  endfacet
  facet normal -0 0 -1
    outer loop
      vertex -4.20208 -86.8021 1.6
      vertex -5.19203 -87.792 1.6
      vertex -4.31412 -86.6785 1.6
    endloop
  endfacet
  facet normal 0 0 -1
    outer loop
      vertex -5.39633 -87.5666 1.6
      vertex -4.31412 -86.6785 1.6
      vertex -5.19203 -87.792 1.6
    endloop
  endfacet
  facet normal -0 0 -1
    outer loop
      vertex -4.31412 -86.6785 1.6
      vertex -5.39633 -87.5666 1.6
      vertex -4.4135 -86.5445 1.6
    endloop
  endfacet
  facet normal 0 0 -1
    outer loop
      vertex -5.57756 -87.3223 1.6
      vertex -4.4135 -86.5445 1.6
      vertex -5.39633 -87.5666 1.6
    endloop
  endfacet
  facet normal 0 0 -1
    outer loop
      vertex -5.73396 -87.0613 1.6
      vertex -4.49927 -86.4014 1.6
      vertex -5.57756 -87.3223 1.6
    endloop
  endfacet
  facet normal -0 0 -1
    outer loop
      vertex -4.4135 -86.5445 1.6
      vertex -5.57756 -87.3223 1.6
      vertex -4.49927 -86.4014 1.6
    endloop
  endfacet
  facet normal -0 0 -1
    outer loop
      vertex -0.266044 -84.1387 1.6
      vertex -1.50073 -84.7986 1.6
      vertex -0.422443 -83.8777 1.6
    endloop
  endfacet
  facet normal 0 0 -1
    outer loop
      vertex -1.5865 -84.6555 1.6
      vertex -0.422443 -83.8777 1.6
      vertex -1.50073 -84.7986 1.6
    endloop
  endfacet
  facet normal -0 0 -1
    outer loop
      vertex -0.422443 -83.8777 1.6
      vertex -1.5865 -84.6555 1.6
      vertex -0.603667 -83.6334 1.6
    endloop
  endfacet
  facet normal 0 0 -1
    outer loop
      vertex -1.68588 -84.5215 1.6
      vertex -0.603667 -83.6334 1.6
      vertex -1.5865 -84.6555 1.6
    endloop
  endfacet
  facet normal -0 0 -1
    outer loop
      vertex -0.603667 -83.6334 1.6
      vertex -1.68588 -84.5215 1.6
      vertex -0.807968 -83.408 1.6
    endloop
  endfacet
  facet normal 0 0 -1
    outer loop
      vertex -1.79792 -84.3979 1.6
      vertex -0.807968 -83.408 1.6
      vertex -1.68588 -84.5215 1.6
    endloop
  endfacet
  facet normal -0 0 -1
    outer loop
      vertex -0.807968 -83.408 1.6
      vertex -1.79792 -84.3979 1.6
      vertex -1.03338 -83.2037 1.6
    endloop
  endfacet
  facet normal 0 0 -1
    outer loop
      vertex -1.92153 -84.2859 1.6
      vertex -1.03338 -83.2037 1.6
      vertex -1.79792 -84.3979 1.6
    endloop
  endfacet
  facet normal -0 0 -1
    outer loop
      vertex -1.03338 -83.2037 1.6
      vertex -1.92153 -84.2859 1.6
      vertex -1.27773 -83.0224 1.6
    endloop
  endfacet
  facet normal 0 0 -1
    outer loop
      vertex -2.05553 -84.1865 1.6
      vertex -1.27773 -83.0224 1.6
      vertex -1.92153 -84.2859 1.6
    endloop
  endfacet
  facet normal -0 0 -1
    outer loop
      vertex -1.27773 -83.0224 1.6
      vertex -2.05553 -84.1865 1.6
      vertex -1.53867 -82.866 1.6
    endloop
  endfacet
  facet normal 0 0 -1
    outer loop
      vertex -2.19862 -84.1007 1.6
      vertex -1.53867 -82.866 1.6
      vertex -2.05553 -84.1865 1.6
    endloop
  endfacet
  facet normal -0 0 -1
    outer loop
      vertex -1.53867 -82.866 1.6
      vertex -2.19862 -84.1007 1.6
      vertex -1.81368 -82.736 1.6
    endloop
  endfacet
  facet normal 0 0 -1
    outer loop
      vertex -2.34944 -84.0294 1.6
      vertex -1.81368 -82.736 1.6
      vertex -2.19862 -84.1007 1.6
    endloop
  endfacet
  facet normal -0 0 -1
    outer loop
      vertex -1.81368 -82.736 1.6
      vertex -2.34944 -84.0294 1.6
      vertex -2.10012 -82.6335 1.6
    endloop
  endfacet
  facet normal 0 0 -1
    outer loop
      vertex -2.50652 -83.9732 1.6
      vertex -2.10012 -82.6335 1.6
      vertex -2.34944 -84.0294 1.6
    endloop
  endfacet
  facet normal -0 0 -1
    outer loop
      vertex -2.10012 -82.6335 1.6
      vertex -2.50652 -83.9732 1.6
      vertex -2.39522 -82.5596 1.6
    endloop
  endfacet
  facet normal 0 0 -1
    outer loop
      vertex -2.66835 -83.9327 1.6
      vertex -2.39522 -82.5596 1.6
      vertex -2.50652 -83.9732 1.6
    endloop
  endfacet
  facet normal 0 0 -1
    outer loop
      vertex -2.66835 -83.9327 1.6
      vertex -2.69615 -82.5149 1.6
      vertex -2.39522 -82.5596 1.6
    endloop
  endfacet
  facet normal 0 0 -1
    outer loop
      vertex -2.83337 -83.9082 1.6
      vertex -2.69615 -82.5149 1.6
      vertex -2.66835 -83.9327 1.6
    endloop
  endfacet
  facet normal 0 0 -1
    outer loop
      vertex -3 -83.9 1.6
      vertex -2.69615 -82.5149 1.6
      vertex -2.83337 -83.9082 1.6
    endloop
  endfacet
  facet normal 0 0 -1
    outer loop
      vertex -3 -83.9 1.6
      vertex -3 -82.5 1.6
      vertex -2.69615 -82.5149 1.6
    endloop
  endfacet
  facet normal 0 0 -1
    outer loop
      vertex -3.16663 -83.9082 1.6
      vertex -3 -82.5 1.6
      vertex -3 -83.9 1.6
    endloop
  endfacet
  facet normal 0 0 -1
    outer loop
      vertex -3.16663 -83.9082 1.6
      vertex -3.30385 -82.5149 1.6
      vertex -3 -82.5 1.6
    endloop
  endfacet
  facet normal 0 0 -1
    outer loop
      vertex -3.33165 -83.9327 1.6
      vertex -3.30385 -82.5149 1.6
      vertex -3.16663 -83.9082 1.6
    endloop
  endfacet
  facet normal 0 0 -1
    outer loop
      vertex -3.60478 -82.5596 1.6
      vertex -3.33165 -83.9327 1.6
      vertex -3.49348 -83.9732 1.6
    endloop
  endfacet
  facet normal 0 0 -1
    outer loop
      vertex -3.33165 -83.9327 1.6
      vertex -3.60478 -82.5596 1.6
      vertex -3.30385 -82.5149 1.6
    endloop
  endfacet
  facet normal 0 0 -1
    outer loop
      vertex -3.89988 -82.6335 1.6
      vertex -3.49348 -83.9732 1.6
      vertex -3.65056 -84.0294 1.6
    endloop
  endfacet
  facet normal 0 0 -1
    outer loop
      vertex -4.18632 -82.736 1.6
      vertex -3.65056 -84.0294 1.6
      vertex -3.80137 -84.1007 1.6
    endloop
  endfacet
  facet normal 0 0 -1
    outer loop
      vertex -3.49348 -83.9732 1.6
      vertex -3.89988 -82.6335 1.6
      vertex -3.60478 -82.5596 1.6
    endloop
  endfacet
  facet normal 0 0 -1
    outer loop
      vertex -4.46133 -82.866 1.6
      vertex -3.80137 -84.1007 1.6
      vertex -3.94447 -84.1865 1.6
    endloop
  endfacet
  facet normal 0 0 -1
    outer loop
      vertex -4.72227 -83.0224 1.6
      vertex -3.94447 -84.1865 1.6
      vertex -4.07847 -84.2859 1.6
    endloop
  endfacet
  facet normal 0 0 -1
    outer loop
      vertex -3.65056 -84.0294 1.6
      vertex -4.18632 -82.736 1.6
      vertex -3.89988 -82.6335 1.6
    endloop
  endfacet
  facet normal 0 0 -1
    outer loop
      vertex -4.96662 -83.2037 1.6
      vertex -4.07847 -84.2859 1.6
      vertex -4.20208 -84.3979 1.6
    endloop
  endfacet
  facet normal 0 0 -1
    outer loop
      vertex -5.19203 -83.408 1.6
      vertex -4.20208 -84.3979 1.6
      vertex -4.31412 -84.5215 1.6
    endloop
  endfacet
  facet normal 0 0 -1
    outer loop
      vertex -5.39633 -83.6334 1.6
      vertex -4.31412 -84.5215 1.6
      vertex -4.4135 -84.6555 1.6
    endloop
  endfacet
  facet normal 0 0 -1
    outer loop
      vertex -3.80137 -84.1007 1.6
      vertex -4.46133 -82.866 1.6
      vertex -4.18632 -82.736 1.6
    endloop
  endfacet
  facet normal 0 0 -1
    outer loop
      vertex -5.57756 -83.8777 1.6
      vertex -4.4135 -84.6555 1.6
      vertex -4.49927 -84.7986 1.6
    endloop
  endfacet
  facet normal 0 0 -1
    outer loop
      vertex -5.73396 -84.1387 1.6
      vertex -4.49927 -84.7986 1.6
      vertex -4.57059 -84.9494 1.6
    endloop
  endfacet
  facet normal 0 0 -1
    outer loop
      vertex -5.86403 -84.4137 1.6
      vertex -4.57059 -84.9494 1.6
      vertex -4.6268 -85.1065 1.6
    endloop
  endfacet
  facet normal 0 0 -1
    outer loop
      vertex -5.96651 -84.7001 1.6
      vertex -4.6268 -85.1065 1.6
      vertex -4.66733 -85.2683 1.6
    endloop
  endfacet
  facet normal 0 0 -1
    outer loop
      vertex -6.04043 -84.9952 1.6
      vertex -4.66733 -85.2683 1.6
      vertex -4.69181 -85.4334 1.6
    endloop
  endfacet
  facet normal 0 0 -1
    outer loop
      vertex -3.94447 -84.1865 1.6
      vertex -4.72227 -83.0224 1.6
      vertex -4.46133 -82.866 1.6
    endloop
  endfacet
  facet normal 0 0 -1
    outer loop
      vertex -6.08507 -85.2961 1.6
      vertex -4.69181 -85.4334 1.6
      vertex -4.7 -85.6 1.6
    endloop
  endfacet
  facet normal -0 0 -1
    outer loop
      vertex -4.49927 -86.4014 1.6
      vertex -5.73396 -87.0613 1.6
      vertex -4.57059 -86.2506 1.6
    endloop
  endfacet
  facet normal 0 0 -1
    outer loop
      vertex -5.86403 -86.7863 1.6
      vertex -4.57059 -86.2506 1.6
      vertex -5.73396 -87.0613 1.6
    endloop
  endfacet
  facet normal 0 0 -1
    outer loop
      vertex -4.07847 -84.2859 1.6
      vertex -4.96662 -83.2037 1.6
      vertex -4.72227 -83.0224 1.6
    endloop
  endfacet
  facet normal -0 0 -1
    outer loop
      vertex -4.57059 -86.2506 1.6
      vertex -5.86403 -86.7863 1.6
      vertex -4.6268 -86.0935 1.6
    endloop
  endfacet
  facet normal 0 0 -1
    outer loop
      vertex -4.20208 -84.3979 1.6
      vertex -5.19203 -83.408 1.6
      vertex -4.96662 -83.2037 1.6
    endloop
  endfacet
  facet normal 0 0 -1
    outer loop
      vertex -5.96651 -86.4999 1.6
      vertex -4.6268 -86.0935 1.6
      vertex -5.86403 -86.7863 1.6
    endloop
  endfacet
  facet normal 0 0 -1
    outer loop
      vertex -4.31412 -84.5215 1.6
      vertex -5.39633 -83.6334 1.6
      vertex -5.19203 -83.408 1.6
    endloop
  endfacet
  facet normal -0 0 -1
    outer loop
      vertex -4.6268 -86.0935 1.6
      vertex -5.96651 -86.4999 1.6
      vertex -4.66733 -85.9317 1.6
    endloop
  endfacet
  facet normal 0 0 -1
    outer loop
      vertex -4.4135 -84.6555 1.6
      vertex -5.57756 -83.8777 1.6
      vertex -5.39633 -83.6334 1.6
    endloop
  endfacet
  facet normal 0 0 -1
    outer loop
      vertex -6.04043 -86.2048 1.6
      vertex -4.66733 -85.9317 1.6
      vertex -5.96651 -86.4999 1.6
    endloop
  endfacet
  facet normal 0 0 -1
    outer loop
      vertex -4.49927 -84.7986 1.6
      vertex -5.73396 -84.1387 1.6
      vertex -5.57756 -83.8777 1.6
    endloop
  endfacet
  facet normal -0 0 -1
    outer loop
      vertex -4.66733 -85.9317 1.6
      vertex -6.04043 -86.2048 1.6
      vertex -4.69181 -85.7666 1.6
    endloop
  endfacet
  facet normal 0 0 -1
    outer loop
      vertex -4.57059 -84.9494 1.6
      vertex -5.86403 -84.4137 1.6
      vertex -5.73396 -84.1387 1.6
    endloop
  endfacet
  facet normal 0 0 -1
    outer loop
      vertex -6.08507 -85.9039 1.6
      vertex -4.69181 -85.7666 1.6
      vertex -6.04043 -86.2048 1.6
    endloop
  endfacet
  facet normal 0 0 -1
    outer loop
      vertex -4.6268 -85.1065 1.6
      vertex -5.96651 -84.7001 1.6
      vertex -5.86403 -84.4137 1.6
    endloop
  endfacet
  facet normal -0 0 -1
    outer loop
      vertex -4.69181 -85.7666 1.6
      vertex -6.08507 -85.9039 1.6
      vertex -4.7 -85.6 1.6
    endloop
  endfacet
  facet normal 0 0 -1
    outer loop
      vertex -4.66733 -85.2683 1.6
      vertex -6.04043 -84.9952 1.6
      vertex -5.96651 -84.7001 1.6
    endloop
  endfacet
  facet normal 0 0 -1
    outer loop
      vertex -6.1 -85.6 1.6
      vertex -4.7 -85.6 1.6
      vertex -6.08507 -85.9039 1.6
    endloop
  endfacet
  facet normal 0 0 -1
    outer loop
      vertex -4.69181 -85.4334 1.6
      vertex -6.08507 -85.2961 1.6
      vertex -6.04043 -84.9952 1.6
    endloop
  endfacet
  facet normal 0 0 -1
    outer loop
      vertex -4.7 -85.6 1.6
      vertex -6.1 -85.6 1.6
      vertex -6.08507 -85.2961 1.6
    endloop
  endfacet
  facet normal -0.988729 0.149717 0
    outer loop
      vertex 173.267 -85.9317 1.6
      vertex 173.292 -85.7666 3
      vertex 173.292 -85.7666 1.6
    endloop
  endfacet
  facet normal -0.988729 0.149717 0
    outer loop
      vertex 173.292 -85.7666 3
      vertex 173.267 -85.9317 1.6
      vertex 173.267 -85.9317 3
    endloop
  endfacet
  facet normal -0.998849 0.0479639 0
    outer loop
      vertex 173.292 -85.7666 1.6
      vertex 173.3 -85.6 3
      vertex 173.3 -85.6 1.6
    endloop
  endfacet
  facet normal -0.998849 0.0479639 0
    outer loop
      vertex 173.3 -85.6 3
      vertex 173.292 -85.7666 1.6
      vertex 173.292 -85.7666 3
    endloop
  endfacet
  facet normal -0.970774 0.239994 0
    outer loop
      vertex 173.227 -86.0935 1.6
      vertex 173.267 -85.9317 3
      vertex 173.267 -85.9317 1.6
    endloop
  endfacet
  facet normal -0.970774 0.239994 0
    outer loop
      vertex 173.267 -85.9317 3
      vertex 173.227 -86.0935 1.6
      vertex 173.227 -86.0935 3
    endloop
  endfacet
  facet normal 0.998849 -0.0479639 0
    outer loop
      vertex 169.9 -85.6 3
      vertex 169.908 -85.4334 1.6
      vertex 169.908 -85.4334 3
    endloop
  endfacet
  facet normal 0.998849 -0.0479639 0
    outer loop
      vertex 169.908 -85.4334 1.6
      vertex 169.9 -85.6 3
      vertex 169.9 -85.6 1.6
    endloop
  endfacet
  facet normal 0.857123 0.515112 0
    outer loop
      vertex 170.187 -86.5445 3
      vertex 170.101 -86.4014 1.6
      vertex 170.101 -86.4014 3
    endloop
  endfacet
  facet normal 0.857123 0.515112 0
    outer loop
      vertex 170.101 -86.4014 1.6
      vertex 170.187 -86.5445 3
      vertex 170.187 -86.5445 1.6
    endloop
  endfacet
  facet normal 0.988729 -0.149717 0
    outer loop
      vertex 169.908 -85.4334 3
      vertex 169.933 -85.2683 1.6
      vertex 169.933 -85.2683 3
    endloop
  endfacet
  facet normal 0.988729 -0.149717 0
    outer loop
      vertex 169.933 -85.2683 1.6
      vertex 169.908 -85.4334 3
      vertex 169.908 -85.4334 1.6
    endloop
  endfacet
  facet normal 0.335127 -0.942173 0
    outer loop
      vertex 170.949 -84.0294 1.6
      vertex 171.107 -83.9732 3
      vertex 170.949 -84.0294 3
    endloop
  endfacet
  facet normal 0.335127 -0.942173 0
    outer loop
      vertex 171.107 -83.9732 3
      vertex 170.949 -84.0294 1.6
      vertex 171.107 -83.9732 1.6
    endloop
  endfacet
  facet normal 0.595772 0.803154 -0
    outer loop
      vertex 170.656 -87.0135 1.6
      vertex 170.522 -86.9141 3
      vertex 170.656 -87.0135 3
    endloop
  endfacet
  facet normal 0.595772 0.803154 0
    outer loop
      vertex 170.522 -86.9141 3
      vertex 170.656 -87.0135 1.6
      vertex 170.522 -86.9141 1.6
    endloop
  endfacet
  facet normal -0.741024 0.671478 0
    outer loop
      vertex 172.802 -86.8021 1.6
      vertex 172.914 -86.6785 3
      vertex 172.914 -86.6785 1.6
    endloop
  endfacet
  facet normal -0.741024 0.671478 0
    outer loop
      vertex 172.914 -86.6785 3
      vertex 172.802 -86.8021 1.6
      vertex 172.802 -86.8021 3
    endloop
  endfacet
  facet normal 0.941945 0.335767 0
    outer loop
      vertex 170.029 -86.2506 3
      vertex 169.973 -86.0935 1.6
      vertex 169.973 -86.0935 3
    endloop
  endfacet
  facet normal 0.941945 0.335767 0
    outer loop
      vertex 169.973 -86.0935 1.6
      vertex 170.029 -86.2506 3
      vertex 170.029 -86.2506 1.6
    endloop
  endfacet
  facet normal -0.146875 -0.989155 0
    outer loop
      vertex 171.767 -83.9082 1.6
      vertex 171.932 -83.9327 3
      vertex 171.767 -83.9082 3
    endloop
  endfacet
  facet normal -0.146875 -0.989155 -0
    outer loop
      vertex 171.932 -83.9327 3
      vertex 171.767 -83.9082 1.6
      vertex 171.932 -83.9327 1.6
    endloop
  endfacet
  facet normal -0.0490427 0.998797 0
    outer loop
      vertex 171.767 -87.2918 1.6
      vertex 171.6 -87.3 3
      vertex 171.767 -87.2918 3
    endloop
  endfacet
  facet normal -0.0490427 0.998797 0
    outer loop
      vertex 171.6 -87.3 3
      vertex 171.767 -87.2918 1.6
      vertex 171.6 -87.3 1.6
    endloop
  endfacet
  facet normal -0.335127 -0.942173 0
    outer loop
      vertex 172.093 -83.9732 1.6
      vertex 172.251 -84.0294 3
      vertex 172.093 -83.9732 3
    endloop
  endfacet
  facet normal -0.335127 -0.942173 -0
    outer loop
      vertex 172.251 -84.0294 3
      vertex 172.093 -83.9732 1.6
      vertex 172.251 -84.0294 1.6
    endloop
  endfacet
  facet normal 0.243953 0.969787 -0
    outer loop
      vertex 171.268 -87.2673 1.6
      vertex 171.107 -87.2268 3
      vertex 171.268 -87.2673 3
    endloop
  endfacet
  facet normal 0.243953 0.969787 0
    outer loop
      vertex 171.107 -87.2268 3
      vertex 171.268 -87.2673 1.6
      vertex 171.107 -87.2268 1.6
    endloop
  endfacet
  facet normal -0.998849 -0.0479639 0
    outer loop
      vertex 173.3 -85.6 1.6
      vertex 173.292 -85.4334 3
      vertex 173.292 -85.4334 1.6
    endloop
  endfacet
  facet normal -0.998849 -0.0479639 0
    outer loop
      vertex 173.292 -85.4334 3
      vertex 173.3 -85.6 1.6
      vertex 173.3 -85.6 3
    endloop
  endfacet
  facet normal -0.335127 0.942173 0
    outer loop
      vertex 172.251 -87.1706 1.6
      vertex 172.093 -87.2268 3
      vertex 172.251 -87.1706 3
    endloop
  endfacet
  facet normal -0.335127 0.942173 0
    outer loop
      vertex 172.093 -87.2268 3
      vertex 172.251 -87.1706 1.6
      vertex 172.093 -87.2268 1.6
    endloop
  endfacet
  facet normal -0.741024 -0.671478 0
    outer loop
      vertex 172.914 -84.5215 1.6
      vertex 172.802 -84.3979 3
      vertex 172.802 -84.3979 1.6
    endloop
  endfacet
  facet normal -0.741024 -0.671478 0
    outer loop
      vertex 172.802 -84.3979 3
      vertex 172.914 -84.5215 1.6
      vertex 172.914 -84.5215 3
    endloop
  endfacet
  facet normal 0.595772 -0.803154 0
    outer loop
      vertex 170.522 -84.2859 1.6
      vertex 170.656 -84.1865 3
      vertex 170.522 -84.2859 3
    endloop
  endfacet
  facet normal 0.595772 -0.803154 0
    outer loop
      vertex 170.656 -84.1865 3
      vertex 170.522 -84.2859 1.6
      vertex 170.656 -84.1865 1.6
    endloop
  endfacet
  facet normal -0.902418 0.430863 0
    outer loop
      vertex 173.099 -86.4014 1.6
      vertex 173.171 -86.2506 3
      vertex 173.171 -86.2506 1.6
    endloop
  endfacet
  facet normal -0.902418 0.430863 0
    outer loop
      vertex 173.171 -86.2506 3
      vertex 173.099 -86.4014 1.6
      vertex 173.099 -86.4014 3
    endloop
  endfacet
  facet normal -0.514496 -0.857493 0
    outer loop
      vertex 172.401 -84.1007 1.6
      vertex 172.544 -84.1865 3
      vertex 172.401 -84.1007 3
    endloop
  endfacet
  facet normal -0.514496 -0.857493 -0
    outer loop
      vertex 172.544 -84.1865 3
      vertex 172.401 -84.1007 1.6
      vertex 172.544 -84.1865 1.6
    endloop
  endfacet
  facet normal 0.514496 -0.857493 0
    outer loop
      vertex 170.656 -84.1865 1.6
      vertex 170.799 -84.1007 3
      vertex 170.656 -84.1865 3
    endloop
  endfacet
  facet normal 0.514496 -0.857493 0
    outer loop
      vertex 170.799 -84.1007 3
      vertex 170.656 -84.1865 1.6
      vertex 170.799 -84.1007 1.6
    endloop
  endfacet
  facet normal 0.941945 -0.335767 0
    outer loop
      vertex 169.973 -85.1065 3
      vertex 170.029 -84.9494 1.6
      vertex 170.029 -84.9494 3
    endloop
  endfacet
  facet normal 0.941945 -0.335767 0
    outer loop
      vertex 170.029 -84.9494 1.6
      vertex 169.973 -85.1065 3
      vertex 169.973 -85.1065 1.6
    endloop
  endfacet
  facet normal 0.670286 -0.742103 0
    outer loop
      vertex 170.398 -84.3979 1.6
      vertex 170.522 -84.2859 3
      vertex 170.398 -84.3979 3
    endloop
  endfacet
  facet normal 0.670286 -0.742103 0
    outer loop
      vertex 170.522 -84.2859 3
      vertex 170.398 -84.3979 1.6
      vertex 170.522 -84.2859 1.6
    endloop
  endfacet
  facet normal -0.941945 0.335767 0
    outer loop
      vertex 173.171 -86.2506 1.6
      vertex 173.227 -86.0935 3
      vertex 173.227 -86.0935 1.6
    endloop
  endfacet
  facet normal -0.941945 0.335767 0
    outer loop
      vertex 173.227 -86.0935 3
      vertex 173.171 -86.2506 1.6
      vertex 173.171 -86.2506 3
    endloop
  endfacet
  facet normal 0.514496 0.857493 -0
    outer loop
      vertex 170.799 -87.0993 1.6
      vertex 170.656 -87.0135 3
      vertex 170.799 -87.0993 3
    endloop
  endfacet
  facet normal 0.514496 0.857493 0
    outer loop
      vertex 170.656 -87.0135 3
      vertex 170.799 -87.0993 1.6
      vertex 170.656 -87.0135 1.6
    endloop
  endfacet
  facet normal 0.741024 0.671478 0
    outer loop
      vertex 170.398 -86.8021 3
      vertex 170.286 -86.6785 1.6
      vertex 170.286 -86.6785 3
    endloop
  endfacet
  facet normal 0.741024 0.671478 0
    outer loop
      vertex 170.286 -86.6785 1.6
      vertex 170.398 -86.8021 3
      vertex 170.398 -86.8021 1.6
    endloop
  endfacet
  facet normal -0.243953 -0.969787 0
    outer loop
      vertex 171.932 -83.9327 1.6
      vertex 172.093 -83.9732 3
      vertex 171.932 -83.9327 3
    endloop
  endfacet
  facet normal -0.243953 -0.969787 -0
    outer loop
      vertex 172.093 -83.9732 3
      vertex 171.932 -83.9327 1.6
      vertex 172.093 -83.9732 1.6
    endloop
  endfacet
  facet normal 0.0490427 0.998797 -0
    outer loop
      vertex 171.6 -87.3 1.6
      vertex 171.433 -87.2918 3
      vertex 171.6 -87.3 3
    endloop
  endfacet
  facet normal 0.0490427 0.998797 0
    outer loop
      vertex 171.433 -87.2918 3
      vertex 171.6 -87.3 1.6
      vertex 171.433 -87.2918 1.6
    endloop
  endfacet
  facet normal -0.514496 0.857493 0
    outer loop
      vertex 172.544 -87.0135 1.6
      vertex 172.401 -87.0993 3
      vertex 172.544 -87.0135 3
    endloop
  endfacet
  facet normal -0.514496 0.857493 0
    outer loop
      vertex 172.401 -87.0993 3
      vertex 172.544 -87.0135 1.6
      vertex 172.401 -87.0993 1.6
    endloop
  endfacet
  facet normal 0.146875 0.989155 -0
    outer loop
      vertex 171.433 -87.2918 1.6
      vertex 171.268 -87.2673 3
      vertex 171.433 -87.2918 3
    endloop
  endfacet
  facet normal 0.146875 0.989155 0
    outer loop
      vertex 171.268 -87.2673 3
      vertex 171.433 -87.2918 1.6
      vertex 171.268 -87.2673 1.6
    endloop
  endfacet
  facet normal -0.595772 0.803154 0
    outer loop
      vertex 172.678 -86.9141 1.6
      vertex 172.544 -87.0135 3
      vertex 172.678 -86.9141 3
    endloop
  endfacet
  facet normal -0.595772 0.803154 0
    outer loop
      vertex 172.544 -87.0135 3
      vertex 172.678 -86.9141 1.6
      vertex 172.544 -87.0135 1.6
    endloop
  endfacet
  facet normal 0.902418 -0.430863 0
    outer loop
      vertex 170.029 -84.9494 3
      vertex 170.101 -84.7986 1.6
      vertex 170.101 -84.7986 3
    endloop
  endfacet
  facet normal 0.902418 -0.430863 0
    outer loop
      vertex 170.101 -84.7986 1.6
      vertex 170.029 -84.9494 3
      vertex 170.029 -84.9494 1.6
    endloop
  endfacet
  facet normal 0.335127 0.942173 -0
    outer loop
      vertex 171.107 -87.2268 1.6
      vertex 170.949 -87.1706 3
      vertex 171.107 -87.2268 3
    endloop
  endfacet
  facet normal 0.335127 0.942173 0
    outer loop
      vertex 170.949 -87.1706 3
      vertex 171.107 -87.2268 1.6
      vertex 170.949 -87.1706 1.6
    endloop
  endfacet
  facet normal -0.243953 0.969787 0
    outer loop
      vertex 172.093 -87.2268 1.6
      vertex 171.932 -87.2673 3
      vertex 172.093 -87.2268 3
    endloop
  endfacet
  facet normal -0.243953 0.969787 0
    outer loop
      vertex 171.932 -87.2673 3
      vertex 172.093 -87.2268 1.6
      vertex 171.932 -87.2673 1.6
    endloop
  endfacet
  facet normal 0.429302 -0.903161 0
    outer loop
      vertex 170.799 -84.1007 1.6
      vertex 170.949 -84.0294 3
      vertex 170.799 -84.1007 3
    endloop
  endfacet
  facet normal 0.429302 -0.903161 0
    outer loop
      vertex 170.949 -84.0294 3
      vertex 170.799 -84.1007 1.6
      vertex 170.949 -84.0294 1.6
    endloop
  endfacet
  facet normal -0.801433 0.598084 0
    outer loop
      vertex 172.914 -86.6785 1.6
      vertex 173.014 -86.5445 3
      vertex 173.014 -86.5445 1.6
    endloop
  endfacet
  facet normal -0.801433 0.598084 0
    outer loop
      vertex 173.014 -86.5445 3
      vertex 172.914 -86.6785 1.6
      vertex 172.914 -86.6785 3
    endloop
  endfacet
  facet normal -0.429302 -0.903161 0
    outer loop
      vertex 172.251 -84.0294 1.6
      vertex 172.401 -84.1007 3
      vertex 172.251 -84.0294 3
    endloop
  endfacet
  facet normal -0.429302 -0.903161 -0
    outer loop
      vertex 172.401 -84.1007 3
      vertex 172.251 -84.0294 1.6
      vertex 172.401 -84.1007 1.6
    endloop
  endfacet
  facet normal -0.941945 -0.335767 0
    outer loop
      vertex 173.227 -85.1065 1.6
      vertex 173.171 -84.9494 3
      vertex 173.171 -84.9494 1.6
    endloop
  endfacet
  facet normal -0.941945 -0.335767 0
    outer loop
      vertex 173.171 -84.9494 3
      vertex 173.227 -85.1065 1.6
      vertex 173.227 -85.1065 3
    endloop
  endfacet
  facet normal -0.970774 -0.239994 0
    outer loop
      vertex 173.267 -85.2683 1.6
      vertex 173.227 -85.1065 3
      vertex 173.227 -85.1065 1.6
    endloop
  endfacet
  facet normal -0.970774 -0.239994 0
    outer loop
      vertex 173.227 -85.1065 3
      vertex 173.267 -85.2683 1.6
      vertex 173.267 -85.2683 3
    endloop
  endfacet
  facet normal 0.429302 0.903161 -0
    outer loop
      vertex 170.949 -87.1706 1.6
      vertex 170.799 -87.0993 3
      vertex 170.949 -87.1706 3
    endloop
  endfacet
  facet normal 0.429302 0.903161 0
    outer loop
      vertex 170.799 -87.0993 3
      vertex 170.949 -87.1706 1.6
      vertex 170.799 -87.0993 1.6
    endloop
  endfacet
  facet normal -0.0490427 -0.998797 0
    outer loop
      vertex 171.6 -83.9 1.6
      vertex 171.767 -83.9082 3
      vertex 171.6 -83.9 3
    endloop
  endfacet
  facet normal -0.0490427 -0.998797 -0
    outer loop
      vertex 171.767 -83.9082 3
      vertex 171.6 -83.9 1.6
      vertex 171.767 -83.9082 1.6
    endloop
  endfacet
  facet normal -0.801433 -0.598084 0
    outer loop
      vertex 173.014 -84.6555 1.6
      vertex 172.914 -84.5215 3
      vertex 172.914 -84.5215 1.6
    endloop
  endfacet
  facet normal -0.801433 -0.598084 0
    outer loop
      vertex 172.914 -84.5215 3
      vertex 173.014 -84.6555 1.6
      vertex 173.014 -84.6555 3
    endloop
  endfacet
  facet normal 0.998849 0.0479639 0
    outer loop
      vertex 169.908 -85.7666 3
      vertex 169.9 -85.6 1.6
      vertex 169.9 -85.6 3
    endloop
  endfacet
  facet normal 0.998849 0.0479639 0
    outer loop
      vertex 169.9 -85.6 1.6
      vertex 169.908 -85.7666 3
      vertex 169.908 -85.7666 1.6
    endloop
  endfacet
  facet normal -0.429302 0.903161 0
    outer loop
      vertex 172.401 -87.0993 1.6
      vertex 172.251 -87.1706 3
      vertex 172.401 -87.0993 3
    endloop
  endfacet
  facet normal -0.429302 0.903161 0
    outer loop
      vertex 172.251 -87.1706 3
      vertex 172.401 -87.0993 1.6
      vertex 172.251 -87.1706 1.6
    endloop
  endfacet
  facet normal -0.670286 0.742103 0
    outer loop
      vertex 172.802 -86.8021 1.6
      vertex 172.678 -86.9141 3
      vertex 172.802 -86.8021 3
    endloop
  endfacet
  facet normal -0.670286 0.742103 0
    outer loop
      vertex 172.678 -86.9141 3
      vertex 172.802 -86.8021 1.6
      vertex 172.678 -86.9141 1.6
    endloop
  endfacet
  facet normal -0.988729 -0.149717 0
    outer loop
      vertex 173.292 -85.4334 1.6
      vertex 173.267 -85.2683 3
      vertex 173.267 -85.2683 1.6
    endloop
  endfacet
  facet normal -0.988729 -0.149717 0
    outer loop
      vertex 173.267 -85.2683 3
      vertex 173.292 -85.4334 1.6
      vertex 173.292 -85.4334 3
    endloop
  endfacet
  facet normal 0.146875 -0.989155 0
    outer loop
      vertex 171.268 -83.9327 1.6
      vertex 171.433 -83.9082 3
      vertex 171.268 -83.9327 3
    endloop
  endfacet
  facet normal 0.146875 -0.989155 0
    outer loop
      vertex 171.433 -83.9082 3
      vertex 171.268 -83.9327 1.6
      vertex 171.433 -83.9082 1.6
    endloop
  endfacet
  facet normal -0.859764 0.510691 0
    outer loop
      vertex 173.014 -86.5445 1.6
      vertex 173.099 -86.4014 3
      vertex 173.099 -86.4014 1.6
    endloop
  endfacet
  facet normal -0.859764 0.510691 0
    outer loop
      vertex 173.099 -86.4014 3
      vertex 173.014 -86.5445 1.6
      vertex 173.014 -86.5445 3
    endloop
  endfacet
  facet normal 0.243953 -0.969787 0
    outer loop
      vertex 171.107 -83.9732 1.6
      vertex 171.268 -83.9327 3
      vertex 171.107 -83.9732 3
    endloop
  endfacet
  facet normal 0.243953 -0.969787 0
    outer loop
      vertex 171.268 -83.9327 3
      vertex 171.107 -83.9732 1.6
      vertex 171.268 -83.9327 1.6
    endloop
  endfacet
  facet normal 0.670286 0.742103 -0
    outer loop
      vertex 170.522 -86.9141 1.6
      vertex 170.398 -86.8021 3
      vertex 170.522 -86.9141 3
    endloop
  endfacet
  facet normal 0.670286 0.742103 0
    outer loop
      vertex 170.398 -86.8021 3
      vertex 170.522 -86.9141 1.6
      vertex 170.398 -86.8021 1.6
    endloop
  endfacet
  facet normal 0.0490427 -0.998797 0
    outer loop
      vertex 171.433 -83.9082 1.6
      vertex 171.6 -83.9 3
      vertex 171.433 -83.9082 3
    endloop
  endfacet
  facet normal 0.0490427 -0.998797 0
    outer loop
      vertex 171.6 -83.9 3
      vertex 171.433 -83.9082 1.6
      vertex 171.6 -83.9 1.6
    endloop
  endfacet
  facet normal -0.595772 -0.803154 0
    outer loop
      vertex 172.544 -84.1865 1.6
      vertex 172.678 -84.2859 3
      vertex 172.544 -84.1865 3
    endloop
  endfacet
  facet normal -0.595772 -0.803154 -0
    outer loop
      vertex 172.678 -84.2859 3
      vertex 172.544 -84.1865 1.6
      vertex 172.678 -84.2859 1.6
    endloop
  endfacet
  facet normal 0.804301 -0.594222 0
    outer loop
      vertex 170.187 -84.6555 3
      vertex 170.286 -84.5215 1.6
      vertex 170.286 -84.5215 3
    endloop
  endfacet
  facet normal 0.804301 -0.594222 0
    outer loop
      vertex 170.286 -84.5215 1.6
      vertex 170.187 -84.6555 3
      vertex 170.187 -84.6555 1.6
    endloop
  endfacet
  facet normal 0.970774 0.239994 0
    outer loop
      vertex 169.973 -86.0935 3
      vertex 169.933 -85.9317 1.6
      vertex 169.933 -85.9317 3
    endloop
  endfacet
  facet normal 0.970774 0.239994 0
    outer loop
      vertex 169.933 -85.9317 1.6
      vertex 169.973 -86.0935 3
      vertex 169.973 -86.0935 1.6
    endloop
  endfacet
  facet normal 0.970774 -0.239994 0
    outer loop
      vertex 169.933 -85.2683 3
      vertex 169.973 -85.1065 1.6
      vertex 169.973 -85.1065 3
    endloop
  endfacet
  facet normal 0.970774 -0.239994 0
    outer loop
      vertex 169.973 -85.1065 1.6
      vertex 169.933 -85.2683 3
      vertex 169.933 -85.2683 1.6
    endloop
  endfacet
  facet normal -0.146875 0.989155 0
    outer loop
      vertex 171.932 -87.2673 1.6
      vertex 171.767 -87.2918 3
      vertex 171.932 -87.2673 3
    endloop
  endfacet
  facet normal -0.146875 0.989155 0
    outer loop
      vertex 171.767 -87.2918 3
      vertex 171.932 -87.2673 1.6
      vertex 171.767 -87.2918 1.6
    endloop
  endfacet
  facet normal 0.741024 -0.671478 0
    outer loop
      vertex 170.286 -84.5215 3
      vertex 170.398 -84.3979 1.6
      vertex 170.398 -84.3979 3
    endloop
  endfacet
  facet normal 0.741024 -0.671478 0
    outer loop
      vertex 170.398 -84.3979 1.6
      vertex 170.286 -84.5215 3
      vertex 170.286 -84.5215 1.6
    endloop
  endfacet
  facet normal -0.859764 -0.510691 0
    outer loop
      vertex 173.099 -84.7986 1.6
      vertex 173.014 -84.6555 3
      vertex 173.014 -84.6555 1.6
    endloop
  endfacet
  facet normal -0.859764 -0.510691 0
    outer loop
      vertex 173.014 -84.6555 3
      vertex 173.099 -84.7986 1.6
      vertex 173.099 -84.7986 3
    endloop
  endfacet
  facet normal -0.902418 -0.430863 0
    outer loop
      vertex 173.171 -84.9494 1.6
      vertex 173.099 -84.7986 3
      vertex 173.099 -84.7986 1.6
    endloop
  endfacet
  facet normal -0.902418 -0.430863 0
    outer loop
      vertex 173.099 -84.7986 3
      vertex 173.171 -84.9494 1.6
      vertex 173.171 -84.9494 3
    endloop
  endfacet
  facet normal 0.804301 0.594222 0
    outer loop
      vertex 170.286 -86.6785 3
      vertex 170.187 -86.5445 1.6
      vertex 170.187 -86.5445 3
    endloop
  endfacet
  facet normal 0.804301 0.594222 0
    outer loop
      vertex 170.187 -86.5445 1.6
      vertex 170.286 -86.6785 3
      vertex 170.286 -86.6785 1.6
    endloop
  endfacet
  facet normal 0.902418 0.430863 0
    outer loop
      vertex 170.101 -86.4014 3
      vertex 170.029 -86.2506 1.6
      vertex 170.029 -86.2506 3
    endloop
  endfacet
  facet normal 0.902418 0.430863 0
    outer loop
      vertex 170.029 -86.2506 1.6
      vertex 170.101 -86.4014 3
      vertex 170.101 -86.4014 1.6
    endloop
  endfacet
  facet normal 0.988729 0.149717 0
    outer loop
      vertex 169.933 -85.9317 3
      vertex 169.908 -85.7666 1.6
      vertex 169.908 -85.7666 3
    endloop
  endfacet
  facet normal 0.988729 0.149717 0
    outer loop
      vertex 169.908 -85.7666 1.6
      vertex 169.933 -85.9317 3
      vertex 169.933 -85.9317 1.6
    endloop
  endfacet
  facet normal 0.857123 -0.515112 0
    outer loop
      vertex 170.101 -84.7986 3
      vertex 170.187 -84.6555 1.6
      vertex 170.187 -84.6555 3
    endloop
  endfacet
  facet normal 0.857123 -0.515112 0
    outer loop
      vertex 170.187 -84.6555 1.6
      vertex 170.101 -84.7986 3
      vertex 170.101 -84.7986 1.6
    endloop
  endfacet
  facet normal -0.670286 -0.742103 0
    outer loop
      vertex 172.678 -84.2859 1.6
      vertex 172.802 -84.3979 3
      vertex 172.678 -84.2859 3
    endloop
  endfacet
  facet normal -0.670286 -0.742103 -0
    outer loop
      vertex 172.802 -84.3979 3
      vertex 172.678 -84.2859 1.6
      vertex 172.802 -84.3979 1.6
    endloop
  endfacet
  facet normal 0.337379 -0.941369 0
    outer loop
      vertex 170.414 -82.736 0
      vertex 170.7 -82.6335 1.6
      vertex 170.414 -82.736 1.6
    endloop
  endfacet
  facet normal 0.337379 -0.941369 0
    outer loop
      vertex 170.7 -82.6335 1.6
      vertex 170.414 -82.736 0
      vertex 170.7 -82.6335 0
    endloop
  endfacet
  facet normal -0.989001 0.147906 0
    outer loop
      vertex 174.64 -86.2048 0
      vertex 174.685 -85.9039 1.6
      vertex 174.685 -85.9039 0
    endloop
  endfacet
  facet normal -0.989001 0.147906 0
    outer loop
      vertex 174.685 -85.9039 1.6
      vertex 174.64 -86.2048 0
      vertex 174.64 -86.2048 1.6
    endloop
  endfacet
  facet normal -0.998784 0.0492983 0
    outer loop
      vertex 174.685 -85.9039 0
      vertex 174.7 -85.6 1.6
      vertex 174.7 -85.6 0
    endloop
  endfacet
  facet normal -0.998784 0.0492983 0
    outer loop
      vertex 174.7 -85.6 1.6
      vertex 174.685 -85.9039 0
      vertex 174.685 -85.9039 1.6
    endloop
  endfacet
  facet normal -0.970739 0.240135 0
    outer loop
      vertex 174.567 -86.4999 0
      vertex 174.64 -86.2048 1.6
      vertex 174.64 -86.2048 0
    endloop
  endfacet
  facet normal -0.970739 0.240135 0
    outer loop
      vertex 174.64 -86.2048 1.6
      vertex 174.567 -86.4999 0
      vertex 174.567 -86.4999 1.6
    endloop
  endfacet
  facet normal 0.989001 0.147906 0
    outer loop
      vertex 168.56 -86.2048 1.6
      vertex 168.515 -85.9039 0
      vertex 168.515 -85.9039 1.6
    endloop
  endfacet
  facet normal 0.989001 0.147906 0
    outer loop
      vertex 168.515 -85.9039 0
      vertex 168.56 -86.2048 1.6
      vertex 168.56 -86.2048 0
    endloop
  endfacet
  facet normal 0.243 -0.970026 0
    outer loop
      vertex 170.7 -82.6335 0
      vertex 170.995 -82.5596 1.6
      vertex 170.7 -82.6335 1.6
    endloop
  endfacet
  facet normal 0.243 -0.970026 0
    outer loop
      vertex 170.995 -82.5596 1.6
      vertex 170.7 -82.6335 0
      vertex 170.995 -82.5596 0
    endloop
  endfacet
  facet normal -0.337379 0.941369 0
    outer loop
      vertex 172.786 -88.464 0
      vertex 172.5 -88.5665 1.6
      vertex 172.786 -88.464 1.6
    endloop
  endfacet
  facet normal -0.337379 0.941369 0
    outer loop
      vertex 172.5 -88.5665 1.6
      vertex 172.786 -88.464 0
      vertex 172.5 -88.5665 0
    endloop
  endfacet
  facet normal 0.514012 0.857783 -0
    outer loop
      vertex 170.139 -88.334 0
      vertex 169.878 -88.1776 1.6
      vertex 170.139 -88.334 1.6
    endloop
  endfacet
  facet normal 0.514012 0.857783 0
    outer loop
      vertex 169.878 -88.1776 1.6
      vertex 170.139 -88.334 0
      vertex 169.878 -88.1776 0
    endloop
  endfacet
  facet normal 0.904072 -0.42738 0
    outer loop
      vertex 168.736 -84.4137 1.6
      vertex 168.866 -84.1387 0
      vertex 168.866 -84.1387 1.6
    endloop
  endfacet
  facet normal 0.904072 -0.42738 0
    outer loop
      vertex 168.866 -84.1387 0
      vertex 168.736 -84.4137 1.6
      vertex 168.736 -84.4137 0
    endloop
  endfacet
  facet normal 0.243 0.970026 -0
    outer loop
      vertex 170.995 -88.6404 0
      vertex 170.7 -88.5665 1.6
      vertex 170.995 -88.6404 1.6
    endloop
  endfacet
  facet normal 0.243 0.970026 0
    outer loop
      vertex 170.7 -88.5665 1.6
      vertex 170.995 -88.6404 0
      vertex 170.7 -88.5665 0
    endloop
  endfacet
  facet normal 0.858362 -0.513044 0
    outer loop
      vertex 168.866 -84.1387 1.6
      vertex 169.022 -83.8777 0
      vertex 169.022 -83.8777 1.6
    endloop
  endfacet
  facet normal 0.858362 -0.513044 0
    outer loop
      vertex 169.022 -83.8777 0
      vertex 168.866 -84.1387 1.6
      vertex 168.866 -84.1387 0
    endloop
  endfacet
  facet normal -0.243 -0.970026 0
    outer loop
      vertex 172.205 -82.5596 0
      vertex 172.5 -82.6335 1.6
      vertex 172.205 -82.5596 1.6
    endloop
  endfacet
  facet normal -0.243 -0.970026 -0
    outer loop
      vertex 172.5 -82.6335 1.6
      vertex 172.205 -82.5596 0
      vertex 172.5 -82.6335 0
    endloop
  endfacet
  facet normal 0.594843 -0.803842 0
    outer loop
      vertex 169.633 -83.2037 0
      vertex 169.878 -83.0224 1.6
      vertex 169.633 -83.2037 1.6
    endloop
  endfacet
  facet normal 0.594843 -0.803842 0
    outer loop
      vertex 169.878 -83.0224 1.6
      vertex 169.633 -83.2037 0
      vertex 169.878 -83.0224 0
    endloop
  endfacet
  facet normal -0.514012 -0.857783 0
    outer loop
      vertex 173.061 -82.866 0
      vertex 173.322 -83.0224 1.6
      vertex 173.061 -82.866 1.6
    endloop
  endfacet
  facet normal -0.514012 -0.857783 -0
    outer loop
      vertex 173.322 -83.0224 1.6
      vertex 173.061 -82.866 0
      vertex 173.322 -83.0224 0
    endloop
  endfacet
  facet normal -0.801926 -0.597423 0
    outer loop
      vertex 174.178 -83.8777 0
      vertex 173.996 -83.6334 1.6
      vertex 173.996 -83.6334 0
    endloop
  endfacet
  facet normal -0.801926 -0.597423 0
    outer loop
      vertex 173.996 -83.6334 1.6
      vertex 174.178 -83.8777 0
      vertex 174.178 -83.8777 1.6
    endloop
  endfacet
  facet normal -0.146894 0.989152 0
    outer loop
      vertex 172.205 -88.6404 0
      vertex 171.904 -88.6851 1.6
      vertex 172.205 -88.6404 1.6
    endloop
  endfacet
  facet normal -0.146894 0.989152 0
    outer loop
      vertex 171.904 -88.6851 1.6
      vertex 172.205 -88.6404 0
      vertex 171.904 -88.6851 0
    endloop
  endfacet
  facet normal 0.594843 0.803842 -0
    outer loop
      vertex 169.878 -88.1776 0
      vertex 169.633 -87.9963 1.6
      vertex 169.878 -88.1776 1.6
    endloop
  endfacet
  facet normal 0.594843 0.803842 0
    outer loop
      vertex 169.633 -87.9963 1.6
      vertex 169.878 -88.1776 0
      vertex 169.633 -87.9963 0
    endloop
  endfacet
  facet normal -0.42738 -0.904072 0
    outer loop
      vertex 172.786 -82.736 0
      vertex 173.061 -82.866 1.6
      vertex 172.786 -82.736 1.6
    endloop
  endfacet
  facet normal -0.42738 -0.904072 -0
    outer loop
      vertex 173.061 -82.866 1.6
      vertex 172.786 -82.736 0
      vertex 173.061 -82.866 0
    endloop
  endfacet
  facet normal 0.801926 0.597423 0
    outer loop
      vertex 169.204 -87.5666 1.6
      vertex 169.022 -87.3223 0
      vertex 169.022 -87.3223 1.6
    endloop
  endfacet
  facet normal 0.801926 0.597423 0
    outer loop
      vertex 169.022 -87.3223 0
      vertex 169.204 -87.5666 1.6
      vertex 169.204 -87.5666 0
    endloop
  endfacet
  facet normal -0.989001 -0.147906 0
    outer loop
      vertex 174.685 -85.2961 0
      vertex 174.64 -84.9952 1.6
      vertex 174.64 -84.9952 0
    endloop
  endfacet
  facet normal -0.989001 -0.147906 0
    outer loop
      vertex 174.64 -84.9952 1.6
      vertex 174.685 -85.2961 0
      vertex 174.685 -85.2961 1.6
    endloop
  endfacet
  facet normal 0.940996 0.338417 0
    outer loop
      vertex 168.736 -86.7863 1.6
      vertex 168.633 -86.4999 0
      vertex 168.633 -86.4999 1.6
    endloop
  endfacet
  facet normal 0.940996 0.338417 0
    outer loop
      vertex 168.633 -86.4999 0
      vertex 168.736 -86.7863 1.6
      vertex 168.736 -86.7863 0
    endloop
  endfacet
  facet normal -0.42738 0.904072 0
    outer loop
      vertex 173.061 -88.334 0
      vertex 172.786 -88.464 1.6
      vertex 173.061 -88.334 1.6
    endloop
  endfacet
  facet normal -0.42738 0.904072 0
    outer loop
      vertex 172.786 -88.464 1.6
      vertex 173.061 -88.334 0
      vertex 172.786 -88.464 0
    endloop
  endfacet
  facet normal 0.940996 -0.338417 0
    outer loop
      vertex 168.633 -84.7001 1.6
      vertex 168.736 -84.4137 0
      vertex 168.736 -84.4137 1.6
    endloop
  endfacet
  facet normal 0.940996 -0.338417 0
    outer loop
      vertex 168.736 -84.4137 0
      vertex 168.633 -84.7001 1.6
      vertex 168.633 -84.7001 0
    endloop
  endfacet
  facet normal -0.970739 -0.240135 0
    outer loop
      vertex 174.64 -84.9952 0
      vertex 174.567 -84.7001 1.6
      vertex 174.567 -84.7001 0
    endloop
  endfacet
  facet normal -0.970739 -0.240135 0
    outer loop
      vertex 174.567 -84.7001 1.6
      vertex 174.64 -84.9952 0
      vertex 174.64 -84.9952 1.6
    endloop
  endfacet
  facet normal 0.0489544 0.998801 -0
    outer loop
      vertex 171.6 -88.7 0
      vertex 171.296 -88.6851 1.6
      vertex 171.6 -88.7 1.6
    endloop
  endfacet
  facet normal 0.0489544 0.998801 0
    outer loop
      vertex 171.296 -88.6851 1.6
      vertex 171.6 -88.7 0
      vertex 171.296 -88.6851 0
    endloop
  endfacet
  facet normal -0.67223 0.740342 0
    outer loop
      vertex 173.792 -87.792 0
      vertex 173.567 -87.9963 1.6
      vertex 173.792 -87.792 1.6
    endloop
  endfacet
  facet normal -0.67223 0.740342 0
    outer loop
      vertex 173.567 -87.9963 1.6
      vertex 173.792 -87.792 0
      vertex 173.567 -87.9963 0
    endloop
  endfacet
  facet normal 0.42738 0.904072 -0
    outer loop
      vertex 170.414 -88.464 0
      vertex 170.139 -88.334 1.6
      vertex 170.414 -88.464 1.6
    endloop
  endfacet
  facet normal 0.42738 0.904072 0
    outer loop
      vertex 170.139 -88.334 1.6
      vertex 170.414 -88.464 0
      vertex 170.139 -88.334 0
    endloop
  endfacet
  facet normal 0.67223 0.740342 -0
    outer loop
      vertex 169.633 -87.9963 0
      vertex 169.408 -87.792 1.6
      vertex 169.633 -87.9963 1.6
    endloop
  endfacet
  facet normal 0.67223 0.740342 0
    outer loop
      vertex 169.408 -87.792 1.6
      vertex 169.633 -87.9963 0
      vertex 169.408 -87.792 0
    endloop
  endfacet
  facet normal -0.337379 -0.941369 0
    outer loop
      vertex 172.5 -82.6335 0
      vertex 172.786 -82.736 1.6
      vertex 172.5 -82.6335 1.6
    endloop
  endfacet
  facet normal -0.337379 -0.941369 -0
    outer loop
      vertex 172.786 -82.736 1.6
      vertex 172.5 -82.6335 0
      vertex 172.786 -82.736 0
    endloop
  endfacet
  facet normal 0.337379 0.941369 -0
    outer loop
      vertex 170.7 -88.5665 0
      vertex 170.414 -88.464 1.6
      vertex 170.7 -88.5665 1.6
    endloop
  endfacet
  facet normal 0.337379 0.941369 0
    outer loop
      vertex 170.414 -88.464 1.6
      vertex 170.7 -88.5665 0
      vertex 170.414 -88.464 0
    endloop
  endfacet
  facet normal -0.801926 0.597423 0
    outer loop
      vertex 173.996 -87.5666 0
      vertex 174.178 -87.3223 1.6
      vertex 174.178 -87.3223 0
    endloop
  endfacet
  facet normal -0.801926 0.597423 0
    outer loop
      vertex 174.178 -87.3223 1.6
      vertex 173.996 -87.5666 0
      vertex 173.996 -87.5666 1.6
    endloop
  endfacet
  facet normal 0.858362 0.513044 0
    outer loop
      vertex 169.022 -87.3223 1.6
      vertex 168.866 -87.0613 0
      vertex 168.866 -87.0613 1.6
    endloop
  endfacet
  facet normal 0.858362 0.513044 0
    outer loop
      vertex 168.866 -87.0613 0
      vertex 169.022 -87.3223 1.6
      vertex 169.022 -87.3223 0
    endloop
  endfacet
  facet normal -0.998784 -0.0492983 0
    outer loop
      vertex 174.7 -85.6 0
      vertex 174.685 -85.2961 1.6
      vertex 174.685 -85.2961 0
    endloop
  endfacet
  facet normal -0.998784 -0.0492983 0
    outer loop
      vertex 174.685 -85.2961 1.6
      vertex 174.7 -85.6 0
      vertex 174.7 -85.6 1.6
    endloop
  endfacet
  facet normal -0.904072 -0.42738 0
    outer loop
      vertex 174.464 -84.4137 0
      vertex 174.334 -84.1387 1.6
      vertex 174.334 -84.1387 0
    endloop
  endfacet
  facet normal -0.904072 -0.42738 0
    outer loop
      vertex 174.334 -84.1387 1.6
      vertex 174.464 -84.4137 0
      vertex 174.464 -84.4137 1.6
    endloop
  endfacet
  facet normal -0.858362 0.513044 0
    outer loop
      vertex 174.178 -87.3223 0
      vertex 174.334 -87.0613 1.6
      vertex 174.334 -87.0613 0
    endloop
  endfacet
  facet normal -0.858362 0.513044 0
    outer loop
      vertex 174.334 -87.0613 1.6
      vertex 174.178 -87.3223 0
      vertex 174.178 -87.3223 1.6
    endloop
  endfacet
  facet normal 0.67223 -0.740342 0
    outer loop
      vertex 169.408 -83.408 0
      vertex 169.633 -83.2037 1.6
      vertex 169.408 -83.408 1.6
    endloop
  endfacet
  facet normal 0.67223 -0.740342 0
    outer loop
      vertex 169.633 -83.2037 1.6
      vertex 169.408 -83.408 0
      vertex 169.633 -83.2037 0
    endloop
  endfacet
  facet normal -0.594843 0.803842 0
    outer loop
      vertex 173.567 -87.9963 0
      vertex 173.322 -88.1776 1.6
      vertex 173.567 -87.9963 1.6
    endloop
  endfacet
  facet normal -0.594843 0.803842 0
    outer loop
      vertex 173.322 -88.1776 1.6
      vertex 173.567 -87.9963 0
      vertex 173.322 -88.1776 0
    endloop
  endfacet
  facet normal 0.514012 -0.857783 0
    outer loop
      vertex 169.878 -83.0224 0
      vertex 170.139 -82.866 1.6
      vertex 169.878 -83.0224 1.6
    endloop
  endfacet
  facet normal 0.514012 -0.857783 0
    outer loop
      vertex 170.139 -82.866 1.6
      vertex 169.878 -83.0224 0
      vertex 170.139 -82.866 0
    endloop
  endfacet
  facet normal -0.514012 0.857783 0
    outer loop
      vertex 173.322 -88.1776 0
      vertex 173.061 -88.334 1.6
      vertex 173.322 -88.1776 1.6
    endloop
  endfacet
  facet normal -0.514012 0.857783 0
    outer loop
      vertex 173.061 -88.334 1.6
      vertex 173.322 -88.1776 0
      vertex 173.061 -88.334 0
    endloop
  endfacet
  facet normal -0.146894 -0.989152 0
    outer loop
      vertex 171.904 -82.5149 0
      vertex 172.205 -82.5596 1.6
      vertex 171.904 -82.5149 1.6
    endloop
  endfacet
  facet normal -0.146894 -0.989152 -0
    outer loop
      vertex 172.205 -82.5596 1.6
      vertex 171.904 -82.5149 0
      vertex 172.205 -82.5596 0
    endloop
  endfacet
  facet normal -0.940996 0.338417 0
    outer loop
      vertex 174.464 -86.7863 0
      vertex 174.567 -86.4999 1.6
      vertex 174.567 -86.4999 0
    endloop
  endfacet
  facet normal -0.940996 0.338417 0
    outer loop
      vertex 174.567 -86.4999 1.6
      vertex 174.464 -86.7863 0
      vertex 174.464 -86.7863 1.6
    endloop
  endfacet
  facet normal -0.858362 -0.513044 0
    outer loop
      vertex 174.334 -84.1387 0
      vertex 174.178 -83.8777 1.6
      vertex 174.178 -83.8777 0
    endloop
  endfacet
  facet normal -0.858362 -0.513044 0
    outer loop
      vertex 174.178 -83.8777 1.6
      vertex 174.334 -84.1387 0
      vertex 174.334 -84.1387 1.6
    endloop
  endfacet
  facet normal 0.998784 -0.0492983 0
    outer loop
      vertex 168.5 -85.6 1.6
      vertex 168.515 -85.2961 0
      vertex 168.515 -85.2961 1.6
    endloop
  endfacet
  facet normal 0.998784 -0.0492983 0
    outer loop
      vertex 168.515 -85.2961 0
      vertex 168.5 -85.6 1.6
      vertex 168.5 -85.6 0
    endloop
  endfacet
  facet normal -0.940996 -0.338417 0
    outer loop
      vertex 174.567 -84.7001 0
      vertex 174.464 -84.4137 1.6
      vertex 174.464 -84.4137 0
    endloop
  endfacet
  facet normal -0.940996 -0.338417 0
    outer loop
      vertex 174.464 -84.4137 1.6
      vertex 174.567 -84.7001 0
      vertex 174.567 -84.7001 1.6
    endloop
  endfacet
  facet normal 0.146894 0.989152 -0
    outer loop
      vertex 171.296 -88.6851 0
      vertex 170.995 -88.6404 1.6
      vertex 171.296 -88.6851 1.6
    endloop
  endfacet
  facet normal 0.146894 0.989152 0
    outer loop
      vertex 170.995 -88.6404 1.6
      vertex 171.296 -88.6851 0
      vertex 170.995 -88.6404 0
    endloop
  endfacet
  facet normal -0.741427 0.671034 0
    outer loop
      vertex 173.792 -87.792 0
      vertex 173.996 -87.5666 1.6
      vertex 173.996 -87.5666 0
    endloop
  endfacet
  facet normal -0.741427 0.671034 0
    outer loop
      vertex 173.996 -87.5666 1.6
      vertex 173.792 -87.792 0
      vertex 173.792 -87.792 1.6
    endloop
  endfacet
  facet normal -0.0489544 0.998801 0
    outer loop
      vertex 171.904 -88.6851 0
      vertex 171.6 -88.7 1.6
      vertex 171.904 -88.6851 1.6
    endloop
  endfacet
  facet normal -0.0489544 0.998801 0
    outer loop
      vertex 171.6 -88.7 1.6
      vertex 171.904 -88.6851 0
      vertex 171.6 -88.7 0
    endloop
  endfacet
  facet normal -0.904072 0.42738 0
    outer loop
      vertex 174.334 -87.0613 0
      vertex 174.464 -86.7863 1.6
      vertex 174.464 -86.7863 0
    endloop
  endfacet
  facet normal -0.904072 0.42738 0
    outer loop
      vertex 174.464 -86.7863 1.6
      vertex 174.334 -87.0613 0
      vertex 174.334 -87.0613 1.6
    endloop
  endfacet
  facet normal 0.146894 -0.989152 0
    outer loop
      vertex 170.995 -82.5596 0
      vertex 171.296 -82.5149 1.6
      vertex 170.995 -82.5596 1.6
    endloop
  endfacet
  facet normal 0.146894 -0.989152 0
    outer loop
      vertex 171.296 -82.5149 1.6
      vertex 170.995 -82.5596 0
      vertex 171.296 -82.5149 0
    endloop
  endfacet
  facet normal -0.67223 -0.740342 0
    outer loop
      vertex 173.567 -83.2037 0
      vertex 173.792 -83.408 1.6
      vertex 173.567 -83.2037 1.6
    endloop
  endfacet
  facet normal -0.67223 -0.740342 -0
    outer loop
      vertex 173.792 -83.408 1.6
      vertex 173.567 -83.2037 0
      vertex 173.792 -83.408 0
    endloop
  endfacet
  facet normal 0.0489544 -0.998801 0
    outer loop
      vertex 171.296 -82.5149 0
      vertex 171.6 -82.5 1.6
      vertex 171.296 -82.5149 1.6
    endloop
  endfacet
  facet normal 0.0489544 -0.998801 0
    outer loop
      vertex 171.6 -82.5 1.6
      vertex 171.296 -82.5149 0
      vertex 171.6 -82.5 0
    endloop
  endfacet
  facet normal 0.741427 0.671034 0
    outer loop
      vertex 169.408 -87.792 1.6
      vertex 169.204 -87.5666 0
      vertex 169.204 -87.5666 1.6
    endloop
  endfacet
  facet normal 0.741427 0.671034 0
    outer loop
      vertex 169.204 -87.5666 0
      vertex 169.408 -87.792 1.6
      vertex 169.408 -87.792 0
    endloop
  endfacet
  facet normal 0.904072 0.42738 0
    outer loop
      vertex 168.866 -87.0613 1.6
      vertex 168.736 -86.7863 0
      vertex 168.736 -86.7863 1.6
    endloop
  endfacet
  facet normal 0.904072 0.42738 0
    outer loop
      vertex 168.736 -86.7863 0
      vertex 168.866 -87.0613 1.6
      vertex 168.866 -87.0613 0
    endloop
  endfacet
  facet normal 0.970739 0.240135 0
    outer loop
      vertex 168.633 -86.4999 1.6
      vertex 168.56 -86.2048 0
      vertex 168.56 -86.2048 1.6
    endloop
  endfacet
  facet normal 0.970739 0.240135 0
    outer loop
      vertex 168.56 -86.2048 0
      vertex 168.633 -86.4999 1.6
      vertex 168.633 -86.4999 0
    endloop
  endfacet
  facet normal -0.243 0.970026 0
    outer loop
      vertex 172.5 -88.5665 0
      vertex 172.205 -88.6404 1.6
      vertex 172.5 -88.5665 1.6
    endloop
  endfacet
  facet normal -0.243 0.970026 0
    outer loop
      vertex 172.205 -88.6404 1.6
      vertex 172.5 -88.5665 0
      vertex 172.205 -88.6404 0
    endloop
  endfacet
  facet normal 0.970739 -0.240135 0
    outer loop
      vertex 168.56 -84.9952 1.6
      vertex 168.633 -84.7001 0
      vertex 168.633 -84.7001 1.6
    endloop
  endfacet
  facet normal 0.970739 -0.240135 0
    outer loop
      vertex 168.633 -84.7001 0
      vertex 168.56 -84.9952 1.6
      vertex 168.56 -84.9952 0
    endloop
  endfacet
  facet normal 0.42738 -0.904072 0
    outer loop
      vertex 170.139 -82.866 0
      vertex 170.414 -82.736 1.6
      vertex 170.139 -82.866 1.6
    endloop
  endfacet
  facet normal 0.42738 -0.904072 0
    outer loop
      vertex 170.414 -82.736 1.6
      vertex 170.139 -82.866 0
      vertex 170.414 -82.736 0
    endloop
  endfacet
  facet normal 0.741427 -0.671034 0
    outer loop
      vertex 169.204 -83.6334 1.6
      vertex 169.408 -83.408 0
      vertex 169.408 -83.408 1.6
    endloop
  endfacet
  facet normal 0.741427 -0.671034 0
    outer loop
      vertex 169.408 -83.408 0
      vertex 169.204 -83.6334 1.6
      vertex 169.204 -83.6334 0
    endloop
  endfacet
  facet normal -0.0489544 -0.998801 0
    outer loop
      vertex 171.6 -82.5 0
      vertex 171.904 -82.5149 1.6
      vertex 171.6 -82.5 1.6
    endloop
  endfacet
  facet normal -0.0489544 -0.998801 -0
    outer loop
      vertex 171.904 -82.5149 1.6
      vertex 171.6 -82.5 0
      vertex 171.904 -82.5149 0
    endloop
  endfacet
  facet normal 0.989001 -0.147906 0
    outer loop
      vertex 168.515 -85.2961 1.6
      vertex 168.56 -84.9952 0
      vertex 168.56 -84.9952 1.6
    endloop
  endfacet
  facet normal 0.989001 -0.147906 0
    outer loop
      vertex 168.56 -84.9952 0
      vertex 168.515 -85.2961 1.6
      vertex 168.515 -85.2961 0
    endloop
  endfacet
  facet normal -0.594843 -0.803842 0
    outer loop
      vertex 173.322 -83.0224 0
      vertex 173.567 -83.2037 1.6
      vertex 173.322 -83.0224 1.6
    endloop
  endfacet
  facet normal -0.594843 -0.803842 -0
    outer loop
      vertex 173.567 -83.2037 1.6
      vertex 173.322 -83.0224 0
      vertex 173.567 -83.2037 0
    endloop
  endfacet
  facet normal 0 0 -1
    outer loop
      vertex 173.3 -85.6 1.6
      vertex 174.7 -85.6 1.6
      vertex 174.685 -85.9039 1.6
    endloop
  endfacet
  facet normal 0 0 -1
    outer loop
      vertex 173.292 -85.7666 1.6
      vertex 174.685 -85.9039 1.6
      vertex 174.64 -86.2048 1.6
    endloop
  endfacet
  facet normal 0 0 -1
    outer loop
      vertex 174.7 -85.6 1.6
      vertex 173.3 -85.6 1.6
      vertex 174.685 -85.2961 1.6
    endloop
  endfacet
  facet normal 0 0 -1
    outer loop
      vertex 173.267 -85.9317 1.6
      vertex 174.64 -86.2048 1.6
      vertex 174.567 -86.4999 1.6
    endloop
  endfacet
  facet normal 0 0 -1
    outer loop
      vertex 173.292 -85.4334 1.6
      vertex 174.685 -85.2961 1.6
      vertex 173.3 -85.6 1.6
    endloop
  endfacet
  facet normal 0 0 -1
    outer loop
      vertex 173.227 -86.0935 1.6
      vertex 174.567 -86.4999 1.6
      vertex 174.464 -86.7863 1.6
    endloop
  endfacet
  facet normal -0 0 -1
    outer loop
      vertex 174.685 -85.2961 1.6
      vertex 173.292 -85.4334 1.6
      vertex 174.64 -84.9952 1.6
    endloop
  endfacet
  facet normal 0 0 -1
    outer loop
      vertex 173.171 -86.2506 1.6
      vertex 174.464 -86.7863 1.6
      vertex 174.334 -87.0613 1.6
    endloop
  endfacet
  facet normal 0 0 -1
    outer loop
      vertex 173.267 -85.2683 1.6
      vertex 174.64 -84.9952 1.6
      vertex 173.292 -85.4334 1.6
    endloop
  endfacet
  facet normal 0 0 -1
    outer loop
      vertex 173.099 -86.4014 1.6
      vertex 174.334 -87.0613 1.6
      vertex 174.178 -87.3223 1.6
    endloop
  endfacet
  facet normal -0 0 -1
    outer loop
      vertex 174.64 -84.9952 1.6
      vertex 173.267 -85.2683 1.6
      vertex 174.567 -84.7001 1.6
    endloop
  endfacet
  facet normal 0 0 -1
    outer loop
      vertex 173.014 -86.5445 1.6
      vertex 174.178 -87.3223 1.6
      vertex 173.996 -87.5666 1.6
    endloop
  endfacet
  facet normal 0 0 -1
    outer loop
      vertex 173.227 -85.1065 1.6
      vertex 174.567 -84.7001 1.6
      vertex 173.267 -85.2683 1.6
    endloop
  endfacet
  facet normal 0 0 -1
    outer loop
      vertex 172.914 -86.6785 1.6
      vertex 173.996 -87.5666 1.6
      vertex 173.792 -87.792 1.6
    endloop
  endfacet
  facet normal -0 0 -1
    outer loop
      vertex 174.567 -84.7001 1.6
      vertex 173.227 -85.1065 1.6
      vertex 174.464 -84.4137 1.6
    endloop
  endfacet
  facet normal 0 0 -1
    outer loop
      vertex 172.802 -86.8021 1.6
      vertex 173.792 -87.792 1.6
      vertex 173.567 -87.9963 1.6
    endloop
  endfacet
  facet normal 0 0 -1
    outer loop
      vertex 173.171 -84.9494 1.6
      vertex 174.464 -84.4137 1.6
      vertex 173.227 -85.1065 1.6
    endloop
  endfacet
  facet normal 0 0 -1
    outer loop
      vertex 172.678 -86.9141 1.6
      vertex 173.567 -87.9963 1.6
      vertex 173.322 -88.1776 1.6
    endloop
  endfacet
  facet normal -0 0 -1
    outer loop
      vertex 174.464 -84.4137 1.6
      vertex 173.171 -84.9494 1.6
      vertex 174.334 -84.1387 1.6
    endloop
  endfacet
  facet normal 0 0 -1
    outer loop
      vertex 173.099 -84.7986 1.6
      vertex 174.334 -84.1387 1.6
      vertex 173.171 -84.9494 1.6
    endloop
  endfacet
  facet normal 0 0 -1
    outer loop
      vertex 174.685 -85.9039 1.6
      vertex 173.292 -85.7666 1.6
      vertex 173.3 -85.6 1.6
    endloop
  endfacet
  facet normal 0 0 -1
    outer loop
      vertex 174.64 -86.2048 1.6
      vertex 173.267 -85.9317 1.6
      vertex 173.292 -85.7666 1.6
    endloop
  endfacet
  facet normal 0 0 -1
    outer loop
      vertex 174.567 -86.4999 1.6
      vertex 173.227 -86.0935 1.6
      vertex 173.267 -85.9317 1.6
    endloop
  endfacet
  facet normal 0 0 -1
    outer loop
      vertex 174.464 -86.7863 1.6
      vertex 173.171 -86.2506 1.6
      vertex 173.227 -86.0935 1.6
    endloop
  endfacet
  facet normal 0 0 -1
    outer loop
      vertex 174.334 -87.0613 1.6
      vertex 173.099 -86.4014 1.6
      vertex 173.171 -86.2506 1.6
    endloop
  endfacet
  facet normal 0 0 -1
    outer loop
      vertex 172.544 -87.0135 1.6
      vertex 173.322 -88.1776 1.6
      vertex 173.061 -88.334 1.6
    endloop
  endfacet
  facet normal 0 0 -1
    outer loop
      vertex 174.178 -87.3223 1.6
      vertex 173.014 -86.5445 1.6
      vertex 173.099 -86.4014 1.6
    endloop
  endfacet
  facet normal 0 0 -1
    outer loop
      vertex 173.996 -87.5666 1.6
      vertex 172.914 -86.6785 1.6
      vertex 173.014 -86.5445 1.6
    endloop
  endfacet
  facet normal 0 0 -1
    outer loop
      vertex 173.792 -87.792 1.6
      vertex 172.802 -86.8021 1.6
      vertex 172.914 -86.6785 1.6
    endloop
  endfacet
  facet normal 0 0 -1
    outer loop
      vertex 172.401 -87.0993 1.6
      vertex 173.061 -88.334 1.6
      vertex 172.786 -88.464 1.6
    endloop
  endfacet
  facet normal 0 0 -1
    outer loop
      vertex 173.567 -87.9963 1.6
      vertex 172.678 -86.9141 1.6
      vertex 172.802 -86.8021 1.6
    endloop
  endfacet
  facet normal 0 0 -1
    outer loop
      vertex 173.322 -88.1776 1.6
      vertex 172.544 -87.0135 1.6
      vertex 172.678 -86.9141 1.6
    endloop
  endfacet
  facet normal 0 0 -1
    outer loop
      vertex 172.251 -87.1706 1.6
      vertex 172.786 -88.464 1.6
      vertex 172.5 -88.5665 1.6
    endloop
  endfacet
  facet normal 0 0 -1
    outer loop
      vertex 173.061 -88.334 1.6
      vertex 172.401 -87.0993 1.6
      vertex 172.544 -87.0135 1.6
    endloop
  endfacet
  facet normal 0 0 -1
    outer loop
      vertex 172.786 -88.464 1.6
      vertex 172.251 -87.1706 1.6
      vertex 172.401 -87.0993 1.6
    endloop
  endfacet
  facet normal 0 0 -1
    outer loop
      vertex 172.093 -87.2268 1.6
      vertex 172.5 -88.5665 1.6
      vertex 172.205 -88.6404 1.6
    endloop
  endfacet
  facet normal 0 0 -1
    outer loop
      vertex 172.5 -88.5665 1.6
      vertex 172.093 -87.2268 1.6
      vertex 172.251 -87.1706 1.6
    endloop
  endfacet
  facet normal 0 0 -1
    outer loop
      vertex 172.205 -88.6404 1.6
      vertex 171.932 -87.2673 1.6
      vertex 172.093 -87.2268 1.6
    endloop
  endfacet
  facet normal 0 0 -1
    outer loop
      vertex 171.904 -88.6851 1.6
      vertex 171.932 -87.2673 1.6
      vertex 172.205 -88.6404 1.6
    endloop
  endfacet
  facet normal 0 0 -1
    outer loop
      vertex 171.904 -88.6851 1.6
      vertex 171.767 -87.2918 1.6
      vertex 171.932 -87.2673 1.6
    endloop
  endfacet
  facet normal 0 0 -1
    outer loop
      vertex 171.6 -88.7 1.6
      vertex 171.767 -87.2918 1.6
      vertex 171.904 -88.6851 1.6
    endloop
  endfacet
  facet normal 0 0 -1
    outer loop
      vertex 171.6 -88.7 1.6
      vertex 171.6 -87.3 1.6
      vertex 171.767 -87.2918 1.6
    endloop
  endfacet
  facet normal 0 0 -1
    outer loop
      vertex 171.6 -88.7 1.6
      vertex 171.433 -87.2918 1.6
      vertex 171.6 -87.3 1.6
    endloop
  endfacet
  facet normal 0 0 -1
    outer loop
      vertex 171.296 -88.6851 1.6
      vertex 171.433 -87.2918 1.6
      vertex 171.6 -88.7 1.6
    endloop
  endfacet
  facet normal 0 0 -1
    outer loop
      vertex 171.296 -88.6851 1.6
      vertex 171.268 -87.2673 1.6
      vertex 171.433 -87.2918 1.6
    endloop
  endfacet
  facet normal 0 0 -1
    outer loop
      vertex 170.995 -88.6404 1.6
      vertex 171.268 -87.2673 1.6
      vertex 171.296 -88.6851 1.6
    endloop
  endfacet
  facet normal -0 0 -1
    outer loop
      vertex 171.268 -87.2673 1.6
      vertex 170.995 -88.6404 1.6
      vertex 171.107 -87.2268 1.6
    endloop
  endfacet
  facet normal 0 0 -1
    outer loop
      vertex 170.7 -88.5665 1.6
      vertex 171.107 -87.2268 1.6
      vertex 170.995 -88.6404 1.6
    endloop
  endfacet
  facet normal -0 0 -1
    outer loop
      vertex 171.107 -87.2268 1.6
      vertex 170.7 -88.5665 1.6
      vertex 170.949 -87.1706 1.6
    endloop
  endfacet
  facet normal 0 0 -1
    outer loop
      vertex 170.414 -88.464 1.6
      vertex 170.949 -87.1706 1.6
      vertex 170.7 -88.5665 1.6
    endloop
  endfacet
  facet normal -0 0 -1
    outer loop
      vertex 170.949 -87.1706 1.6
      vertex 170.414 -88.464 1.6
      vertex 170.799 -87.0993 1.6
    endloop
  endfacet
  facet normal 0 0 -1
    outer loop
      vertex 170.139 -88.334 1.6
      vertex 170.799 -87.0993 1.6
      vertex 170.414 -88.464 1.6
    endloop
  endfacet
  facet normal -0 0 -1
    outer loop
      vertex 170.799 -87.0993 1.6
      vertex 170.139 -88.334 1.6
      vertex 170.656 -87.0135 1.6
    endloop
  endfacet
  facet normal 0 0 -1
    outer loop
      vertex 169.878 -88.1776 1.6
      vertex 170.656 -87.0135 1.6
      vertex 170.139 -88.334 1.6
    endloop
  endfacet
  facet normal -0 0 -1
    outer loop
      vertex 170.656 -87.0135 1.6
      vertex 169.878 -88.1776 1.6
      vertex 170.522 -86.9141 1.6
    endloop
  endfacet
  facet normal 0 0 -1
    outer loop
      vertex 169.633 -87.9963 1.6
      vertex 170.522 -86.9141 1.6
      vertex 169.878 -88.1776 1.6
    endloop
  endfacet
  facet normal -0 0 -1
    outer loop
      vertex 170.522 -86.9141 1.6
      vertex 169.633 -87.9963 1.6
      vertex 170.398 -86.8021 1.6
    endloop
  endfacet
  facet normal 0 0 -1
    outer loop
      vertex 169.408 -87.792 1.6
      vertex 170.398 -86.8021 1.6
      vertex 169.633 -87.9963 1.6
    endloop
  endfacet
  facet normal -0 0 -1
    outer loop
      vertex 170.398 -86.8021 1.6
      vertex 169.408 -87.792 1.6
      vertex 170.286 -86.6785 1.6
    endloop
  endfacet
  facet normal 0 0 -1
    outer loop
      vertex 169.204 -87.5666 1.6
      vertex 170.286 -86.6785 1.6
      vertex 169.408 -87.792 1.6
    endloop
  endfacet
  facet normal -0 0 -1
    outer loop
      vertex 170.286 -86.6785 1.6
      vertex 169.204 -87.5666 1.6
      vertex 170.187 -86.5445 1.6
    endloop
  endfacet
  facet normal 0 0 -1
    outer loop
      vertex 169.022 -87.3223 1.6
      vertex 170.187 -86.5445 1.6
      vertex 169.204 -87.5666 1.6
    endloop
  endfacet
  facet normal 0 0 -1
    outer loop
      vertex 168.866 -87.0613 1.6
      vertex 170.101 -86.4014 1.6
      vertex 169.022 -87.3223 1.6
    endloop
  endfacet
  facet normal -0 0 -1
    outer loop
      vertex 170.187 -86.5445 1.6
      vertex 169.022 -87.3223 1.6
      vertex 170.101 -86.4014 1.6
    endloop
  endfacet
  facet normal -0 0 -1
    outer loop
      vertex 174.334 -84.1387 1.6
      vertex 173.099 -84.7986 1.6
      vertex 174.178 -83.8777 1.6
    endloop
  endfacet
  facet normal 0 0 -1
    outer loop
      vertex 173.014 -84.6555 1.6
      vertex 174.178 -83.8777 1.6
      vertex 173.099 -84.7986 1.6
    endloop
  endfacet
  facet normal -0 0 -1
    outer loop
      vertex 174.178 -83.8777 1.6
      vertex 173.014 -84.6555 1.6
      vertex 173.996 -83.6334 1.6
    endloop
  endfacet
  facet normal 0 0 -1
    outer loop
      vertex 172.914 -84.5215 1.6
      vertex 173.996 -83.6334 1.6
      vertex 173.014 -84.6555 1.6
    endloop
  endfacet
  facet normal -0 0 -1
    outer loop
      vertex 173.996 -83.6334 1.6
      vertex 172.914 -84.5215 1.6
      vertex 173.792 -83.408 1.6
    endloop
  endfacet
  facet normal 0 0 -1
    outer loop
      vertex 172.802 -84.3979 1.6
      vertex 173.792 -83.408 1.6
      vertex 172.914 -84.5215 1.6
    endloop
  endfacet
  facet normal -0 0 -1
    outer loop
      vertex 173.792 -83.408 1.6
      vertex 172.802 -84.3979 1.6
      vertex 173.567 -83.2037 1.6
    endloop
  endfacet
  facet normal 0 0 -1
    outer loop
      vertex 172.678 -84.2859 1.6
      vertex 173.567 -83.2037 1.6
      vertex 172.802 -84.3979 1.6
    endloop
  endfacet
  facet normal -0 0 -1
    outer loop
      vertex 173.567 -83.2037 1.6
      vertex 172.678 -84.2859 1.6
      vertex 173.322 -83.0224 1.6
    endloop
  endfacet
  facet normal 0 0 -1
    outer loop
      vertex 172.544 -84.1865 1.6
      vertex 173.322 -83.0224 1.6
      vertex 172.678 -84.2859 1.6
    endloop
  endfacet
  facet normal -0 0 -1
    outer loop
      vertex 173.322 -83.0224 1.6
      vertex 172.544 -84.1865 1.6
      vertex 173.061 -82.866 1.6
    endloop
  endfacet
  facet normal 0 0 -1
    outer loop
      vertex 172.401 -84.1007 1.6
      vertex 173.061 -82.866 1.6
      vertex 172.544 -84.1865 1.6
    endloop
  endfacet
  facet normal -0 0 -1
    outer loop
      vertex 173.061 -82.866 1.6
      vertex 172.401 -84.1007 1.6
      vertex 172.786 -82.736 1.6
    endloop
  endfacet
  facet normal 0 0 -1
    outer loop
      vertex 172.251 -84.0294 1.6
      vertex 172.786 -82.736 1.6
      vertex 172.401 -84.1007 1.6
    endloop
  endfacet
  facet normal -0 0 -1
    outer loop
      vertex 172.786 -82.736 1.6
      vertex 172.251 -84.0294 1.6
      vertex 172.5 -82.6335 1.6
    endloop
  endfacet
  facet normal 0 0 -1
    outer loop
      vertex 172.093 -83.9732 1.6
      vertex 172.5 -82.6335 1.6
      vertex 172.251 -84.0294 1.6
    endloop
  endfacet
  facet normal -0 0 -1
    outer loop
      vertex 172.5 -82.6335 1.6
      vertex 172.093 -83.9732 1.6
      vertex 172.205 -82.5596 1.6
    endloop
  endfacet
  facet normal 0 0 -1
    outer loop
      vertex 171.932 -83.9327 1.6
      vertex 172.205 -82.5596 1.6
      vertex 172.093 -83.9732 1.6
    endloop
  endfacet
  facet normal 0 0 -1
    outer loop
      vertex 171.932 -83.9327 1.6
      vertex 171.904 -82.5149 1.6
      vertex 172.205 -82.5596 1.6
    endloop
  endfacet
  facet normal 0 0 -1
    outer loop
      vertex 171.767 -83.9082 1.6
      vertex 171.904 -82.5149 1.6
      vertex 171.932 -83.9327 1.6
    endloop
  endfacet
  facet normal 0 0 -1
    outer loop
      vertex 171.6 -83.9 1.6
      vertex 171.904 -82.5149 1.6
      vertex 171.767 -83.9082 1.6
    endloop
  endfacet
  facet normal 0 0 -1
    outer loop
      vertex 171.6 -83.9 1.6
      vertex 171.6 -82.5 1.6
      vertex 171.904 -82.5149 1.6
    endloop
  endfacet
  facet normal 0 0 -1
    outer loop
      vertex 171.433 -83.9082 1.6
      vertex 171.6 -82.5 1.6
      vertex 171.6 -83.9 1.6
    endloop
  endfacet
  facet normal 0 0 -1
    outer loop
      vertex 171.433 -83.9082 1.6
      vertex 171.296 -82.5149 1.6
      vertex 171.6 -82.5 1.6
    endloop
  endfacet
  facet normal 0 0 -1
    outer loop
      vertex 171.268 -83.9327 1.6
      vertex 171.296 -82.5149 1.6
      vertex 171.433 -83.9082 1.6
    endloop
  endfacet
  facet normal 0 0 -1
    outer loop
      vertex 170.995 -82.5596 1.6
      vertex 171.268 -83.9327 1.6
      vertex 171.107 -83.9732 1.6
    endloop
  endfacet
  facet normal 0 0 -1
    outer loop
      vertex 171.268 -83.9327 1.6
      vertex 170.995 -82.5596 1.6
      vertex 171.296 -82.5149 1.6
    endloop
  endfacet
  facet normal 0 0 -1
    outer loop
      vertex 170.7 -82.6335 1.6
      vertex 171.107 -83.9732 1.6
      vertex 170.949 -84.0294 1.6
    endloop
  endfacet
  facet normal 0 0 -1
    outer loop
      vertex 170.414 -82.736 1.6
      vertex 170.949 -84.0294 1.6
      vertex 170.799 -84.1007 1.6
    endloop
  endfacet
  facet normal 0 0 -1
    outer loop
      vertex 171.107 -83.9732 1.6
      vertex 170.7 -82.6335 1.6
      vertex 170.995 -82.5596 1.6
    endloop
  endfacet
  facet normal 0 0 -1
    outer loop
      vertex 170.139 -82.866 1.6
      vertex 170.799 -84.1007 1.6
      vertex 170.656 -84.1865 1.6
    endloop
  endfacet
  facet normal 0 0 -1
    outer loop
      vertex 169.878 -83.0224 1.6
      vertex 170.656 -84.1865 1.6
      vertex 170.522 -84.2859 1.6
    endloop
  endfacet
  facet normal 0 0 -1
    outer loop
      vertex 170.949 -84.0294 1.6
      vertex 170.414 -82.736 1.6
      vertex 170.7 -82.6335 1.6
    endloop
  endfacet
  facet normal 0 0 -1
    outer loop
      vertex 169.633 -83.2037 1.6
      vertex 170.522 -84.2859 1.6
      vertex 170.398 -84.3979 1.6
    endloop
  endfacet
  facet normal 0 0 -1
    outer loop
      vertex 169.408 -83.408 1.6
      vertex 170.398 -84.3979 1.6
      vertex 170.286 -84.5215 1.6
    endloop
  endfacet
  facet normal 0 0 -1
    outer loop
      vertex 169.204 -83.6334 1.6
      vertex 170.286 -84.5215 1.6
      vertex 170.187 -84.6555 1.6
    endloop
  endfacet
  facet normal 0 0 -1
    outer loop
      vertex 170.799 -84.1007 1.6
      vertex 170.139 -82.866 1.6
      vertex 170.414 -82.736 1.6
    endloop
  endfacet
  facet normal 0 0 -1
    outer loop
      vertex 169.022 -83.8777 1.6
      vertex 170.187 -84.6555 1.6
      vertex 170.101 -84.7986 1.6
    endloop
  endfacet
  facet normal 0 0 -1
    outer loop
      vertex 168.866 -84.1387 1.6
      vertex 170.101 -84.7986 1.6
      vertex 170.029 -84.9494 1.6
    endloop
  endfacet
  facet normal 0 0 -1
    outer loop
      vertex 168.736 -84.4137 1.6
      vertex 170.029 -84.9494 1.6
      vertex 169.973 -85.1065 1.6
    endloop
  endfacet
  facet normal 0 0 -1
    outer loop
      vertex 168.633 -84.7001 1.6
      vertex 169.973 -85.1065 1.6
      vertex 169.933 -85.2683 1.6
    endloop
  endfacet
  facet normal 0 0 -1
    outer loop
      vertex 168.56 -84.9952 1.6
      vertex 169.933 -85.2683 1.6
      vertex 169.908 -85.4334 1.6
    endloop
  endfacet
  facet normal 0 0 -1
    outer loop
      vertex 170.656 -84.1865 1.6
      vertex 169.878 -83.0224 1.6
      vertex 170.139 -82.866 1.6
    endloop
  endfacet
  facet normal 0 0 -1
    outer loop
      vertex 168.515 -85.2961 1.6
      vertex 169.908 -85.4334 1.6
      vertex 169.9 -85.6 1.6
    endloop
  endfacet
  facet normal -0 0 -1
    outer loop
      vertex 170.101 -86.4014 1.6
      vertex 168.866 -87.0613 1.6
      vertex 170.029 -86.2506 1.6
    endloop
  endfacet
  facet normal 0 0 -1
    outer loop
      vertex 168.736 -86.7863 1.6
      vertex 170.029 -86.2506 1.6
      vertex 168.866 -87.0613 1.6
    endloop
  endfacet
  facet normal 0 0 -1
    outer loop
      vertex 170.522 -84.2859 1.6
      vertex 169.633 -83.2037 1.6
      vertex 169.878 -83.0224 1.6
    endloop
  endfacet
  facet normal -0 0 -1
    outer loop
      vertex 170.029 -86.2506 1.6
      vertex 168.736 -86.7863 1.6
      vertex 169.973 -86.0935 1.6
    endloop
  endfacet
  facet normal 0 0 -1
    outer loop
      vertex 170.398 -84.3979 1.6
      vertex 169.408 -83.408 1.6
      vertex 169.633 -83.2037 1.6
    endloop
  endfacet
  facet normal 0 0 -1
    outer loop
      vertex 168.633 -86.4999 1.6
      vertex 169.973 -86.0935 1.6
      vertex 168.736 -86.7863 1.6
    endloop
  endfacet
  facet normal 0 0 -1
    outer loop
      vertex 170.286 -84.5215 1.6
      vertex 169.204 -83.6334 1.6
      vertex 169.408 -83.408 1.6
    endloop
  endfacet
  facet normal -0 0 -1
    outer loop
      vertex 169.973 -86.0935 1.6
      vertex 168.633 -86.4999 1.6
      vertex 169.933 -85.9317 1.6
    endloop
  endfacet
  facet normal 0 0 -1
    outer loop
      vertex 170.187 -84.6555 1.6
      vertex 169.022 -83.8777 1.6
      vertex 169.204 -83.6334 1.6
    endloop
  endfacet
  facet normal 0 0 -1
    outer loop
      vertex 168.56 -86.2048 1.6
      vertex 169.933 -85.9317 1.6
      vertex 168.633 -86.4999 1.6
    endloop
  endfacet
  facet normal 0 0 -1
    outer loop
      vertex 170.101 -84.7986 1.6
      vertex 168.866 -84.1387 1.6
      vertex 169.022 -83.8777 1.6
    endloop
  endfacet
  facet normal -0 0 -1
    outer loop
      vertex 169.933 -85.9317 1.6
      vertex 168.56 -86.2048 1.6
      vertex 169.908 -85.7666 1.6
    endloop
  endfacet
  facet normal 0 0 -1
    outer loop
      vertex 170.029 -84.9494 1.6
      vertex 168.736 -84.4137 1.6
      vertex 168.866 -84.1387 1.6
    endloop
  endfacet
  facet normal 0 0 -1
    outer loop
      vertex 168.515 -85.9039 1.6
      vertex 169.908 -85.7666 1.6
      vertex 168.56 -86.2048 1.6
    endloop
  endfacet
  facet normal 0 0 -1
    outer loop
      vertex 169.973 -85.1065 1.6
      vertex 168.633 -84.7001 1.6
      vertex 168.736 -84.4137 1.6
    endloop
  endfacet
  facet normal -0 0 -1
    outer loop
      vertex 169.908 -85.7666 1.6
      vertex 168.515 -85.9039 1.6
      vertex 169.9 -85.6 1.6
    endloop
  endfacet
  facet normal 0 0 -1
    outer loop
      vertex 169.933 -85.2683 1.6
      vertex 168.56 -84.9952 1.6
      vertex 168.633 -84.7001 1.6
    endloop
  endfacet
  facet normal 0 0 -1
    outer loop
      vertex 168.5 -85.6 1.6
      vertex 169.9 -85.6 1.6
      vertex 168.515 -85.9039 1.6
    endloop
  endfacet
  facet normal 0 0 -1
    outer loop
      vertex 169.908 -85.4334 1.6
      vertex 168.515 -85.2961 1.6
      vertex 168.56 -84.9952 1.6
    endloop
  endfacet
  facet normal 0 0 -1
    outer loop
      vertex 169.9 -85.6 1.6
      vertex 168.5 -85.6 1.6
      vertex 168.515 -85.2961 1.6
    endloop
  endfacet
  facet normal 0.801926 -0.597423 0
    outer loop
      vertex 169.022 -83.8777 1.6
      vertex 169.204 -83.6334 0
      vertex 169.204 -83.6334 1.6
    endloop
  endfacet
  facet normal 0.801926 -0.597423 0
    outer loop
      vertex 169.204 -83.6334 0
      vertex 169.022 -83.8777 1.6
      vertex 169.022 -83.8777 0
    endloop
  endfacet
  facet normal 0.998784 0.0492983 0
    outer loop
      vertex 168.515 -85.9039 1.6
      vertex 168.5 -85.6 0
      vertex 168.5 -85.6 1.6
    endloop
  endfacet
  facet normal 0.998784 0.0492983 0
    outer loop
      vertex 168.5 -85.6 0
      vertex 168.515 -85.9039 1.6
      vertex 168.515 -85.9039 0
    endloop
  endfacet
  facet normal -0.741427 -0.671034 0
    outer loop
      vertex 173.996 -83.6334 0
      vertex 173.792 -83.408 1.6
      vertex 173.792 -83.408 0
    endloop
  endfacet
  facet normal -0.741427 -0.671034 0
    outer loop
      vertex 173.792 -83.408 1.6
      vertex 173.996 -83.6334 0
      vertex 173.996 -83.6334 1.6
    endloop
  endfacet
  facet normal 0.94134 0.33746 0
    outer loop
      vertex 138.753 -45.5861 3
      vertex 138.382 -44.5512 0
      vertex 138.382 -44.5512 3
    endloop
  endfacet
  facet normal 0.94134 0.33746 0
    outer loop
      vertex 138.382 -44.5512 0
      vertex 138.753 -45.5861 3
      vertex 138.753 -45.5861 0
    endloop
  endfacet
  facet normal -0.989212 0.146489 0
    outer loop
      vertex 160.085 -43.485 0
      vertex 160.246 -42.3978 3
      vertex 160.246 -42.3978 0
    endloop
  endfacet
  facet normal -0.989212 0.146489 0
    outer loop
      vertex 160.246 -42.3978 3
      vertex 160.085 -43.485 0
      vertex 160.085 -43.485 3
    endloop
  endfacet
  facet normal -0.998792 0.0491299 0
    outer loop
      vertex 160.246 -42.3978 0
      vertex 160.3 -41.3 3
      vertex 160.3 -41.3 0
    endloop
  endfacet
  facet normal -0.998792 0.0491299 0
    outer loop
      vertex 160.3 -41.3 3
      vertex 160.246 -42.3978 0
      vertex 160.246 -42.3978 3
    endloop
  endfacet
  facet normal -0.970046 0.242921 0
    outer loop
      vertex 159.818 -44.5512 0
      vertex 160.085 -43.485 3
      vertex 160.085 -43.485 0
    endloop
  endfacet
  facet normal -0.970046 0.242921 0
    outer loop
      vertex 160.085 -43.485 3
      vertex 159.818 -44.5512 0
      vertex 159.818 -44.5512 3
    endloop
  endfacet
  facet normal -0.857365 0.51471 0
    outer loop
      vertex 158.412 -47.5224 0
      vertex 158.978 -46.5796 3
      vertex 158.978 -46.5796 0
    endloop
  endfacet
  facet normal -0.857365 0.51471 0
    outer loop
      vertex 158.978 -46.5796 3
      vertex 158.412 -47.5224 0
      vertex 158.412 -47.5224 3
    endloop
  endfacet
  facet normal -0.427386 0.904069 0
    outer loop
      vertex 154.38 -51.1775 0
      vertex 153.386 -51.6474 3
      vertex 154.38 -51.1775 3
    endloop
  endfacet
  facet normal -0.427386 0.904069 0
    outer loop
      vertex 153.386 -51.6474 3
      vertex 154.38 -51.1775 0
      vertex 153.386 -51.6474 0
    endloop
  endfacet
  facet normal -0.671273 0.74121 0
    outer loop
      vertex 157.02 -49.2196 0
      vertex 156.205 -49.9577 3
      vertex 157.02 -49.2196 3
    endloop
  endfacet
  facet normal -0.671273 0.74121 0
    outer loop
      vertex 156.205 -49.9577 3
      vertex 157.02 -49.2196 0
      vertex 156.205 -49.9577 0
    endloop
  endfacet
  facet normal 0.857365 0.51471 0
    outer loop
      vertex 139.788 -47.5224 3
      vertex 139.222 -46.5796 0
      vertex 139.222 -46.5796 3
    endloop
  endfacet
  facet normal 0.857365 0.51471 0
    outer loop
      vertex 139.222 -46.5796 0
      vertex 139.788 -47.5224 3
      vertex 139.788 -47.5224 0
    endloop
  endfacet
  facet normal 0.803525 0.595271 0
    outer loop
      vertex 140.442 -48.4052 3
      vertex 139.788 -47.5224 0
      vertex 139.788 -47.5224 3
    endloop
  endfacet
  facet normal 0.803525 0.595271 0
    outer loop
      vertex 139.788 -47.5224 0
      vertex 140.442 -48.4052 3
      vertex 140.442 -48.4052 0
    endloop
  endfacet
  facet normal 0.514362 -0.857573 0
    outer loop
      vertex 142.878 -31.9875 0
      vertex 143.82 -31.4225 3
      vertex 142.878 -31.9875 3
    endloop
  endfacet
  facet normal 0.514362 -0.857573 0
    outer loop
      vertex 143.82 -31.4225 3
      vertex 142.878 -31.9875 0
      vertex 143.82 -31.4225 0
    endloop
  endfacet
  facet normal 0.671273 -0.74121 0
    outer loop
      vertex 141.18 -33.3804 0
      vertex 141.995 -32.6423 3
      vertex 141.18 -33.3804 3
    endloop
  endfacet
  facet normal 0.671273 -0.74121 0
    outer loop
      vertex 141.995 -32.6423 3
      vertex 141.18 -33.3804 0
      vertex 141.995 -32.6423 0
    endloop
  endfacet
  facet normal -0.336867 0.941552 0
    outer loop
      vertex 153.386 -51.6474 0
      vertex 152.351 -52.0177 3
      vertex 153.386 -51.6474 3
    endloop
  endfacet
  facet normal -0.336867 0.941552 0
    outer loop
      vertex 152.351 -52.0177 3
      vertex 153.386 -51.6474 0
      vertex 152.351 -52.0177 0
    endloop
  endfacet
  facet normal -0.0490302 -0.998797 0
    outer loop
      vertex 149.1 -30.1 0
      vertex 150.198 -30.1539 3
      vertex 149.1 -30.1 3
    endloop
  endfacet
  facet normal -0.0490302 -0.998797 -0
    outer loop
      vertex 150.198 -30.1539 3
      vertex 149.1 -30.1 0
      vertex 150.198 -30.1539 0
    endloop
  endfacet
  facet normal -0.989212 -0.146489 0
    outer loop
      vertex 160.246 -40.2022 0
      vertex 160.085 -39.115 3
      vertex 160.085 -39.115 0
    endloop
  endfacet
  facet normal -0.989212 -0.146489 0
    outer loop
      vertex 160.085 -39.115 3
      vertex 160.246 -40.2022 0
      vertex 160.246 -40.2022 3
    endloop
  endfacet
  facet normal -0.243049 0.970014 0
    outer loop
      vertex 152.351 -52.0177 0
      vertex 151.285 -52.2848 3
      vertex 152.351 -52.0177 3
    endloop
  endfacet
  facet normal -0.243049 0.970014 0
    outer loop
      vertex 151.285 -52.2848 3
      vertex 152.351 -52.0177 0
      vertex 151.285 -52.2848 0
    endloop
  endfacet
  facet normal -0.970046 -0.242921 0
    outer loop
      vertex 160.085 -39.115 0
      vertex 159.818 -38.0488 3
      vertex 159.818 -38.0488 0
    endloop
  endfacet
  facet normal -0.970046 -0.242921 0
    outer loop
      vertex 159.818 -38.0488 3
      vertex 160.085 -39.115 0
      vertex 160.085 -39.115 3
    endloop
  endfacet
  facet normal 0.146783 -0.989169 0
    outer loop
      vertex 146.915 -30.3152 0
      vertex 148.002 -30.1539 3
      vertex 146.915 -30.3152 3
    endloop
  endfacet
  facet normal 0.146783 -0.989169 0
    outer loop
      vertex 148.002 -30.1539 3
      vertex 146.915 -30.3152 0
      vertex 148.002 -30.1539 0
    endloop
  endfacet
  facet normal -0.74101 0.671494 0
    outer loop
      vertex 157.02 -49.2196 0
      vertex 157.758 -48.4052 3
      vertex 157.758 -48.4052 0
    endloop
  endfacet
  facet normal -0.74101 0.671494 0
    outer loop
      vertex 157.758 -48.4052 3
      vertex 157.02 -49.2196 0
      vertex 157.02 -49.2196 3
    endloop
  endfacet
  facet normal 0.998792 -0.0491299 0
    outer loop
      vertex 137.9 -41.3 3
      vertex 137.954 -40.2022 0
      vertex 137.954 -40.2022 3
    endloop
  endfacet
  facet normal 0.998792 -0.0491299 0
    outer loop
      vertex 137.954 -40.2022 0
      vertex 137.9 -41.3 3
      vertex 137.9 -41.3 0
    endloop
  endfacet
  facet normal -0.94134 0.33746 0
    outer loop
      vertex 159.447 -45.5861 0
      vertex 159.818 -44.5512 3
      vertex 159.818 -44.5512 0
    endloop
  endfacet
  facet normal -0.94134 0.33746 0
    outer loop
      vertex 159.818 -44.5512 3
      vertex 159.447 -45.5861 0
      vertex 159.447 -45.5861 3
    endloop
  endfacet
  facet normal -0.0490302 0.998797 0
    outer loop
      vertex 150.198 -52.4461 0
      vertex 149.1 -52.5 3
      vertex 150.198 -52.4461 3
    endloop
  endfacet
  facet normal -0.0490302 0.998797 0
    outer loop
      vertex 149.1 -52.5 3
      vertex 150.198 -52.4461 0
      vertex 149.1 -52.5 0
    endloop
  endfacet
  facet normal -0.514362 -0.857573 0
    outer loop
      vertex 154.38 -31.4225 0
      vertex 155.322 -31.9875 3
      vertex 154.38 -31.4225 3
    endloop
  endfacet
  facet normal -0.514362 -0.857573 -0
    outer loop
      vertex 155.322 -31.9875 3
      vertex 154.38 -31.4225 0
      vertex 155.322 -31.9875 0
    endloop
  endfacet
  facet normal 0.970046 -0.242921 0
    outer loop
      vertex 138.115 -39.115 3
      vertex 138.382 -38.0488 0
      vertex 138.382 -38.0488 3
    endloop
  endfacet
  facet normal 0.970046 -0.242921 0
    outer loop
      vertex 138.382 -38.0488 0
      vertex 138.115 -39.115 3
      vertex 138.115 -39.115 0
    endloop
  endfacet
  facet normal 0.336867 0.941552 -0
    outer loop
      vertex 145.849 -52.0177 0
      vertex 144.814 -51.6474 3
      vertex 145.849 -52.0177 3
    endloop
  endfacet
  facet normal 0.336867 0.941552 0
    outer loop
      vertex 144.814 -51.6474 3
      vertex 145.849 -52.0177 0
      vertex 144.814 -51.6474 0
    endloop
  endfacet
  facet normal 0.94134 -0.33746 0
    outer loop
      vertex 138.382 -38.0488 3
      vertex 138.753 -37.0139 0
      vertex 138.753 -37.0139 3
    endloop
  endfacet
  facet normal 0.94134 -0.33746 0
    outer loop
      vertex 138.753 -37.0139 0
      vertex 138.382 -38.0488 3
      vertex 138.382 -38.0488 0
    endloop
  endfacet
  facet normal 0.989212 0.146489 0
    outer loop
      vertex 138.115 -43.485 3
      vertex 137.954 -42.3978 0
      vertex 137.954 -42.3978 3
    endloop
  endfacet
  facet normal 0.989212 0.146489 0
    outer loop
      vertex 137.954 -42.3978 0
      vertex 138.115 -43.485 3
      vertex 138.115 -43.485 0
    endloop
  endfacet
  facet normal 0.514362 0.857573 -0
    outer loop
      vertex 143.82 -51.1775 0
      vertex 142.878 -50.6125 3
      vertex 143.82 -51.1775 3
    endloop
  endfacet
  facet normal 0.514362 0.857573 0
    outer loop
      vertex 142.878 -50.6125 3
      vertex 143.82 -51.1775 0
      vertex 142.878 -50.6125 0
    endloop
  endfacet
  facet normal 0.671273 0.74121 -0
    outer loop
      vertex 141.995 -49.9577 0
      vertex 141.18 -49.2196 3
      vertex 141.995 -49.9577 3
    endloop
  endfacet
  facet normal 0.671273 0.74121 0
    outer loop
      vertex 141.18 -49.2196 3
      vertex 141.995 -49.9577 0
      vertex 141.18 -49.2196 0
    endloop
  endfacet
  facet normal 0.970046 0.242921 0
    outer loop
      vertex 138.382 -44.5512 3
      vertex 138.115 -43.485 0
      vertex 138.115 -43.485 3
    endloop
  endfacet
  facet normal 0.970046 0.242921 0
    outer loop
      vertex 138.115 -43.485 0
      vertex 138.382 -44.5512 3
      vertex 138.382 -44.5512 0
    endloop
  endfacet
  facet normal -0.427461 -0.904034 0
    outer loop
      vertex 153.386 -30.9525 0
      vertex 154.38 -31.4225 3
      vertex 153.386 -30.9525 3
    endloop
  endfacet
  facet normal -0.427461 -0.904034 -0
    outer loop
      vertex 154.38 -31.4225 3
      vertex 153.386 -30.9525 0
      vertex 154.38 -31.4225 0
    endloop
  endfacet
  facet normal 0.336786 -0.941581 0
    outer loop
      vertex 144.814 -30.9525 0
      vertex 145.849 -30.5823 3
      vertex 144.814 -30.9525 3
    endloop
  endfacet
  facet normal 0.336786 -0.941581 0
    outer loop
      vertex 145.849 -30.5823 3
      vertex 144.814 -30.9525 0
      vertex 145.849 -30.5823 0
    endloop
  endfacet
  facet normal 0.243049 0.970014 -0
    outer loop
      vertex 146.915 -52.2848 0
      vertex 145.849 -52.0177 3
      vertex 146.915 -52.2848 3
    endloop
  endfacet
  facet normal 0.243049 0.970014 0
    outer loop
      vertex 145.849 -52.0177 3
      vertex 146.915 -52.2848 0
      vertex 145.849 -52.0177 0
    endloop
  endfacet
  facet normal -0.514362 0.857573 0
    outer loop
      vertex 155.322 -50.6125 0
      vertex 154.38 -51.1775 3
      vertex 155.322 -50.6125 3
    endloop
  endfacet
  facet normal -0.514362 0.857573 0
    outer loop
      vertex 154.38 -51.1775 3
      vertex 155.322 -50.6125 0
      vertex 154.38 -51.1775 0
    endloop
  endfacet
  facet normal 0.595654 0.803241 -0
    outer loop
      vertex 142.878 -50.6125 0
      vertex 141.995 -49.9577 3
      vertex 142.878 -50.6125 3
    endloop
  endfacet
  facet normal 0.595654 0.803241 0
    outer loop
      vertex 141.995 -49.9577 3
      vertex 142.878 -50.6125 0
      vertex 141.995 -49.9577 0
    endloop
  endfacet
  facet normal -0.595654 0.803241 0
    outer loop
      vertex 156.205 -49.9577 0
      vertex 155.322 -50.6125 3
      vertex 156.205 -49.9577 3
    endloop
  endfacet
  facet normal -0.595654 0.803241 0
    outer loop
      vertex 155.322 -50.6125 3
      vertex 156.205 -49.9577 0
      vertex 155.322 -50.6125 0
    endloop
  endfacet
  facet normal -0.146783 -0.989169 0
    outer loop
      vertex 150.198 -30.1539 0
      vertex 151.285 -30.3152 3
      vertex 150.198 -30.1539 3
    endloop
  endfacet
  facet normal -0.146783 -0.989169 -0
    outer loop
      vertex 151.285 -30.3152 3
      vertex 150.198 -30.1539 0
      vertex 151.285 -30.3152 0
    endloop
  endfacet
  facet normal -0.94134 -0.33746 0
    outer loop
      vertex 159.818 -38.0488 0
      vertex 159.447 -37.0139 3
      vertex 159.447 -37.0139 0
    endloop
  endfacet
  facet normal -0.94134 -0.33746 0
    outer loop
      vertex 159.447 -37.0139 3
      vertex 159.818 -38.0488 0
      vertex 159.818 -38.0488 3
    endloop
  endfacet
  facet normal -0.74101 -0.671494 0
    outer loop
      vertex 157.758 -34.1948 0
      vertex 157.02 -33.3804 3
      vertex 157.02 -33.3804 0
    endloop
  endfacet
  facet normal -0.74101 -0.671494 0
    outer loop
      vertex 157.02 -33.3804 3
      vertex 157.758 -34.1948 0
      vertex 157.758 -34.1948 3
    endloop
  endfacet
  facet normal -0.803525 -0.595271 0
    outer loop
      vertex 158.412 -35.0776 0
      vertex 157.758 -34.1948 3
      vertex 157.758 -34.1948 0
    endloop
  endfacet
  facet normal -0.803525 -0.595271 0
    outer loop
      vertex 157.758 -34.1948 3
      vertex 158.412 -35.0776 0
      vertex 158.412 -35.0776 3
    endloop
  endfacet
  facet normal 0.427386 0.904069 -0
    outer loop
      vertex 144.814 -51.6474 0
      vertex 143.82 -51.1775 3
      vertex 144.814 -51.6474 3
    endloop
  endfacet
  facet normal 0.427386 0.904069 0
    outer loop
      vertex 143.82 -51.1775 3
      vertex 144.814 -51.6474 0
      vertex 143.82 -51.1775 0
    endloop
  endfacet
  facet normal -0.904302 0.426893 0
    outer loop
      vertex 158.978 -46.5796 0
      vertex 159.447 -45.5861 3
      vertex 159.447 -45.5861 0
    endloop
  endfacet
  facet normal -0.904302 0.426893 0
    outer loop
      vertex 159.447 -45.5861 3
      vertex 158.978 -46.5796 0
      vertex 158.978 -46.5796 3
    endloop
  endfacet
  facet normal 0.857365 -0.51471 0
    outer loop
      vertex 139.222 -36.0204 3
      vertex 139.788 -35.0776 0
      vertex 139.788 -35.0776 3
    endloop
  endfacet
  facet normal 0.857365 -0.51471 0
    outer loop
      vertex 139.788 -35.0776 0
      vertex 139.222 -36.0204 3
      vertex 139.222 -36.0204 0
    endloop
  endfacet
  facet normal 0.243049 -0.970014 0
    outer loop
      vertex 145.849 -30.5823 0
      vertex 146.915 -30.3152 3
      vertex 145.849 -30.5823 3
    endloop
  endfacet
  facet normal 0.243049 -0.970014 0
    outer loop
      vertex 146.915 -30.3152 3
      vertex 145.849 -30.5823 0
      vertex 146.915 -30.3152 0
    endloop
  endfacet
  facet normal 0.803525 -0.595271 0
    outer loop
      vertex 139.788 -35.0776 3
      vertex 140.442 -34.1948 0
      vertex 140.442 -34.1948 3
    endloop
  endfacet
  facet normal 0.803525 -0.595271 0
    outer loop
      vertex 140.442 -34.1948 0
      vertex 139.788 -35.0776 3
      vertex 139.788 -35.0776 0
    endloop
  endfacet
  facet normal -0.803525 0.595271 0
    outer loop
      vertex 157.758 -48.4052 0
      vertex 158.412 -47.5224 3
      vertex 158.412 -47.5224 0
    endloop
  endfacet
  facet normal -0.803525 0.595271 0
    outer loop
      vertex 158.412 -47.5224 3
      vertex 157.758 -48.4052 0
      vertex 157.758 -48.4052 3
    endloop
  endfacet
  facet normal 0.904302 -0.426893 0
    outer loop
      vertex 138.753 -37.0139 3
      vertex 139.222 -36.0204 0
      vertex 139.222 -36.0204 3
    endloop
  endfacet
  facet normal 0.904302 -0.426893 0
    outer loop
      vertex 139.222 -36.0204 0
      vertex 138.753 -37.0139 3
      vertex 138.753 -37.0139 0
    endloop
  endfacet
  facet normal -0.146783 0.989169 0
    outer loop
      vertex 151.285 -52.2848 0
      vertex 150.198 -52.4461 3
      vertex 151.285 -52.2848 3
    endloop
  endfacet
  facet normal -0.146783 0.989169 0
    outer loop
      vertex 150.198 -52.4461 3
      vertex 151.285 -52.2848 0
      vertex 150.198 -52.4461 0
    endloop
  endfacet
  facet normal 0.0490302 0.998797 -0
    outer loop
      vertex 149.1 -52.5 0
      vertex 148.002 -52.4461 3
      vertex 149.1 -52.5 3
    endloop
  endfacet
  facet normal 0.0490302 0.998797 0
    outer loop
      vertex 148.002 -52.4461 3
      vertex 149.1 -52.5 0
      vertex 148.002 -52.4461 0
    endloop
  endfacet
  facet normal 0.427461 -0.904034 0
    outer loop
      vertex 143.82 -31.4225 0
      vertex 144.814 -30.9525 3
      vertex 143.82 -31.4225 3
    endloop
  endfacet
  facet normal 0.427461 -0.904034 0
    outer loop
      vertex 144.814 -30.9525 3
      vertex 143.82 -31.4225 0
      vertex 144.814 -30.9525 0
    endloop
  endfacet
  facet normal -0.595654 -0.803241 0
    outer loop
      vertex 155.322 -31.9875 0
      vertex 156.205 -32.6423 3
      vertex 155.322 -31.9875 3
    endloop
  endfacet
  facet normal -0.595654 -0.803241 -0
    outer loop
      vertex 156.205 -32.6423 3
      vertex 155.322 -31.9875 0
      vertex 156.205 -32.6423 0
    endloop
  endfacet
  facet normal -0.998792 -0.0491299 0
    outer loop
      vertex 160.3 -41.3 0
      vertex 160.246 -40.2022 3
      vertex 160.246 -40.2022 0
    endloop
  endfacet
  facet normal -0.998792 -0.0491299 0
    outer loop
      vertex 160.246 -40.2022 3
      vertex 160.3 -41.3 0
      vertex 160.3 -41.3 3
    endloop
  endfacet
  facet normal 0.146783 0.989169 -0
    outer loop
      vertex 148.002 -52.4461 0
      vertex 146.915 -52.2848 3
      vertex 148.002 -52.4461 3
    endloop
  endfacet
  facet normal 0.146783 0.989169 0
    outer loop
      vertex 146.915 -52.2848 3
      vertex 148.002 -52.4461 0
      vertex 146.915 -52.2848 0
    endloop
  endfacet
  facet normal 0.989212 -0.146489 0
    outer loop
      vertex 137.954 -40.2022 3
      vertex 138.115 -39.115 0
      vertex 138.115 -39.115 3
    endloop
  endfacet
  facet normal 0.989212 -0.146489 0
    outer loop
      vertex 138.115 -39.115 0
      vertex 137.954 -40.2022 3
      vertex 137.954 -40.2022 0
    endloop
  endfacet
  facet normal -0.336786 -0.941581 0
    outer loop
      vertex 152.351 -30.5823 0
      vertex 153.386 -30.9525 3
      vertex 152.351 -30.5823 3
    endloop
  endfacet
  facet normal -0.336786 -0.941581 -0
    outer loop
      vertex 153.386 -30.9525 3
      vertex 152.351 -30.5823 0
      vertex 153.386 -30.9525 0
    endloop
  endfacet
  facet normal -0.243049 -0.970014 0
    outer loop
      vertex 151.285 -30.3152 0
      vertex 152.351 -30.5823 3
      vertex 151.285 -30.3152 3
    endloop
  endfacet
  facet normal -0.243049 -0.970014 -0
    outer loop
      vertex 152.351 -30.5823 3
      vertex 151.285 -30.3152 0
      vertex 152.351 -30.5823 0
    endloop
  endfacet
  facet normal 0.904302 0.426893 0
    outer loop
      vertex 139.222 -46.5796 3
      vertex 138.753 -45.5861 0
      vertex 138.753 -45.5861 3
    endloop
  endfacet
  facet normal 0.904302 0.426893 0
    outer loop
      vertex 138.753 -45.5861 0
      vertex 139.222 -46.5796 3
      vertex 139.222 -46.5796 0
    endloop
  endfacet
  facet normal 0.74101 -0.671494 0
    outer loop
      vertex 140.442 -34.1948 3
      vertex 141.18 -33.3804 0
      vertex 141.18 -33.3804 3
    endloop
  endfacet
  facet normal 0.74101 -0.671494 0
    outer loop
      vertex 141.18 -33.3804 0
      vertex 140.442 -34.1948 3
      vertex 140.442 -34.1948 0
    endloop
  endfacet
  facet normal 0.595654 -0.803241 0
    outer loop
      vertex 141.995 -32.6423 0
      vertex 142.878 -31.9875 3
      vertex 141.995 -32.6423 3
    endloop
  endfacet
  facet normal 0.595654 -0.803241 0
    outer loop
      vertex 142.878 -31.9875 3
      vertex 141.995 -32.6423 0
      vertex 142.878 -31.9875 0
    endloop
  endfacet
  facet normal -0.904302 -0.426893 0
    outer loop
      vertex 159.447 -37.0139 0
      vertex 158.978 -36.0204 3
      vertex 158.978 -36.0204 0
    endloop
  endfacet
  facet normal -0.904302 -0.426893 0
    outer loop
      vertex 158.978 -36.0204 3
      vertex 159.447 -37.0139 0
      vertex 159.447 -37.0139 3
    endloop
  endfacet
  facet normal -0.857365 -0.51471 0
    outer loop
      vertex 158.978 -36.0204 0
      vertex 158.412 -35.0776 3
      vertex 158.412 -35.0776 0
    endloop
  endfacet
  facet normal -0.857365 -0.51471 0
    outer loop
      vertex 158.412 -35.0776 3
      vertex 158.978 -36.0204 0
      vertex 158.978 -36.0204 3
    endloop
  endfacet
  facet normal 0.74101 0.671494 0
    outer loop
      vertex 141.18 -49.2196 3
      vertex 140.442 -48.4052 0
      vertex 140.442 -48.4052 3
    endloop
  endfacet
  facet normal 0.74101 0.671494 0
    outer loop
      vertex 140.442 -48.4052 0
      vertex 141.18 -49.2196 3
      vertex 141.18 -49.2196 0
    endloop
  endfacet
  facet normal 0.0490302 -0.998797 0
    outer loop
      vertex 148.002 -30.1539 0
      vertex 149.1 -30.1 3
      vertex 148.002 -30.1539 3
    endloop
  endfacet
  facet normal 0.0490302 -0.998797 0
    outer loop
      vertex 149.1 -30.1 3
      vertex 148.002 -30.1539 0
      vertex 149.1 -30.1 0
    endloop
  endfacet
  facet normal 0.998792 0.0491299 0
    outer loop
      vertex 137.954 -42.3978 3
      vertex 137.9 -41.3 0
      vertex 137.9 -41.3 3
    endloop
  endfacet
  facet normal 0.998792 0.0491299 0
    outer loop
      vertex 137.9 -41.3 0
      vertex 137.954 -42.3978 3
      vertex 137.954 -42.3978 0
    endloop
  endfacet
  facet normal -0.671273 -0.74121 0
    outer loop
      vertex 156.205 -32.6423 0
      vertex 157.02 -33.3804 3
      vertex 156.205 -32.6423 3
    endloop
  endfacet
  facet normal -0.671273 -0.74121 -0
    outer loop
      vertex 157.02 -33.3804 3
      vertex 156.205 -32.6423 0
      vertex 157.02 -33.3804 0
    endloop
  endfacet
  facet normal -1 0 0
    outer loop
      vertex 158.1 -1.9 3
      vertex 158.1 -0.299999 6
      vertex 158.1 -0.299999 3
    endloop
  endfacet
  facet normal -1 -0 0
    outer loop
      vertex 158.1 -0.299999 6
      vertex 158.1 -1.9 3
      vertex 158.1 -1.9 6
    endloop
  endfacet
  facet normal 1 -0 0
    outer loop
      vertex 140.1 -1.9 6
      vertex 140.1 -0.299999 3
      vertex 140.1 -0.299999 6
    endloop
  endfacet
  facet normal 1 0 0
    outer loop
      vertex 140.1 -0.299999 3
      vertex 140.1 -1.9 6
      vertex 140.1 -1.9 3
    endloop
  endfacet
endsolid OpenSCAD_Model
